ISO-10303-21;
HEADER;
FILE_DESCRIPTION(('ViewDefinition [Alignment-basedView]'),'2;1');
FILE_NAME(
/* name */ 'C:\\Users\\ACER\\OneDrive - The University of Technology\\109220018-Hoang Duc Linh -22 BIM AI\\N\X2\0103\X0\m 2026-2027\\3. CDE-MT d\X2\1EEF\X0\ li\X2\1EC7\X0\u chung\\03.IFC\\KDPS_NO2_RS_ZZ_DR_S0_Longduong.ifc',
/* time_stamp */ '2026-09-26T14:12:14',
/* author */ ('ACER'),
/* organization */ ('DESKTOP-6SA6ERL'),
/* preprocessor_version */ 'GeometryGymIFCcore v25.2.25.0 by Geometry Gym Pty Ltd built 2025-02-24T20:37:52',
/* originating_system */ 'Autodesk - Autodesk IFC 4.3 Extension 2025.2 for Civil 3D - 13.7.274.0',
/* authorization */ 'None'
);

FILE_SCHEMA (('IFC4X3_ADD2'));
ENDSEC;

DATA;
#1= IFCORGANIZATION($,'Autodesk',$,$,$);
#2= IFCAPPLICATION(#1,'Civil 3D 2025','Civil 3D','Autodesk - Autodesk IFC 4.3 Extension 2025.2 for Civil 3D - 13.7.274.0');
#3= IFCCARTESIANPOINT((0.0,0.0,0.0));
#4= IFCAXIS2PLACEMENT3D(#3,$,$);
#5= IFCLOCALPLACEMENT($,#4);
#6= IFCSITE('0hHt5vOwL5UQNUHKCCDfnl',$,'UnknownName',$,$,#5,$,$,$,$,$,$,$,$);
#9= IFCPROJECT('2WprgLzk50xhF$mFWjNI29',#13,'Unknown',$,$,$,$,(#116),#18);
#10= IFCPERSON('ACER',$,$,$,$,$,$,$);
#11= IFCORGANIZATION($,'DESKTOP-6SA6ERL',$,$,$);
#12= IFCPERSONANDORGANIZATION(#10,#11,$);
#13= IFCOWNERHISTORY(#12,#2,$,.ADDED.,1790406731,$,$,1790406731);
#14= IFCSIUNIT(*,.LENGTHUNIT.,$,.METRE.);
#15= IFCSIUNIT(*,.AREAUNIT.,$,.SQUARE_METRE.);
#16= IFCSIUNIT(*,.VOLUMEUNIT.,$,.CUBIC_METRE.);
#17= IFCSIUNIT(*,.PLANEANGLEUNIT.,$,.RADIAN.);
#18= IFCUNITASSIGNMENT((#14,#15,#16,#17));
#19= IFCRELAGGREGATES('3sgsRxsCA6TxG$uPszmfZp',$,$,$,#9,(#6,#23,#96));
#20= IFCPROPERTYSINGLEVALUE('Author',$,IFCLABEL('Ng\X2\00F4\X0\ Qu\X2\1ED1\X0\c Vi\X2\1EC7\X0\t'),$);
#21= IFCPROPERTYSET('17W7YvbbMIOTyJlvVKgzil',$,'Summary',$,(#20));
#22= IFCRELDEFINESBYPROPERTIES('0xZvRJXqHfnVjrliyA0oyu',$,$,$,(#9),#21);
#23= IFCSITE('2qrm9AnWHAiRaPwdGv2fsn',$,'Site 1',$,$,#5,$,$,$,$,$,$,$,$);
#24= IFCPROPERTYSINGLEVALUE('UDPClassificationName',$,IFCLABEL(''),$);
#25= IFCPROPERTYSINGLEVALUE('Description',$,IFCLABEL(''),$);
#26= IFCPROPERTYSINGLEVALUE('DisplayName',$,IFCLABEL('Parcel'),$);
#27= IFCPROPERTYSINGLEVALUE('FingerPrint',$,IFCINTEGER(0),$);
#28= IFCPROPERTYSINGLEVALUE('IsCWSReferenceObject',$,IFCBOOLEAN(.F.),$);
#29= IFCPROPERTYSINGLEVALUE('IsCWSSourceObject',$,IFCBOOLEAN(.F.),$);
#30= IFCPROPERTYSINGLEVALUE('IsReadOnlyReferenceObject',$,IFCBOOLEAN(.F.),$);
#31= IFCPROPERTYSINGLEVALUE('IsReferenceObject',$,IFCBOOLEAN(.F.),$);
#32= IFCPROPERTYSINGLEVALUE('IsReferenceStale',$,IFCBOOLEAN(.F.),$);
#33= IFCPROPERTYSINGLEVALUE('IsReferenceSubObject',$,IFCBOOLEAN(.F.),$);
#34= IFCPROPERTYSINGLEVALUE('IsReferenceValid',$,IFCBOOLEAN(.F.),$);
#35= IFCPROPERTYSINGLEVALUE('IsUsed',$,IFCBOOLEAN(.F.),$);
#36= IFCPROPERTYSINGLEVALUE('Name',$,IFCLABEL('Site 1'),$);
#37= IFCPROPERTYSINGLEVALUE('ShowToolTip',$,IFCBOOLEAN(.T.),$);
#38= IFCPROPERTYSINGLEVALUE('StyleName',$,IFCLABEL('V_L\X2\00F4\X0\ \X2\0111\X0\\X2\1EA5\X0\t'),$);
#39= IFCPROPERTYSINGLEVALUE('CloneMeForDragging',$,IFCBOOLEAN(.T.),$);
#40= IFCPROPERTYSINGLEVALUE('ForceAnnoAllVisible',$,IFCBOOLEAN(.T.),$);
#41= IFCPROPERTYSINGLEVALUE('HasSaveVersionOverride',$,IFCBOOLEAN(.F.),$);
#42= IFCPROPERTYSINGLEVALUE('IsCancelling',$,IFCBOOLEAN(.F.),$);
#43= IFCPROPERTYSINGLEVALUE('IsErased',$,IFCBOOLEAN(.F.),$);
#44= IFCPROPERTYSINGLEVALUE('IsEraseStatusToggled',$,IFCBOOLEAN(.F.),$);
#45= IFCPROPERTYSINGLEVALUE('IsModified',$,IFCBOOLEAN(.F.),$);
#46= IFCPROPERTYSINGLEVALUE('IsModifiedGraphics',$,IFCBOOLEAN(.F.),$);
#47= IFCPROPERTYSINGLEVALUE('IsModifiedXData',$,IFCBOOLEAN(.F.),$);
#48= IFCPROPERTYSINGLEVALUE('IsNewObject',$,IFCBOOLEAN(.F.),$);
#49= IFCPROPERTYSINGLEVALUE('IsNotifyEnabled',$,IFCBOOLEAN(.F.),$);
#50= IFCPROPERTYSINGLEVALUE('IsNotifying',$,IFCBOOLEAN(.F.),$);
#51= IFCPROPERTYSINGLEVALUE('IsObjectIdsInFlux',$,IFCBOOLEAN(.F.),$);
#52= IFCPROPERTYSINGLEVALUE('IsPersistent',$,IFCBOOLEAN(.T.),$);
#53= IFCPROPERTYSINGLEVALUE('IsReadEnabled',$,IFCBOOLEAN(.T.),$);
#54= IFCPROPERTYSINGLEVALUE('IsReallyClosing',$,IFCBOOLEAN(.F.),$);
#55= IFCPROPERTYSINGLEVALUE('IsTransactionResident',$,IFCBOOLEAN(.T.),$);
#56= IFCPROPERTYSINGLEVALUE('IsUndoing',$,IFCBOOLEAN(.F.),$);
#57= IFCPROPERTYSINGLEVALUE('IsWriteEnabled',$,IFCBOOLEAN(.T.),$);
#58= IFCPROPERTYSINGLEVALUE('Bounds',$,IFCLABEL('((0,0,0),(0,0,0))'),$);
#59= IFCPROPERTYSINGLEVALUE('AutoDelete',$,IFCBOOLEAN(.F.),$);
#60= IFCPROPERTYSINGLEVALUE('IsDisposed',$,IFCBOOLEAN(.F.),$);
#61= IFCPROPERTYSET('2x4wi$PyhPvUe0Y7TjyKuu',$,'Properties',$,(#24,#25,#26,#27,#28,#29,#30,#31,#32,#33,#34,#35,#36,#37,#38,#39,#40,#41,#42,#43,#44,#45,#46,#47,#48,#49,#50,#51,#52,#53,#54,#55,#56,#57,#58,#59,#60));
#62= IFCRELDEFINESBYPROPERTIES('2tpXnIFVA5chLPpkkxPnrr',$,$,$,(#23),#61);
#63= IFCPROPERTYSINGLEVALUE('IsHighlighting',$,IFCBOOLEAN(.F.),$);
#64= IFCPROPERTYSINGLEVALUE('NeedsPromoting',$,IFCBOOLEAN(.F.),$);
#65= IFCPROPERTYSINGLEVALUE('SupportsBaseCurveCommands',$,IFCBOOLEAN(.F.),$);
#66= IFCPROPERTYSINGLEVALUE('SupportsProfileCommands',$,IFCBOOLEAN(.F.),$);
#67= IFCPROPERTYSINGLEVALUE('SwappingReferences',$,IFCBOOLEAN(.F.),$);
#68= IFCPROPERTYSINGLEVALUE('TypeIcon',$,IFCLABEL('(Icon)'),$);
#69= IFCPROPERTYSET('1iWecHR7YP9_e0E8YNbXFS',$,'Miscellaneous',$,(#63,#64,#65,#66,#67,#68));
#70= IFCRELDEFINESBYPROPERTIES('1ABuUk0XEdjgKc7h4HZOUh',$,$,$,(#23),#69);
#71= IFCPROPERTYSINGLEVALUE('LayerKey',$,IFCLABEL(''),$);
#72= IFCPROPERTYSINGLEVALUE('ColorIndex',$,IFCINTEGER(256),$);
#73= IFCPROPERTYSINGLEVALUE('Layer',$,IFCLABEL('0'),$);
#74= IFCPROPERTYSINGLEVALUE('Linetype',$,IFCLABEL('ByLayer'),$);
#75= IFCPROPERTYSINGLEVALUE('LinetypeScale',$,IFCREAL(1.0),$);
#76= IFCPROPERTYSINGLEVALUE('PlotStyleName',$,IFCLABEL('ByLayer'),$);
#77= IFCPROPERTYSINGLEVALUE('Visible',$,IFCBOOLEAN(.T.),$);
#78= IFCPROPERTYSET('1PaeonakzbVE09xkXxMAzu',$,'General',$,(#71,#72,#73,#74,#75,#76,#77));
#79= IFCRELDEFINESBYPROPERTIES('1uHrT4Yk25_27_WnwguJEA',$,$,$,(#23),#78);
#80= IFCPROPERTYSINGLEVALUE('Closed',$,IFCBOOLEAN(.F.),$);
#81= IFCPROPERTYSINGLEVALUE('IsPeriodic',$,IFCBOOLEAN(.F.),$);
#82= IFCPROPERTYSINGLEVALUE('IsPlanar',$,IFCBOOLEAN(.F.),$);
#83= IFCPROPERTYSET('1Dy8jd8xnkzxsQffuIjWkn',$,'Geometry',$,(#80,#81,#82));
#84= IFCRELDEFINESBYPROPERTIES('0IHwy8hRkYlZ5Sbn$qXX9S',$,$,$,(#23),#83);
#85= IFCPROPERTYSINGLEVALUE('BlockName',$,IFCLABEL('*Model_Space'),$);
#86= IFCPROPERTYSINGLEVALUE('ClassID',$,IFCLABEL('e932013f-0089-4186-8df9-3d5372b7dc57'),$);
#87= IFCPROPERTYSINGLEVALUE('HasFields',$,IFCBOOLEAN(.F.),$);
#88= IFCPROPERTYSINGLEVALUE('IsAProxy',$,IFCBOOLEAN(.F.),$);
#89= IFCPROPERTYSET('0rDBsQLkYzzRrDn_gmuXQl',$,'Misc',$,(#85,#86,#87,#88));
#90= IFCRELDEFINESBYPROPERTIES('1DXsST9NqEd42PL3A4x1ZY',$,$,$,(#23),#89);
#91= IFCPROPERTYSINGLEVALUE('CastShadows',$,IFCBOOLEAN(.T.),$);
#92= IFCPROPERTYSINGLEVALUE('Material',$,IFCLABEL('ByLayer'),$);
#93= IFCPROPERTYSINGLEVALUE('ReceiveShadows',$,IFCBOOLEAN(.T.),$);
#94= IFCPROPERTYSET('2ZO4d$4sKJqqGLSuQSU$0I',$,'3D Visualization',$,(#91,#92,#93));
#95= IFCRELDEFINESBYPROPERTIES('0X6abYJzizf60TwyXxuKA0',$,$,$,(#23),#94);
#96= IFCSITE('3PZmew_jrDRxgPtgIXfy6f',$,'Survey Site',$,$,#5,$,$,$,$,$,$,$,$);
#97= IFCPROPERTYSINGLEVALUE('Name',$,IFCLABEL('Survey Site'),$);
#98= IFCPROPERTYSET('00iCABht7eTcHR64khkIPp',$,'Properties',$,(#24,#25,#26,#27,#28,#29,#30,#31,#32,#33,#34,#35,#37,#38,#39,#40,#41,#42,#43,#44,#45,#46,#47,#48,#49,#50,#51,#52,#53,#54,#55,#56,#57,#58,#59,#60,#97));
#99= IFCRELDEFINESBYPROPERTIES('3JEfSB3pv_wQSjQFg46lo4',$,$,$,(#96),#98);
#100= IFCPROPERTYSET('0WLZ7Wy3ii7hz0AbRaEnjB',$,'Miscellaneous',$,(#63,#64,#65,#66,#67,#68));
#101= IFCRELDEFINESBYPROPERTIES('0G1MpR1lVFBBbwrYPd9BEQ',$,$,$,(#96),#100);
#102= IFCPROPERTYSET('1dYLRyHnaR8WVN1EaYGEGd',$,'General',$,(#71,#72,#73,#74,#75,#76,#77));
#103= IFCRELDEFINESBYPROPERTIES('1o$iDpgCoiXiPss82dXpLK',$,$,$,(#96),#102);
#104= IFCPROPERTYSET('0bi1WBfdCJzOwoUxmmguKF',$,'Geometry',$,(#80,#81,#82));
#105= IFCRELDEFINESBYPROPERTIES('19gqIc$TpYrZwz3rr5JRX6',$,$,$,(#96),#104);
#106= IFCPROPERTYSET('1AAgRy_Rx$KYEWfP9OGnrQ',$,'Misc',$,(#85,#86,#87,#88));
#107= IFCRELDEFINESBYPROPERTIES('00EWb_p2KtKfyLLgDVhne8',$,$,$,(#96),#106);
#108= IFCPROPERTYSET('1jd0SrO55hLhgChspcZCcI',$,'3D Visualization',$,(#91,#92,#93));
#109= IFCRELDEFINESBYPROPERTIES('2N2wurCRMy7uyJLpwZ73PU',$,$,$,(#96),#108);
#110= IFCCLASSIFICATION($,$,$,'Civil 3D',$,$,$);
#111= IFCRELASSOCIATESCLASSIFICATION('0lMx7qfph7_1hdEOtB9EiR',$,$,$,(#9),#110);
#112= IFCCLASSIFICATIONREFERENCE($,$,'Civil 3D Styles',#110,$,$);
#113= IFCCLASSIFICATIONREFERENCE($,$,'Point Styles',#112,$,$);
#114= IFCCLASSIFICATIONREFERENCE($,$,'V_B\X2\1EC7\X0\nh vi\X2\1EC7\X0\n',#113,'Style for tree',$);
#115= IFCCARTESIANPOINT((0.0,0.0,0.0));
#116= IFCGEOMETRICREPRESENTATIONCONTEXT('3D','Model',3,0.0001,#118,#119);
#117= IFCCARTESIANPOINT((0.0,0.0,0.0));
#118= IFCAXIS2PLACEMENT3D(#117,$,$);
#119= IFCDIRECTION((0.0,1.0));
#120= IFCGEOMETRICREPRESENTATIONSUBCONTEXT('Body','Model',*,*,*,*,#116,$,.MODEL_VIEW.,$);
#121= IFCSHAPEREPRESENTATION(#120,'Body','Point',(#115));
#122= IFCPRODUCTDEFINITIONSHAPE($,$,(#121));
#123= IFCCARTESIANPOINT((0.0,0.0,0.0));
#124= IFCAXIS2PLACEMENT3D(#123,$,$);
#125= IFCLOCALPLACEMENT(#5,#124);
#126= IFCANNOTATION('2_WNfw0rzA39Zpeo2fd8zY',$,'IFC Project Base Point 2WprgLzk50xhF$mFWjNI29','IFC Project Base Point','CogoPoint',#125,#122,$);
#127= IFCRELCONTAINEDINSPATIALSTRUCTURE('06nnmOMMlLEg_43UoFSQWE',$,'Site','Site Container for Elements',(#126,#186,#263,#296,#339,#369,#409,#439,#491,#534,#583,#626,#658,#699,#730,#773,#811,#842,#883,#922,#961,#994,#1025,#1066,#1096,#1135,#1174,#1205,#1250,#1289,#1335,#1374,#1405,#1445,#1476,#1516,#1556,#1587,#1631,#1662,#1703,#1734,#1775,#1806,#1850,#1880,#1911,#1941,#1972,#2002,#2033,#2064,#2095,#2126,#2157,#2188,#2219,#2250,#2280,#2311,#2342,#2373,#2404,#2435,#2466,#2496,#2527,#2558,#2589,#2620,#2651,#2682,#2713,#2744,#2775,#2805,#2836,#2867,#2898,#2929,#2960,#2991,#3022,#3053,#3084,#3115,#3153,#3183,#3214,#3244,#3275,#3305,#3336,#3367,#3398,#3429,#3460,#3491,#3522,#3553,#3583,#3614,#3645,#3676,#3707,#3738,#3769,#3799,#3830,#3861,#3892,#3923,#3954,#3985,#4016,#4047,#4078,#4108,#4139,#4170,#4201,#4232,#4263,#4294,#4325,#4356,#4387),#6);
#128= IFCPROPERTYSINGLEVALUE('PointNumber',$,IFCIDENTIFIER('1'),$);
#129= IFCPROPERTYSET('3GeeuhKdzTY267RNWaanVl',$,'C3D_Attributes',$,(#128));
#130= IFCRELDEFINESBYPROPERTIES('1E6gMSKfH2R9yfbyfhqjSV',$,$,$,(#126),#129);
#131= IFCCOLOURRGB('80,100,75',0.313725490196078,0.392156862745098,0.294117647058824);
#132= IFCSURFACESTYLESHADING(#131,$);
#133= IFCSURFACESTYLE($,.BOTH.,(#132));
#134= IFCPRESENTATIONLAYERWITHSTYLE('\X2\0110\X0\\X2\1EA5\X0\t n\X2\1EC1\X0\n',$,(#115,#3109,#3147,#3177,#3208,#3238,#3269,#3299,#3330,#3361,#3392,#3423,#3454,#3485,#3516,#3547,#3577,#3608,#3639,#3670,#3701,#3732,#3763,#3793,#3824,#3855,#3886,#3917,#3948,#3979,#4010,#4041,#4072,#4102,#4133,#4164,#4195,#4226,#4257,#4288,#4319,#4350,#4381),$,.U.,.U.,.U.,(#133));
#135= IFCCOLOURRGB('ffffff00',1.0,1.0,0.0);
#136= IFCSURFACESTYLESHADING(#135,$);
#137= IFCSURFACESTYLE($,.BOTH.,(#136));
#138= IFCSTYLEDITEM(#115,(#137),$);
#139= IFCPROPERTYSINGLEVALUE('DescriptionFormat',$,IFCLABEL(''),$);
#140= IFCPROPERTYSINGLEVALUE('Easting',$,IFCREAL(0.0),$);
#141= IFCPROPERTYSINGLEVALUE('Elevation',$,IFCREAL(0.0),$);
#142= IFCPROPERTYSINGLEVALUE('ElevationOverride',$,IFCREAL(0.0),$);
#143= IFCPROPERTYSINGLEVALUE('FullDescription',$,IFCLABEL('IFC Project Base Point'),$);
#144= IFCPROPERTYSINGLEVALUE('FullDescriptionOverride',$,IFCLABEL('IFC Project Base Point'),$);
#145= IFCPROPERTYSINGLEVALUE('IsCheckedOut',$,IFCBOOLEAN(.F.),$);
#146= IFCPROPERTYSINGLEVALUE('IsLabelDragged',$,IFCBOOLEAN(.F.),$);
#147= IFCPROPERTYSINGLEVALUE('IsLabelPinned',$,IFCBOOLEAN(.F.),$);
#148= IFCPROPERTYSINGLEVALUE('IsLabelVisible',$,IFCBOOLEAN(.T.),$);
#149= IFCPROPERTYSINGLEVALUE('IsLocked',$,IFCBOOLEAN(.F.),$);
#150= IFCPROPERTYSINGLEVALUE('IsMovable',$,IFCBOOLEAN(.T.),$);
#151= IFCPROPERTYSINGLEVALUE('IsProjectPoint',$,IFCBOOLEAN(.F.),$);
#152= IFCPROPERTYSINGLEVALUE('IsSurveyPoint',$,IFCBOOLEAN(.F.),$);
#153= IFCPROPERTYSINGLEVALUE('LabelRotation',$,IFCREAL(0.0),$);
#154= IFCPROPERTYSINGLEVALUE('MarkerRotation',$,IFCREAL(0.0),$);
#155= IFCPROPERTYSINGLEVALUE('Northing',$,IFCREAL(0.0),$);
#156= IFCPROPERTYSINGLEVALUE('PointName',$,IFCLABEL('IFC Project Base Point 2WprgLzk50xhF$mFWjNI29'),$);
#157= IFCPROPERTYSINGLEVALUE('PointNumber',$,IFCINTEGER(1),$);
#158= IFCPROPERTYSINGLEVALUE('RawDescription',$,IFCLABEL('IFC Project Base Point'),$);
#159= IFCPROPERTYSINGLEVALUE('RawDescriptionOverride',$,IFCLABEL('IFC Project Base Point'),$);
#160= IFCPROPERTYSINGLEVALUE('ScaleXY',$,IFCREAL(1.0),$);
#161= IFCPROPERTYSINGLEVALUE('ScaleZ',$,IFCREAL(1.0),$);
#162= IFCPROPERTYSINGLEVALUE('Bounds',$,IFCLABEL('((-18.447197995539835,-10,0),(31.8121445220118,10,0))'),$);
#163= IFCPROPERTYSET('3LNcV6v5LyCfLE2riRjpLE',$,'Properties',$,(#37,#39,#40,#41,#42,#43,#44,#45,#46,#47,#48,#49,#50,#51,#52,#53,#54,#55,#56,#57,#59,#60,#139,#140,#141,#142,#143,#144,#145,#146,#147,#148,#149,#150,#151,#152,#153,#154,#155,#156,#157,#158,#159,#160,#161,#162));
#164= IFCRELDEFINESBYPROPERTIES('2CfrLCtwpPt_QJRny227bB',$,$,$,(#126),#163);
#165= IFCPROPERTYSINGLEVALUE('ClassID',$,IFCLABEL('e9320128-0089-4186-8df9-3d5372b7dc57'),$);
#166= IFCPROPERTYSET('0_f6qHYrUnTpnooG6PHIGJ',$,'Misc',$,(#85,#87,#88,#165));
#167= IFCRELDEFINESBYPROPERTIES('0nSHuxOsER4Fwk5pIEdT7Q',$,$,$,(#126),#166);
#168= IFCPROPERTYSET('0RupQoD8I06uFwnYpTrow$',$,'3D Visualization',$,(#91,#92,#93));
#169= IFCRELDEFINESBYPROPERTIES('3mQ34HDgfNFrHTGHOWnGK_',$,$,$,(#126),#168);
#170= IFCPROPERTYSINGLEVALUE('ColorIndex',$,IFCINTEGER(2),$);
#171= IFCPROPERTYSINGLEVALUE('Layer',$,IFCLABEL('\X2\0110\X0\\X2\1EA5\X0\t n\X2\1EC1\X0\n'),$);
#172= IFCPROPERTYSINGLEVALUE('PlotStyleName',$,IFCLABEL('Color_2'),$);
#173= IFCPROPERTYSET('3jchze06Yp8WWe9veCE4cH',$,'General',$,(#74,#75,#77,#170,#171,#172));
#174= IFCRELDEFINESBYPROPERTIES('306zUnaH8GJc1y6QkBxrJG',$,$,$,(#126),#173);
#175= IFCPROPERTYSET('10JJTUWkKzLmzERYSx0Xu9',$,'Geometry',$,(#82));
#176= IFCRELDEFINESBYPROPERTIES('0bOYE$c0c_QAejyIOmz69A',$,$,$,(#126),#175);
#177= IFCRELASSOCIATESCLASSIFICATION('36pr8xENjEXe0SorlALBF6',$,$,$,(#126),#114);
#178= IFCGEOMETRICREPRESENTATIONSUBCONTEXT('Body','Model',*,*,*,*,#116,$,.MODEL_VIEW.,$);
#179= IFCCARTESIANPOINTLIST3D(((-13.467251,8.406066,0.375925),(-10.184859,12.177796,0.276127),(-13.46727,8.406086,0.315925),(-10.184878,12.177816,0.216127),(10.184878,-12.177816,-0.216127),(10.184859,-12.177796,-0.276127),(13.46727,-8.406086,-0.315925),(13.467251,-8.406066,-0.375925),(5.391089,-8.005896,-0.09613),(8.67348,-4.234166,-0.195929),(8.673462,-4.234146,-0.255929),(5.39107,-8.005876,-0.15613)),$);
#180= IFCTRIANGULATEDFACESET(#179,$,$,((1,2,3),(3,2,4),(5,6,7),(7,6,8),(1,9,2),(2,9,10),(2,10,4),(4,10,11),(3,4,12),(12,4,11),(1,3,9),(9,3,12),(9,5,10),(10,5,7),(10,7,11),(11,7,8),(12,11,6),(6,11,8),(9,12,5),(5,12,6)),$);
#181= IFCSHAPEREPRESENTATION(#178,'Body','Tessellation',(#180));
#182= IFCPRODUCTDEFINITIONSHAPE($,$,(#181));
#183= IFCCARTESIANPOINT((505153.907331,1707793.957564,371.820809));
#184= IFCAXIS2PLACEMENT3D(#183,$,$);
#185= IFCLOCALPLACEMENT(#5,#184);
#186= IFCBUILTELEMENT('0qEyExmIrCfuMBLVc64Bxo',$,'BTN 12.5',$,$,#185,#182,'60E1B');
#187= IFCCOLOURRGB('102,102,102',0.4,0.4,0.4);
#188= IFCSURFACESTYLESHADING(#187,$);
#189= IFCSURFACESTYLE($,.BOTH.,(#188));
#190= IFCPRESENTATIONLAYERWITHSTYLE('BTN 12.5',$,(#180,#257,#290,#333,#363,#403,#433,#485,#528,#577,#620,#652,#693,#724,#767,#805,#836,#877,#916,#955,#988,#1019,#1060,#1090,#1129,#1168,#1199,#1244,#1283,#1329,#1368,#1399,#1439,#1470,#1510,#1550,#1581,#1625,#1656,#1697,#1728,#1769),$,.U.,.U.,.U.,(#189));
#191= IFCSTYLEDITEM(#180,(#189),'BTN 12.5');
#192= IFCPROPERTYSINGLEVALUE('Area',$,IFCREAL(318.028533536574),$);
#193= IFCPROPERTYSINGLEVALUE('IsNull',$,IFCBOOLEAN(.F.),$);
#194= IFCPROPERTYSINGLEVALUE('NumChanges',$,IFCINTEGER(2),$);
#195= IFCPROPERTYSINGLEVALUE('RecordHistory',$,IFCBOOLEAN(.T.),$);
#196= IFCPROPERTYSINGLEVALUE('ShowHistory',$,IFCBOOLEAN(.T.),$);
#197= IFCPROPERTYSINGLEVALUE('UsesGraphicsCache',$,IFCBOOLEAN(.T.),$);
#198= IFCPROPERTYSINGLEVALUE('IsModified',$,IFCBOOLEAN(.T.),$);
#199= IFCPROPERTYSINGLEVALUE('IsModifiedGraphics',$,IFCBOOLEAN(.T.),$);
#200= IFCPROPERTYSINGLEVALUE('Bounds',$,IFCLABEL('((505140.43984728394,1707781.7795578432,371.44365051203573),(505167.37481490825,1707806.1355692765,372.1979670204957))'),$);
#201= IFCPROPERTYSET('3UxWglLqEzwv7xUFc4BSmV',$,'Properties',$,(#39,#40,#41,#42,#43,#44,#47,#48,#49,#50,#51,#52,#53,#54,#55,#56,#57,#59,#60,#192,#193,#194,#195,#196,#197,#198,#199,#200));
#202= IFCRELDEFINESBYPROPERTIES('0snLqLFY90ii_qCZtVeQWZ',$,$,$,(#186),#201);
#203= IFCPROPERTYSINGLEVALUE('ClassID',$,IFCLABEL('4ca6aa08-5011-4525-8c44-7fb7c2190cb8'),$);
#204= IFCPROPERTYSET('1YvAEv8SVfaJoJhU4CdbSC',$,'Misc',$,(#85,#87,#88,#203));
#205= IFCRELDEFINESBYPROPERTIES('1J7KHdjQmWTmJyN3AS2gxa',$,$,$,(#186),#204);
#206= IFCPROPERTYSET('1$8weCCZXyiap0Og$phs$O',$,'3D Visualization',$,(#91,#92,#93));
#207= IFCRELDEFINESBYPROPERTIES('3_PMBIrGAFMTRwK8dygmUX',$,$,$,(#186),#206);
#208= IFCPROPERTYSINGLEVALUE('Layer',$,IFCLABEL('BTN 12.5'),$);
#209= IFCPROPERTYSET('1l7PbYEDz$7sv6EGnBP8a5',$,'General',$,(#72,#74,#75,#76,#77,#208));
#210= IFCRELDEFINESBYPROPERTIES('2S8zdcm_lD9HXnZeJ3niAz',$,$,$,(#186),#209);
#211= IFCPROPERTYSET('3CYJd6QUFKbmIHqNjzgius',$,'Geometry',$,(#82));
#212= IFCRELDEFINESBYPROPERTIES('1VZrMDWsOmJPbzx0yc0zJI',$,$,$,(#186),#211);
#213= IFCPROPERTYSINGLEVALUE('CorridorHandle',$,IFCLABEL('5D353'),$);
#214= IFCPROPERTYSINGLEVALUE('HorizontalBaselineHandle',$,IFCLABEL('5C6B2'),$);
#215= IFCPROPERTYSINGLEVALUE('VerticalBaselineHandle',$,IFCLABEL('5CEE9'),$);
#216= IFCPROPERTYSINGLEVALUE('AssemblyHandle',$,IFCLABEL('5D026'),$);
#217= IFCPROPERTYSINGLEVALUE('SubassemblyHandle',$,IFCLABEL('5D027'),$);
#218= IFCPROPERTYSINGLEVALUE('SubassemblyName',$,IFCLABEL('KCAD'),$);
#219= IFCPROPERTYSINGLEVALUE('BaselineGuid',$,IFCLABEL('{A4B84F2A-96FF-47C6-AD33-8B1328D3A898}'),$);
#220= IFCPROPERTYSINGLEVALUE('RegionGuid',$,IFCLABEL('{9D91D144-B80C-4121-9ED0-D0833D9140EF}'),$);
#221= IFCPROPERTYSINGLEVALUE('OffsetBaselineGuid',$,IFCLABEL('{00000000-0000-0000-0000-000000000000}'),$);
#222= IFCPROPERTYSINGLEVALUE('StartStation',$,IFCLABEL('0+000.00m'),$);
#223= IFCPROPERTYSINGLEVALUE('EndStation',$,IFCLABEL('0+031.35m'),$);
#224= IFCPROPERTYSINGLEVALUE('ShapeIndex',$,IFCLABEL('0'),$);
#225= IFCPROPERTYSET('212mJA3K_fcvor$WFX$3_h',$,'Corridor Identity',$,(#213,#214,#215,#216,#217,#218,#219,#220,#221,#222,#223,#224));
#226= IFCRELDEFINESBYPROPERTIES('0tOKYX7Mvw2KRekZ3I5Sbo',$,$,$,(#186),#225);
#227= IFCPROPERTYSINGLEVALUE('CorridorName',$,IFCLABEL('B\X2\0110\X0\-T4'),$);
#228= IFCPROPERTYSINGLEVALUE('BaselineName',$,IFCLABEL('BL - T4 - (64)'),$);
#229= IFCPROPERTYSINGLEVALUE('HorizontalBaseline',$,IFCLABEL('Tuyen_T4'),$);
#230= IFCPROPERTYSINGLEVALUE('VerticalBaseline',$,IFCLABEL('Layout (20)'),$);
#231= IFCPROPERTYSINGLEVALUE('RegionName',$,IFCLABEL('RG - 5m - (18)'),$);
#232= IFCPROPERTYSET('3TdxpPUJ90V261nr2zuBv7',$,'Corridor Model Information',$,(#227,#228,#229,#230,#231));
#233= IFCRELDEFINESBYPROPERTIES('0TO14KD7D0LF0aMOoffzWl',$,$,$,(#186),#232);
#234= IFCPROPERTYSINGLEVALUE('CodeName',$,IFCLABEL('BTNC12.5'),$);
#235= IFCPROPERTYSINGLEVALUE('Side',$,IFCLABEL('Left'),$);
#236= IFCPROPERTYSINGLEVALUE('AssemblyName',$,IFCLABEL('5m'),$);
#237= IFCPROPERTYSINGLEVALUE('AssemblyStartStation',$,IFCLABEL('0+000.00m'),$);
#238= IFCPROPERTYSINGLEVALUE('AssemblyEndStation',$,IFCLABEL('0+031.35m'),$);
#239= IFCPROPERTYSINGLEVALUE('Volume',$,IFCVOLUMEMEASURE(9.40649972039914),$);
#240= IFCPROPERTYSET('2UBB$kyR0KGcyReeHSdQEO',$,'Corridor Shape Information',$,(#234,#235,#236,#237,#238,#239));
#241= IFCRELDEFINESBYPROPERTIES('2F$fzTy7y6cOwXlDHyHwdI',$,$,$,(#186),#240);
#242= IFCPROPERTYSINGLEVALUE('V\X2\1EAD\X0\t li\X2\1EC7\X0\u',$,IFCLABEL('B\X2\00EA\X0\ t\X2\00F4\X0\ng nh\X2\1EF1\X0\a'),$);
#243= IFCPROPERTYSINGLEVALUE('M\X2\00E3\X0\ hi\X2\1EC7\X0\u',$,IFCLABEL('N5_GT_KCAD_L1_A01'),$);
#244= IFCPROPERTYSINGLEVALUE('Ghi ch\X2\00FA\X0\',$,IFCLABEL('B\X2\00EA\X0\ t\X2\00F4\X0\ng nh\X2\1EF1\X0\a 12.5'),$);
#245= IFCPROPERTYSINGLEVALUE('Kh\X2\1ED1\X0\i l\X2\01B0\X0\\X2\1EE3\X0\ng (m3)',$,IFCREAL(9.40649972042686),$);
#246= IFCPROPERTYSINGLEVALUE('L\X2\00FD\X0\ tr\X2\00EC\X0\nh \X2\0111\X0\\X2\1EA7\X0\u',$,IFCLABEL('0+000.00m'),$);
#247= IFCPROPERTYSINGLEVALUE('L\X2\00FD\X0\ tr\X2\00EC\X0\nh cu\X2\1ED1\X0\i',$,IFCLABEL('0+031.35m'),$);
#248= IFCPROPERTYSINGLEVALUE('\X2\0110\X0\\X2\1ED9\X0\ d\X2\00E0\X0\i (m)',$,IFCLABEL('31.35'),$);
#249= IFCPROPERTYSINGLEVALUE('Th\X2\00E0\X0\nh ph\X2\1EA7\X0\n v\X2\1EAD\X0\t li\X2\1EC7\X0\u',$,IFCLABEL('C\X2\1ED1\X0\t li\X2\1EC7\X0\u th\X2\00F4\X0\ (\X2\0111\X0\\X2\00E1\X0\ d\X2\0103\X0\m nghi\X2\1EC1\X0\n 50%), c\X2\1ED1\X0\t li\X2\1EC7\X0\u m\X2\1ECB\X0\n (c\X2\00E1\X0\t nghi\X2\1EC1\X0\n/c\X2\00E1\X0\t m\X2\1ECB\X0\n 37%), b\X2\1ED9\X0\t kho\X2\00E1\X0\ng 7% v\X2\00E0\X0\ nh\X2\1EF1\X0\a \X2\0111\X0\\X2\01B0\X0\\X2\1EDD\X0\ng 6%'),$);
#250= IFCPROPERTYSINGLEVALUE('C\X2\01B0\X0\\X2\1EDD\X0\ng \X2\0111\X0\\X2\1ED9\X0\ v\X2\1EAD\X0\t li\X2\1EC7\X0\u (MPa)',$,IFCLABEL('1500'),$);
#251= IFCPROPERTYSINGLEVALUE('T\X2\00EA\X0\n \X2\0111\X0\\X2\1ED1\X0\i t\X2\01B0\X0\\X2\1EE3\X0\ng',$,IFCLABEL('KCAD l\X2\1EDB\X0\p 1'),$);
#252= IFCPROPERTYSINGLEVALUE('K\X2\00ED\X0\ch th\X2\01B0\X0\\X2\1EDB\X0\c (mm)',$,IFCLABEL('None'),$);
#253= IFCPROPERTYSINGLEVALUE('\X2\0110\X0\\X2\1ED9\X0\ d\X2\00E0\X0\y l\X2\1EDB\X0\p (mm)',$,IFCLABEL('60'),$);
#254= IFCPROPERTYSET('0QK05QpgsESjKcmrB5biF6',$,'Thong_tin_BIM',$,(#242,#243,#244,#245,#246,#247,#248,#249,#250,#251,#252,#253));
#255= IFCRELDEFINESBYPROPERTIES('0CMeoi04PexpbuyItOloZE',$,$,$,(#186),#254);
#256= IFCCARTESIANPOINTLIST3D(((-10.184828,12.177763,0.376127),(-10.184847,12.177783,0.316127),(-13.467282,8.406099,0.275925),(-13.467301,8.406118,0.215925),(13.467301,-8.406118,-0.215925),(10.184847,-12.177783,-0.316127),(13.467282,-8.406099,-0.275925),(10.184828,-12.177763,-0.376127),(8.673512,-4.234198,-0.095929),(5.391058,-8.005863,-0.19613),(5.391039,-8.005843,-0.25613),(8.673493,-4.234179,-0.155929)),$);
#257= IFCTRIANGULATEDFACESET(#256,$,$,((1,2,3),(3,2,4),(5,6,7),(7,6,8),(1,3,9),(9,3,10),(3,4,10),(10,4,11),(2,12,4),(4,12,11),(1,9,2),(2,9,12),(9,10,5),(5,10,6),(10,11,6),(6,11,8),(12,7,11),(11,7,8),(9,5,12),(12,5,7)),$);
#258= IFCSHAPEREPRESENTATION(#178,'Body','Tessellation',(#257));
#259= IFCPRODUCTDEFINITIONSHAPE($,$,(#258));
#260= IFCCARTESIANPOINT((505150.624908,1707790.185866,371.820607));
#261= IFCAXIS2PLACEMENT3D(#260,$,$);
#262= IFCLOCALPLACEMENT(#5,#261);
#263= IFCBUILTELEMENT('3SFOStiarBduscHEIDJf9N',$,'BTN 12.5',$,$,#262,#259,'60E29');
#264= IFCSTYLEDITEM(#257,(#189),'BTN 12.5');
#265= IFCPROPERTYSINGLEVALUE('Area',$,IFCREAL(318.028533536571),$);
#266= IFCPROPERTYSINGLEVALUE('Bounds',$,IFCLABEL('((505137.157424443,1707778.007860579,371.44344882170964),(505164.09239206725,1707802.3638720124,372.1977653301697))'),$);
#267= IFCPROPERTYSET('3E$$MxjyCZhYE$T0dEx0y1',$,'Properties',$,(#39,#40,#41,#42,#43,#44,#47,#48,#49,#50,#51,#52,#53,#54,#55,#56,#57,#59,#60,#193,#194,#195,#196,#197,#198,#199,#265,#266));
#268= IFCRELDEFINESBYPROPERTIES('0edSSOsvtieDQdV7_ljlAa',$,$,$,(#263),#267);
#269= IFCPROPERTYSET('2NuMDR0EhzWpOuSkAUWjOE',$,'Misc',$,(#85,#87,#88,#203));
#270= IFCRELDEFINESBYPROPERTIES('3f8$WDmhIFPPzapyLgoXaL',$,$,$,(#263),#269);
#271= IFCPROPERTYSET('1KWLW7YmlIGUC5FQsicPDb',$,'3D Visualization',$,(#91,#92,#93));
#272= IFCRELDEFINESBYPROPERTIES('0Ojxf6DCKrU854noM$tNXm',$,$,$,(#263),#271);
#273= IFCPROPERTYSET('1ufwPhxJCg5$cuPtR6vTOf',$,'General',$,(#72,#74,#75,#76,#77,#208));
#274= IFCRELDEFINESBYPROPERTIES('29sa5JA6NJ4_cj1FTsHuhd',$,$,$,(#263),#273);
#275= IFCPROPERTYSET('25KN1yDcNxVgQTma7T$UYG',$,'Geometry',$,(#82));
#276= IFCRELDEFINESBYPROPERTIES('1U_cQPVcHo$4lOp_wN9pnX',$,$,$,(#263),#275);
#277= IFCPROPERTYSINGLEVALUE('SubassemblyHandle',$,IFCLABEL('5D02B'),$);
#278= IFCPROPERTYSET('2ws0Y3Kj3nojfG_vl_KtDp',$,'Corridor Identity',$,(#213,#214,#215,#216,#218,#219,#220,#221,#222,#223,#224,#277));
#279= IFCRELDEFINESBYPROPERTIES('3w4yzWtY9GgM$Qiydzehtm',$,$,$,(#263),#278);
#280= IFCPROPERTYSET('1l2HVUmsKSckhxc8dNHPHS',$,'Corridor Model Information',$,(#227,#228,#229,#230,#231));
#281= IFCRELDEFINESBYPROPERTIES('0bUn8ByYsBK8o_LvE_y6in',$,$,$,(#263),#280);
#282= IFCPROPERTYSINGLEVALUE('Side',$,IFCLABEL('Right'),$);
#283= IFCPROPERTYSINGLEVALUE('Volume',$,IFCVOLUMEMEASURE(9.40649972039921),$);
#284= IFCPROPERTYSET('2nhWKyNUsyXLMgm$sQ6FfF',$,'Corridor Shape Information',$,(#234,#236,#237,#238,#282,#283));
#285= IFCRELDEFINESBYPROPERTIES('25IXzNmav_4jgFalajjfoQ',$,$,$,(#263),#284);
#286= IFCPROPERTYSINGLEVALUE('Kh\X2\1ED1\X0\i l\X2\01B0\X0\\X2\1EE3\X0\ng (m3)',$,IFCREAL(9.40649972053241),$);
#287= IFCPROPERTYSET('2VdgzuY3y$3EedN6NQZAwY',$,'Thong_tin_BIM',$,(#242,#243,#244,#246,#247,#248,#249,#250,#251,#252,#253,#286));
#288= IFCRELDEFINESBYPROPERTIES('1x8_Gxt57hts0YzLIzWp6e',$,$,$,(#263),#287);
#289= IFCCARTESIANPOINTLIST3D(((-5.436513,1.417107,0.174902),(-2.154122,5.188837,0.075104),(-5.436532,1.417127,0.114903),(-2.154141,5.188857,0.015104),(2.154141,-5.188857,-0.015104),(2.154122,-5.188837,-0.075104),(5.436532,-1.417127,-0.114903),(5.436513,-1.417107,-0.174902)),$);
#290= IFCTRIANGULATEDFACESET(#289,$,$,((1,2,3),(3,2,4),(5,6,7),(7,6,8),(1,5,2),(2,5,7),(2,7,4),(4,7,8),(3,4,6),(6,4,8),(1,3,5),(5,3,6)),$);
#291= IFCSHAPEREPRESENTATION(#178,'Body','Tessellation',(#290));
#292= IFCPRODUCTDEFINITIONSHAPE($,$,(#291));
#293= IFCCARTESIANPOINT((505205.024988,1707749.471091,370.541249));
#294= IFCAXIS2PLACEMENT3D(#293,$,$);
#295= IFCLOCALPLACEMENT(#5,#294);
#296= IFCBUILTELEMENT('2$CdWoR195hRvOOZUhNdaF',$,'BTN 12.5',$,$,#295,#292,'60E37');
#297= IFCSTYLEDITEM(#290,(#189),'BTN 12.5');
#298= IFCPROPERTYSINGLEVALUE('Area',$,IFCREAL(102.472021320231),$);
#299= IFCPROPERTYSINGLEVALUE('NumChanges',$,IFCINTEGER(1),$);
#300= IFCPROPERTYSINGLEVALUE('RecordHistory',$,IFCBOOLEAN(.F.),$);
#301= IFCPROPERTYSINGLEVALUE('ShowHistory',$,IFCBOOLEAN(.F.),$);
#302= IFCPROPERTYSINGLEVALUE('Bounds',$,IFCLABEL('((505199.5883659921,1707744.2821728247,370.365113225043),(505210.4616104777,1707754.6600089374,370.71738428807515))'),$);
#303= IFCPROPERTYSET('0OBMT_NBP9Nn_a_tS_sBjB',$,'Properties',$,(#39,#40,#41,#42,#43,#44,#45,#46,#47,#48,#49,#50,#51,#52,#53,#54,#55,#56,#57,#59,#60,#193,#197,#298,#299,#300,#301,#302));
#304= IFCRELDEFINESBYPROPERTIES('055JoZZBWgGAeSBRmVq5kh',$,$,$,(#296),#303);
#305= IFCPROPERTYSET('3ARCyLSiJVDyRPg08Z0zPm',$,'Misc',$,(#85,#87,#88,#203));
#306= IFCRELDEFINESBYPROPERTIES('3H98pRf0pO1t_IJMmzv2lU',$,$,$,(#296),#305);
#307= IFCPROPERTYSET('3RkNiPsPWW$s66wUoZSMVR',$,'3D Visualization',$,(#91,#92,#93));
#308= IFCRELDEFINESBYPROPERTIES('2FCmM3acd9K53HdZ59JPz6',$,$,$,(#296),#307);
#309= IFCPROPERTYSET('3EhfWF_Pw1mzaVshGxeGSK',$,'General',$,(#72,#74,#75,#76,#77,#208));
#310= IFCRELDEFINESBYPROPERTIES('2QCZIGmFKz2brNVyWzbiCV',$,$,$,(#296),#309);
#311= IFCPROPERTYSET('2aSSutb7NT3mlLusioOidc',$,'Geometry',$,(#82));
#312= IFCRELDEFINESBYPROPERTIES('3GLUeGxrkhkDilUB$SiTMd',$,$,$,(#296),#311);
#313= IFCPROPERTYSINGLEVALUE('RegionGuid',$,IFCLABEL('{C54D1549-1019-440A-9E04-27448B49F864}'),$);
#314= IFCPROPERTYSINGLEVALUE('StartStation',$,IFCLABEL('0+078.41m'),$);
#315= IFCPROPERTYSINGLEVALUE('EndStation',$,IFCLABEL('0+088.47m'),$);
#316= IFCPROPERTYSET('1IO7gromxAjXWRxWoAOvpt',$,'Corridor Identity',$,(#213,#214,#215,#216,#217,#218,#219,#221,#224,#313,#314,#315));
#317= IFCRELDEFINESBYPROPERTIES('1mtK73bj0UXU7gsix4t6En',$,$,$,(#296),#316);
#318= IFCPROPERTYSINGLEVALUE('RegionName',$,IFCLABEL('RG - 5m - (18) [Copy] (3)'),$);
#319= IFCPROPERTYSET('3YJfI2uuv6oadqqwqp_8HJ',$,'Corridor Model Information',$,(#227,#228,#229,#230,#318));
#320= IFCRELDEFINESBYPROPERTIES('39Pi1q4R1wRyTOe9BAz9Mv',$,$,$,(#296),#319);
#321= IFCPROPERTYSINGLEVALUE('AssemblyStartStation',$,IFCLABEL('0+078.41m'),$);
#322= IFCPROPERTYSINGLEVALUE('AssemblyEndStation',$,IFCLABEL('0+088.47m'),$);
#323= IFCPROPERTYSINGLEVALUE('Volume',$,IFCVOLUMEMEASURE(3.01881853338425),$);
#324= IFCPROPERTYSET('3pVPbXNDdx46zB3DCt9q4Y',$,'Corridor Shape Information',$,(#234,#235,#236,#321,#322,#323));
#325= IFCRELDEFINESBYPROPERTIES('2yD0$EQgVZyb_oNot02mdA',$,$,$,(#296),#324);
#326= IFCPROPERTYSINGLEVALUE('Kh\X2\1ED1\X0\i l\X2\01B0\X0\\X2\1EE3\X0\ng (m3)',$,IFCREAL(3.01881853338902),$);
#327= IFCPROPERTYSINGLEVALUE('L\X2\00FD\X0\ tr\X2\00EC\X0\nh \X2\0111\X0\\X2\1EA7\X0\u',$,IFCLABEL('0+078.41m'),$);
#328= IFCPROPERTYSINGLEVALUE('L\X2\00FD\X0\ tr\X2\00EC\X0\nh cu\X2\1ED1\X0\i',$,IFCLABEL('0+088.47m'),$);
#329= IFCPROPERTYSINGLEVALUE('\X2\0110\X0\\X2\1ED9\X0\ d\X2\00E0\X0\i (m)',$,IFCLABEL('10.06'),$);
#330= IFCPROPERTYSET('1A5EgVxMDnSegZuGPxKoRm',$,'Thong_tin_BIM',$,(#242,#243,#244,#249,#250,#251,#252,#253,#326,#327,#328,#329));
#331= IFCRELDEFINESBYPROPERTIES('2AIKColTBfundB3tHqM9rT',$,$,$,(#296),#330);
#332= IFCCARTESIANPOINTLIST3D(((-2.154091,5.188805,0.175104),(-2.154109,5.188824,0.115104),(-5.436545,1.41714,0.074903),(-5.436564,1.41716,0.014903),(5.436564,-1.41716,-0.014903),(2.154109,-5.188824,-0.115104),(5.436545,-1.41714,-0.074903),(2.154091,-5.188805,-0.175104)),$);
#333= IFCTRIANGULATEDFACESET(#332,$,$,((1,2,3),(3,2,4),(5,6,7),(7,6,8),(1,3,5),(5,3,6),(3,4,6),(6,4,8),(2,7,4),(4,7,8),(1,5,2),(2,5,7)),$);
#334= IFCSHAPEREPRESENTATION(#178,'Body','Tessellation',(#333));
#335= IFCPRODUCTDEFINITIONSHAPE($,$,(#334));
#336= IFCCARTESIANPOINT((505201.742565,1707745.699394,370.541047));
#337= IFCAXIS2PLACEMENT3D(#336,$,$);
#338= IFCLOCALPLACEMENT(#5,#337);
#339= IFCBUILTELEMENT('3o3snMB0bA3f9xM0kYKhfd',$,'BTN 12.5',$,$,#338,#335,'60E40');
#340= IFCSTYLEDITEM(#333,(#189),'BTN 12.5');
#341= IFCPROPERTYSINGLEVALUE('Area',$,IFCREAL(102.47202132023),$);
#342= IFCPROPERTYSINGLEVALUE('Bounds',$,IFCLABEL('((505196.3059431512,1707740.5104755606,370.3649115347169),(505207.1791876367,1707750.8883116732,370.7171825977492))'),$);
#343= IFCPROPERTYSET('2FXE7pCxiaK16MZq_PlOVB',$,'Properties',$,(#39,#40,#41,#42,#43,#44,#45,#46,#47,#48,#49,#50,#51,#52,#53,#54,#55,#56,#57,#59,#60,#193,#197,#299,#300,#301,#341,#342));
#344= IFCRELDEFINESBYPROPERTIES('12fHbDFWHJleeZqLljrwos',$,$,$,(#339),#343);
#345= IFCPROPERTYSET('0bxbThVzBGB$22C73cHfwc',$,'Misc',$,(#85,#87,#88,#203));
#346= IFCRELDEFINESBYPROPERTIES('0L49MPOg0pU$Q61G_fhQCZ',$,$,$,(#339),#345);
#347= IFCPROPERTYSET('1cpom$Fx8TLIIXYaDBI4kl',$,'3D Visualization',$,(#91,#92,#93));
#348= IFCRELDEFINESBYPROPERTIES('0kJPQFfc9JqOeVuA95uNfS',$,$,$,(#339),#347);
#349= IFCPROPERTYSET('0GKNc7dP8mIKQCY0JByVQS',$,'General',$,(#72,#74,#75,#76,#77,#208));
#350= IFCRELDEFINESBYPROPERTIES('1MyFujBcJNfWogZeukSHjr',$,$,$,(#339),#349);
#351= IFCPROPERTYSET('0MXG$5wWwtNzKyG5kcNBFL',$,'Geometry',$,(#82));
#352= IFCRELDEFINESBYPROPERTIES('0ur4j2WP5Vx_a45sFdGsGk',$,$,$,(#339),#351);
#353= IFCPROPERTYSET('2OuODNcN2ZOvLUpBuPb4FU',$,'Corridor Identity',$,(#213,#214,#215,#216,#218,#219,#221,#224,#277,#313,#314,#315));
#354= IFCRELDEFINESBYPROPERTIES('30koQQ98ln5OPimsRVYxP5',$,$,$,(#339),#353);
#355= IFCPROPERTYSET('2bJ02eMi_i$liuodY8w$rr',$,'Corridor Model Information',$,(#227,#228,#229,#230,#318));
#356= IFCRELDEFINESBYPROPERTIES('3nZNz3HKRr9CJ6dptRWe4j',$,$,$,(#339),#355);
#357= IFCPROPERTYSET('2xunEuKrS5SgdpNzsQV3zu',$,'Corridor Shape Information',$,(#234,#236,#282,#321,#322,#323));
#358= IFCRELDEFINESBYPROPERTIES('1PXkVS0d7kWE8rp4QDBhcE',$,$,$,(#339),#357);
#359= IFCPROPERTYSINGLEVALUE('Kh\X2\1ED1\X0\i l\X2\01B0\X0\\X2\1EE3\X0\ng (m3)',$,IFCREAL(3.01881853337323),$);
#360= IFCPROPERTYSET('1rkLpY4bwsLuoc8sF2pBA5',$,'Thong_tin_BIM',$,(#242,#243,#244,#249,#250,#251,#252,#253,#327,#328,#329,#359));
#361= IFCRELDEFINESBYPROPERTIES('1c4APy4ZtGoXJIZI$9a7BO',$,$,$,(#339),#360);
#362= IFCCARTESIANPOINTLIST3D(((-6.759357,2.568347,0.208015),(-3.476966,6.340077,0.108217),(-6.759376,2.568367,0.148015),(-3.476985,6.340097,0.048217),(3.476985,-6.340097,-0.048217),(3.476966,-6.340077,-0.108217),(6.759376,-2.568367,-0.148015),(6.759357,-2.568347,-0.208015)),$);
#363= IFCTRIANGULATEDFACESET(#362,$,$,((1,2,3),(3,2,4),(5,6,7),(7,6,8),(1,5,2),(2,5,7),(2,7,4),(4,7,8),(3,4,6),(6,4,8),(1,3,5),(5,3,6)),$);
#364= IFCSHAPEREPRESENTATION(#178,'Body','Tessellation',(#363));
#365= IFCPRODUCTDEFINITIONSHAPE($,$,(#364));
#366= IFCCARTESIANPOINT((505249.434752,1707710.822337,369.429598));
#367= IFCAXIS2PLACEMENT3D(#366,$,$);
#368= IFCLOCALPLACEMENT(#5,#367);
#369= IFCBUILTELEMENT('0uLps5Mcz1KPAr_nuptMIm',$,'BTN 12.5',$,$,#368,#365,'60E49');
#370= IFCSTYLEDITEM(#363,(#189),'BTN 12.5');
#371= IFCPROPERTYSINGLEVALUE('Area',$,IFCREAL(137.979051908305),$);
#372= IFCPROPERTYSINGLEVALUE('Bounds',$,IFCLABEL('((505242.67526515276,1707704.4821584816,369.22034996425344),(505256.1942385421,1707717.1625160703,369.63884700107707))'),$);
#373= IFCPROPERTYSET('3fPfo5EHvCtkstK7VHERRP',$,'Properties',$,(#39,#40,#41,#42,#43,#44,#45,#46,#47,#48,#49,#50,#51,#52,#53,#54,#55,#56,#57,#59,#60,#193,#197,#299,#300,#301,#371,#372));
#374= IFCRELDEFINESBYPROPERTIES('19NW4hoY$PNnuJsZEWBRFN',$,$,$,(#369),#373);
#375= IFCPROPERTYSET('3zaEKVJf9cIHZu5hHmezcc',$,'Misc',$,(#85,#87,#88,#203));
#376= IFCRELDEFINESBYPROPERTIES('2oPpWAsCvT5PsVICZ$nLKP',$,$,$,(#369),#375);
#377= IFCPROPERTYSET('2kZlvsWWifDrRYvwBZm15R',$,'3D Visualization',$,(#91,#92,#93));
#378= IFCRELDEFINESBYPROPERTIES('1Z0ogLJwBQ$NyFWwWefM5l',$,$,$,(#369),#377);
#379= IFCPROPERTYSET('3qLsX00gE5VyVyMGtM6Xvo',$,'General',$,(#72,#74,#75,#76,#77,#208));
#380= IFCRELDEFINESBYPROPERTIES('2_SdKKDyCCf03no_r2CmIs',$,$,$,(#369),#379);
#381= IFCPROPERTYSET('1IDGLbkyXf_YScrEpoaQYZ',$,'Geometry',$,(#82));
#382= IFCRELDEFINESBYPROPERTIES('2pl$vc25VsHMUG77JEO1V3',$,$,$,(#369),#381);
#383= IFCPROPERTYSINGLEVALUE('RegionGuid',$,IFCLABEL('{DB416803-633D-421E-A20E-55197E1747D4}'),$);
#384= IFCPROPERTYSINGLEVALUE('StartStation',$,IFCLABEL('0+135.53m'),$);
#385= IFCPROPERTYSINGLEVALUE('EndStation',$,IFCLABEL('0+149.10m'),$);
#386= IFCPROPERTYSET('2ZsRahtmahyl6_eeQz4l26',$,'Corridor Identity',$,(#213,#214,#215,#216,#217,#218,#219,#221,#224,#383,#384,#385));
#387= IFCRELDEFINESBYPROPERTIES('0w9Qow6rf3a4GWHnM6_UUL',$,$,$,(#369),#386);
#388= IFCPROPERTYSINGLEVALUE('RegionName',$,IFCLABEL('RG - 5m - (18) [Copy] (1)'),$);
#389= IFCPROPERTYSET('1x689tykX8GSCiDU5CTViK',$,'Corridor Model Information',$,(#227,#228,#229,#230,#388));
#390= IFCRELDEFINESBYPROPERTIES('2DjPij0LKXL41Lp9dxOt7W',$,$,$,(#369),#389);
#391= IFCPROPERTYSINGLEVALUE('AssemblyStartStation',$,IFCLABEL('0+135.53m'),$);
#392= IFCPROPERTYSINGLEVALUE('AssemblyEndStation',$,IFCLABEL('0+149.10m'),$);
#393= IFCPROPERTYSINGLEVALUE('Volume',$,IFCVOLUMEMEASURE(4.07101402941533),$);
#394= IFCPROPERTYSET('2etM5zsKttFWt0rlEdg6Pl',$,'Corridor Shape Information',$,(#234,#235,#236,#391,#392,#393));
#395= IFCRELDEFINESBYPROPERTIES('26QeUo7jS_XZBqGsM97vzj',$,$,$,(#369),#394);
#396= IFCPROPERTYSINGLEVALUE('Kh\X2\1ED1\X0\i l\X2\01B0\X0\\X2\1EE3\X0\ng (m3)',$,IFCREAL(4.07101402922038),$);
#397= IFCPROPERTYSINGLEVALUE('L\X2\00FD\X0\ tr\X2\00EC\X0\nh \X2\0111\X0\\X2\1EA7\X0\u',$,IFCLABEL('0+135.53m'),$);
#398= IFCPROPERTYSINGLEVALUE('L\X2\00FD\X0\ tr\X2\00EC\X0\nh cu\X2\1ED1\X0\i',$,IFCLABEL('0+149.10m'),$);
#399= IFCPROPERTYSINGLEVALUE('\X2\0110\X0\\X2\1ED9\X0\ d\X2\00E0\X0\i (m)',$,IFCLABEL('13.57'),$);
#400= IFCPROPERTYSET('2bLU_BP27pt5efS0YEq4tz',$,'Thong_tin_BIM',$,(#242,#243,#244,#249,#250,#251,#252,#253,#396,#397,#398,#399));
#401= IFCRELDEFINESBYPROPERTIES('2udeGbhjYvXZzqswTLITu7',$,$,$,(#369),#400);
#402= IFCCARTESIANPOINTLIST3D(((-3.476935,6.340044,0.208217),(-3.476953,6.340064,0.148217),(-6.759389,2.56838,0.108015),(-6.759408,2.568399,0.048016),(6.759408,-2.568399,-0.048016),(3.476953,-6.340064,-0.148217),(6.759389,-2.56838,-0.108015),(3.476935,-6.340044,-0.208217)),$);
#403= IFCTRIANGULATEDFACESET(#402,$,$,((1,2,3),(3,2,4),(5,6,7),(7,6,8),(1,3,5),(5,3,6),(3,4,6),(6,4,8),(2,7,4),(4,7,8),(1,5,2),(2,5,7)),$);
#404= IFCSHAPEREPRESENTATION(#178,'Body','Tessellation',(#403));
#405= IFCPRODUCTDEFINITIONSHAPE($,$,(#404));
#406= IFCCARTESIANPOINT((505246.152329,1707707.05064,369.429397));
#407= IFCAXIS2PLACEMENT3D(#406,$,$);
#408= IFCLOCALPLACEMENT(#5,#407);
#409= IFCBUILTELEMENT('0BYSkswqPBrPq57XrnkDtL',$,'BTN 12.5',$,$,#408,#405,'60E52');
#410= IFCSTYLEDITEM(#403,(#189),'BTN 12.5');
#411= IFCPROPERTYSINGLEVALUE('Area',$,IFCREAL(137.979051908304),$);
#412= IFCPROPERTYSINGLEVALUE('Bounds',$,IFCLABEL('((505239.3928423118,1707700.7104612174,369.22014827392735),(505252.91181570117,1707713.390818806,369.638645310751))'),$);
#413= IFCPROPERTYSET('2fFhWio56auUQC25NK0JCq',$,'Properties',$,(#39,#40,#41,#42,#43,#44,#45,#46,#47,#48,#49,#50,#51,#52,#53,#54,#55,#56,#57,#59,#60,#193,#197,#299,#300,#301,#411,#412));
#414= IFCRELDEFINESBYPROPERTIES('1NtOKetDxii_xjBNeNTTiO',$,$,$,(#409),#413);
#415= IFCPROPERTYSET('2Cct9v7ZSj_BSOca6Atk_2',$,'Misc',$,(#85,#87,#88,#203));
#416= IFCRELDEFINESBYPROPERTIES('388vWpovVM_RD59lzv9tGk',$,$,$,(#409),#415);
#417= IFCPROPERTYSET('3noxG3ynPCJFsVQivEq$xI',$,'3D Visualization',$,(#91,#92,#93));
#418= IFCRELDEFINESBYPROPERTIES('1fjSvGAgLEGguhaO3znvhQ',$,$,$,(#409),#417);
#419= IFCPROPERTYSET('3g3TINxtQoU$Gh9Y$wj3pB',$,'General',$,(#72,#74,#75,#76,#77,#208));
#420= IFCRELDEFINESBYPROPERTIES('3H3Z_tQILj3xqdDE3oeP6M',$,$,$,(#409),#419);
#421= IFCPROPERTYSET('0igSou95Mv3gqIIOST4wPL',$,'Geometry',$,(#82));
#422= IFCRELDEFINESBYPROPERTIES('1Bri_wxFzc0BWsXw8Jwu7W',$,$,$,(#409),#421);
#423= IFCPROPERTYSET('1l525WjrSAQqFK64RTmKw0',$,'Corridor Identity',$,(#213,#214,#215,#216,#218,#219,#221,#224,#277,#383,#384,#385));
#424= IFCRELDEFINESBYPROPERTIES('1fIipQWv3Kqpdu7wSqzwdc',$,$,$,(#409),#423);
#425= IFCPROPERTYSET('0hm3GidequlAhkJ4Y5M9Gp',$,'Corridor Model Information',$,(#227,#228,#229,#230,#388));
#426= IFCRELDEFINESBYPROPERTIES('3LbGx9nquY1rkxLcRHhOD0',$,$,$,(#409),#425);
#427= IFCPROPERTYSET('0m$s4sUfglXTlXeSyJErk1',$,'Corridor Shape Information',$,(#234,#236,#282,#391,#392,#393));
#428= IFCRELDEFINESBYPROPERTIES('3zupDSwje3TY_D6VJQK8pq',$,$,$,(#409),#427);
#429= IFCPROPERTYSINGLEVALUE('Kh\X2\1ED1\X0\i l\X2\01B0\X0\\X2\1EE3\X0\ng (m3)',$,IFCREAL(4.07101402921836),$);
#430= IFCPROPERTYSET('3t7n1cuNH1pNntwT4IML4u',$,'Thong_tin_BIM',$,(#242,#243,#244,#249,#250,#251,#252,#253,#397,#398,#399,#429));
#431= IFCRELDEFINESBYPROPERTIES('0j2lkzDimjuSfXoFLkkxLY',$,$,$,(#409),#430);
#432= IFCCARTESIANPOINTLIST3D(((-7.232393,-6.260362,-0.143267),(-7.232374,-6.260382,-0.083267),(-9.718696,-3.797016,-0.071681),(-9.718677,-3.797036,-0.011681),(9.718696,-1.983502,-0.038458),(6.436241,-5.755167,-0.13866),(9.718677,-1.983483,-0.098458),(6.436223,-5.755147,-0.19866),(-8.238189,-4.794867,-0.045111),(-8.843637,-4.159901,-0.025551),(-9.179492,-3.252834,-0.000299),(-6.822213,-5.869218,-0.085198),(-7.632741,-5.429834,-0.064672),(-9.179511,-3.252814,-0.060299),(-8.238208,-4.794848,-0.105111),(-7.63276,-5.429814,-0.124672),(-6.822231,-5.869199,-0.145198),(-8.843656,-4.159882,-0.085551),(-7.796502,-4.372111,-0.040763),(-8.374756,-3.698178,-0.018141),(-8.159339,-3.489425,-0.014758),(-7.592151,-4.183196,-0.038778),(-7.218247,-5.046044,-0.063386),(-7.024962,-4.876967,-0.062798),(-6.093335,-5.272257,-0.088439),(-8.273563,-2.338474,0.018824),(-7.3878,-3.994281,-0.036793),(-6.831677,-4.707889,-0.062211),(-7.943922,-3.280673,-0.011375),(-8.273582,-2.338455,-0.041176),(-7.79652,-4.372091,-0.100763),(-7.218266,-5.046025,-0.123386),(-7.024981,-4.876947,-0.122798),(-7.592169,-4.183176,-0.098778),(-8.374775,-3.698158,-0.078141),(-8.159358,-3.489405,-0.074758),(-6.093353,-5.272238,-0.148439),(-7.387818,-3.994261,-0.096793),(-7.943941,-3.280653,-0.071375),(-6.831696,-4.70787,-0.122211),(-8.270646,-2.335531,0.018885),(-7.182117,-3.804183,-0.034795),(-6.090926,-5.270468,-0.08845),(-8.270665,-2.335511,-0.041115),(-6.090945,-5.270449,-0.14845),(-7.182136,-3.804163,-0.094795),(-8.267729,-2.332587,0.018947),(-7.179455,-3.801816,-0.034769),(-6.088518,-5.26868,-0.08846),(-8.267748,-2.332567,-0.041053),(-6.088537,-5.26866,-0.14846),(-7.179474,-3.801797,-0.094769),(-6.960337,-3.610918,-0.03267),(-7.495251,-2.851865,-0.004354),(-7.792601,-1.853037,0.028976),(-5.692499,-4.98937,-0.090143),(-6.425423,-4.369972,-0.060986),(-7.79262,-1.853018,-0.031024),(-6.960356,-3.610899,-0.09267),(-6.425442,-4.369952,-0.120986),(-5.692518,-4.989351,-0.150143),(-7.49527,-2.851846,-0.064354),(-6.501748,-3.230556,-0.028265),(-6.260945,-3.039909,-0.025947),(-6.020143,-2.849262,-0.023629),(-5.756511,-3.897171,-0.058927),(-5.526004,-3.743113,-0.058208),(-5.295497,-3.589055,-0.05749),(-3.930809,-4.049621,-0.097196),(-5.064991,-3.434997,-0.056772),(-4.834484,-3.280939,-0.056054),(-5.297736,-2.27732,-0.016675),(-5.701452,0.257571,0.073117),(-5.779341,-2.658614,-0.021311),(-5.538538,-2.467967,-0.018993),(-5.987018,-4.051229,-0.059645),(-5.701471,0.25759,0.013117),(-6.260964,-3.039889,-0.085947),(-5.75653,-3.897151,-0.118927),(-5.526023,-3.743093,-0.118208),(-6.020162,-2.849242,-0.083629),(-5.779359,-2.658595,-0.081311),(-5.538557,-2.467947,-0.078993),(-5.297755,-2.2773,-0.076675),(-4.834503,-3.280919,-0.116054),(-3.930828,-4.049601,-0.157196),(-5.065009,-3.434977,-0.116772),(-5.295516,-3.589035,-0.11749),(-3.218263,2.763868,0.125534),(-3.717015,-1.126695,-0.00074),(-2.017537,-3.478598,-0.104417),(-3.218281,2.763887,0.065534),(-2.017556,-3.478578,-0.164417),(-3.717034,-1.126675,-0.06074),(-2.127162,-0.032126,0.016204),(-1.636424,0.293112,0.021849),(-0.811949,5.192573,0.176328),(-1.145686,0.618351,0.027494),(-0.654948,0.94359,0.03314),(-1.011765,-1.365172,-0.040573),(-0.497947,-3.305394,-0.110049),(-1.447083,-1.549442,-0.042692),(-1.882401,-1.733711,-0.044811),(-0.811968,5.192593,0.116328),(-1.636443,0.293132,-0.038151),(-1.447102,-1.549422,-0.102692),(-0.497966,-3.305374,-0.170049),(-1.011784,-1.365152,-0.100573),(-0.654967,0.943609,-0.02686),(-1.145705,0.618371,-0.032506),(0.064567,6.077245,0.19483),(-0.346131,3.400625,0.111454),(-0.318572,1.16634,0.03733),(-0.291012,-1.067945,-0.036795),(0.017804,1.38909,0.04152),(-0.005577,-0.954988,-0.035135),(-0.028958,-3.299066,-0.11179),(0.064548,6.077265,0.13483),(-0.028977,-3.299046,-0.17179),(-0.291031,-1.067925,-0.096795),(-0.318591,1.166359,-0.02267),(-0.34615,3.400644,0.051454),(0.017785,1.389109,-0.01848),(-0.005596,-0.954969,-0.095135),(0.24002,6.254331,0.198533),(0.11808,3.799415,0.119522),(0.083868,1.433041,0.042363),(0.049655,-0.933332,-0.034796),(0.032548,-2.116519,-0.073376),(0.059842,-3.300345,-0.112121),(0.240001,6.25435,0.138533),(0.059823,-3.300326,-0.172121),(0.049636,-0.933313,-0.094796),(0.118062,3.799434,0.059522),(0.083849,1.433061,-0.017637),(0.245995,6.260362,0.19866),(0.152174,1.478486,0.043235),(0.062837,-3.300402,-0.112132),(0.245976,6.260382,0.13866),(0.062819,-3.300382,-0.172132),(0.152155,1.478506,-0.016765),(0.251775,6.255332,0.198515),(0.156612,1.478708,0.043225),(0.065841,-3.30046,-0.112143),(0.251756,6.255351,0.138515),(0.065822,-3.30044,-0.172143),(0.156593,1.478728,-0.016775),(0.794325,1.102727,0.032297),(1.429842,0.728019,0.021409),(3.446102,3.475386,0.118556),(2.065358,0.35331,0.01052),(1.955648,-3.518183,-0.119293),(1.774277,-1.555221,-0.053493),(1.220293,-1.340651,-0.047155),(0.666309,-1.126082,-0.040817),(3.446083,3.475406,0.058556),(1.429823,0.728038,-0.038591),(1.220274,-1.340632,-0.107155),(1.955629,-3.518163,-0.179293),(1.774258,-1.555202,-0.113493),(2.065339,0.35333,-0.04948),(3.590007,3.350149,0.114953),(2.760741,-0.057921,-0.001361),(2.051207,-3.539036,-0.119662),(3.589988,3.350168,0.054953),(2.051188,-3.539016,-0.179662),(2.760722,-0.057902,-0.061361),(3.594397,3.346329,0.114844),(2.822436,-0.095562,-0.002385),(2.054135,-3.53969,-0.119674),(3.594378,3.346348,0.054844),(2.054116,-3.539671,-0.179674),(3.598785,3.34251,0.114734),(2.826095,-0.0978,-0.002445),(2.057062,-3.540346,-0.119685),(3.598766,3.342529,0.054734),(2.057043,-3.540326,-0.179685),(6.141727,1.129448,0.05108),(3.913684,-0.7989,-0.020192),(3.857162,-4.127213,-0.126896),(6.141708,1.129468,-0.00892),(3.857143,-4.127194,-0.186896),(3.913665,-0.798881,-0.080192),(5.51364,-1.878638,-0.046286),(6.124052,-0.632517,-0.005022),(6.400785,-0.856417,-0.010826),(5.770737,-2.068516,-0.050475),(4.903228,-3.124758,-0.08755),(5.14069,-3.280614,-0.090124),(5.378152,-3.436469,-0.092698),(5.599776,-5.101876,-0.134569),(5.615614,-3.592324,-0.095272),(5.853077,-3.748179,-0.097846),(6.542031,-2.638149,-0.063041),(7.056226,-3.017904,-0.071419),(7.230985,-1.528118,-0.028237),(8.512676,-0.933932,-0.008269),(6.954251,-1.304218,-0.022433),(6.677518,-1.080318,-0.016629),(6.027835,-2.258393,-0.054664),(6.284933,-2.448271,-0.058853),(8.512657,-0.933912,-0.068269),(5.256523,-1.688741,-0.102097),(4.665747,-2.968883,-0.144976),(4.903209,-3.124739,-0.14755),(5.513621,-1.878618,-0.106286),(5.8473,-0.408598,-0.059218),(6.124033,-0.632498,-0.065022),(6.400766,-0.856398,-0.070826),(6.677499,-1.080298,-0.076629),(6.027816,-2.258374,-0.114664),(6.542012,-2.638129,-0.123041),(5.853058,-3.74816,-0.157846),(7.056207,-3.017884,-0.131419),(5.599757,-5.101856,-0.194569),(7.230966,-1.528098,-0.088237),(5.378133,-3.436449,-0.152698),(5.140671,-3.280594,-0.150124),(5.770719,-2.068496,-0.110475),(8.341266,-2.451168,-0.051676),(7.566847,-3.443619,-0.079989),(6.792428,-4.43607,-0.108302),(7.822158,-3.656477,-0.084274),(7.024642,-4.62416,-0.110955),(8.619674,-2.688793,-0.057592),(6.560196,-4.247961,-0.165648),(6.792409,-4.436051,-0.168302),(7.024623,-4.624141,-0.170955),(7.822139,-3.656457,-0.144274),(7.566828,-3.4436,-0.139989),(8.341248,-2.451149,-0.111676),(8.06284,-2.213523,-0.10576),(7.311518,-3.230742,-0.135704),(8.619655,-2.688774,-0.117592)),$);
#433= IFCTRIANGULATEDFACESET(#432,$,$,((1,2,3),(3,2,4),(5,6,7),(7,6,8),(2,9,4),(4,9,10),(4,10,11),(11,10,9),(11,9,12),(12,9,13),(12,13,2),(2,13,9),(3,4,14),(14,4,11),(3,15,1),(1,15,16),(1,16,17),(17,16,15),(17,15,14),(14,15,18),(14,18,3),(3,18,15),(2,1,12),(12,1,17),(12,19,11),(11,19,20),(11,20,21),(21,20,19),(21,19,22),(22,19,23),(22,23,24),(24,23,12),(24,12,25),(26,27,25),(25,27,28),(25,28,24),(24,28,27),(24,27,22),(22,27,29),(22,29,21),(21,29,26),(21,26,11),(23,19,12),(29,27,26),(14,11,30),(30,11,26),(14,31,17),(17,31,32),(17,32,33),(33,32,31),(33,31,34),(34,31,35),(34,35,36),(36,35,14),(36,14,30),(37,38,30),(30,38,39),(30,39,36),(36,39,38),(36,38,34),(34,38,40),(34,40,33),(33,40,37),(33,37,17),(35,31,14),(40,38,37),(12,17,25),(25,17,37),(41,26,42),(42,26,25),(42,25,43),(43,41,42),(30,26,44),(44,26,41),(45,37,46),(46,37,30),(46,30,44),(44,45,46),(25,37,43),(43,37,45),(47,41,48),(48,41,43),(48,43,49),(49,47,48),(44,41,50),(50,41,47),(51,45,52),(52,45,44),(52,44,50),(50,51,52),(43,45,49),(49,45,51),(49,53,47),(47,53,54),(47,54,55),(55,54,53),(55,53,56),(56,53,57),(56,57,49),(49,57,53),(50,47,58),(58,47,55),(50,59,51),(51,59,60),(51,60,61),(61,60,59),(61,59,58),(58,59,62),(58,62,50),(50,62,59),(49,51,56),(56,51,61),(56,63,55),(55,63,64),(55,64,65),(65,64,66),(65,66,67),(67,66,56),(67,56,68),(68,56,69),(68,69,70),(70,69,71),(70,71,72),(72,71,69),(72,69,73),(55,74,73),(73,74,75),(73,75,72),(72,75,70),(63,56,76),(76,56,66),(76,66,64),(74,55,65),(63,76,64),(74,65,67),(75,74,68),(68,74,67),(70,75,68),(58,55,77),(77,55,73),(58,78,61),(61,78,79),(61,79,80),(80,79,78),(80,78,81),(81,78,58),(81,58,82),(82,58,77),(82,77,83),(83,77,84),(83,84,85),(85,84,86),(85,86,87),(87,86,88),(87,88,82),(82,88,81),(77,86,84),(86,61,88),(88,61,80),(88,80,81),(87,82,83),(87,83,85),(56,61,69),(69,61,86),(89,73,90),(90,73,69),(90,69,91),(91,89,90),(77,73,92),(92,73,89),(93,86,94),(94,86,77),(94,77,92),(92,93,94),(69,86,91),(91,86,93),(91,95,89),(89,95,96),(89,96,97),(97,96,98),(97,98,99),(99,98,100),(99,100,101),(101,100,102),(101,102,91),(91,102,103),(91,103,95),(95,103,96),(102,100,98),(98,96,102),(102,96,103),(92,89,104),(104,89,97),(92,105,93),(93,105,106),(93,106,107),(107,106,108),(107,108,109),(109,108,110),(109,110,104),(104,110,105),(104,105,92),(108,106,105),(110,108,105),(91,93,101),(101,93,107),(111,97,112),(112,97,99),(112,99,113),(113,99,114),(113,114,115),(115,114,116),(116,114,117),(117,114,101),(101,114,99),(113,115,112),(112,115,111),(104,97,118),(118,97,111),(119,107,120),(120,107,109),(120,109,121),(121,109,122),(121,122,123),(123,122,118),(118,122,104),(104,122,109),(123,124,121),(121,124,120),(124,119,120),(101,107,117),(117,107,119),(125,111,126),(126,111,115),(126,115,127),(127,115,116),(127,116,128),(128,116,129),(128,129,130),(130,129,117),(117,129,116),(128,130,127),(127,130,125),(127,125,126),(118,111,131),(131,111,125),(132,119,133),(133,119,124),(133,124,123),(118,134,123),(123,134,135),(123,135,133),(133,135,132),(118,131,134),(134,131,135),(131,132,135),(117,119,130),(130,119,132),(136,125,137),(137,125,130),(137,130,138),(138,136,137),(131,125,139),(139,125,136),(140,132,141),(141,132,131),(141,131,139),(139,140,141),(130,132,138),(138,132,140),(142,136,143),(143,136,138),(143,138,144),(144,142,143),(136,142,139),(139,142,145),(146,140,147),(147,140,139),(147,139,145),(145,146,147),(138,140,144),(144,140,146),(144,148,142),(142,148,149),(142,149,150),(150,149,151),(150,151,152),(152,151,153),(152,153,154),(154,153,151),(154,151,149),(152,154,144),(144,154,155),(144,155,148),(148,155,149),(154,149,155),(142,150,145),(145,150,156),(145,157,146),(146,157,158),(146,158,159),(159,158,160),(159,160,161),(161,160,157),(161,157,156),(156,157,145),(156,159,161),(160,158,157),(144,146,152),(152,146,159),(162,150,163),(163,150,152),(163,152,164),(164,162,163),(150,162,156),(156,162,165),(166,159,167),(167,159,156),(167,156,165),(165,166,167),(152,159,164),(164,159,166),(168,162,169),(169,162,164),(169,164,170),(170,168,169),(162,168,165),(165,168,171),(166,165,172),(172,165,171),(164,166,170),(170,166,172),(173,168,174),(174,168,170),(174,170,175),(175,173,174),(168,173,171),(171,173,176),(172,171,177),(177,171,176),(170,172,175),(175,172,177),(178,173,179),(179,173,175),(179,175,180),(180,178,179),(173,178,176),(176,178,181),(182,177,183),(183,177,176),(183,176,181),(181,182,183),(175,177,180),(180,177,182),(180,184,178),(178,184,185),(178,185,186),(186,185,184),(186,184,187),(187,184,188),(187,188,189),(189,188,180),(189,180,190),(190,180,191),(190,191,192),(192,191,193),(192,193,194),(194,193,195),(194,195,196),(196,195,197),(196,197,198),(198,197,199),(198,199,200),(200,199,187),(200,187,189),(191,195,193),(197,178,199),(199,178,186),(199,186,187),(200,189,190),(188,184,180),(194,196,201),(201,196,198),(201,198,200),(201,200,190),(194,201,192),(192,201,190),(178,197,181),(181,197,202),(181,203,182),(182,203,204),(182,204,205),(205,204,203),(205,203,206),(206,203,207),(206,207,208),(208,207,181),(208,181,209),(209,181,210),(209,210,211),(211,210,212),(211,212,213),(213,212,214),(213,214,215),(181,202,210),(210,202,216),(210,216,212),(212,216,214),(202,214,216),(213,215,217),(217,215,182),(217,182,218),(218,182,205),(218,205,206),(207,203,181),(206,208,219),(219,208,209),(219,209,211),(217,218,219),(219,218,206),(217,219,211),(213,217,211),(180,182,191),(191,182,215),(5,197,220),(220,197,195),(220,195,221),(221,195,222),(221,222,223),(223,222,224),(223,224,6),(6,224,222),(6,222,191),(191,222,195),(6,5,223),(223,5,225),(223,225,221),(221,225,220),(225,5,220),(197,5,202),(202,5,7),(214,226,215),(215,226,227),(215,227,8),(8,227,228),(8,228,229),(229,228,230),(229,230,231),(231,230,232),(231,232,202),(202,232,214),(214,232,233),(214,233,226),(226,233,227),(202,7,231),(231,7,234),(231,234,229),(229,234,7),(229,7,8),(227,233,230),(230,233,232),(227,230,228),(191,215,6),(6,215,8)),$);
#434= IFCSHAPEREPRESENTATION(#178,'Body','Tessellation',(#433));
#435= IFCPRODUCTDEFINITIONSHAPE($,$,(#434));
#436= IFCCARTESIANPOINT((505182.326443,1707759.436485,370.943431));
#437= IFCAXIS2PLACEMENT3D(#436,$,$);
#438= IFCLOCALPLACEMENT(#5,#437);
#439= IFCBUILTELEMENT('0edmleqrvAIPB1Iq8cyxw7',$,'BTN 12.5',$,$,#438,#435,'60E5B');
#440= IFCSTYLEDITEM(#433,(#189),'BTN 12.5');
#441= IFCPROPERTYSINGLEVALUE('Area',$,IFCREAL(232.744509443555),$);
#442= IFCPROPERTYSINGLEVALUE('Bounds',$,IFCLABEL('((505172.6077093217,1707753.1760117903,370.74357533020594),(505192.04521204496,1707765.6969756978,371.145221853813))'),$);
#443= IFCPROPERTYSET('1q3M0HLD6QHc4VmMQlDFzv',$,'Properties',$,(#39,#40,#41,#42,#43,#44,#45,#46,#47,#48,#49,#50,#51,#52,#53,#54,#55,#56,#57,#59,#60,#193,#197,#299,#300,#301,#441,#442));
#444= IFCRELDEFINESBYPROPERTIES('0zkHbmj$IntrVKUkYlCWtJ',$,$,$,(#439),#443);
#445= IFCPROPERTYSET('1l3BlTgEXUnjTNHVKv9aIu',$,'Misc',$,(#85,#87,#88,#203));
#446= IFCRELDEFINESBYPROPERTIES('0LkK5mkr_ndOwsAGWccma7',$,$,$,(#439),#445);
#447= IFCPROPERTYSET('0c$9NRZrShWP0F6RNn3GDC',$,'3D Visualization',$,(#91,#92,#93));
#448= IFCRELDEFINESBYPROPERTIES('0Gt75rGlhr34$1TOQiNX4C',$,$,$,(#439),#447);
#449= IFCPROPERTYSET('2JK5NquGZtVr90kNB2At0O',$,'General',$,(#72,#74,#75,#76,#77,#208));
#450= IFCRELDEFINESBYPROPERTIES('10eP0h9FWH4WReH1LgxMXJ',$,$,$,(#439),#449);
#451= IFCPROPERTYSET('12WRKI$9rhWLZekDMuMPHq',$,'Geometry',$,(#82));
#452= IFCRELDEFINESBYPROPERTIES('2$SR500W$2RWt70tZlqFiH',$,$,$,(#439),#451);
#453= IFCPROPERTYSINGLEVALUE('CorridorHandle',$,IFCLABEL('5E7FD'),$);
#454= IFCPROPERTYSINGLEVALUE('HorizontalBaselineHandle',$,IFCLABEL('5E820'),$);
#455= IFCPROPERTYSINGLEVALUE('VerticalBaselineHandle',$,IFCLABEL('5E85F'),$);
#456= IFCPROPERTYSINGLEVALUE('AssemblyHandle',$,IFCLABEL('5CEFA'),$);
#457= IFCPROPERTYSINGLEVALUE('SubassemblyHandle',$,IFCLABEL('5D040'),$);
#458= IFCPROPERTYSINGLEVALUE('SubassemblyName',$,IFCLABEL('KCAD_Curb'),$);
#459= IFCPROPERTYSINGLEVALUE('BaselineGuid',$,IFCLABEL('{852BAB57-668C-46C4-B953-83F1269340A5}'),$);
#460= IFCPROPERTYSINGLEVALUE('RegionGuid',$,IFCLABEL('{8CD050B1-D946-45D7-A26F-FB8ADB1CD5F7}'),$);
#461= IFCPROPERTYSINGLEVALUE('StartStation',$,IFCLABEL('0+010.00m'),$);
#462= IFCPROPERTYSINGLEVALUE('EndStation',$,IFCLABEL('0+025.06m'),$);
#463= IFCPROPERTYSET('09uLJkkg3uwDRnKc1llGrm',$,'Corridor Identity',$,(#221,#224,#453,#454,#455,#456,#457,#458,#459,#460,#461,#462));
#464= IFCRELDEFINESBYPROPERTIES('2v84QiYARFdRCkLZFyQR2h',$,$,$,(#439),#463);
#465= IFCPROPERTYSINGLEVALUE('CorridorName',$,IFCLABEL('B\X2\0110\X0\_N45'),$);
#466= IFCPROPERTYSINGLEVALUE('BaselineName',$,IFCLABEL('BL - Intersection - (12) - SE - Quadrant - (80)'),$);
#467= IFCPROPERTYSINGLEVALUE('HorizontalBaseline',$,IFCLABEL('Intersection - (12) - SE - Quadrant'),$);
#468= IFCPROPERTYSINGLEVALUE('VerticalBaseline',$,IFCLABEL('Intersection - (12) - SE - Quadrant - Profile'),$);
#469= IFCPROPERTYSINGLEVALUE('RegionName',$,IFCLABEL('RG - LEFT - (90)'),$);
#470= IFCPROPERTYSET('2pzpWSZ4Z4u7V95pGxQFGu',$,'Corridor Model Information',$,(#465,#466,#467,#468,#469));
#471= IFCRELDEFINESBYPROPERTIES('2N1ji1N8YQhWoRBY84FDK2',$,$,$,(#439),#470);
#472= IFCPROPERTYSINGLEVALUE('AssemblyName',$,IFCLABEL('LEFT'),$);
#473= IFCPROPERTYSINGLEVALUE('AssemblyStartStation',$,IFCLABEL('0+010.00m'),$);
#474= IFCPROPERTYSINGLEVALUE('AssemblyEndStation',$,IFCLABEL('0+025.06m'),$);
#475= IFCPROPERTYSINGLEVALUE('Volume',$,IFCVOLUMEMEASURE(6.88819709437855),$);
#476= IFCPROPERTYSET('1pYnSnMFIas71ct8$409zP',$,'Corridor Shape Information',$,(#234,#235,#472,#473,#474,#475));
#477= IFCRELDEFINESBYPROPERTIES('01pWKxK4x2TjXfpkPbymnc',$,$,$,(#439),#476);
#478= IFCPROPERTYSINGLEVALUE('Kh\X2\1ED1\X0\i l\X2\01B0\X0\\X2\1EE3\X0\ng (m3)',$,IFCREAL(6.88819709432903),$);
#479= IFCPROPERTYSINGLEVALUE('L\X2\00FD\X0\ tr\X2\00EC\X0\nh \X2\0111\X0\\X2\1EA7\X0\u',$,IFCLABEL('0+010.00m'),$);
#480= IFCPROPERTYSINGLEVALUE('L\X2\00FD\X0\ tr\X2\00EC\X0\nh cu\X2\1ED1\X0\i',$,IFCLABEL('0+025.06m'),$);
#481= IFCPROPERTYSINGLEVALUE('\X2\0110\X0\\X2\1ED9\X0\ d\X2\00E0\X0\i (m)',$,IFCLABEL('15.06'),$);
#482= IFCPROPERTYSET('2x6LXe4F6ADFim3UGDCJK0',$,'Thong_tin_BIM',$,(#242,#243,#244,#249,#250,#251,#252,#253,#478,#479,#480,#481));
#483= IFCRELDEFINESBYPROPERTIES('1hy$VVjIu2yGffRV1Hwdkz',$,$,$,(#439),#482);
#484= IFCCARTESIANPOINTLIST3D(((-6.168038,5.817074,0.185001),(-6.168057,5.817094,0.125001),(-6.250248,5.722609,0.182096),(-6.250267,5.722629,0.122096),(-6.936926,6.486199,0.212733),(-6.951988,6.468892,0.212259),(-6.936945,6.486218,0.152733),(-6.952007,6.468911,0.152259),(-6.552501,6.151656,0.138804),(-6.552482,6.151636,0.198804),(-5.741916,5.182011,0.100245),(-5.089637,6.387033,0.140251),(-4.095417,7.228411,0.16556),(-4.553095,7.659748,0.180086),(-3.616744,8.534972,0.205308),(-3.874517,8.767564,0.212528),(-3.827225,10.408256,0.259238),(-4.132291,9.000156,0.219748),(-4.390065,9.232748,0.226968),(-5.010774,8.091086,0.194612),(-5.239613,8.306755,0.201874),(-5.889256,7.182016,0.169475),(-6.089161,7.380762,0.176781),(-7.109679,6.636591,0.159036),(-5.489446,6.784525,0.154863),(-5.689351,6.983271,0.162169),(-1.53356,8.412134,0.201824),(-3.101196,8.069788,0.190869),(-4.781934,7.875417,0.187349),(-7.10966,6.636572,0.219036),(-5.741897,5.181992,0.160245),(-6.472184,-7.84852,-0.255155),(-6.472203,-7.8485,-0.315155),(-6.475547,-7.845188,-0.255243),(-6.475566,-7.845168,-0.315243),(-6.319888,-7.694771,-0.308824),(-6.31987,-7.69479,-0.248824),(-5.759578,-7.129254,-0.284613),(-5.759559,-7.129274,-0.224613),(-5.823158,-7.066262,-0.225752),(-5.823177,-7.066243,-0.285752),(-5.815447,-8.422293,-0.237401),(-5.182377,-9.027663,-0.220692),(-3.747951,-10.068553,-0.18372),(-4.549307,-9.633034,-0.203982),(-4.084522,-10.408256,-0.190825),(-6.570869,-7.944864,-0.259238),(-6.570888,-7.944845,-0.319238),(-5.815466,-8.422273,-0.297401),(-5.182396,-9.027644,-0.280692),(-3.74797,-10.068533,-0.24372),(-4.549326,-9.633014,-0.263982),(-4.084541,-10.408236,-0.250825),(-3.827206,10.408236,0.319238),(-5.289523,6.58576,0.207557),(-5.489428,6.784505,0.214863),(-5.689332,6.983251,0.222169),(-5.889237,7.181997,0.229475),(-4.781915,7.875398,0.247349),(-5.010755,8.091066,0.254612),(-3.874499,8.767544,0.272528),(-4.132272,9.000136,0.279748),(-5.089618,6.387014,0.200251),(-4.095398,7.228391,0.22556),(-1.533541,8.412115,0.261824),(-3.101178,8.069768,0.250869),(-3.358951,8.30236,0.258089),(-4.324237,7.44406,0.232823),(-4.553076,7.659729,0.240086),(-3.616725,8.534952,0.265308),(-3.195,6.313988,0.195896),(-2.75228,5.830923,0.180758),(0.956701,6.244917,0.199489),(-2.309561,5.347859,0.165619),(-4.690383,3.484671,0.101473),(0.956682,6.244936,0.139489),(-2.752299,5.830943,0.120758),(-3.984229,5.082147,0.095808),(-4.690402,3.48469,0.041473),(-3.63143,4.628449,0.080893),(-2.30958,5.347878,0.105619),(3.913805,3.67142,0.125468),(-0.954229,3.753321,0.117297),(-3.997039,1.612276,0.042757),(3.913786,3.67144,0.065468),(-3.997058,1.612296,-0.017243),(-0.954248,3.75334,0.057297),(4.782251,2.915632,0.103729),(0.204164,2.330136,0.074979),(-3.882359,1.121214,0.027963),(4.782232,2.915652,0.043729),(-3.882377,1.121234,-0.032037),(0.204146,2.330155,0.014979),(7.103115,0.89584,0.045634),(1.072752,1.222565,0.042699),(-3.711999,-0.042427,-0.006529),(7.103096,0.895859,-0.014366),(-3.712018,-0.042408,-0.066529),(1.072733,1.222584,-0.017301),(7.109679,0.890127,0.04547),(1.697264,0.424531,0.019489),(-3.71174,-0.045416,-0.006617),(7.10966,0.890147,-0.01453),(-3.711759,-0.045396,-0.066617),(1.697245,0.42455,-0.040511),(7.102891,0.883261,0.045326),(1.697337,0.419892,0.019369),(-3.711482,-0.048405,-0.006705),(7.102872,0.88328,-0.014674),(-3.711501,-0.048385,-0.066705),(1.697318,0.419911,-0.040631),(1.530065,0.166667,0.013407),(4.145344,0.352238,0.025754),(6.418357,0.192357,0.030876),(0.222425,0.073882,0.007233),(-1.085215,-0.018904,0.001059),(-2.392855,-0.111689,-0.005114),(-3.689507,-0.360545,-0.015871),(6.418338,0.192377,-0.029124),(0.222406,0.073901,-0.052767),(-1.085234,-0.018884,-0.05894),(-3.689526,-0.360525,-0.075871),(1.530046,0.166687,-0.046593),(4.145325,0.352258,-0.034246),(1.274797,-0.220812,0.004272),(3.754924,-0.106734,0.01564),(6.051743,-0.177668,0.023138),(1.185169,-0.357531,0.001041),(0.034734,-0.277852,-0.001412),(-1.205329,-0.334891,-0.007095),(-2.445392,-0.39193,-0.012779),(-1.248117,-0.447462,-0.010007),(-3.681404,-0.537394,-0.021055),(6.051724,-0.177649,-0.036862),(0.034715,-0.277832,-0.061412),(-1.205348,-0.334871,-0.067095),(-3.681423,-0.537374,-0.081055),(-1.248136,-0.447443,-0.070007),(1.185151,-0.357511,-0.058959),(1.274778,-0.220793,-0.055728),(3.754905,-0.106714,-0.04436),(3.025514,-0.973446,-0.003629),(2.432571,-1.679293,-0.019348),(2.922264,-3.336268,-0.042921),(1.839629,-2.38514,-0.035067),(-0.428892,-2.845705,-0.058651),(-0.025377,-2.223661,-0.043728),(-0.957879,-2.142922,-0.048058),(-0.649078,-1.56278,-0.033533),(-1.676294,-1.523943,-0.038261),(-1.462206,-0.985702,-0.024134),(-2.584135,-0.988766,-0.02926),(-0.340276,-0.982638,-0.019008),(0.781654,-0.979574,-0.013882),(-2.70351,-1.485105,-0.04299),(-3.780049,-2.355141,-0.074381),(-2.822885,-1.981443,-0.056719),(-2.10447,-2.600423,-0.066516),(-1.890382,-2.062183,-0.052389),(0.378139,-1.601618,-0.028805),(2.922245,-3.336249,-0.102921),(-2.584154,-0.988747,-0.08926),(-2.703529,-1.485085,-0.10299),(-3.780067,-2.355122,-0.134381),(-2.822904,-1.981424,-0.116719),(-2.104489,-2.600403,-0.126516),(-1.890401,-2.062163,-0.112389),(-0.025396,-2.223642,-0.103728),(0.37812,-1.601598,-0.088805),(2.432552,-1.679274,-0.079348),(3.025495,-0.973427,-0.063629),(0.781635,-0.979555,-0.073882),(-1.462225,-0.985683,-0.084134),(-1.676313,-1.523923,-0.098261),(1.83961,-2.38512,-0.095067),(-0.428911,-2.845685,-0.118651),(0.731349,-3.701577,-0.064672),(0.47368,-4.006873,-0.071615),(0.216012,-4.312168,-0.078558),(-1.004855,-3.698402,-0.079833),(-1.196843,-3.982635,-0.086894),(-2.48339,-3.389931,-0.088051),(-2.609697,-3.653101,-0.095229),(-3.222658,-3.235696,-0.092159),(-3.129192,-2.983058,-0.084922),(-2.357084,-3.126762,-0.080872),(-0.812867,-3.41417,-0.072772),(-3.316124,-3.488334,-0.099397),(-4.265054,-4.291994,-0.132748),(-3.40959,-3.740972,-0.106634),(-3.503057,-3.99361,-0.113871),(-2.86231,-4.17944,-0.109585),(-1.964793,-5.119564,-0.115136),(0.335469,-5.947135,-0.097525),(-0.299325,-4.922759,-0.092444),(-1.580818,-4.5511,-0.101015),(-2.736004,-3.916271,-0.102407),(-0.041657,-4.617464,-0.085501),(-1.38883,-4.266867,-0.093954),(0.33545,-5.947116,-0.157525),(-3.129211,-2.983039,-0.144922),(-3.222677,-3.235677,-0.152159),(-3.316143,-3.488315,-0.159397),(-2.483409,-3.389912,-0.148051),(-2.609716,-3.653081,-0.155229),(-1.004874,-3.698383,-0.139833),(-1.196861,-3.982615,-0.146894),(0.473662,-4.006853,-0.131615),(0.73133,-3.701558,-0.124672),(-0.812886,-3.41415,-0.132772),(-2.357103,-3.126742,-0.140872),(0.215993,-4.312149,-0.138558),(-0.299344,-4.922739,-0.152444),(-1.964812,-5.119545,-0.175136),(-1.580837,-4.55108,-0.161015),(-2.862329,-4.17942,-0.169585),(-4.265073,-4.291974,-0.192748),(-3.503076,-3.993591,-0.173871),(-1.269854,-6.051137,-0.118442),(-1.49745,-6.310031,-0.124498),(-1.725046,-6.568925,-0.130554),(-2.527502,-5.862588,-0.134523),(-2.715072,-6.110263,-0.140986),(-3.557554,-5.415146,-0.144549),(-3.705097,-5.651601,-0.151418),(-5.12519,-6.093886,-0.190953),(-3.41001,-5.17869,-0.13768),(-2.339932,-5.614914,-0.128061),(-3.46535,-7.100962,-0.166835),(-4.000184,-6.124513,-0.165156),(-3.85264,-5.888057,-0.158287),(-2.902641,-6.357938,-0.147448),(-1.952643,-6.827819,-0.136609),(-1.805511,-8.108038,-0.142718),(-2.180239,-7.086712,-0.142665),(-3.090211,-6.605612,-0.153911),(-1.80553,-8.108018,-0.202718),(-3.262486,-4.942215,-0.190811),(-3.410029,-5.178671,-0.19768),(-3.557572,-5.415126,-0.204549),(-2.339951,-5.614894,-0.188061),(-2.527521,-5.862569,-0.194523),(-1.269873,-6.051118,-0.178442),(-1.497469,-6.310011,-0.184498),(-1.725065,-6.568905,-0.190554),(-1.952661,-6.827799,-0.196609),(-2.180257,-7.086693,-0.202665),(-3.09023,-6.605593,-0.213911),(-3.465369,-7.100942,-0.226835),(-4.000202,-6.124493,-0.225156),(-5.125209,-6.093866,-0.250953),(-3.852659,-5.888037,-0.218287),(-3.705116,-5.651582,-0.211418),(-2.715091,-6.110243,-0.200986),(-1.042277,-5.792224,-0.172386),(-2.152381,-5.36722,-0.181599),(-2.90266,-6.357918,-0.207448),(-1.916423,-8.219982,-0.145059),(-2.684264,-7.658266,-0.156057),(-3.507561,-7.152521,-0.168225),(-4.330858,-6.646777,-0.180393),(-3.549771,-7.204081,-0.169614),(-5.183119,-6.18818,-0.194169),(-1.916442,-8.219963,-0.205059),(-5.183138,-6.18816,-0.254169),(-4.330876,-6.646758,-0.240393),(-3.50758,-7.152502,-0.228225),(-2.684283,-7.658246,-0.216057),(-3.54979,-7.204062,-0.229614),(-2.474718,-8.783472,-0.156844),(-2.98144,-7.982236,-0.163807),(-3.76731,-7.462746,-0.176663),(-4.55318,-6.943255,-0.189519),(-5.49498,-6.659349,-0.210581),(-2.474737,-8.783452,-0.216844),(-5.494999,-6.659329,-0.270581),(-4.553199,-6.943235,-0.249519),(-3.767329,-7.462726,-0.236663),(-2.981459,-7.982217,-0.223807),(-2.47765,-8.786431,-0.156906),(-3.986013,-7.722763,-0.183749),(-5.496706,-6.661802,-0.210668),(-2.477669,-8.786412,-0.216906),(-5.496725,-6.661783,-0.270668),(-3.986032,-7.722744,-0.243749),(-2.480582,-8.78939,-0.156968),(-3.988343,-7.72547,-0.183824),(-5.498433,-6.664255,-0.210755),(-2.480601,-8.789371,-0.216968),(-5.498452,-6.664236,-0.270755),(-3.988362,-7.72545,-0.243824),(-5.447201,-8.01179,-0.223828),(-5.212791,-7.739706,-0.214988),(-4.978381,-7.467623,-0.206148),(-4.513283,-8.302795,-0.200106),(-4.251395,-8.014809,-0.191984),(-3.813775,-8.865883,-0.185225),(-3.52441,-8.561995,-0.17782),(-4.77517,-8.590781,-0.208229),(-4.103139,-9.169772,-0.192631),(-4.978399,-7.467603,-0.266148),(-5.21281,-7.739687,-0.274988),(-5.44722,-8.01177,-0.283828),(-4.513301,-8.302775,-0.260106),(-4.775189,-8.590761,-0.268229),(-3.813793,-8.865864,-0.245225),(-4.103158,-9.169752,-0.252631),(-4.251414,-8.014789,-0.251984),(-3.524428,-8.561975,-0.23782)),$);
#485= IFCTRIANGULATEDFACESET(#484,$,$,((1,2,3),(3,2,4),(5,6,7),(7,6,8),(2,1,9),(9,1,10),(9,10,7),(7,10,5),(4,2,11),(11,2,12),(11,12,13),(13,12,14),(13,14,15),(15,14,16),(15,16,17),(17,16,18),(17,18,19),(19,18,20),(19,20,21),(21,20,22),(21,22,23),(23,22,7),(23,7,24),(24,7,8),(12,2,25),(25,2,9),(25,9,26),(26,9,22),(26,22,20),(9,7,22),(23,24,21),(21,24,17),(21,17,19),(17,27,15),(15,27,28),(15,28,13),(13,28,27),(13,27,11),(12,25,14),(14,25,29),(14,29,16),(16,29,18),(26,20,29),(29,20,18),(25,26,29),(8,6,24),(24,6,30),(3,4,31),(31,4,11),(32,33,34),(34,33,35),(33,32,36),(36,32,37),(36,37,38),(38,37,39),(39,40,38),(38,40,41),(32,42,37),(37,42,43),(37,43,44),(44,43,45),(44,45,46),(46,45,43),(46,43,47),(47,43,42),(47,42,32),(32,34,47),(34,35,47),(47,35,48),(35,33,48),(48,33,49),(48,49,50),(50,49,36),(50,36,51),(33,36,49),(50,51,52),(52,51,53),(52,53,50),(50,53,48),(24,30,17),(17,30,54),(46,47,53),(53,47,48),(3,55,1),(1,55,56),(1,56,10),(10,56,57),(10,57,58),(58,57,59),(58,59,60),(60,59,61),(60,61,62),(62,61,54),(62,54,60),(60,54,30),(60,30,58),(58,30,5),(58,5,10),(55,3,63),(63,3,31),(63,31,64),(64,31,65),(64,65,66),(66,65,67),(66,67,68),(68,67,69),(68,69,56),(56,69,57),(67,65,70),(70,65,54),(70,54,61),(30,6,5),(69,67,70),(56,55,68),(68,55,64),(68,64,66),(63,64,55),(61,59,70),(70,59,69),(59,57,69),(54,65,17),(17,65,27),(31,71,65),(65,71,72),(65,72,73),(73,72,74),(73,74,75),(75,74,72),(75,72,31),(31,72,71),(65,73,27),(27,73,76),(27,77,11),(11,77,78),(11,78,79),(79,78,80),(79,80,81),(81,80,77),(81,77,76),(76,77,27),(76,79,81),(80,78,77),(31,11,75),(75,11,79),(82,73,83),(83,73,75),(83,75,84),(84,82,83),(73,82,76),(76,82,85),(86,79,87),(87,79,76),(87,76,85),(85,86,87),(75,79,84),(84,79,86),(88,82,89),(89,82,84),(89,84,90),(90,88,89),(82,88,85),(85,88,91),(92,86,93),(93,86,85),(93,85,91),(91,92,93),(84,86,90),(90,86,92),(94,88,95),(95,88,90),(95,90,96),(96,94,95),(88,94,91),(91,94,97),(98,92,99),(99,92,91),(99,91,97),(97,98,99),(90,92,96),(96,92,98),(100,94,101),(101,94,96),(101,96,102),(102,100,101),(94,100,97),(97,100,103),(104,98,105),(105,98,97),(105,97,103),(103,104,105),(96,98,102),(102,98,104),(106,100,107),(107,100,102),(107,102,108),(108,106,107),(100,106,103),(103,106,109),(110,104,111),(111,104,103),(111,103,109),(109,110,111),(102,104,108),(108,104,110),(108,112,106),(106,112,113),(106,113,114),(114,113,112),(114,112,115),(115,112,108),(115,108,116),(116,108,117),(116,117,118),(118,117,108),(116,118,115),(115,118,114),(106,114,109),(109,114,119),(109,120,110),(110,120,121),(110,121,122),(122,121,120),(122,120,123),(123,120,109),(123,109,124),(124,109,119),(124,119,123),(123,119,122),(108,110,118),(118,110,122),(118,125,114),(114,125,126),(114,126,127),(127,126,128),(128,126,125),(128,125,129),(129,125,118),(129,118,130),(130,118,131),(130,131,132),(132,131,133),(133,131,118),(130,132,129),(129,132,128),(114,127,119),(119,127,134),(119,135,122),(122,135,136),(122,136,137),(137,136,138),(138,136,135),(138,135,139),(139,135,140),(139,140,141),(141,140,119),(141,119,134),(134,139,141),(135,119,140),(118,122,133),(133,122,137),(128,142,127),(127,142,143),(127,143,144),(144,143,145),(144,145,146),(146,145,147),(146,147,148),(148,147,149),(148,149,150),(150,149,151),(150,151,152),(152,151,132),(152,132,133),(132,153,128),(128,153,154),(128,154,142),(142,154,143),(152,133,155),(155,133,156),(155,156,157),(157,156,158),(157,158,159),(159,158,148),(159,148,150),(158,146,148),(153,132,151),(151,149,153),(153,149,160),(153,160,154),(154,160,143),(143,160,145),(145,160,147),(160,149,147),(155,157,159),(155,159,150),(155,150,152),(127,144,134),(134,144,161),(138,162,137),(137,162,163),(137,163,164),(164,163,165),(164,165,166),(166,165,167),(166,167,168),(168,167,169),(168,169,170),(170,169,171),(170,171,134),(134,171,139),(139,171,172),(139,172,173),(173,172,174),(173,174,163),(163,174,165),(162,138,173),(173,138,139),(134,161,170),(170,161,175),(170,175,168),(168,175,176),(168,176,166),(161,176,175),(173,163,162),(174,172,169),(169,172,171),(169,167,174),(174,167,165),(133,137,156),(156,137,164),(146,177,144),(144,177,178),(144,178,179),(179,178,180),(179,180,181),(181,180,182),(182,183,181),(183,182,184),(184,182,185),(184,185,156),(156,185,158),(158,185,186),(158,186,187),(187,186,180),(187,180,178),(177,146,187),(187,146,158),(184,156,188),(188,156,189),(188,189,190),(190,189,191),(190,191,192),(192,191,189),(192,189,193),(194,195,193),(193,195,196),(193,196,192),(192,196,197),(192,197,190),(190,197,188),(144,179,194),(194,179,198),(194,198,195),(195,198,199),(195,199,196),(196,199,197),(187,178,177),(183,184,188),(180,186,182),(182,186,185),(181,183,199),(199,183,197),(198,179,181),(199,198,181),(197,183,188),(144,194,161),(161,194,200),(166,201,164),(164,201,202),(164,202,203),(203,202,204),(203,204,205),(205,204,207),(207,204,206),(207,206,208),(208,206,209),(208,209,161),(161,209,176),(176,209,210),(176,210,211),(211,210,204),(211,204,202),(201,166,211),(211,166,176),(208,161,212),(212,161,200),(212,200,213),(213,200,214),(213,214,215),(215,214,216),(215,216,207),(207,216,205),(214,217,216),(216,217,218),(216,218,205),(205,218,203),(218,217,203),(203,217,164),(211,202,201),(204,210,206),(206,210,209),(212,213,215),(212,215,207),(212,207,208),(156,164,189),(189,164,217),(193,219,194),(194,219,220),(194,220,221),(221,220,222),(221,222,223),(223,222,224),(223,224,225),(225,224,189),(225,189,226),(189,227,193),(193,227,228),(193,228,219),(219,228,220),(229,230,226),(226,230,231),(226,231,225),(225,231,232),(225,232,223),(223,232,233),(223,233,221),(221,233,234),(221,234,194),(234,235,229),(229,235,236),(229,236,230),(230,236,231),(235,234,233),(227,189,224),(224,222,227),(227,222,228),(222,220,228),(233,232,235),(235,232,236),(232,231,236),(194,234,200),(200,234,237),(214,238,217),(217,238,239),(217,239,240),(240,239,241),(240,241,242),(242,241,243),(242,243,244),(244,243,200),(244,200,245),(245,200,237),(245,237,246),(246,237,247),(246,247,248),(248,247,249),(248,249,250),(250,249,251),(250,251,252),(252,251,253),(252,253,254),(254,253,242),(254,242,244),(200,255,214),(214,255,256),(214,256,238),(238,256,239),(237,249,247),(251,217,253),(253,217,240),(253,240,242),(255,200,243),(254,244,245),(243,241,255),(255,241,256),(241,239,256),(248,250,257),(257,250,252),(257,252,254),(257,254,245),(248,257,246),(246,257,245),(189,217,226),(226,217,251),(258,234,259),(259,234,229),(259,229,260),(260,229,261),(260,261,262),(262,261,263),(263,261,226),(226,261,229),(260,262,259),(259,262,258),(234,258,237),(237,258,264),(265,251,266),(266,251,249),(266,249,267),(267,249,268),(267,268,269),(269,268,264),(264,268,237),(237,268,249),(267,269,266),(266,269,265),(226,251,263),(263,251,265),(270,258,271),(271,258,262),(271,262,272),(272,262,273),(272,273,274),(274,273,263),(263,273,262),(274,270,272),(272,270,271),(258,270,264),(264,270,275),(276,265,277),(277,265,269),(277,269,278),(278,269,279),(278,279,275),(275,279,264),(264,279,269),(275,276,278),(278,276,277),(263,265,274),(274,265,276),(280,270,281),(281,270,274),(281,274,282),(282,280,281),(270,280,275),(275,280,283),(284,276,285),(285,276,275),(285,275,283),(283,284,285),(274,276,282),(282,276,284),(286,280,287),(287,280,282),(287,282,288),(288,286,287),(280,286,283),(283,286,289),(290,284,291),(291,284,283),(291,283,289),(289,290,291),(282,284,288),(288,284,290),(37,292,39),(39,292,293),(39,293,294),(294,293,295),(294,295,296),(296,295,297),(296,297,298),(298,297,286),(298,286,296),(296,286,288),(296,288,294),(294,288,40),(294,40,39),(292,37,299),(299,37,44),(299,44,300),(300,44,297),(300,297,295),(44,286,297),(292,299,293),(293,299,295),(299,300,295),(286,44,289),(289,44,51),(41,301,38),(38,301,302),(38,302,303),(303,302,304),(303,304,305),(305,304,306),(305,306,307),(307,306,51),(307,51,305),(305,51,36),(305,36,303),(303,36,38),(41,290,301),(301,290,308),(301,308,302),(302,308,304),(290,289,308),(308,289,309),(308,309,304),(304,309,306),(309,289,306),(306,289,51),(41,40,290),(290,40,288),(44,46,51),(51,46,53)),$);
#486= IFCSHAPEREPRESENTATION(#178,'Body','Tessellation',(#485));
#487= IFCPRODUCTDEFINITIONSHAPE($,$,(#486));
#488= IFCCARTESIANPOINT((505175.462751,1707764.806727,371.096621));
#489= IFCAXIS2PLACEMENT3D(#488,$,$);
#490= IFCLOCALPLACEMENT(#5,#489);
#491= IFCBUILTELEMENT('34H08LNl91Gf143ibBnnpv',$,'BTN 12.5',$,$,#490,#487,'60E64');
#492= IFCSTYLEDITEM(#485,(#189),'BTN 12.5');
#493= IFCPROPERTYSINGLEVALUE('Area',$,IFCREAL(272.690081534968),$);
#494= IFCPROPERTYSINGLEVALUE('Bounds',$,IFCLABEL('((505168.3529226985,1707754.3983062636,370.7722796335293),(505182.57251514005,1707775.2151709641,371.41689093142173))'),$);
#495= IFCPROPERTYSET('1oPCmkPBguN$qjcYJJEOHm',$,'Properties',$,(#39,#40,#41,#42,#43,#44,#47,#48,#49,#50,#51,#52,#53,#54,#55,#56,#57,#59,#60,#193,#194,#195,#196,#197,#198,#199,#493,#494));
#496= IFCRELDEFINESBYPROPERTIES('3hoPZbLV1gRKb8h0v0oNeB',$,$,$,(#491),#495);
#497= IFCPROPERTYSET('02R$UIq52OWR9NkfOglya2',$,'Misc',$,(#85,#87,#88,#203));
#498= IFCRELDEFINESBYPROPERTIES('2cb8UBx2IzhtPDv9CxPN5L',$,$,$,(#491),#497);
#499= IFCPROPERTYSET('39CK$q$FZXNGpBYkweJguJ',$,'3D Visualization',$,(#91,#92,#93));
#500= IFCRELDEFINESBYPROPERTIES('3N$2mWJ_CY3$Qvrg946_Kr',$,$,$,(#491),#499);
#501= IFCPROPERTYSET('05hbSG7m7CuOzXMcZwE_tS',$,'General',$,(#72,#74,#75,#76,#77,#208));
#502= IFCRELDEFINESBYPROPERTIES('0yXPPkpIFaDX$NvVvUrEDI',$,$,$,(#491),#501);
#503= IFCPROPERTYSET('0yDo1RJEnVu9$aiXb1hzyq',$,'Geometry',$,(#82));
#504= IFCRELDEFINESBYPROPERTIES('1c2vOSGedvA7ZStzIAjzCi',$,$,$,(#491),#503);
#505= IFCPROPERTYSINGLEVALUE('HorizontalBaselineHandle',$,IFCLABEL('5E82C'),$);
#506= IFCPROPERTYSINGLEVALUE('VerticalBaselineHandle',$,IFCLABEL('5E86C'),$);
#507= IFCPROPERTYSINGLEVALUE('BaselineGuid',$,IFCLABEL('{0C97779F-F77A-4766-A437-11863EB6B7C0}'),$);
#508= IFCPROPERTYSINGLEVALUE('RegionGuid',$,IFCLABEL('{048914C9-3AA5-4CB4-855A-A90142E85D8E}'),$);
#509= IFCPROPERTYSINGLEVALUE('EndStation',$,IFCLABEL('0+026.35m'),$);
#510= IFCPROPERTYSET('35Zgy93PIpHVPD3HvNkqrb',$,'Corridor Identity',$,(#221,#224,#453,#456,#457,#458,#461,#505,#506,#507,#508,#509));
#511= IFCRELDEFINESBYPROPERTIES('2AHul_iHIDHsNTt3ej205A',$,$,$,(#491),#510);
#512= IFCPROPERTYSINGLEVALUE('BaselineName',$,IFCLABEL('BL - Intersection - (12) - SW - Quadrant - (81)'),$);
#513= IFCPROPERTYSINGLEVALUE('HorizontalBaseline',$,IFCLABEL('Intersection - (12) - SW - Quadrant'),$);
#514= IFCPROPERTYSINGLEVALUE('VerticalBaseline',$,IFCLABEL('Intersection - (12) - SW - Quadrant - Profile'),$);
#515= IFCPROPERTYSINGLEVALUE('RegionName',$,IFCLABEL('RG - LEFT - (91)'),$);
#516= IFCPROPERTYSET('2aSJWcIhHBzjpcC1r8ZXzJ',$,'Corridor Model Information',$,(#465,#512,#513,#514,#515));
#517= IFCRELDEFINESBYPROPERTIES('2tlC3itBf8ohP5x8K3TVc0',$,$,$,(#491),#516);
#518= IFCPROPERTYSINGLEVALUE('AssemblyEndStation',$,IFCLABEL('0+026.35m'),$);
#519= IFCPROPERTYSINGLEVALUE('Volume',$,IFCVOLUMEMEASURE(8.07784845767534),$);
#520= IFCPROPERTYSET('0LsL$IKHuL$jVAo8g8vQDA',$,'Corridor Shape Information',$,(#234,#235,#472,#473,#518,#519));
#521= IFCRELDEFINESBYPROPERTIES('1ACS_xvHPFqjlFbdzaFg12',$,$,$,(#491),#520);
#522= IFCPROPERTYSINGLEVALUE('Kh\X2\1ED1\X0\i l\X2\01B0\X0\\X2\1EE3\X0\ng (m3)',$,IFCREAL(8.07784845749499),$);
#523= IFCPROPERTYSINGLEVALUE('L\X2\00FD\X0\ tr\X2\00EC\X0\nh cu\X2\1ED1\X0\i',$,IFCLABEL('0+026.35m'),$);
#524= IFCPROPERTYSINGLEVALUE('\X2\0110\X0\\X2\1ED9\X0\ d\X2\00E0\X0\i (m)',$,IFCLABEL('16.35'),$);
#525= IFCPROPERTYSET('086QXrF$mEtocPJudj1GCj',$,'Thong_tin_BIM',$,(#242,#243,#244,#249,#250,#251,#252,#253,#479,#522,#523,#524));
#526= IFCRELDEFINESBYPROPERTIES('1gggkn937VVxbZa3w9laqs',$,$,$,(#491),#525);
#527= IFCCARTESIANPOINTLIST3D(((-0.628374,1.852152,0.07877),(1.857929,-0.611194,0.007184),(-0.628392,1.852172,0.01877),(1.857911,-0.611174,-0.052816),(-1.857911,0.611174,0.052816),(-1.857929,0.611194,-0.007184),(0.628392,-1.852172,-0.01877),(0.628374,-1.852152,-0.07877)),$);
#528= IFCTRIANGULATEDFACESET(#527,$,$,((1,2,3),(3,2,4),(5,6,7),(7,6,8),(1,5,2),(2,5,7),(2,7,4),(4,7,8),(3,4,6),(6,4,8),(1,3,5),(5,3,6)),$);
#529= IFCSHAPEREPRESENTATION(#178,'Body','Tessellation',(#528));
#530= IFCPRODUCTDEFINITIONSHAPE($,$,(#529));
#531= IFCCARTESIANPOINT((505173.23614,1707753.787297,370.85298));
#532= IFCAXIS2PLACEMENT3D(#531,$,$);
#533= IFCLOCALPLACEMENT(#5,#532);
#534= IFCBUILTELEMENT('27wa7c6ozBgeu32QXd$RgH',$,'BTN 12.5',$,$,#533,#530,'60E74');
#535= IFCSTYLEDITEM(#528,(#189),'BTN 12.5');
#536= IFCPROPERTYSINGLEVALUE('Area',$,IFCREAL(12.8619856726843),$);
#537= IFCPROPERTYSINGLEVALUE('Bounds',$,IFCLABEL('((505171.3781884227,1707751.9350936227,370.7738240020738),(505175.09409151325,1707755.6395004762,370.93213696418053))'),$);
#538= IFCPROPERTYSET('0Totb_HU3uO51Vkx7MVwXc',$,'Properties',$,(#39,#40,#41,#42,#43,#44,#47,#48,#49,#50,#51,#52,#53,#54,#55,#56,#57,#59,#60,#193,#194,#195,#196,#197,#198,#199,#536,#537));
#539= IFCRELDEFINESBYPROPERTIES('2uATl4zoGpjeQJ5FkpJA0$',$,$,$,(#534),#538);
#540= IFCPROPERTYSET('1nnGZeXnRg00Y5WkVCQZvN',$,'Misc',$,(#85,#87,#88,#203));
#541= IFCRELDEFINESBYPROPERTIES('2TbyVLX8_v4WIgtSWa3h5J',$,$,$,(#534),#540);
#542= IFCPROPERTYSET('2NXsZgv8FaMCexVYLRZtvS',$,'3D Visualization',$,(#91,#92,#93));
#543= IFCRELDEFINESBYPROPERTIES('0kHStgzsyh5vmvqcaKAsCL',$,$,$,(#534),#542);
#544= IFCPROPERTYSET('0gp1cVj4Wrrvv1J0VtJK84',$,'General',$,(#72,#74,#75,#76,#77,#208));
#545= IFCRELDEFINESBYPROPERTIES('3LmnRbyndjEvX_FgOM5pWC',$,$,$,(#534),#544);
#546= IFCPROPERTYSET('3HX1MDShIv_cyJn5mUeph2',$,'Geometry',$,(#82));
#547= IFCRELDEFINESBYPROPERTIES('0ae5oYaMiSZ2No04gd_P5p',$,$,$,(#534),#546);
#548= IFCPROPERTYSINGLEVALUE('HorizontalBaselineHandle',$,IFCLABEL('5C6F9'),$);
#549= IFCPROPERTYSINGLEVALUE('VerticalBaselineHandle',$,IFCLABEL('5CEED'),$);
#550= IFCPROPERTYSINGLEVALUE('AssemblyHandle',$,IFCLABEL('5D129'),$);
#551= IFCPROPERTYSINGLEVALUE('SubassemblyHandle',$,IFCLABEL('5D12A'),$);
#552= IFCPROPERTYSINGLEVALUE('BaselineGuid',$,IFCLABEL('{F2CC7D13-69DE-475A-8F23-499FB8353964}'),$);
#553= IFCPROPERTYSINGLEVALUE('RegionGuid',$,IFCLABEL('{670B7CB5-9386-46F6-97E3-687389CE1A42}'),$);
#554= IFCPROPERTYSINGLEVALUE('StartStation',$,IFCLABEL('0+014.16m'),$);
#555= IFCPROPERTYSINGLEVALUE('EndStation',$,IFCLABEL('0+015.90m'),$);
#556= IFCPROPERTYSET('0TgvYhEpZ3lGym2x5r1IxV',$,'Corridor Identity',$,(#218,#221,#224,#453,#548,#549,#550,#551,#552,#553,#554,#555));
#557= IFCRELDEFINESBYPROPERTIES('2cUzthpc0mflDxP$bkPaXN',$,$,$,(#534),#556);
#558= IFCPROPERTYSINGLEVALUE('BaselineName',$,IFCLABEL('BL - T5 - (82)'),$);
#559= IFCPROPERTYSINGLEVALUE('HorizontalBaseline',$,IFCLABEL('Tuyen_T5'),$);
#560= IFCPROPERTYSINGLEVALUE('VerticalBaseline',$,IFCLABEL('DD_T5'),$);
#561= IFCPROPERTYSINGLEVALUE('RegionName',$,IFCLABEL('RG - L3.5m - (92)'),$);
#562= IFCPROPERTYSET('2oyZCsWlk4uDinc2SFfF4O',$,'Corridor Model Information',$,(#465,#558,#559,#560,#561));
#563= IFCRELDEFINESBYPROPERTIES('0H7taRSDnzBg9BW$J2vnNv',$,$,$,(#534),#562);
#564= IFCPROPERTYSINGLEVALUE('AssemblyName',$,IFCLABEL('L3.5m'),$);
#565= IFCPROPERTYSINGLEVALUE('AssemblyStartStation',$,IFCLABEL('0+014.16m'),$);
#566= IFCPROPERTYSINGLEVALUE('AssemblyEndStation',$,IFCLABEL('0+015.90m'),$);
#567= IFCPROPERTYSINGLEVALUE('Volume',$,IFCVOLUMEMEASURE(0.366856816030553),$);
#568= IFCPROPERTYSET('1QWz0NqYubTKzXIyAM4Y3Y',$,'Corridor Shape Information',$,(#234,#235,#564,#565,#566,#567));
#569= IFCRELDEFINESBYPROPERTIES('2EYDaiViicwINk3wpQts80',$,$,$,(#534),#568);
#570= IFCPROPERTYSINGLEVALUE('Kh\X2\1ED1\X0\i l\X2\01B0\X0\\X2\1EE3\X0\ng (m3)',$,IFCREAL(0.366856816047796),$);
#571= IFCPROPERTYSINGLEVALUE('L\X2\00FD\X0\ tr\X2\00EC\X0\nh \X2\0111\X0\\X2\1EA7\X0\u',$,IFCLABEL('0+014.16m'),$);
#572= IFCPROPERTYSINGLEVALUE('L\X2\00FD\X0\ tr\X2\00EC\X0\nh cu\X2\1ED1\X0\i',$,IFCLABEL('0+015.90m'),$);
#573= IFCPROPERTYSINGLEVALUE('\X2\0110\X0\\X2\1ED9\X0\ d\X2\00E0\X0\i (m)',$,IFCLABEL('1.74'),$);
#574= IFCPROPERTYSET('3J7_rqFFfm6A9VVB9Ded7z',$,'Thong_tin_BIM',$,(#242,#243,#244,#249,#250,#251,#252,#253,#570,#571,#572,#573));
#575= IFCRELDEFINESBYPROPERTIES('1nIMDOiCey_i_$olDDmIYF',$,$,$,(#534),#574);
#576= IFCCARTESIANPOINTLIST3D(((2.27598,4.783532,0.140077),(4.762283,2.320186,0.06849),(2.275961,4.783552,0.080077),(4.762264,2.320206,0.00849),(-4.762264,-2.320206,-0.00849),(-4.762283,-2.320186,-0.06849),(-2.275961,-4.783552,-0.080077),(-2.27598,-4.783532,-0.140077),(2.209007,4.715936,0.138663),(4.69531,2.25259,0.067077),(4.695291,2.25261,0.007077),(2.208988,4.715956,0.078663),(1.303696,3.802201,0.119553),(3.789999,1.338855,0.047967),(3.78998,1.338875,-0.012033),(1.303677,3.80222,0.059553),(0.801358,3.295188,0.10895),(3.287661,0.831843,0.037363),(3.287642,0.831862,-0.022637),(0.801339,3.295208,0.04895),(-0.606291,1.874441,0.079236),(1.880012,-0.588905,0.00765),(1.879994,-0.588885,-0.05235),(-0.606309,1.87446,0.019236),(-2.013939,0.453693,0.049523),(0.472364,-2.009653,-0.022064),(0.472345,-2.009633,-0.082064),(-2.013958,0.453713,-0.010477),(-3.421588,-0.967054,0.019809),(-0.935285,-3.4304,-0.051777),(-0.935304,-3.430381,-0.111777),(-3.421607,-0.967035,-0.040191),(-3.532727,-1.079227,0.017463),(-1.046424,-3.542573,-0.054123),(-1.046443,-3.542554,-0.114123),(-3.532746,-1.079208,-0.042537),(-3.534838,-1.081359,0.017419),(-1.048535,-3.544704,-0.054168),(-1.048554,-3.544685,-0.114168),(-3.534857,-1.081339,-0.042581)),$);
#577= IFCTRIANGULATEDFACESET(#576,$,$,((1,2,3),(3,2,4),(5,6,7),(7,6,8),(1,9,2),(2,9,10),(2,10,4),(4,10,11),(3,4,12),(12,4,11),(1,3,9),(9,3,12),(9,13,10),(10,13,14),(10,14,11),(11,14,15),(12,11,16),(16,11,15),(9,12,13),(13,12,16),(13,17,14),(14,17,18),(14,18,15),(15,18,19),(16,15,20),(20,15,19),(13,16,17),(17,16,20),(17,21,18),(18,21,22),(18,22,19),(19,22,23),(20,19,24),(24,19,23),(17,20,21),(21,20,24),(21,25,22),(22,25,26),(22,26,23),(23,26,27),(24,23,28),(28,23,27),(21,24,25),(25,24,28),(25,29,26),(26,29,30),(26,30,27),(27,30,31),(28,27,32),(32,27,31),(25,28,29),(29,28,32),(29,33,30),(30,33,34),(30,34,31),(31,34,35),(32,31,36),(36,31,35),(29,32,33),(33,32,36),(33,37,34),(34,37,38),(34,38,35),(35,38,39),(36,35,40),(40,35,39),(33,36,37),(37,36,40),(37,5,38),(38,5,7),(38,7,39),(39,7,8),(40,39,6),(6,39,8),(37,40,5),(5,40,6)),$);
#578= IFCSHAPEREPRESENTATION(#178,'Body','Tessellation',(#577));
#579= IFCPRODUCTDEFINITIONSHAPE($,$,(#578));
#580= IFCCARTESIANPOINT((505169.10225,1707749.614939,370.76572));
#581= IFCAXIS2PLACEMENT3D(#580,$,$);
#582= IFCLOCALPLACEMENT(#5,#581);
#583= IFCBUILTELEMENT('2v1oIAQQzAffGmldiTcraW',$,'BTN 12.5',$,$,#582,#579,'60E82');
#584= IFCSTYLEDITEM(#577,(#189),'BTN 12.5');
#585= IFCPROPERTYSINGLEVALUE('Area',$,IFCREAL(71.6417104106633),$);
#586= IFCPROPERTYSINGLEVALUE('Bounds',$,IFCLABEL('((505164.339944618,1707744.8313157351,370.62343141014577),(505173.8645545073,1707754.3985621291,370.9080082489266))'),$);
#587= IFCPROPERTYSET('0T2wIdhQFT0deBGcGkTAZe',$,'Properties',$,(#39,#40,#41,#42,#43,#44,#45,#46,#47,#48,#49,#50,#51,#52,#53,#54,#55,#56,#57,#59,#60,#193,#197,#299,#300,#301,#585,#586));
#588= IFCRELDEFINESBYPROPERTIES('05L41qmO7m0gmQmQ$3Vyk7',$,$,$,(#583),#587);
#589= IFCPROPERTYSET('0VYxK693t0YY0GM550wWcL',$,'Misc',$,(#85,#87,#88,#203));
#590= IFCRELDEFINESBYPROPERTIES('1eqOqScuAhj7ImzOLx8x6_',$,$,$,(#583),#589);
#591= IFCPROPERTYSET('0xaxPcXK06$6OB37IJvlRq',$,'3D Visualization',$,(#91,#92,#93));
#592= IFCRELDEFINESBYPROPERTIES('2ezGCoJwwBC06Dp2OrutgU',$,$,$,(#583),#591);
#593= IFCPROPERTYSET('2fAF8ZHBWesS7LwCSBmJyu',$,'General',$,(#72,#74,#75,#76,#77,#208));
#594= IFCRELDEFINESBYPROPERTIES('0GUFsViY$v59vqRbU1h_Wg',$,$,$,(#583),#593);
#595= IFCPROPERTYSET('3WKV3IW4tieK3a2LMemVBU',$,'Geometry',$,(#82));
#596= IFCRELDEFINESBYPROPERTIES('2yn4MH8n4mKJzZmr3a4ykU',$,$,$,(#583),#595);
#597= IFCPROPERTYSINGLEVALUE('AssemblyHandle',$,IFCLABEL('5D019'),$);
#598= IFCPROPERTYSINGLEVALUE('SubassemblyHandle',$,IFCLABEL('5D01A'),$);
#599= IFCPROPERTYSINGLEVALUE('RegionGuid',$,IFCLABEL('{1A6C4978-E1F0-423B-B2CC-A7FCA52F4914}'),$);
#600= IFCPROPERTYSINGLEVALUE('StartStation',$,IFCLABEL('0+015.90m'),$);
#601= IFCPROPERTYSINGLEVALUE('EndStation',$,IFCLABEL('0+025.90m'),$);
#602= IFCPROPERTYSET('1rNha8J1WKewdkwQSYllCU',$,'Corridor Identity',$,(#218,#221,#224,#453,#548,#549,#552,#597,#598,#599,#600,#601));
#603= IFCRELDEFINESBYPROPERTIES('2trKCBC37ko4M4WjMQ3snd',$,$,$,(#583),#602);
#604= IFCPROPERTYSINGLEVALUE('RegionName',$,IFCLABEL('RG - 3m5 - (93)'),$);
#605= IFCPROPERTYSET('1DGiEAj8qUXjeeKhugM3gs',$,'Corridor Model Information',$,(#465,#558,#559,#560,#604));
#606= IFCRELDEFINESBYPROPERTIES('0PDIhUEYenlfw4M3cH5fB1',$,$,$,(#583),#605);
#607= IFCPROPERTYSINGLEVALUE('AssemblyName',$,IFCLABEL('3m5'),$);
#608= IFCPROPERTYSINGLEVALUE('AssemblyStartStation',$,IFCLABEL('0+015.90m'),$);
#609= IFCPROPERTYSINGLEVALUE('AssemblyEndStation',$,IFCLABEL('0+025.90m'),$);
#610= IFCPROPERTYSINGLEVALUE('Volume',$,IFCVOLUMEMEASURE(2.10000000007994),$);
#611= IFCPROPERTYSET('0PTaDsSdKzHtVh6v4iigF5',$,'Corridor Shape Information',$,(#234,#235,#607,#608,#609,#610));
#612= IFCRELDEFINESBYPROPERTIES('0BWPkJpMTmdISIEifQkNKo',$,$,$,(#583),#611);
#613= IFCPROPERTYSINGLEVALUE('Kh\X2\1ED1\X0\i l\X2\01B0\X0\\X2\1EE3\X0\ng (m3)',$,IFCREAL(2.10000000004878),$);
#614= IFCPROPERTYSINGLEVALUE('L\X2\00FD\X0\ tr\X2\00EC\X0\nh \X2\0111\X0\\X2\1EA7\X0\u',$,IFCLABEL('0+015.90m'),$);
#615= IFCPROPERTYSINGLEVALUE('L\X2\00FD\X0\ tr\X2\00EC\X0\nh cu\X2\1ED1\X0\i',$,IFCLABEL('0+025.90m'),$);
#616= IFCPROPERTYSINGLEVALUE('\X2\0110\X0\\X2\1ED9\X0\ d\X2\00E0\X0\i (m)',$,IFCLABEL('10.0'),$);
#617= IFCPROPERTYSET('1m32P3ep6dlNVIM1b9wP9r',$,'Thong_tin_BIM',$,(#242,#243,#244,#249,#250,#251,#252,#253,#613,#614,#615,#616));
#618= IFCRELDEFINESBYPROPERTIES('3$JqdF02i3q1YPUF2ZKR84',$,$,$,(#583),#617);
#619= IFCCARTESIANPOINTLIST3D(((4.762305,2.320163,0.13849),(4.762286,2.320183,0.07849),(2.275958,4.783555,0.070077),(2.275939,4.783575,0.010077),(-2.275939,-4.783575,-0.010077),(-4.762286,-2.320183,-0.07849),(-2.275958,-4.783555,-0.070077),(-4.762305,-2.320163,-0.13849),(4.695332,2.252567,0.137077),(2.208985,4.715959,0.068663),(2.208966,4.715978,0.008663),(4.695313,2.252587,0.077077),(3.790021,1.338832,0.117967),(1.303674,3.802224,0.049553),(1.303655,3.802243,-0.010447),(3.790002,1.338852,0.057967),(3.287683,0.83182,0.107363),(0.801336,3.295211,0.03895),(0.801317,3.295231,-0.02105),(3.287664,0.831839,0.047363),(1.880034,-0.588928,0.07765),(-0.606313,1.874464,0.009236),(-0.606331,1.874483,-0.050764),(1.880016,-0.588908,0.01765),(0.472386,-2.009675,0.047936),(-2.013961,0.453716,-0.020477),(-2.01398,0.453736,-0.080477),(0.472367,-2.009656,-0.012064),(-0.935263,-3.430423,0.018223),(-3.42161,-0.967031,-0.050191),(-3.421629,-0.967012,-0.110191),(-0.935282,-3.430403,-0.041777),(-1.046402,-3.542596,0.015877),(-3.532749,-1.079205,-0.052537),(-3.532768,-1.079185,-0.112537),(-1.046421,-3.542577,-0.044123),(-1.048513,-3.544727,0.015832),(-3.53486,-1.081336,-0.052581),(-3.534879,-1.081316,-0.112581),(-1.048532,-3.544708,-0.044168)),$);
#620= IFCTRIANGULATEDFACESET(#619,$,$,((1,2,3),(3,2,4),(5,6,7),(7,6,8),(1,3,9),(9,3,10),(3,4,10),(10,4,11),(2,12,4),(4,12,11),(1,9,2),(2,9,12),(9,10,13),(13,10,14),(10,11,14),(14,11,15),(12,16,11),(11,16,15),(9,13,12),(12,13,16),(13,14,17),(17,14,18),(14,15,18),(18,15,19),(16,20,15),(15,20,19),(13,17,16),(16,17,20),(17,18,21),(21,18,22),(18,19,22),(22,19,23),(20,24,19),(19,24,23),(17,21,20),(20,21,24),(21,22,25),(25,22,26),(22,23,26),(26,23,27),(24,28,23),(23,28,27),(21,25,24),(24,25,28),(25,26,29),(29,26,30),(26,27,30),(30,27,31),(28,32,27),(27,32,31),(25,29,28),(28,29,32),(29,30,33),(33,30,34),(30,31,34),(34,31,35),(32,36,31),(31,36,35),(29,33,32),(32,33,36),(33,34,37),(37,34,38),(34,35,38),(38,35,39),(36,40,35),(35,40,39),(33,37,36),(36,37,40),(37,38,5),(5,38,6),(38,39,6),(6,39,8),(40,7,39),(39,7,8),(37,5,40),(40,5,7)),$);
#621= IFCSHAPEREPRESENTATION(#178,'Body','Tessellation',(#620));
#622= IFCPRODUCTDEFINITIONSHAPE($,$,(#621));
#623= IFCCARTESIANPOINT((505166.615925,1707752.078308,370.767306));
#624= IFCAXIS2PLACEMENT3D(#623,$,$);
#625= IFCLOCALPLACEMENT(#5,#624);
#626= IFCBUILTELEMENT('2Is9t_RYf1uhluYPeBn$rB',$,'BTN 12.5',$,$,#625,#622,'60E8B');
#627= IFCSTYLEDITEM(#620,(#189),'BTN 12.5');
#628= IFCPROPERTYSINGLEVALUE('Area',$,IFCREAL(71.641710410861),$);
#629= IFCPROPERTYSINGLEVALUE('Bounds',$,IFCLABEL('((505161.8536196327,1707747.2946844758,370.6250179361194),(505171.37822952203,1707756.8619308695,370.9095947749003))'),$);
#630= IFCPROPERTYSET('0H1LunvZkmwR_GqNqEeaNw',$,'Properties',$,(#39,#40,#41,#42,#43,#44,#45,#46,#47,#48,#49,#50,#51,#52,#53,#54,#55,#56,#57,#59,#60,#193,#197,#299,#300,#301,#628,#629));
#631= IFCRELDEFINESBYPROPERTIES('0aV2TUorphxIU05dGG5Gwd',$,$,$,(#626),#630);
#632= IFCPROPERTYSET('3GpA7m_hli4x_DvRTE3YTb',$,'Misc',$,(#85,#87,#88,#203));
#633= IFCRELDEFINESBYPROPERTIES('3nSVtpg5QlaUJ5TLMMtyLf',$,$,$,(#626),#632);
#634= IFCPROPERTYSET('1ZXk7U3tLWOEt8iXhf5ukl',$,'3D Visualization',$,(#91,#92,#93));
#635= IFCRELDEFINESBYPROPERTIES('2767rAufUzfGKrq0uN6waf',$,$,$,(#626),#634);
#636= IFCPROPERTYSET('2K$XsyumbC3DrxBgfuz0k2',$,'General',$,(#72,#74,#75,#76,#77,#208));
#637= IFCRELDEFINESBYPROPERTIES('0xMdCJ7sk_IxpvhdiQ4cjn',$,$,$,(#626),#636);
#638= IFCPROPERTYSET('29Cf4_D_XHDSxus$37qo_2',$,'Geometry',$,(#82));
#639= IFCRELDEFINESBYPROPERTIES('3g3B_pf6r9fizyvUzrsQ51',$,$,$,(#626),#638);
#640= IFCPROPERTYSINGLEVALUE('SubassemblyHandle',$,IFCLABEL('5D022'),$);
#641= IFCPROPERTYSET('2D$9itbHtnfcOMMTjApFw0',$,'Corridor Identity',$,(#218,#221,#224,#453,#548,#549,#552,#597,#599,#600,#601,#640));
#642= IFCRELDEFINESBYPROPERTIES('0Ess38llbgCsBGNGSjQh5U',$,$,$,(#626),#641);
#643= IFCPROPERTYSET('06ysyQh4lg0LIxWkafTeRc',$,'Corridor Model Information',$,(#465,#558,#559,#560,#604));
#644= IFCRELDEFINESBYPROPERTIES('3XlGj700bxcx7afvy1Z9Rv',$,$,$,(#626),#643);
#645= IFCPROPERTYSINGLEVALUE('Volume',$,IFCVOLUMEMEASURE(2.1000000000908),$);
#646= IFCPROPERTYSET('1r03OpU$Vnbau4SgqApzYA',$,'Corridor Shape Information',$,(#234,#282,#607,#608,#609,#645));
#647= IFCRELDEFINESBYPROPERTIES('1em8HgAHg45yPoeRKpWSVJ',$,$,$,(#626),#646);
#648= IFCPROPERTYSINGLEVALUE('Kh\X2\1ED1\X0\i l\X2\01B0\X0\\X2\1EE3\X0\ng (m3)',$,IFCREAL(2.10000000008423),$);
#649= IFCPROPERTYSET('0gqGTQB8K7k8n$HiF_c1cY',$,'Thong_tin_BIM',$,(#242,#243,#244,#249,#250,#251,#252,#253,#614,#615,#616,#648));
#650= IFCRELDEFINESBYPROPERTIES('1jfbFn32hteE3WC$qAPxhI',$,$,$,(#626),#649);
#651= IFCCARTESIANPOINTLIST3D(((-5.412854,1.396518,0.17431),(-2.130463,5.168247,0.074512),(-5.412873,1.396537,0.11431),(-2.130482,5.168267,0.014512),(2.130482,-5.168267,-0.014512),(2.130463,-5.168247,-0.074512),(5.412873,-1.396537,-0.11431),(5.412854,-1.396518,-0.17431),(-4.926308,0.973088,0.162131),(-1.643917,4.744818,0.062333),(-1.643936,4.744838,0.002333),(-4.926327,0.973108,0.102131),(-3.590826,-0.18915,0.128702),(-0.308434,3.58258,0.028904),(-0.308453,3.582599,-0.031096),(-3.590844,-0.189131,0.068702),(-3.417641,-0.339869,0.124367),(-0.13525,3.431861,0.024568),(-0.135269,3.431881,-0.035432),(-3.41766,-0.339849,0.064367),(-1.908974,-1.652826,0.086602),(1.373417,2.118904,-0.013196),(1.373399,2.118924,-0.073196),(-1.908993,-1.652806,0.026602),(-0.855639,-2.569518,0.060236),(2.426753,1.202212,-0.039563),(2.426734,1.202232,-0.099563),(-0.855658,-2.569498,0.000236),(-0.400307,-2.965782,0.048838),(2.882085,0.805947,-0.05096),(2.882066,0.805967,-0.11096),(-0.400326,-2.965763,-0.011162),(1.10836,-4.278739,0.011073),(4.390752,-0.507009,-0.088725),(4.390733,-0.50699,-0.148725),(1.108342,-4.27872,-0.048927)),$);
#652= IFCTRIANGULATEDFACESET(#651,$,$,((1,2,3),(3,2,4),(5,6,7),(7,6,8),(1,9,2),(2,9,10),(2,10,4),(4,10,11),(3,4,12),(12,4,11),(1,3,9),(9,3,12),(9,13,10),(10,13,14),(10,14,11),(11,14,15),(12,11,16),(16,11,15),(9,12,13),(13,12,16),(13,17,14),(14,17,18),(14,18,15),(15,18,19),(16,15,20),(20,15,19),(13,16,17),(17,16,20),(17,21,18),(18,21,22),(18,22,19),(19,22,23),(20,19,24),(24,19,23),(17,20,21),(21,20,24),(21,25,22),(22,25,26),(22,26,23),(23,26,27),(24,23,28),(28,23,27),(21,24,25),(25,24,28),(25,29,26),(26,29,30),(26,30,27),(27,30,31),(28,27,32),(32,27,31),(25,28,29),(29,28,32),(29,33,30),(30,33,34),(30,34,31),(31,34,35),(32,31,36),(36,31,35),(29,32,33),(33,32,36),(33,5,34),(34,5,7),(34,7,35),(35,7,8),(36,35,6),(6,35,8),(33,36,5),(5,36,6)),$);
#653= IFCSHAPEREPRESENTATION(#178,'Body','Tessellation',(#652));
#654= IFCPRODUCTDEFINITIONSHAPE($,$,(#653));
#655= IFCCARTESIANPOINT((505169.505064,1707780.38323,371.430372));
#656= IFCAXIS2PLACEMENT3D(#655,$,$);
#657= IFCLOCALPLACEMENT(#5,#656);
#658= IFCBUILTELEMENT('1FFpJy24j47h1zlUClE9YO',$,'BTN 12.5',$,$,#657,#654,'60E94');
#659= IFCSTYLEDITEM(#652,(#189),'BTN 12.5');
#660= IFCPROPERTYSINGLEVALUE('Area',$,IFCREAL(101.836977508763),$);
#661= IFCPROPERTYSINGLEVALUE('Bounds',$,IFCLABEL('((505164.09210091684,1707775.214902713,371.25482826167655),(505174.91802649846,1707785.5515581917,371.6059148721054))'),$);
#662= IFCPROPERTYSET('0d2z_jh1lqf0p5Bc$_20MJ',$,'Properties',$,(#39,#40,#41,#42,#43,#44,#45,#46,#47,#48,#49,#50,#51,#52,#53,#54,#55,#56,#57,#59,#60,#193,#197,#299,#300,#301,#660,#661));
#663= IFCRELDEFINESBYPROPERTIES('166DgoySKldFjgDF1MF5bE',$,$,$,(#658),#662);
#664= IFCPROPERTYSET('1bXkEkOC6V2AwLvK67obSN',$,'Misc',$,(#85,#87,#88,#203));
#665= IFCRELDEFINESBYPROPERTIES('3$8Rtd$06yM6563yojIE1N',$,$,$,(#658),#664);
#666= IFCPROPERTYSET('3OhKGv1hSzOGcFGqkTwzuT',$,'3D Visualization',$,(#91,#92,#93));
#667= IFCRELDEFINESBYPROPERTIES('0AQmzDBGZ$dRVX8Umli3PS',$,$,$,(#658),#666);
#668= IFCPROPERTYSET('19kBxbPiSeu2saADBVHn97',$,'General',$,(#72,#74,#75,#76,#77,#208));
#669= IFCRELDEFINESBYPROPERTIES('1JTAbPeVwqfiyKDTf0AVN9',$,$,$,(#658),#668);
#670= IFCPROPERTYSET('2OIcwDxF_hxQnSFcOcKjp0',$,'Geometry',$,(#82));
#671= IFCRELDEFINESBYPROPERTIES('2SfuPY10aTSZB2v9NILKZZ',$,$,$,(#658),#670);
#672= IFCPROPERTYSINGLEVALUE('BaselineGuid',$,IFCLABEL('{D2BDC5C0-975D-4579-906D-8DD85C11485D}'),$);
#673= IFCPROPERTYSINGLEVALUE('RegionGuid',$,IFCLABEL('{71E7E5D7-CB02-4336-840A-DBF1A2CD8BC8}'),$);
#674= IFCPROPERTYSINGLEVALUE('StartStation',$,IFCLABEL('0+031.35m'),$);
#675= IFCPROPERTYSINGLEVALUE('EndStation',$,IFCLABEL('0+041.35m'),$);
#676= IFCPROPERTYSET('2j4n8ZIluLdhwwrjOTRN2G',$,'Corridor Identity',$,(#214,#215,#216,#217,#218,#221,#224,#453,#672,#673,#674,#675));
#677= IFCRELDEFINESBYPROPERTIES('36iDRwxKxD_$Esws4bQ09B',$,$,$,(#658),#676);
#678= IFCPROPERTYSINGLEVALUE('BaselineName',$,IFCLABEL('BL - T4 - (83)'),$);
#679= IFCPROPERTYSINGLEVALUE('RegionName',$,IFCLABEL('RG - 5m - (94)'),$);
#680= IFCPROPERTYSET('2DFdhI26PegIy4WfsYx9x_',$,'Corridor Model Information',$,(#229,#230,#465,#678,#679));
#681= IFCRELDEFINESBYPROPERTIES('166brz6QjYfxNOVg8pISn1',$,$,$,(#658),#680);
#682= IFCPROPERTYSINGLEVALUE('AssemblyStartStation',$,IFCLABEL('0+031.35m'),$);
#683= IFCPROPERTYSINGLEVALUE('AssemblyEndStation',$,IFCLABEL('0+041.35m'),$);
#684= IFCPROPERTYSINGLEVALUE('Volume',$,IFCVOLUMEMEASURE(3.00000000006266),$);
#685= IFCPROPERTYSET('0Ik60505Xa1WEO8Usa082g',$,'Corridor Shape Information',$,(#234,#235,#236,#682,#683,#684));
#686= IFCRELDEFINESBYPROPERTIES('3$72ZoFuFlbUFZsYC2NrtA',$,$,$,(#658),#685);
#687= IFCPROPERTYSINGLEVALUE('Kh\X2\1ED1\X0\i l\X2\01B0\X0\\X2\1EE3\X0\ng (m3)',$,IFCREAL(3.00000000005079),$);
#688= IFCPROPERTYSINGLEVALUE('L\X2\00FD\X0\ tr\X2\00EC\X0\nh \X2\0111\X0\\X2\1EA7\X0\u',$,IFCLABEL('0+031.35m'),$);
#689= IFCPROPERTYSINGLEVALUE('L\X2\00FD\X0\ tr\X2\00EC\X0\nh cu\X2\1ED1\X0\i',$,IFCLABEL('0+041.35m'),$);
#690= IFCPROPERTYSET('05FH0nh$HOst_n6p_k4p8U',$,'Thong_tin_BIM',$,(#242,#243,#244,#249,#250,#251,#252,#253,#616,#687,#688,#689));
#691= IFCRELDEFINESBYPROPERTIES('1xsIsMwM$CsMA81fVnWlxa',$,$,$,(#658),#690);
#692= IFCCARTESIANPOINTLIST3D(((-2.130431,5.168215,0.174512),(-2.13045,5.168234,0.114512),(-5.412886,1.39655,0.07431),(-5.412905,1.39657,0.01431),(5.412905,-1.39657,-0.01431),(2.13045,-5.168234,-0.114512),(5.412886,-1.39655,-0.07431),(2.130431,-5.168215,-0.174512),(-1.643886,4.744786,0.162333),(-4.92634,0.973121,0.062131),(-4.926359,0.973141,0.002131),(-1.643904,4.744805,0.102333),(-0.308403,3.582547,0.128904),(-3.590857,-0.189118,0.028702),(-3.590876,-0.189098,-0.031298),(-0.308422,3.582567,0.068904),(-0.135218,3.431829,0.124568),(-3.417673,-0.339836,0.024367),(-3.417691,-0.339816,-0.035633),(-0.135237,3.431848,0.064568),(1.373449,2.118872,0.086804),(-1.909005,-1.652793,-0.013398),(-1.909024,-1.652773,-0.073398),(1.37343,2.118891,0.026804),(2.426784,1.202179,0.060437),(-0.85567,-2.569485,-0.039764),(-0.855689,-2.569466,-0.099764),(2.426765,1.202199,0.000437),(2.882116,0.805915,0.04904),(-0.400338,-2.96575,-0.051162),(-0.400357,-2.96573,-0.111162),(2.882097,0.805934,-0.01096),(4.390783,-0.507042,0.011275),(1.108329,-4.278707,-0.088927),(1.10831,-4.278687,-0.148927),(4.390764,-0.507023,-0.048725)),$);
#693= IFCTRIANGULATEDFACESET(#692,$,$,((1,2,3),(3,2,4),(5,6,7),(7,6,8),(1,3,9),(9,3,10),(3,4,10),(10,4,11),(2,12,4),(4,12,11),(1,9,2),(2,9,12),(9,10,13),(13,10,14),(10,11,14),(14,11,15),(12,16,11),(11,16,15),(9,13,12),(12,13,16),(13,14,17),(17,14,18),(14,15,18),(18,15,19),(16,20,15),(15,20,19),(13,17,16),(16,17,20),(17,18,21),(21,18,22),(18,19,22),(22,19,23),(20,24,19),(19,24,23),(17,21,20),(20,21,24),(21,22,25),(25,22,26),(22,23,26),(26,23,27),(24,28,23),(23,28,27),(21,25,24),(24,25,28),(25,26,29),(29,26,30),(26,27,30),(30,27,31),(28,32,27),(27,32,31),(25,29,28),(28,29,32),(29,30,33),(33,30,34),(30,31,34),(34,31,35),(32,36,31),(31,36,35),(29,33,32),(32,33,36),(33,34,5),(5,34,6),(34,35,6),(6,35,8),(36,7,35),(35,7,8),(33,5,36),(36,5,7)),$);
#694= IFCSHAPEREPRESENTATION(#178,'Body','Tessellation',(#693));
#695= IFCPRODUCTDEFINITIONSHAPE($,$,(#694));
#696= IFCCARTESIANPOINT((505166.222641,1707776.611533,371.43017));
#697= IFCAXIS2PLACEMENT3D(#696,$,$);
#698= IFCLOCALPLACEMENT(#5,#697);
#699= IFCBUILTELEMENT('0xL22tsYTAUBCdHNIzTamJ',$,'BTN 12.5',$,$,#698,#695,'60E9D');
#700= IFCSTYLEDITEM(#693,(#189),'BTN 12.5');
#701= IFCPROPERTYSINGLEVALUE('Area',$,IFCREAL(101.836977509018),$);
#702= IFCPROPERTYSINGLEVALUE('Bounds',$,IFCLABEL('((505160.80967807584,1707771.4432054486,371.25462657135193),(505171.6356036574,1707781.7798609275,371.60571318177944))'),$);
#703= IFCPROPERTYSET('1h_E5gySjHDRx1f7TziMD$',$,'Properties',$,(#39,#40,#41,#42,#43,#44,#45,#46,#47,#48,#49,#50,#51,#52,#53,#54,#55,#56,#57,#59,#60,#193,#197,#299,#300,#301,#701,#702));
#704= IFCRELDEFINESBYPROPERTIES('1XTuftZVcOtFXF62UZzbYe',$,$,$,(#699),#703);
#705= IFCPROPERTYSET('07Pyp2MfGxKXaU7LV722sL',$,'Misc',$,(#85,#87,#88,#203));
#706= IFCRELDEFINESBYPROPERTIES('2jW7Qmt4UHXuROXQcKiQZp',$,$,$,(#699),#705);
#707= IFCPROPERTYSET('1a0SIjJfVDectZ_puPOo8X',$,'3D Visualization',$,(#91,#92,#93));
#708= IFCRELDEFINESBYPROPERTIES('0Hm0qc6UhBv$IZFqFj_Nag',$,$,$,(#699),#707);
#709= IFCPROPERTYSET('0sa2s3xOovfhyBq1WBxe4o',$,'General',$,(#72,#74,#75,#76,#77,#208));
#710= IFCRELDEFINESBYPROPERTIES('117tfFOe1tFDRtnCCsqmyW',$,$,$,(#699),#709);
#711= IFCPROPERTYSET('2gOux4PjyujLu4HBEK7c38',$,'Geometry',$,(#82));
#712= IFCRELDEFINESBYPROPERTIES('27tIK4Fo60ny47P5_0N1ZK',$,$,$,(#699),#711);
#713= IFCPROPERTYSET('1Xr1f3gFlcnR0nznebohbx',$,'Corridor Identity',$,(#214,#215,#216,#218,#221,#224,#277,#453,#672,#673,#674,#675));
#714= IFCRELDEFINESBYPROPERTIES('2hzqxFHCEqKQ6aQrxtCE4Q',$,$,$,(#699),#713);
#715= IFCPROPERTYSET('0V4lSBFUyUuHfSkonkTJfK',$,'Corridor Model Information',$,(#229,#230,#465,#678,#679));
#716= IFCRELDEFINESBYPROPERTIES('1Y$s$W3c7npbjDCbWedHbN',$,$,$,(#699),#715);
#717= IFCPROPERTYSINGLEVALUE('Volume',$,IFCVOLUMEMEASURE(3.00000000006857),$);
#718= IFCPROPERTYSET('0mrum8BeWb$npFheL1pIQm',$,'Corridor Shape Information',$,(#234,#236,#282,#682,#683,#717));
#719= IFCRELDEFINESBYPROPERTIES('1M8AXVY4nqK2tY_MNgsJO$',$,$,$,(#699),#718);
#720= IFCPROPERTYSINGLEVALUE('Kh\X2\1ED1\X0\i l\X2\01B0\X0\\X2\1EE3\X0\ng (m3)',$,IFCREAL(3.00000000001654),$);
#721= IFCPROPERTYSET('2C8exN_hPwTN$LgjkGr4rN',$,'Thong_tin_BIM',$,(#242,#243,#244,#249,#250,#251,#252,#253,#616,#688,#689,#720));
#722= IFCRELDEFINESBYPROPERTIES('14ThSCEb6MINVJID5iapVx',$,$,$,(#699),#721);
#723= IFCCARTESIANPOINTLIST3D(((-11.845983,6.995115,0.335342),(-8.563592,10.766845,0.235544),(-11.846002,6.995135,0.275342),(-8.56361,10.766865,0.175544),(8.56361,-10.766865,-0.175544),(8.563592,-10.766845,-0.235544),(11.846002,-6.995135,-0.275342),(11.845983,-6.995115,-0.335342),(-11.359437,6.571686,0.323163),(-8.077046,10.343416,0.223365),(-8.077065,10.343436,0.163365),(-11.359456,6.571706,0.263163),(-9.85077,5.258729,0.285399),(-6.568379,9.030459,0.1856),(-6.568397,9.030479,0.1256),(-9.850789,5.258749,0.225399),(-8.342103,3.945772,0.247634),(-5.059711,7.717502,0.147836),(-5.05973,7.717522,0.087836),(-8.342122,3.945792,0.187634),(-6.833436,2.632815,0.20987),(-3.551044,6.404545,0.110071),(-3.551063,6.404565,0.050071),(-6.833454,2.632835,0.14987),(-5.324768,1.319858,0.172105),(-2.042377,5.091588,0.072307),(-2.042396,5.091608,0.012307),(-5.324787,1.319878,0.112105),(-3.816101,0.006902,0.134341),(-0.53371,3.778632,0.034543),(-0.533729,3.778651,-0.025457),(-3.81612,0.006921,0.074341),(-2.307434,-1.306055,0.096576),(0.974957,2.465675,-0.003222),(0.974939,2.465694,-0.063222),(-2.307453,-1.306036,0.036576),(-0.798767,-2.619012,0.058812),(2.483625,1.152718,-0.040986),(2.483606,1.152737,-0.100986),(-0.798786,-2.618993,-0.001188),(0.7099,-3.931969,0.021048),(3.992292,-0.160239,-0.078751),(3.992273,-0.16022,-0.138751),(0.709882,-3.93195,-0.038952),(2.218568,-5.244926,-0.016717),(5.500959,-1.473196,-0.116515),(5.50094,-1.473177,-0.176515),(2.218549,-5.244907,-0.076717),(3.727235,-6.557883,-0.054481),(7.009626,-2.786153,-0.15428),(7.009607,-2.786134,-0.21428),(3.727216,-6.557863,-0.114481),(5.235902,-7.87084,-0.092246),(8.518293,-4.09911,-0.192044),(8.518275,-4.09909,-0.252044),(5.235883,-7.87082,-0.152246),(6.744569,-9.183797,-0.13001),(10.026961,-5.412067,-0.229809),(10.026942,-5.412047,-0.289809),(6.74455,-9.183777,-0.19001),(8.253236,-10.496754,-0.167775),(11.535628,-6.725024,-0.267573),(11.535609,-6.725004,-0.327573),(8.253218,-10.496734,-0.227775)),$);
#724= IFCTRIANGULATEDFACESET(#723,$,$,((1,2,3),(3,2,4),(5,6,7),(7,6,8),(1,9,2),(2,9,10),(2,10,4),(4,10,11),(3,4,12),(12,4,11),(1,3,9),(9,3,12),(9,13,10),(10,13,14),(10,14,11),(11,14,15),(12,11,16),(16,11,15),(9,12,13),(13,12,16),(13,17,14),(14,17,18),(14,18,15),(15,18,19),(16,15,20),(20,15,19),(13,16,17),(17,16,20),(17,21,18),(18,21,22),(18,22,19),(19,22,23),(20,19,24),(24,19,23),(17,20,21),(21,20,24),(21,25,22),(22,25,26),(22,26,23),(23,26,27),(24,23,28),(28,23,27),(21,24,25),(25,24,28),(25,29,26),(26,29,30),(26,30,27),(27,30,31),(28,27,32),(32,27,31),(25,28,29),(29,28,32),(29,33,30),(30,33,34),(30,34,31),(31,34,35),(32,31,36),(36,31,35),(29,32,33),(33,32,36),(33,37,34),(34,37,38),(34,38,35),(35,38,39),(36,35,40),(40,35,39),(33,36,37),(37,36,40),(37,41,38),(38,41,42),(38,42,39),(39,42,43),(40,39,44),(44,39,43),(37,40,41),(41,40,44),(41,45,42),(42,45,46),(42,46,43),(43,46,47),(44,43,48),(48,43,47),(41,44,45),(45,44,48),(45,49,46),(46,49,50),(46,50,47),(47,50,51),(48,47,52),(52,47,51),(45,48,49),(49,48,52),(49,53,50),(50,53,54),(50,54,51),(51,54,55),(52,51,56),(56,51,55),(49,52,53),(53,52,56),(53,57,54),(54,57,58),(54,58,55),(55,58,59),(56,55,60),(60,55,59),(53,56,57),(57,56,60),(57,61,58),(58,61,62),(58,62,59),(59,62,63),(60,59,64),(64,59,63),(57,60,61),(61,60,64),(61,5,62),(62,5,7),(62,7,63),(63,7,8),(64,63,6),(6,63,8),(61,64,5),(5,64,6)),$);
#725= IFCSHAPEREPRESENTATION(#178,'Body','Tessellation',(#724));
#726= IFCPRODUCTDEFINITIONSHAPE($,$,(#725));
#727= IFCCARTESIANPOINT((505183.481528,1707768.219848,371.080517));
#728= IFCAXIS2PLACEMENT3D(#727,$,$);
#729= IFCLOCALPLACEMENT(#5,#728);
#730= IFCBUILTELEMENT('3B4wJ6QbX4CPJxYcI8HB92',$,'BTN 12.5',$,$,#729,#726,'60EA6');
#731= IFCSTYLEDITEM(#724,(#189),'BTN 12.5');
#732= IFCPROPERTYSINGLEVALUE('Area',$,IFCREAL(274.511378706723),$);
#733= IFCPROPERTYSINGLEVALUE('Bounds',$,IFCLABEL('((505171.6353375445,1707757.452818902,370.74394217836215),(505195.327719336,1707778.986876995,371.4170926217478))'),$);
#734= IFCPROPERTYSET('3zXCgWPdJNvSGo4hO7ioMo',$,'Properties',$,(#39,#40,#41,#42,#43,#44,#47,#48,#49,#50,#51,#52,#53,#54,#55,#56,#57,#59,#60,#193,#194,#195,#196,#197,#198,#199,#732,#733));
#735= IFCRELDEFINESBYPROPERTIES('3dmaGXjx4sxjoR58tPXB1h',$,$,$,(#730),#734);
#736= IFCPROPERTYSET('1hVSTtdUoplJ70gNHNKz0a',$,'Misc',$,(#85,#87,#88,#203));
#737= IFCRELDEFINESBYPROPERTIES('3Cmec3Z5Wx7VXM1oRq3BVb',$,$,$,(#730),#736);
#738= IFCPROPERTYSET('1xXx1YON7NBN7Y5FqiJSU5',$,'3D Visualization',$,(#91,#92,#93));
#739= IFCRELDEFINESBYPROPERTIES('1gju_pgVdVnQHuemtpx8nz',$,$,$,(#730),#738);
#740= IFCPROPERTYSET('0BMNxsjwcItoP_wIl6YzSu',$,'General',$,(#72,#74,#75,#76,#77,#208));
#741= IFCRELDEFINESBYPROPERTIES('1hSjsAlO8wMlREOjieAzNY',$,$,$,(#730),#740);
#742= IFCPROPERTYSET('0O8INbX4qS$T8Jqtxjxe21',$,'Geometry',$,(#82));
#743= IFCRELDEFINESBYPROPERTIES('1vC6IhvxPdV89x4b9zwiHB',$,$,$,(#730),#742);
#744= IFCPROPERTYSINGLEVALUE('AssemblyHandle',$,IFCLABEL('5D02F'),$);
#745= IFCPROPERTYSINGLEVALUE('SubassemblyHandle',$,IFCLABEL('5D03C'),$);
#746= IFCPROPERTYSINGLEVALUE('RegionGuid',$,IFCLABEL('{448380F2-0438-4F73-87DE-0AAA1D0DBF28}'),$);
#747= IFCPROPERTYSINGLEVALUE('StartStation',$,IFCLABEL('0+041.35m'),$);
#748= IFCPROPERTYSINGLEVALUE('EndStation',$,IFCLABEL('0+068.41m'),$);
#749= IFCPROPERTYSET('2dinShcFf74qVshRSLJ4tK',$,'Corridor Identity',$,(#214,#215,#218,#221,#224,#453,#672,#744,#745,#746,#747,#748));
#750= IFCRELDEFINESBYPROPERTIES('3n92J5XOtCkV4XOYq5fUBa',$,$,$,(#730),#749);
#751= IFCPROPERTYSINGLEVALUE('RegionName',$,IFCLABEL('RG - L5m - (95)'),$);
#752= IFCPROPERTYSET('3b$eF01skBZHAFMDFjlbZZ',$,'Corridor Model Information',$,(#229,#230,#465,#678,#751));
#753= IFCRELDEFINESBYPROPERTIES('1rBI_9esqrdiHQy1Wv2cW9',$,$,$,(#730),#752);
#754= IFCPROPERTYSINGLEVALUE('AssemblyName',$,IFCLABEL('L5m'),$);
#755= IFCPROPERTYSINGLEVALUE('AssemblyStartStation',$,IFCLABEL('0+041.35m'),$);
#756= IFCPROPERTYSINGLEVALUE('AssemblyEndStation',$,IFCLABEL('0+068.41m'),$);
#757= IFCPROPERTYSINGLEVALUE('Volume',$,IFCVOLUMEMEASURE(8.11693668025457),$);
#758= IFCPROPERTYSET('08ZPUdI36e5hZuPewU32Lw',$,'Corridor Shape Information',$,(#234,#235,#754,#755,#756,#757));
#759= IFCRELDEFINESBYPROPERTIES('0YpJGlAMJwMWPVM9DH7P_K',$,$,$,(#730),#758);
#760= IFCPROPERTYSINGLEVALUE('Kh\X2\1ED1\X0\i l\X2\01B0\X0\\X2\1EE3\X0\ng (m3)',$,IFCREAL(8.11693668034792),$);
#761= IFCPROPERTYSINGLEVALUE('L\X2\00FD\X0\ tr\X2\00EC\X0\nh \X2\0111\X0\\X2\1EA7\X0\u',$,IFCLABEL('0+041.35m'),$);
#762= IFCPROPERTYSINGLEVALUE('L\X2\00FD\X0\ tr\X2\00EC\X0\nh cu\X2\1ED1\X0\i',$,IFCLABEL('0+068.41m'),$);
#763= IFCPROPERTYSINGLEVALUE('\X2\0110\X0\\X2\1ED9\X0\ d\X2\00E0\X0\i (m)',$,IFCLABEL('27.06'),$);
#764= IFCPROPERTYSET('26zxViQ2bhvQ1Zmh4vUiB4',$,'Thong_tin_BIM',$,(#242,#243,#244,#249,#250,#251,#252,#253,#760,#761,#762,#763));
#765= IFCRELDEFINESBYPROPERTIES('1r__fsLGo5kp0Xc$HCmnfO',$,$,$,(#730),#764);
#766= IFCCARTESIANPOINTLIST3D(((-5.412854,1.396518,0.17431),(-2.130463,5.168247,0.074512),(-5.412873,1.396537,0.11431),(-2.130482,5.168267,0.014512),(2.130482,-5.168267,-0.014512),(2.130463,-5.168247,-0.074512),(5.412873,-1.396537,-0.11431),(5.412854,-1.396518,-0.17431),(-4.214561,0.353672,0.144315),(-0.93217,4.125402,0.044517),(-0.932189,4.125421,-0.015483),(-4.21458,0.353691,0.084315),(-2.705894,-0.959285,0.106551),(0.576497,2.812445,0.006752),(0.576479,2.812464,-0.053248),(-2.705913,-0.959266,0.046551),(-1.197227,-2.272242,0.068786),(2.085165,1.499488,-0.031012),(2.085146,1.499507,-0.091012),(-1.197246,-2.272223,0.008786),(0.31144,-3.585199,0.031022),(3.593832,0.186531,-0.068777),(3.593813,0.186551,-0.128777),(0.311422,-3.585179,-0.028978),(1.820108,-4.898156,-0.006743),(5.102499,-1.126426,-0.106541),(5.10248,-1.126406,-0.166541),(1.820089,-4.898136,-0.066743)),$);
#767= IFCTRIANGULATEDFACESET(#766,$,$,((1,2,3),(3,2,4),(5,6,7),(7,6,8),(1,9,2),(2,9,10),(2,10,4),(4,10,11),(3,4,12),(12,4,11),(1,3,9),(9,3,12),(9,13,10),(10,13,14),(10,14,11),(11,14,15),(12,11,16),(16,11,15),(9,12,13),(13,12,16),(13,17,14),(14,17,18),(14,18,15),(15,18,19),(16,15,20),(20,15,19),(13,16,17),(17,16,20),(17,21,18),(18,21,22),(18,22,19),(19,22,23),(20,19,24),(24,19,23),(17,20,21),(21,20,24),(21,25,22),(22,25,26),(22,26,23),(23,26,27),(24,23,28),(28,23,27),(21,24,25),(25,24,28),(25,5,26),(26,5,7),(26,7,27),(27,7,8),(28,27,6),(6,27,8),(25,28,5),(5,28,6)),$);
#768= IFCSHAPEREPRESENTATION(#178,'Body','Tessellation',(#767));
#769= IFCPRODUCTDEFINITIONSHAPE($,$,(#768));
#770= IFCCARTESIANPOINT((505197.457993,1707756.056465,370.730663));
#771= IFCAXIS2PLACEMENT3D(#770,$,$);
#772= IFCLOCALPLACEMENT(#5,#771);
#773= IFCBUILTELEMENT('3OMmlT6YP9IRqds3hwfOV4',$,'BTN 12.5',$,$,#772,#769,'60EB4');
#774= IFCSTYLEDITEM(#767,(#189),'BTN 12.5');
#775= IFCPROPERTYSINGLEVALUE('Bounds',$,IFCLABEL('((505192.0450303821,1707750.8881377054,370.55511992800433),(505202.8709559637,1707761.2247931845,370.90620653843285))'),$);
#776= IFCPROPERTYSET('0Z4T$9iOpzA16M$uxzu1jp',$,'Properties',$,(#39,#40,#41,#42,#43,#44,#47,#48,#49,#50,#51,#52,#53,#54,#55,#56,#57,#59,#60,#193,#194,#195,#196,#197,#198,#199,#660,#775));
#777= IFCRELDEFINESBYPROPERTIES('1$RC3QI2P308ahcp$NNsdG',$,$,$,(#773),#776);
#778= IFCPROPERTYSET('0bIP7N4_ivskLit$WDv65y',$,'Misc',$,(#85,#87,#88,#203));
#779= IFCRELDEFINESBYPROPERTIES('2gGggwYGo0_$Z6Ym$12t7I',$,$,$,(#773),#778);
#780= IFCPROPERTYSET('03CxHeYmQbOAViOZLpZ0iu',$,'3D Visualization',$,(#91,#92,#93));
#781= IFCRELDEFINESBYPROPERTIES('3BmR9vX6xsQJCuDRAw2gPq',$,$,$,(#773),#780);
#782= IFCPROPERTYSET('2qzelPS6yXcbSaE1EU9oah',$,'General',$,(#72,#74,#75,#76,#77,#208));
#783= IFCRELDEFINESBYPROPERTIES('3DGQd$GGfd36OkXCFsKtHE',$,$,$,(#773),#782);
#784= IFCPROPERTYSET('3hqvMcLoxL8Nx3wwZ7FKKl',$,'Geometry',$,(#82));
#785= IFCRELDEFINESBYPROPERTIES('0OSiVyjTc4Rv60hP_DvlkW',$,$,$,(#773),#784);
#786= IFCPROPERTYSINGLEVALUE('RegionGuid',$,IFCLABEL('{E9D41F97-2CCC-457B-9BBB-03F4493F5114}'),$);
#787= IFCPROPERTYSINGLEVALUE('StartStation',$,IFCLABEL('0+068.41m'),$);
#788= IFCPROPERTYSINGLEVALUE('EndStation',$,IFCLABEL('0+078.41m'),$);
#789= IFCPROPERTYSET('2uInS0o0Pdi8plIwEk3XUb',$,'Corridor Identity',$,(#214,#215,#216,#217,#218,#221,#224,#453,#672,#786,#787,#788));
#790= IFCRELDEFINESBYPROPERTIES('3BaueXVHnkU7$oo4J6LBxM',$,$,$,(#773),#789);
#791= IFCPROPERTYSINGLEVALUE('RegionName',$,IFCLABEL('RG - 5m - (96)'),$);
#792= IFCPROPERTYSET('1QD_MC7PAzo7ohKHbAbMfz',$,'Corridor Model Information',$,(#229,#230,#465,#678,#791));
#793= IFCRELDEFINESBYPROPERTIES('2Ad8Lan19hc1RrC_GU9GPq',$,$,$,(#773),#792);
#794= IFCPROPERTYSINGLEVALUE('AssemblyStartStation',$,IFCLABEL('0+068.41m'),$);
#795= IFCPROPERTYSINGLEVALUE('AssemblyEndStation',$,IFCLABEL('0+078.41m'),$);
#796= IFCPROPERTYSINGLEVALUE('Volume',$,IFCVOLUMEMEASURE(3.00000000006152),$);
#797= IFCPROPERTYSET('3E2IT0sGbrQMf5hSDr6HRy',$,'Corridor Shape Information',$,(#234,#235,#236,#794,#795,#796));
#798= IFCRELDEFINESBYPROPERTIES('3l8XKYqv3YaOuztwJq$3tE',$,$,$,(#773),#797);
#799= IFCPROPERTYSINGLEVALUE('Kh\X2\1ED1\X0\i l\X2\01B0\X0\\X2\1EE3\X0\ng (m3)',$,IFCREAL(2.99999999987536),$);
#800= IFCPROPERTYSINGLEVALUE('L\X2\00FD\X0\ tr\X2\00EC\X0\nh \X2\0111\X0\\X2\1EA7\X0\u',$,IFCLABEL('0+068.41m'),$);
#801= IFCPROPERTYSINGLEVALUE('L\X2\00FD\X0\ tr\X2\00EC\X0\nh cu\X2\1ED1\X0\i',$,IFCLABEL('0+078.41m'),$);
#802= IFCPROPERTYSET('2HaC5kL7eBGayb999xBvRd',$,'Thong_tin_BIM',$,(#242,#243,#244,#249,#250,#251,#252,#253,#616,#799,#800,#801));
#803= IFCRELDEFINESBYPROPERTIES('1JYMjSDPYH4G4PZca7XvRo',$,$,$,(#773),#802);
#804= IFCCARTESIANPOINTLIST3D(((-4.72576,0.798593,-0.002889),(-4.725741,0.798573,0.057111),(-5.047778,1.078809,0.005171),(-5.047759,1.078789,0.065171),(-4.725774,0.798577,-0.00289),(-4.725755,0.798557,0.05711),(-4.214593,0.353704,0.044315),(-4.214611,0.353724,-0.015685),(-5.412905,1.39657,0.01431),(-5.412886,1.39655,0.07431),(-2.130431,5.168215,0.174512),(-0.932138,4.125369,0.144517),(-2.13045,5.168234,0.114512),(5.412905,-1.39657,-0.01431),(2.13045,-5.168234,-0.114512),(5.412886,-1.39655,-0.07431),(2.130431,-5.168215,-0.174512),(-0.932157,4.125389,0.084517),(0.576529,2.812412,0.106752),(-2.705925,-0.959253,0.006551),(-2.705944,-0.959233,-0.053449),(0.57651,2.812432,0.046752),(2.085196,1.499455,0.068988),(-1.197258,-2.272209,-0.031214),(-1.197277,-2.27219,-0.091214),(2.085177,1.499475,0.008988),(3.593863,0.186498,0.031223),(0.311409,-3.585166,-0.068978),(0.31139,-3.585147,-0.128978),(3.593844,0.186518,-0.028777),(5.10253,-1.126459,-0.006541),(1.820076,-4.898123,-0.106743),(1.820057,-4.898104,-0.166743),(5.102512,-1.126439,-0.066541)),$);
#805= IFCTRIANGULATEDFACESET(#804,$,$,((1,2,3),(3,2,4),(5,6,1),(1,6,2),(6,5,7),(7,5,8),(3,4,9),(9,4,10),(10,4,11),(11,4,2),(11,2,12),(12,2,7),(7,2,6),(11,13,10),(10,13,9),(14,15,16),(16,15,17),(3,13,1),(1,13,18),(1,18,8),(3,9,13),(8,5,1),(11,12,13),(13,12,18),(12,7,19),(19,7,20),(7,8,20),(20,8,21),(18,22,8),(8,22,21),(12,19,18),(18,19,22),(19,20,23),(23,20,24),(20,21,24),(24,21,25),(22,26,21),(21,26,25),(19,23,22),(22,23,26),(23,24,27),(27,24,28),(24,25,28),(28,25,29),(26,30,25),(25,30,29),(23,27,26),(26,27,30),(27,28,31),(31,28,32),(28,29,32),(32,29,33),(30,34,29),(29,34,33),(27,31,30),(30,31,34),(31,32,14),(14,32,15),(32,33,15),(15,33,17),(34,16,33),(33,16,17),(31,14,34),(34,14,16)),$);
#806= IFCSHAPEREPRESENTATION(#178,'Body','Tessellation',(#805));
#807= IFCPRODUCTDEFINITIONSHAPE($,$,(#806));
#808= IFCCARTESIANPOINT((505194.17557,1707752.284768,370.730462));
#809= IFCAXIS2PLACEMENT3D(#808,$,$);
#810= IFCLOCALPLACEMENT(#5,#809);
#811= IFCBUILTELEMENT('0vKG1nJFz9EPqY6xl3cimy',$,'BTN 12.5',$,$,#810,#807,'60EC2');
#812= IFCSTYLEDITEM(#805,(#189),'BTN 12.5');
#813= IFCPROPERTYSINGLEVALUE('Area',$,IFCREAL(101.836969477869),$);
#814= IFCPROPERTYSINGLEVALUE('Bounds',$,IFCLABEL('((505188.7626075411,1707747.1164404412,370.5549182376788),(505199.5885331226,1707757.4530959202,370.9060048481069))'),$);
#815= IFCPROPERTYSET('0vgxipMR7ldPR6CpIX925H',$,'Properties',$,(#39,#40,#41,#42,#43,#44,#47,#48,#49,#50,#51,#52,#53,#54,#55,#56,#57,#59,#60,#193,#194,#195,#196,#197,#198,#199,#813,#814));
#816= IFCRELDEFINESBYPROPERTIES('2evX9QnPPP5AJWTgf9Ujxc',$,$,$,(#811),#815);
#817= IFCPROPERTYSET('0AdThmHQNYEOrQzJdrmZyN',$,'Misc',$,(#85,#87,#88,#203));
#818= IFCRELDEFINESBYPROPERTIES('1mzAgwDfItfgDbY9qlEAU$',$,$,$,(#811),#817);
#819= IFCPROPERTYSET('35B04ivffnygU2NdBFljJf',$,'3D Visualization',$,(#91,#92,#93));
#820= IFCRELDEFINESBYPROPERTIES('3yQhVFQmuT4sYmUwDw7bW_',$,$,$,(#811),#819);
#821= IFCPROPERTYSET('2pvt9R$g10rnzaj$QSBmUu',$,'General',$,(#72,#74,#75,#76,#77,#208));
#822= IFCRELDEFINESBYPROPERTIES('1lTGEiU8_kqGxE4G16TEYb',$,$,$,(#811),#821);
#823= IFCPROPERTYSET('2j39Km2bcugrtkuAApHeQx',$,'Geometry',$,(#82));
#824= IFCRELDEFINESBYPROPERTIES('0movQrV4xCZj2J8qWF0vKx',$,$,$,(#811),#823);
#825= IFCPROPERTYSET('3RGk32bpR_br9zBv9CXT3W',$,'Corridor Identity',$,(#214,#215,#216,#218,#221,#224,#277,#453,#672,#786,#787,#788));
#826= IFCRELDEFINESBYPROPERTIES('1eF7XlreIj0mvxDtbtOFzD',$,$,$,(#811),#825);
#827= IFCPROPERTYSET('2lTWdLA4bYaQdlnEzvEArT',$,'Corridor Model Information',$,(#229,#230,#465,#678,#791));
#828= IFCRELDEFINESBYPROPERTIES('2Sl7MAqufLgULZ_K4kVhHl',$,$,$,(#811),#827);
#829= IFCPROPERTYSINGLEVALUE('Volume',$,IFCVOLUMEMEASURE(2.99999972040008),$);
#830= IFCPROPERTYSET('0LaglloSXcLo_Ky4OwLUgD',$,'Corridor Shape Information',$,(#234,#236,#282,#794,#795,#829));
#831= IFCRELDEFINESBYPROPERTIES('1Gjx$2ZQQsFI5Z8rmKo$CR',$,$,$,(#811),#830);
#832= IFCPROPERTYSINGLEVALUE('Kh\X2\1ED1\X0\i l\X2\01B0\X0\\X2\1EE3\X0\ng (m3)',$,IFCREAL(2.99999972030237),$);
#833= IFCPROPERTYSET('1Ru9MXynE9C74$yoBeRQmD',$,'Thong_tin_BIM',$,(#242,#243,#244,#249,#250,#251,#252,#253,#616,#800,#801,#832));
#834= IFCRELDEFINESBYPROPERTIES('1_FtYEnCHJ0jJ$JJ6iUHZl',$,$,$,(#811),#833);
#835= IFCCARTESIANPOINTLIST3D(((6.014621,-5.345436,-0.158884),(6.014602,-5.345417,-0.218884),(5.972951,-5.393318,-0.160231),(5.972933,-5.393298,-0.220231),(5.650782,-5.028802,-0.212954),(5.650801,-5.028822,-0.152954),(5.250831,-4.680744,-0.204498),(5.250849,-4.680764,-0.144498),(5.118597,-4.832732,-0.148987),(5.118578,-4.832712,-0.208987),(6.792412,-4.436045,-0.13349),(7.566831,-3.443593,-0.106122),(8.512659,-0.933905,-0.036291),(9.718679,-1.983476,-0.06648),(6.436225,-5.75514,-0.166681),(6.436206,-5.75512,-0.226681),(6.792393,-4.436025,-0.19349),(7.566812,-3.443574,-0.166122),(8.51264,-0.933886,-0.096291),(9.71866,-1.983456,-0.12648),(-7.232376,-6.26037,-0.06411),(-7.232357,-6.26039,-0.00411),(-9.718679,-3.797025,0.007476),(-9.71866,-3.797044,0.067476),(-8.24948,-4.805764,0.032314),(-8.855632,-4.17177,0.051947),(-9.204907,-3.278508,0.075684),(-6.841996,-5.887112,-0.009793),(-7.643328,-5.439757,0.012681),(-9.204925,-3.278489,0.015684),(-8.249499,-4.805744,-0.027686),(-7.643347,-5.439738,-0.047319),(-6.842015,-5.887092,-0.069793),(-8.85565,-4.17175,-0.008053),(-9.202048,-3.275623,0.07573),(-8.022181,-4.581585,0.032949),(-6.839772,-5.885098,-0.009825),(-9.202067,-3.275603,0.01573),(-6.839791,-5.885078,-0.069825),(-8.0222,-4.581566,-0.027051),(-9.199189,-3.272737,0.075776),(-8.019639,-4.579136,0.032956),(-6.837548,-5.883085,-0.009857),(-9.199208,-3.272718,0.015776),(-6.837567,-5.883065,-0.069857),(-8.019658,-4.579116,-0.027044),(-7.807003,-4.382437,0.033545),(-8.385949,-3.70935,0.056532),(-8.163119,-3.493376,0.058696),(-7.595637,-4.186963,0.03413),(-7.228056,-5.055524,0.010558),(-7.028154,-4.880551,0.009564),(-6.083796,-5.265192,-0.020148),(-8.262014,-2.326839,0.090749),(-7.384271,-3.991489,0.034715),(-6.828252,-4.705577,0.00857),(-7.940289,-3.277401,0.06086),(-8.262033,-2.326819,0.030749),(-7.807021,-4.382418,-0.026455),(-7.228075,-5.055505,-0.049442),(-7.028173,-4.880531,-0.050436),(-7.595656,-4.186944,-0.02587),(-8.385968,-3.70933,-0.003468),(-8.163138,-3.493356,-0.001304),(-6.083815,-5.265172,-0.080148),(-7.38429,-3.99147,-0.025285),(-7.940308,-3.277382,0.00086),(-6.828271,-4.705558,-0.05143),(-6.957721,-3.608612,0.035908),(-7.492511,-2.849276,0.065203),(-7.792588,-1.853042,0.098249),(-6.742537,-3.421208,0.036516),(-6.422931,-4.367947,0.006613),(-5.692487,-4.989374,-0.025218),(-7.792606,-1.853023,0.038249),(-6.95774,-3.608592,-0.024092),(-6.42295,-4.367928,-0.053387),(-5.692506,-4.989354,-0.085218),(-6.742556,-3.421189,-0.023484),(-7.49253,-2.849257,0.005203),(-7.016465,-2.409888,0.069849),(-6.765367,-2.182651,0.072316),(-6.51427,-1.955414,0.074783),(-6.260933,-3.039912,0.038031),(-6.020131,-2.849265,0.038789),(-5.756499,-3.897174,0.003746),(-5.525993,-3.743115,0.002795),(-5.295487,-3.589057,0.001843),(-3.930801,-4.04962,-0.046503),(-5.06498,-3.434998,0.000892),(-4.834474,-3.28094,-0.000059),(-5.297726,-2.277321,0.041063),(-5.701442,0.257569,0.131659),(-5.987006,-4.051233,0.004698),(-6.501735,-3.23056,0.037273),(-6.263172,-1.728177,0.077251),(-6.012075,-1.50094,0.079718),(-5.760977,-1.273702,0.082185),(-5.538528,-2.467969,0.040305),(-5.779329,-2.658617,0.039547),(-5.701461,0.257589,0.071659),(-5.987025,-4.051213,-0.055302),(-5.756518,-3.897154,-0.056254),(-5.526012,-3.743096,-0.057205),(-6.260952,-3.039893,-0.021969),(-6.02015,-2.849245,-0.021211),(-6.765386,-2.182631,0.012316),(-6.514289,-1.955394,0.014783),(-6.263191,-1.728157,0.017251),(-6.012093,-1.50092,0.019718),(-5.760996,-1.273683,0.022185),(-5.297744,-2.277301,-0.018937),(-3.93082,-4.0496,-0.106503),(-7.016484,-2.409869,0.009849),(-6.501754,-3.230541,-0.022726),(-5.295506,-3.589037,-0.058157),(-5.064999,-3.434979,-0.059108),(-4.834493,-3.28092,-0.060059),(-5.538546,-2.467949,-0.019695),(-5.779348,-2.658597,-0.020453),(-3.218256,2.76387,0.171333),(-3.717008,-1.126693,0.047133),(-2.017533,-3.478592,-0.067956),(-3.218275,2.76389,0.111333),(-2.017552,-3.478573,-0.127956),(-3.717027,-1.126674,-0.012867),(-2.127158,-0.032121,0.054429),(-1.636421,0.293118,0.057169),(-0.811946,5.19258,0.209779),(-0.497947,-3.305384,-0.084481),(-1.44708,-1.549435,-0.009525),(-1.882397,-1.733706,-0.008829),(-0.811965,5.1926,0.149779),(-1.63644,0.293138,-0.002831),(-1.447099,-1.549415,-0.069525),(-0.497966,-3.305365,-0.144481),(-0.318571,1.166348,0.06488),(-0.34613,3.400632,0.14083),(0.064568,6.077253,0.223783),(-0.028959,-3.299056,-0.089561),(-0.291012,-1.067936,-0.011071),(0.064549,6.077273,0.163783),(-0.31859,1.166368,0.00488),(-0.291031,-1.067916,-0.071071),(-0.028978,-3.299036,-0.149561),(-0.346149,3.400652,0.08083),(0.083871,1.433053,0.067571),(0.118084,3.799427,0.146378),(0.240029,6.254348,0.226586),(0.059845,-3.300335,-0.090523),(0.049657,-0.933321,-0.011235),(0.24001,6.254367,0.166586),(0.083852,1.433072,0.007571),(0.049638,-0.933302,-0.071235),(0.059826,-3.300315,-0.150523),(0.118066,3.799446,0.086378),(0.245996,6.26037,0.226681),(0.152176,1.478498,0.068047),(0.085731,-2.105296,-0.050901),(0.080007,-2.40407,-0.060815),(0.074284,-2.702844,-0.070729),(0.06856,-3.001618,-0.080642),(0.062836,-3.300392,-0.090556),(0.097179,-1.507749,-0.031074),(0.108626,-0.910201,-0.011247),(0.131521,0.284894,0.028408),(0.154416,1.479989,0.068063),(0.200206,3.87018,0.147372),(0.245977,6.26039,0.166681),(0.062817,-3.300372,-0.150556),(0.152158,1.478517,0.008047),(0.200187,3.8702,0.087372),(0.154397,1.480009,0.008063),(0.131502,0.284914,-0.031592),(0.108607,-0.910182,-0.071247),(0.09716,-1.507729,-0.091074),(0.085712,-2.105277,-0.110901),(0.079989,-2.404051,-0.120815),(0.074265,-2.702824,-0.130729),(0.068541,-3.001598,-0.140642),(0.251766,6.255352,0.170493),(0.202746,3.868291,0.126297),(0.156611,1.47872,0.054007),(0.135565,0.282976,0.007317),(0.110475,-0.91085,-0.018282),(0.112324,-0.911499,-0.025318),(0.100704,-1.508737,-0.041636),(0.087408,-2.105635,-0.054427),(0.089084,-2.105975,-0.057953),(0.081641,-2.404332,-0.063463),(0.083274,-2.404593,-0.066112),(0.075874,-2.703028,-0.0725),(0.077464,-2.703212,-0.074271),(0.07299,-2.852376,-0.077018),(0.071654,-3.001831,-0.08243),(0.070107,-3.001724,-0.081536),(0.067223,-3.151073,-0.086054),(0.065782,-3.225747,-0.088313),(0.065844,-3.30045,-0.090588),(0.158805,1.477451,0.039952),(0.205286,3.866401,0.105222),(0.251748,6.255371,0.110493),(0.067205,-3.151053,-0.146054),(0.065763,-3.225727,-0.148313),(0.065825,-3.30043,-0.150588),(0.071635,-3.001811,-0.14243),(0.070088,-3.001705,-0.141536),(0.072971,-2.852357,-0.137018),(0.075855,-2.703008,-0.1325),(0.081622,-2.404312,-0.123463),(0.087389,-2.105616,-0.114427),(0.110456,-0.910831,-0.078282),(0.156592,1.47874,-0.005993),(0.135546,0.282995,-0.052683),(0.112306,-0.91148,-0.085318),(0.100685,-1.508717,-0.101636),(0.202727,3.86831,0.066297),(0.158786,1.477471,-0.020048),(0.205267,3.866421,0.045222),(0.089065,-2.105955,-0.117953),(0.083255,-2.404574,-0.126112),(0.077445,-2.703192,-0.134271),(2.348199,4.430877,0.118016),(1.140082,3.170439,0.083924),(0.980182,0.997764,0.023593),(0.820282,-1.174912,-0.036738),(1.254919,-3.394724,-0.103548),(1.39087,0.75792,0.015413),(1.17426,-1.306618,-0.042447),(1.607481,2.822458,0.073274),(2.34818,4.430896,0.058016),(1.2549,-3.394704,-0.163548),(1.174241,-1.306598,-0.102447),(0.466284,-1.043186,-0.091028),(0.820263,-1.174892,-0.096738),(0.980163,0.997783,-0.036407),(1.390852,0.75794,-0.044587),(1.140064,3.170458,0.023924),(1.607462,2.822477,0.013274),(0.569475,1.237627,-0.028227),(0.672665,3.51844,0.034573),(2.251211,0.248349,-0.001573),(2.574177,2.100747,0.051351),(3.446085,3.475413,0.090534),(1.955643,-3.518168,-0.111295),(1.928246,-1.604048,-0.054497),(3.446066,3.475432,0.030534),(2.251192,0.248369,-0.061573),(1.928227,-1.604029,-0.114497),(1.955624,-3.518149,-0.171295),(2.574158,2.100767,-0.008649),(6.14171,1.129475,0.023058),(3.850147,-0.760119,-0.032708),(3.857152,-4.127194,-0.13313),(6.141691,1.129494,-0.036942),(3.857133,-4.127174,-0.19313),(3.850129,-0.760099,-0.092708),(6.027821,-2.258369,-0.07535),(6.027802,-2.258349,-0.13535)),$);
#836= IFCTRIANGULATEDFACESET(#835,$,$,((1,2,3),(3,2,4),(2,1,5),(5,1,6),(5,6,7),(7,6,8),(8,9,7),(7,9,10),(1,11,6),(6,11,12),(6,12,13),(13,12,14),(14,12,15),(15,12,11),(15,11,1),(1,3,15),(3,4,15),(15,4,16),(4,2,16),(16,2,17),(16,17,18),(18,17,5),(18,5,19),(2,5,17),(19,20,18),(18,20,16),(21,22,23),(23,22,24),(14,15,20),(20,15,16),(22,25,24),(24,25,26),(24,26,27),(27,26,25),(27,25,28),(28,25,29),(28,29,22),(22,29,25),(23,24,30),(30,24,27),(23,31,21),(21,31,32),(21,32,33),(33,32,31),(33,31,30),(30,31,34),(30,34,23),(23,34,31),(22,21,28),(28,21,33),(35,27,36),(36,27,28),(36,28,37),(37,35,36),(30,27,38),(38,27,35),(39,33,40),(40,33,30),(40,30,38),(38,39,40),(28,33,37),(37,33,39),(41,35,42),(42,35,37),(42,37,43),(43,41,42),(38,35,44),(44,35,41),(45,39,46),(46,39,38),(46,38,44),(44,45,46),(37,39,43),(43,39,45),(43,47,41),(41,47,48),(41,48,49),(49,48,47),(49,47,50),(50,47,51),(50,51,52),(52,51,43),(52,43,53),(54,55,53),(53,55,56),(53,56,52),(52,56,55),(52,55,50),(50,55,57),(50,57,49),(49,57,54),(49,54,41),(51,47,43),(57,55,54),(44,41,58),(58,41,54),(44,59,45),(45,59,60),(45,60,61),(61,60,59),(61,59,62),(62,59,63),(62,63,64),(64,63,44),(64,44,58),(65,66,58),(58,66,67),(58,67,64),(64,67,66),(64,66,62),(62,66,68),(62,68,61),(61,68,65),(61,65,45),(63,59,44),(68,66,65),(43,45,53),(53,45,65),(53,69,54),(54,69,70),(54,70,71),(71,70,72),(72,70,69),(72,69,73),(73,69,53),(73,53,74),(74,72,73),(58,54,75),(75,54,71),(58,76,65),(65,76,77),(65,77,78),(78,77,79),(79,77,76),(79,76,80),(80,76,58),(80,58,75),(75,79,80),(53,65,74),(74,65,78),(72,81,71),(71,81,82),(71,82,83),(83,82,84),(83,84,85),(85,84,86),(85,86,87),(87,86,74),(87,74,88),(88,74,89),(88,89,90),(90,89,91),(90,91,92),(92,91,89),(92,89,93),(74,94,72),(72,94,95),(72,95,81),(81,95,82),(71,96,93),(93,96,97),(93,97,98),(98,97,99),(98,99,92),(92,99,90),(94,74,86),(86,84,94),(94,84,95),(96,71,83),(84,82,95),(98,92,93),(96,83,85),(85,87,100),(100,87,88),(100,88,99),(99,88,90),(97,96,100),(100,96,85),(97,100,99),(75,71,101),(101,71,93),(79,102,78),(78,102,103),(78,103,104),(104,103,105),(104,105,106),(106,105,107),(106,107,108),(108,107,75),(108,75,109),(109,75,101),(109,101,110),(110,101,111),(110,111,112),(112,111,101),(112,101,113),(75,114,79),(79,114,115),(79,115,102),(102,115,103),(78,116,113),(113,116,117),(113,117,118),(118,117,119),(118,119,112),(112,119,110),(114,75,107),(107,105,114),(114,105,115),(116,78,104),(105,103,115),(118,112,113),(116,104,106),(106,108,120),(120,108,109),(120,109,119),(119,109,110),(117,116,120),(120,116,106),(117,120,119),(74,78,89),(89,78,113),(121,93,122),(122,93,89),(122,89,123),(123,121,122),(101,93,124),(124,93,121),(125,113,126),(126,113,101),(126,101,124),(124,125,126),(89,113,123),(123,113,125),(123,127,121),(121,127,128),(121,128,129),(129,128,130),(130,128,131),(130,131,123),(123,131,132),(123,132,127),(127,132,128),(131,128,132),(124,121,133),(133,121,129),(124,134,125),(125,134,135),(125,135,136),(136,135,134),(136,134,133),(133,134,124),(123,125,130),(130,125,136),(130,137,129),(129,137,138),(129,138,139),(139,138,137),(139,137,140),(140,137,141),(140,141,130),(130,141,137),(133,129,142),(142,129,139),(133,143,136),(136,143,144),(136,144,145),(145,144,143),(145,143,142),(142,143,146),(142,146,133),(133,146,143),(130,136,140),(140,136,145),(140,147,139),(139,147,148),(139,148,149),(149,148,147),(149,147,150),(150,147,151),(150,151,140),(140,151,147),(142,139,152),(152,139,149),(142,153,145),(145,153,154),(145,154,155),(155,154,153),(155,153,152),(152,153,156),(152,156,142),(142,156,153),(140,145,150),(150,145,155),(157,149,158),(158,149,150),(158,150,159),(159,150,160),(160,150,161),(161,150,162),(162,150,163),(159,164,158),(158,164,165),(158,165,166),(166,167,158),(158,167,168),(158,168,157),(152,149,169),(169,149,157),(170,155,171),(171,155,152),(171,152,172),(172,152,169),(172,173,171),(171,173,174),(171,174,175),(175,176,171),(171,176,177),(171,177,178),(178,179,171),(171,179,180),(171,180,170),(150,155,163),(163,155,170),(181,157,182),(182,157,168),(182,168,167),(182,167,183),(183,167,166),(183,166,184),(184,166,185),(184,185,186),(186,185,187),(187,185,188),(187,188,189),(189,188,190),(189,190,191),(191,190,192),(191,192,193),(193,192,194),(193,194,195),(195,194,196),(195,196,197),(197,196,162),(197,162,163),(166,165,185),(185,165,164),(185,164,188),(188,164,159),(188,159,160),(188,160,190),(190,160,161),(190,161,192),(192,161,194),(161,162,194),(194,162,196),(197,163,198),(198,163,199),(198,199,197),(197,199,195),(184,200,183),(183,200,201),(183,201,182),(182,201,181),(157,181,169),(169,181,202),(180,203,170),(170,203,204),(170,204,205),(205,204,203),(205,203,206),(206,203,207),(206,207,208),(208,207,180),(208,180,179),(208,179,209),(209,179,178),(209,178,210),(210,178,177),(210,177,211),(211,177,176),(211,176,212),(212,176,175),(212,175,174),(173,213,174),(174,213,214),(174,214,212),(212,214,215),(212,215,216),(173,172,213),(213,172,217),(213,217,218),(218,217,219),(219,217,202),(202,217,169),(169,217,172),(218,214,213),(212,216,211),(211,216,220),(211,220,221),(211,221,210),(210,221,222),(210,222,209),(209,222,208),(222,206,208),(203,180,207),(163,170,199),(199,170,205),(223,181,224),(224,181,201),(224,201,200),(224,200,225),(225,200,184),(225,184,226),(226,184,186),(226,186,187),(187,189,226),(226,189,191),(226,191,193),(193,195,226),(226,195,199),(226,199,227),(223,228,227),(227,228,229),(227,229,226),(226,229,228),(226,228,225),(225,228,230),(225,230,224),(224,230,223),(228,223,230),(181,223,202),(202,223,231),(205,206,232),(232,206,222),(232,222,221),(232,221,233),(233,221,220),(233,220,216),(215,234,216),(216,234,235),(216,235,233),(233,235,236),(233,236,237),(237,236,238),(237,238,239),(239,238,231),(239,231,237),(237,231,232),(237,232,233),(215,214,234),(234,214,240),(234,240,235),(235,240,236),(214,218,240),(240,218,219),(240,219,241),(241,219,202),(241,202,238),(238,202,231),(236,240,241),(238,236,241),(199,205,227),(227,205,232),(227,242,223),(223,242,243),(223,243,244),(244,243,242),(244,242,245),(245,242,246),(245,246,227),(227,246,242),(223,244,231),(231,244,247),(231,248,232),(232,248,249),(232,249,250),(250,249,248),(250,248,247),(247,248,251),(247,251,231),(231,251,248),(227,232,245),(245,232,250),(252,244,253),(253,244,245),(253,245,254),(254,252,253),(244,252,247),(247,252,255),(256,250,257),(257,250,247),(257,247,255),(255,256,257),(245,250,254),(254,250,256),(6,13,8),(8,13,258),(8,258,9),(9,258,254),(254,258,252),(252,258,13),(252,13,255),(255,13,19),(5,7,259),(259,7,10),(259,10,256),(256,255,259),(259,255,19),(259,19,5),(10,9,256),(256,9,254),(13,14,19),(19,14,20)),$);
#837= IFCSHAPEREPRESENTATION(#178,'Body','Tessellation',(#836));
#838= IFCPRODUCTDEFINITIONSHAPE($,$,(#837));
#839= IFCCARTESIANPOINT((505225.41338,1707721.938944,369.892916));
#840= IFCAXIS2PLACEMENT3D(#839,$,$);
#841= IFCLOCALPLACEMENT(#5,#840);
#842= IFCBUILTELEMENT('3yfiMZAHTCOeAaCkkP6wSh',$,'BTN 12.5',$,$,#841,#838,'60ED0');
#843= IFCSTYLEDITEM(#836,(#189),'BTN 12.5');
#844= IFCPROPERTYSINGLEVALUE('Area',$,IFCREAL(232.929945547729),$);
#845= IFCPROPERTYSINGLEVALUE('Bounds',$,IFCLABEL('((505215.69462891127,1707715.678479333,369.66503804320695),(505235.13214924355,1707728.199461562,370.1227284196722))'),$);
#846= IFCPROPERTYSET('1zrPRYXXOdHrT2a$XyM7E7',$,'Properties',$,(#39,#40,#41,#42,#43,#44,#47,#48,#49,#50,#51,#52,#53,#54,#55,#56,#57,#59,#60,#193,#194,#195,#196,#197,#198,#199,#844,#845));
#847= IFCRELDEFINESBYPROPERTIES('05JoUBRaf50BPwSS6xHnL9',$,$,$,(#842),#846);
#848= IFCPROPERTYSET('0F1ZZn7Pw3Fg8_jJTfFoKq',$,'Misc',$,(#85,#87,#88,#203));
#849= IFCRELDEFINESBYPROPERTIES('0qCVMR27QV0qY_TPFnL_KZ',$,$,$,(#842),#848);
#850= IFCPROPERTYSET('0G9j3WMh93YlcoFuY0YZd7',$,'3D Visualization',$,(#91,#92,#93));
#851= IFCRELDEFINESBYPROPERTIES('2ZOMp7v03mhCXm1_NkPDba',$,$,$,(#842),#850);
#852= IFCPROPERTYSET('0eAEoMkuXLTGo6Y_iHM8xP',$,'General',$,(#72,#74,#75,#76,#77,#208));
#853= IFCRELDEFINESBYPROPERTIES('33393EOjrKQ9yy9perG3C7',$,$,$,(#842),#852);
#854= IFCPROPERTYSET('29AmkhXo0QPXgY9GdJRA2_',$,'Geometry',$,(#82));
#855= IFCRELDEFINESBYPROPERTIES('0ZYor8nRs4cBHVjAIsDcbT',$,$,$,(#842),#854);
#856= IFCPROPERTYSINGLEVALUE('CorridorHandle',$,IFCLABEL('5D1E5'),$);
#857= IFCPROPERTYSINGLEVALUE('HorizontalBaselineHandle',$,IFCLABEL('5D208'),$);
#858= IFCPROPERTYSINGLEVALUE('VerticalBaselineHandle',$,IFCLABEL('5D247'),$);
#859= IFCPROPERTYSINGLEVALUE('BaselineGuid',$,IFCLABEL('{CDDCADBF-A350-4C4D-905A-966221C164C0}'),$);
#860= IFCPROPERTYSINGLEVALUE('RegionGuid',$,IFCLABEL('{60D94C33-04E0-402D-BA4A-1C0184AA1E80}'),$);
#861= IFCPROPERTYSET('1kIGJHQ2FXgfbg5$SIKdiG',$,'Corridor Identity',$,(#221,#224,#456,#457,#458,#461,#462,#856,#857,#858,#859,#860));
#862= IFCRELDEFINESBYPROPERTIES('3bqvtQkY$MH_Y1ZRT9UEu2',$,$,$,(#842),#861);
#863= IFCPROPERTYSINGLEVALUE('CorridorName',$,IFCLABEL('B\X2\0110\X0\_N46'),$);
#864= IFCPROPERTYSINGLEVALUE('BaselineName',$,IFCLABEL('BL - Intersection - (9) - SE - Quadrant - (56)'),$);
#865= IFCPROPERTYSINGLEVALUE('HorizontalBaseline',$,IFCLABEL('Intersection - (9) - SE - Quadrant'),$);
#866= IFCPROPERTYSINGLEVALUE('VerticalBaseline',$,IFCLABEL('Intersection - (9) - SE - Quadrant - Profile'),$);
#867= IFCPROPERTYSINGLEVALUE('RegionName',$,IFCLABEL('RG - LEFT - (55)'),$);
#868= IFCPROPERTYSET('1Irp4LMebLwDc3qVBiJFBP',$,'Corridor Model Information',$,(#863,#864,#865,#866,#867));
#869= IFCRELDEFINESBYPROPERTIES('0LzgzpBEfx_7LnKQPepK8y',$,$,$,(#842),#868);
#870= IFCPROPERTYSINGLEVALUE('Volume',$,IFCVOLUMEMEASURE(6.87954473185242),$);
#871= IFCPROPERTYSET('09o$BI_s4TsVkEqZ0r6V3V',$,'Corridor Shape Information',$,(#234,#235,#472,#473,#474,#870));
#872= IFCRELDEFINESBYPROPERTIES('33YtkNjBDU1vsMUqyE8ZxI',$,$,$,(#842),#871);
#873= IFCPROPERTYSINGLEVALUE('Kh\X2\1ED1\X0\i l\X2\01B0\X0\\X2\1EE3\X0\ng (m3)',$,IFCREAL(6.87954473160059),$);
#874= IFCPROPERTYSET('0S9ZWnOAnQce5SRI6xerA1',$,'Thong_tin_BIM',$,(#242,#243,#244,#249,#250,#251,#252,#253,#479,#480,#481,#873));
#875= IFCRELDEFINESBYPROPERTIES('1llTkuibozJ1oh1pcrMR8h',$,$,$,(#842),#874);
#876= IFCCARTESIANPOINTLIST3D(((-5.707662,-6.931557,-0.172489),(-5.70768,-6.931537,-0.232489),(-5.919398,-7.150181,-0.179769),(-5.919417,-7.150162,-0.239769),(-5.734384,-6.905081,-0.172979),(-5.734403,-6.905062,-0.232979),(-4.996332,-7.451725,-0.158017),(-4.825022,-7.243684,-0.152971),(-4.653712,-7.035642,-0.147926),(-4.066487,-7.782096,-0.138499),(-3.872381,-7.562758,-0.133859),(-3.307952,-8.320508,-0.124027),(-3.09105,-8.089874,-0.119792),(-1.830321,-8.13313,-0.098066),(-2.874147,-7.85924,-0.115557),(-3.678275,-7.34342,-0.129219),(-5.167642,-7.659767,-0.163062),(-5.338952,-7.867808,-0.168107),(-6.326126,-7.688998,-0.194696),(-4.648806,-8.440109,-0.152419),(-3.747912,-10.068571,-0.128703),(-3.95866,-9.01241,-0.136732),(-3.741758,-8.781776,-0.132497),(-4.4547,-8.220771,-0.147779),(-4.260594,-8.001434,-0.143139),(-3.524855,-8.551142,-0.128262),(-5.138015,-6.115035,-0.151092),(-4.482402,-6.8276,-0.142881),(-6.326144,-7.688979,-0.254696),(-7.109675,6.63661,0.102292),(-7.109656,6.63659,0.162292),(-3.827221,10.408275,0.202494),(-3.827202,10.408255,0.262494),(-4.084482,-10.408275,-0.134081),(-6.570829,-7.944883,-0.202494),(-4.084501,-10.408255,-0.194081),(-6.570848,-7.944863,-0.262494),(-1.533537,8.412133,0.20508),(-4.553071,7.659746,0.186811),(-5.741889,5.182006,0.11738),(-1.533556,8.412153,0.14508),(-5.741908,5.182025,0.05738),(-4.55309,7.659766,0.126811),(0.956705,6.244935,0.142745),(-2.752273,5.830939,0.134423),(-4.69037,3.48468,0.072487),(0.956686,6.244955,0.082745),(-4.690389,3.4847,0.012487),(-2.752292,5.830958,0.074423),(-1.410526,4.309071,0.092759),(-0.95422,3.753334,0.077901),(3.913809,3.671439,0.068724),(-0.497913,3.197597,0.063044),(-3.997022,1.612281,0.02765),(-2.334136,2.638989,0.050951),(-2.648958,3.150907,0.063985),(-2.96378,3.662825,0.077018),(3.91379,3.671458,0.008724),(-0.954239,3.753353,0.017901),(-2.648977,3.150927,0.003985),(-3.997041,1.612301,-0.03235),(-2.334155,2.639008,-0.009049),(-0.497932,3.197616,0.003044),(5.077697,2.658534,0.03959),(0.285988,2.225826,0.037166),(-1.818895,1.756246,0.02867),(-3.850532,0.961051,0.0127),(5.077678,2.658554,-0.02041),(0.285969,2.225846,-0.022834),(-1.818913,1.756266,-0.03133),(-3.850551,0.961071,-0.0473),(7.103111,0.895865,-0.01111),(1.154574,1.118257,0.007802),(-1.31334,0.788786,0.004584),(-3.711979,-0.042422,-0.009971),(7.103092,0.895885,-0.07111),(1.154556,1.118277,-0.052198),(-1.313359,0.788805,-0.055416),(-3.711997,-0.042403,-0.069971),(7.109675,0.890153,-0.011274),(1.697272,0.424546,-0.010598),(-2.359045,0.071534,-0.010192),(-2.697214,0.042298,-0.010154),(-3.035383,0.013062,-0.010115),(-3.373551,-0.016175,-0.010076),(-3.542635,-0.030793,-0.010057),(-3.71172,-0.045411,-0.010038),(-1.682708,0.130007,-0.01027),(-1.006371,0.18848,-0.010347),(-0.330034,0.246952,-0.010424),(0.346303,0.305425,-0.010501),(1.698978,0.422371,-0.010656),(3.051652,0.539316,-0.010811),(4.404326,0.656262,-0.010965),(7.109656,0.890172,-0.071274),(-3.711739,-0.045392,-0.070038),(1.697253,0.424566,-0.070598),(4.404308,0.656281,-0.070965),(3.051633,0.539336,-0.070811),(1.698959,0.42239,-0.070656),(0.346285,0.305445,-0.070501),(-0.330053,0.246972,-0.070424),(-1.00639,0.188499,-0.070347),(-1.682727,0.130027,-0.07027),(-2.359064,0.071554,-0.070192),(-2.697233,0.042317,-0.070154),(-3.035401,0.013081,-0.070115),(-3.37357,-0.016155,-0.070076),(-3.542654,-0.030773,-0.070057),(7.10292,0.883269,0.044661),(4.401826,0.653307,0.010002),(1.697354,0.419903,0.003311),(3.047527,0.533893,0.024124),(4.399325,0.650352,0.030969),(0.343932,0.300976,0.010432),(1.695729,0.417435,0.017278),(-1.007119,0.186498,-0.00338),(-1.007866,0.184517,0.003587),(-1.683765,0.126288,0.000164),(-2.359355,0.069796,-0.006726),(-2.359664,0.068059,-0.003259),(-2.697414,0.040621,-0.007562),(-2.697613,0.038944,-0.00497),(-3.035473,0.011445,-0.008398),(-3.035563,0.009829,-0.006682),(-3.204502,-0.003142,-0.008817),(-3.373512,-0.019285,-0.008393),(-3.373532,-0.01773,-0.009235),(-3.542561,-0.032318,-0.009653),(-3.627076,-0.039612,-0.009862),(-3.711462,-0.0484,-0.010105),(-3.542487,-0.033843,-0.009249),(7.102902,0.883289,-0.015339),(-3.711481,-0.04838,-0.070105),(-3.627095,-0.039592,-0.069862),(-3.54258,-0.032298,-0.069653),(-3.373551,-0.017711,-0.069235),(-3.204521,-0.003123,-0.068817),(-3.373531,-0.019266,-0.068393),(-3.035582,0.009849,-0.066682),(-3.035492,0.011465,-0.068398),(-2.697433,0.04064,-0.067562),(-2.359374,0.069816,-0.066726),(-1.007137,0.186518,-0.06338),(0.343913,0.300995,-0.049568),(1.697335,0.419922,-0.056689),(4.401807,0.653326,-0.049998),(3.047508,0.533913,-0.035876),(1.69571,0.417454,-0.042722),(4.399306,0.650371,-0.029031),(-1.007885,0.184537,-0.056413),(-1.683784,0.126307,-0.059836),(-2.359683,0.068078,-0.063259),(-2.697632,0.038964,-0.06497),(-3.542506,-0.033823,-0.069249),(6.41838,0.192356,0.033724),(4.145369,0.352241,0.025994),(1.530088,0.16667,0.012795),(-1.085193,-0.018901,-0.000403),(-2.392833,-0.111687,-0.007003),(-3.689486,-0.360545,-0.017099),(6.418361,0.192376,-0.026276),(-3.689505,-0.360525,-0.077099),(-1.085212,-0.018881,-0.060403),(1.530069,0.16669,-0.047205),(4.14535,0.352261,-0.034006),(1.274819,-0.220813,0.005859),(3.754946,-0.106735,0.018327),(6.051766,-0.17767,0.027866),(1.185192,-0.357532,0.003406),(-1.205307,-0.334891,-0.006609),(-2.445371,-0.39193,-0.012843),(-3.681382,-0.537394,-0.021055),(-1.248095,-0.447463,-0.008825),(6.051747,-0.17765,-0.032134),(1.274801,-0.220793,-0.054141),(-1.205326,-0.334871,-0.066609),(-3.681401,-0.537374,-0.081055),(-1.248114,-0.447443,-0.068825),(1.185173,-0.357512,-0.056594),(3.754927,-0.106715,-0.041673),(3.025538,-0.973449,0.003719),(2.432596,-1.679297,-0.008198),(2.922293,-3.336275,-0.022133),(1.839655,-2.385145,-0.020115),(-0.428865,-2.84571,-0.041932),(-0.025351,-2.223666,-0.030597),(-1.890357,-2.062186,-0.041079),(-1.67627,-1.523945,-0.030328),(-2.703486,-1.485107,-0.03586),(-2.584112,-0.988768,-0.0254),(-1.462182,-0.985704,-0.019576),(0.781678,-0.979576,-0.007929),(0.378163,-1.601621,-0.019263),(-3.780023,-2.355145,-0.06173),(-2.82286,-1.981447,-0.046321),(-2.104444,-2.600428,-0.051831),(2.922274,-3.336256,-0.082133),(-2.584131,-0.988748,-0.0854),(-2.703505,-1.485088,-0.09586),(-3.780042,-2.355126,-0.12173),(-2.822879,-1.981427,-0.106321),(-2.104463,-2.600408,-0.111831),(-1.890376,-2.062167,-0.101079),(-0.02537,-2.223646,-0.090597),(0.378145,-1.601601,-0.079263),(2.432578,-1.679277,-0.068198),(3.025519,-0.973429,-0.056281),(0.781659,-0.979557,-0.067929),(-1.462201,-0.985684,-0.079576),(-1.676288,-1.523926,-0.090328),(1.839636,-2.385125,-0.080115),(-0.428884,-2.845691,-0.101932),(0.731378,-3.701585,-0.042562),(0.47371,-4.006881,-0.047827),(0.216042,-4.312177,-0.053092),(-1.004826,-3.698409,-0.058023),(-1.196813,-3.982642,-0.063386),(-2.483362,-3.389938,-0.068218),(-2.609668,-3.653108,-0.07368),(-4.265024,-4.292002,-0.106219),(-0.812839,-3.414176,-0.052659),(-2.357056,-3.126768,-0.062756),(-1.964762,-5.119574,-0.08484),(-2.862281,-4.179448,-0.084605),(-2.735975,-3.916278,-0.079143),(-1.3888,-4.266875,-0.06875),(-0.041626,-4.617472,-0.058357),(0.335501,-5.947146,-0.063462),(-0.299294,-4.922768,-0.063622),(-1.580787,-4.551108,-0.074113),(0.335482,-5.947127,-0.123462),(-2.357075,-3.126748,-0.122756),(-2.483381,-3.389918,-0.128218),(-2.609687,-3.653088,-0.13368),(-1.004845,-3.69839,-0.118023),(-1.196832,-3.982623,-0.123386),(0.473691,-4.006861,-0.107827),(0.216023,-4.312157,-0.113092),(-0.812858,-3.414157,-0.112659),(0.731359,-3.701565,-0.102562),(-0.299313,-4.922749,-0.123622),(-1.96478,-5.119555,-0.14484),(-1.580806,-4.551089,-0.134113),(-2.8623,-4.179429,-0.144605),(-4.265043,-4.291983,-0.166219),(-1.178799,-5.95005,-0.081519),(-1.542967,-6.366739,-0.088886),(-1.388589,-7.687285,-0.091008),(-1.725051,-6.575084,-0.09257),(-1.907135,-6.783429,-0.096254),(-2.708047,-6.115435,-0.104461),(-2.856704,-6.314607,-0.108385),(-3.691043,-5.655786,-0.116353),(-3.806273,-5.845786,-0.120517),(-4.919448,-5.738618,-0.141459),(-3.154018,-6.712952,-0.116234),(-3.345353,-5.085787,-0.103859),(-2.262076,-5.517919,-0.092689),(-3.575813,-5.465787,-0.112188),(-2.55939,-5.916263,-0.100537),(-1.388607,-7.687266,-0.151008),(-3.345372,-5.085768,-0.163859),(-3.575832,-5.465767,-0.172188),(-4.919467,-5.738598,-0.201459),(-3.806292,-5.845766,-0.180517),(-3.154037,-6.712932,-0.176234),(-2.856723,-6.314588,-0.168385),(-1.907154,-6.783409,-0.156254),(-1.542986,-6.36672,-0.148886),(-1.178817,-5.95003,-0.141519),(-2.262095,-5.517899,-0.152689),(-2.559409,-5.916243,-0.160537),(-1.805475,-8.108053,-0.097669),(-2.453349,-7.402316,-0.107254),(-3.309667,-6.906964,-0.12017),(-4.165984,-6.411611,-0.133086),(-3.465315,-7.100976,-0.124107),(-5.125155,-6.093899,-0.150545),(-1.805494,-8.108033,-0.157669),(-5.125174,-6.093879,-0.210545),(-4.166003,-6.411591,-0.193086),(-3.309686,-6.906944,-0.18017),(-2.453368,-7.402297,-0.167254),(-3.465334,-7.100956,-0.184107),(-1.824298,-8.127051,-0.09797),(-3.472455,-7.109729,-0.124286),(-5.134892,-6.109912,-0.150959),(-1.824317,-8.127031,-0.15797),(-5.134911,-6.109893,-0.210959),(-3.472474,-7.109709,-0.184286),(-1.82731,-8.130091,-0.098018),(-3.480738,-7.119882,-0.124493),(-5.136453,-6.112474,-0.151026),(-1.827329,-8.130071,-0.158018),(-5.136472,-6.112454,-0.211026),(-3.480757,-7.119862,-0.184493),(-3.483025,-7.122682,-0.12455),(-1.83034,-8.13311,-0.158066),(-5.138034,-6.115016,-0.211092),(-3.483044,-7.122663,-0.18455),(-3.747931,-10.068551,-0.188703),(-4.996351,-7.451706,-0.218017),(-5.167661,-7.659747,-0.223062),(-5.338971,-7.867789,-0.228107),(-4.648825,-8.440089,-0.212419),(-3.958679,-9.01239,-0.196732),(-3.741776,-8.781756,-0.192497),(-4.454719,-8.220752,-0.207779),(-4.653731,-7.035622,-0.207926),(-4.825041,-7.243664,-0.212971),(-4.066506,-7.782076,-0.198499),(-4.260612,-8.001414,-0.203139),(-3.307971,-8.320488,-0.184027),(-3.524874,-8.551122,-0.188262),(-3.678293,-7.343401,-0.189219),(-4.482421,-6.827581,-0.202881),(-3.8724,-7.562738,-0.193859),(-2.874166,-7.85922,-0.175557),(-3.091069,-8.089854,-0.179792),(-5.182337,-9.027682,-0.164993),(-4.549267,-9.633052,-0.148193),(-5.815407,-8.422311,-0.181794),(-5.182356,-9.027662,-0.224993),(-5.815426,-8.422292,-0.241794),(-4.549286,-9.633033,-0.208193)),$);
#877= IFCTRIANGULATEDFACESET(#876,$,$,((1,2,3),(3,2,4),(1,5,2),(2,5,6),(1,7,5),(5,7,8),(5,8,9),(9,8,10),(9,10,11),(11,10,12),(11,12,13),(13,12,14),(13,14,15),(15,14,16),(15,16,13),(13,16,11),(7,1,17),(17,1,3),(17,3,18),(18,3,19),(18,19,20),(20,19,21),(20,21,22),(22,21,23),(22,23,24),(24,23,25),(24,25,7),(7,25,8),(23,21,26),(26,21,14),(26,14,12),(14,27,16),(16,27,28),(16,28,11),(11,28,9),(28,27,9),(9,27,5),(25,23,26),(7,17,24),(24,17,20),(24,20,22),(18,20,17),(12,10,26),(26,10,25),(10,8,25),(3,4,19),(19,4,29),(30,31,32),(32,31,33),(34,35,36),(36,35,37),(38,33,39),(39,33,31),(39,31,40),(40,38,39),(33,38,32),(32,38,41),(42,30,43),(43,30,32),(43,32,41),(41,42,43),(31,30,40),(40,30,42),(44,38,45),(45,38,40),(45,40,46),(46,44,45),(38,44,41),(41,44,47),(48,42,49),(49,42,41),(49,41,47),(47,48,49),(40,42,46),(46,42,48),(46,50,44),(44,50,51),(44,51,52),(52,51,53),(52,53,54),(54,53,55),(54,55,56),(56,55,53),(56,53,51),(54,56,46),(46,56,57),(46,57,50),(50,57,51),(56,51,57),(44,52,47),(47,52,58),(47,59,48),(48,59,60),(48,60,61),(61,60,62),(61,62,63),(63,62,59),(63,59,58),(58,59,47),(58,61,63),(62,60,59),(46,48,54),(54,48,61),(64,52,65),(65,52,54),(65,54,66),(66,54,67),(66,67,65),(65,67,64),(52,64,58),(58,64,68),(58,69,61),(61,69,70),(61,70,71),(71,70,69),(71,69,68),(68,69,58),(54,61,67),(67,61,71),(72,64,73),(73,64,67),(73,67,74),(74,67,75),(74,75,73),(73,75,72),(64,72,68),(68,72,76),(68,77,71),(71,77,78),(71,78,79),(79,78,77),(79,77,76),(76,77,68),(67,71,75),(75,71,79),(80,72,81),(81,72,75),(81,75,82),(82,75,83),(83,75,84),(84,75,85),(85,75,86),(86,75,87),(82,88,81),(81,88,89),(81,89,90),(90,91,81),(81,91,92),(81,92,93),(93,94,81),(81,94,80),(72,80,76),(76,80,95),(96,79,97),(97,79,76),(97,76,95),(95,98,97),(97,98,99),(97,99,100),(100,101,97),(97,101,102),(97,102,103),(103,104,97),(97,104,105),(97,105,106),(106,107,97),(97,107,108),(97,108,109),(109,96,97),(75,79,87),(87,79,96),(110,80,111),(111,80,94),(111,94,93),(92,112,93),(93,112,113),(93,113,111),(111,113,114),(111,114,110),(92,91,112),(112,91,115),(112,115,116),(91,90,115),(115,90,117),(115,117,118),(118,117,119),(119,117,120),(119,120,121),(121,120,122),(121,122,123),(123,122,124),(123,124,125),(125,124,126),(125,126,127),(127,126,128),(127,128,129),(129,128,86),(129,86,130),(130,86,87),(130,87,131),(90,89,117),(117,89,88),(117,88,120),(120,88,82),(120,82,83),(120,83,122),(122,83,84),(122,84,124),(124,84,126),(84,85,126),(126,85,128),(85,86,128),(131,132,130),(130,132,129),(132,127,129),(116,113,112),(95,80,133),(133,80,110),(134,96,135),(135,96,109),(135,109,136),(136,109,108),(136,108,137),(137,108,138),(137,138,139),(139,138,140),(140,138,141),(140,141,142),(142,141,106),(142,106,105),(108,107,138),(138,107,141),(107,106,141),(142,105,143),(143,105,104),(143,104,144),(144,104,103),(144,103,102),(144,102,145),(145,102,101),(145,101,146),(146,101,100),(146,100,99),(98,147,99),(99,147,148),(99,148,146),(146,148,149),(146,149,145),(98,95,147),(147,95,133),(147,133,150),(150,148,147),(145,151,144),(144,151,152),(144,152,143),(143,152,153),(143,153,154),(143,154,142),(142,154,140),(139,155,137),(137,155,136),(136,155,135),(135,155,134),(87,96,131),(131,96,134),(156,110,157),(157,110,114),(157,114,113),(157,113,158),(158,113,116),(158,116,115),(158,115,159),(159,115,118),(159,118,119),(159,119,160),(160,119,121),(160,121,123),(123,125,160),(160,125,127),(160,127,132),(132,131,160),(160,131,161),(160,161,159),(159,161,158),(161,156,158),(158,156,157),(110,156,133),(133,156,162),(134,155,163),(163,155,139),(163,139,140),(163,140,164),(164,140,154),(164,154,153),(153,152,164),(164,152,151),(164,151,145),(164,145,165),(165,145,149),(165,149,148),(165,148,166),(166,148,150),(166,150,133),(133,162,166),(166,162,165),(162,163,165),(165,163,164),(131,134,161),(161,134,163),(161,167,156),(156,167,168),(156,168,169),(169,168,170),(170,168,167),(170,167,171),(171,167,161),(171,161,172),(172,161,173),(172,173,174),(172,174,171),(171,174,170),(156,169,162),(162,169,175),(162,176,163),(163,176,177),(163,177,178),(178,177,179),(179,177,176),(179,176,180),(180,176,181),(180,181,175),(175,181,162),(162,181,176),(161,163,173),(173,163,178),(170,182,169),(169,182,183),(169,183,184),(184,183,185),(184,185,186),(186,185,187),(186,187,188),(188,187,189),(188,189,190),(190,189,191),(190,191,173),(173,191,174),(174,191,192),(174,192,193),(193,192,194),(193,194,183),(183,194,185),(182,170,193),(193,170,174),(173,195,190),(190,195,196),(190,196,188),(188,196,197),(188,197,186),(195,197,196),(193,183,182),(194,192,189),(189,192,191),(189,187,194),(194,187,185),(169,184,175),(175,184,198),(179,199,178),(178,199,200),(178,200,201),(201,200,202),(201,202,203),(203,202,204),(203,204,205),(205,204,206),(205,206,207),(207,206,208),(207,208,175),(175,208,180),(180,208,209),(180,209,210),(210,209,211),(210,211,200),(200,211,202),(199,179,210),(210,179,180),(175,198,207),(207,198,212),(207,212,205),(205,212,213),(205,213,203),(198,213,212),(210,200,199),(211,209,206),(206,209,208),(206,204,211),(211,204,202),(173,178,195),(195,178,201),(186,214,184),(184,214,215),(184,215,216),(216,215,217),(216,217,218),(218,217,219),(218,219,220),(220,219,195),(220,195,221),(214,186,222),(222,186,197),(222,197,223),(223,197,195),(223,195,219),(224,225,221),(221,225,226),(221,226,220),(220,226,227),(220,227,218),(218,227,228),(218,228,216),(216,228,229),(216,229,184),(229,230,224),(224,230,231),(224,231,225),(225,231,226),(230,229,228),(215,214,222),(219,217,223),(223,217,222),(217,215,222),(228,227,230),(230,227,231),(227,226,231),(184,229,198),(198,229,232),(203,233,201),(201,233,234),(201,234,235),(235,234,236),(235,236,237),(237,236,238),(237,238,239),(239,238,198),(239,198,232),(203,213,233),(233,213,240),(233,240,234),(234,240,236),(240,213,241),(241,213,198),(241,198,238),(239,232,242),(242,232,243),(242,243,244),(244,243,245),(244,245,237),(237,245,235),(243,246,245),(245,246,235),(246,201,235),(236,240,241),(238,236,241),(239,242,244),(239,244,237),(195,201,221),(221,201,246),(224,247,229),(229,247,248),(229,248,249),(249,248,250),(249,250,251),(251,250,252),(251,252,253),(253,252,254),(253,254,255),(255,254,256),(255,256,257),(221,258,224),(224,258,259),(224,259,247),(247,259,248),(258,221,260),(260,221,256),(260,256,254),(249,251,257),(257,251,253),(257,253,255),(259,258,261),(261,258,260),(261,260,252),(252,260,254),(250,248,261),(261,248,259),(250,261,252),(229,249,232),(232,249,262),(243,263,246),(246,263,264),(246,264,265),(265,264,266),(265,266,267),(267,266,268),(267,268,269),(269,268,270),(269,270,262),(262,270,232),(232,270,271),(232,271,243),(243,271,272),(243,272,263),(263,272,264),(262,267,269),(272,271,273),(273,271,270),(273,270,268),(273,268,266),(266,264,273),(273,264,272),(221,246,256),(256,246,265),(274,249,275),(275,249,257),(275,257,276),(276,257,277),(276,277,278),(278,277,279),(279,277,256),(256,277,257),(276,278,275),(275,278,274),(249,274,262),(262,274,280),(281,265,282),(282,265,267),(282,267,283),(283,267,284),(283,284,285),(285,284,280),(280,284,262),(262,284,267),(283,285,282),(282,285,281),(256,265,279),(279,265,281),(286,274,287),(287,274,278),(287,278,279),(279,288,287),(287,288,286),(274,286,280),(280,286,289),(290,281,291),(291,281,285),(291,285,280),(280,289,291),(291,289,290),(279,281,288),(288,281,290),(292,286,293),(293,286,288),(293,288,294),(294,292,293),(286,292,289),(289,292,295),(296,290,297),(297,290,289),(297,289,295),(295,296,297),(288,290,294),(294,290,296),(14,292,298),(298,292,294),(298,294,27),(27,14,298),(292,14,295),(295,14,299),(300,296,301),(301,296,295),(301,295,299),(299,300,301),(294,296,27),(27,296,300),(14,21,299),(299,21,302),(6,303,2),(2,303,304),(2,304,4),(4,304,305),(4,305,29),(29,305,306),(29,306,302),(302,306,307),(302,307,308),(308,307,306),(308,306,309),(309,306,305),(309,305,304),(300,310,6),(6,310,311),(6,311,303),(303,311,312),(303,312,313),(313,312,314),(313,314,315),(315,314,299),(315,299,302),(299,316,300),(300,316,317),(300,317,310),(310,317,316),(310,316,318),(318,316,319),(318,319,320),(320,319,299),(320,299,314),(315,302,308),(309,304,313),(313,304,303),(308,309,315),(315,309,313),(316,299,319),(311,310,318),(314,312,320),(320,312,318),(312,311,318),(6,5,300),(300,5,27),(19,321,21),(21,321,322),(21,322,34),(34,322,321),(34,321,35),(35,321,323),(35,323,19),(19,323,321),(21,34,302),(302,34,36),(302,324,29),(29,324,325),(29,325,37),(37,325,324),(37,324,36),(36,324,326),(36,326,302),(302,326,324),(19,29,35),(35,29,37)),$);
#878= IFCSHAPEREPRESENTATION(#178,'Body','Tessellation',(#877));
#879= IFCPRODUCTDEFINITIONSHAPE($,$,(#878));
#880= IFCCARTESIANPOINT((505218.549667,1707727.309194,370.074828));
#881= IFCAXIS2PLACEMENT3D(#880,$,$);
#882= IFCLOCALPLACEMENT(#5,#881);
#883= IFCBUILTELEMENT('0kXy$R9fLBtxPshmlzg42I',$,'BTN 12.5',$,$,#882,#879,'60EDE');
#884= IFCSTYLEDITEM(#877,(#189),'BTN 12.5');
#885= IFCPROPERTYSINGLEVALUE('Area',$,IFCREAL(273.39942608077),$);
#886= IFCPROPERTYSINGLEVALUE('Bounds',$,IFCLABEL('((505211.43987794616,1707716.9007921286,369.807230570386),(505225.6594267328,1707737.7176197276,370.33835364442876))'),$);
#887= IFCPROPERTYSET('1bX0ShPFoNY_l8PuDjMT2p',$,'Properties',$,(#39,#40,#41,#42,#43,#44,#47,#48,#49,#50,#51,#52,#53,#54,#55,#56,#57,#59,#60,#193,#194,#195,#196,#197,#198,#199,#885,#886));
#888= IFCRELDEFINESBYPROPERTIES('36mf3jmgiV4mB83PYdCYCB',$,$,$,(#883),#887);
#889= IFCPROPERTYSET('3VyU9BVkL8Yu4$hDaOsoS2',$,'Misc',$,(#85,#87,#88,#203));
#890= IFCRELDEFINESBYPROPERTIES('1TV_kXSKAgPyAzENDlxnXV',$,$,$,(#883),#889);
#891= IFCPROPERTYSET('1DigeyR15E1QLDX$cFc8DC',$,'3D Visualization',$,(#91,#92,#93));
#892= IFCRELDEFINESBYPROPERTIES('2G3jq$dSCBaeic6dUbhNGb',$,$,$,(#883),#891);
#893= IFCPROPERTYSET('2VEDeToj5FqKLs4sR3TaNH',$,'General',$,(#72,#74,#75,#76,#77,#208));
#894= IFCRELDEFINESBYPROPERTIES('014s69IGf8cC7BcPWULYur',$,$,$,(#883),#893);
#895= IFCPROPERTYSET('1$DuiMA2xVjSPW_jOAwOBf',$,'Geometry',$,(#82));
#896= IFCRELDEFINESBYPROPERTIES('1TLSf9dg9FfkZn1NagxXI7',$,$,$,(#883),#895);
#897= IFCPROPERTYSINGLEVALUE('HorizontalBaselineHandle',$,IFCLABEL('5D214'),$);
#898= IFCPROPERTYSINGLEVALUE('VerticalBaselineHandle',$,IFCLABEL('5D254'),$);
#899= IFCPROPERTYSINGLEVALUE('BaselineGuid',$,IFCLABEL('{4950E8B2-6F9F-43A1-965B-32DE60C3ADB4}'),$);
#900= IFCPROPERTYSINGLEVALUE('RegionGuid',$,IFCLABEL('{84591A4A-A3B2-4669-B63C-40119AB9ECAA}'),$);
#901= IFCPROPERTYSET('3z2mUnhaeI_kscNKL08767',$,'Corridor Identity',$,(#221,#224,#456,#457,#458,#461,#509,#856,#897,#898,#899,#900));
#902= IFCRELDEFINESBYPROPERTIES('14r4MXqdaS$75ZSkIZsetu',$,$,$,(#883),#901);
#903= IFCPROPERTYSINGLEVALUE('BaselineName',$,IFCLABEL('BL - Intersection - (9) - SW - Quadrant - (57)'),$);
#904= IFCPROPERTYSINGLEVALUE('HorizontalBaseline',$,IFCLABEL('Intersection - (9) - SW - Quadrant'),$);
#905= IFCPROPERTYSINGLEVALUE('VerticalBaseline',$,IFCLABEL('Intersection - (9) - SW - Quadrant - Profile'),$);
#906= IFCPROPERTYSINGLEVALUE('RegionName',$,IFCLABEL('RG - LEFT - (56)'),$);
#907= IFCPROPERTYSET('3DJEkRoC5gF3r8m6R58OnZ',$,'Corridor Model Information',$,(#863,#903,#904,#905,#906));
#908= IFCRELDEFINESBYPROPERTIES('3_5flrSCw9x4ub$5XqpQDA',$,$,$,(#883),#907);
#909= IFCPROPERTYSINGLEVALUE('Volume',$,IFCVOLUMEMEASURE(8.08491459921666),$);
#910= IFCPROPERTYSET('2cYuzUNJrezV4wB_lvT9$Q',$,'Corridor Shape Information',$,(#234,#235,#472,#473,#518,#909));
#911= IFCRELDEFINESBYPROPERTIES('2rL8vI2D$lDoFxTg1Ojgy1',$,$,$,(#883),#910);
#912= IFCPROPERTYSINGLEVALUE('Kh\X2\1ED1\X0\i l\X2\01B0\X0\\X2\1EE3\X0\ng (m3)',$,IFCREAL(8.08491459921403),$);
#913= IFCPROPERTYSET('15pr5pZieK31o2NGT0VRZ_',$,'Thong_tin_BIM',$,(#242,#243,#244,#249,#250,#251,#252,#253,#479,#523,#524,#912));
#914= IFCRELDEFINESBYPROPERTIES('0JUfU_R1EkYDrxi72rfeon',$,$,$,(#883),#913);
#915= IFCCARTESIANPOINTLIST3D(((-0.628375,1.852153,0.075615),(1.857928,-0.611193,0.004029),(-0.628393,1.852173,0.015615),(1.85791,-0.611173,-0.055971),(-1.85791,0.611173,0.055971),(-1.857928,0.611193,-0.004029),(0.628393,-1.852173,-0.015615),(0.628375,-1.852153,-0.075615)),$);
#916= IFCTRIANGULATEDFACESET(#915,$,$,((1,2,3),(3,2,4),(5,6,7),(7,6,8),(1,5,2),(2,5,7),(2,7,4),(4,7,8),(3,4,6),(6,4,8),(1,3,5),(5,3,6)),$);
#917= IFCSHAPEREPRESENTATION(#178,'Body','Tessellation',(#916));
#918= IFCPRODUCTDEFINITIONSHAPE($,$,(#917));
#919= IFCCARTESIANPOINT((505216.323094,1707716.289747,369.884777));
#920= IFCAXIS2PLACEMENT3D(#919,$,$);
#921= IFCLOCALPLACEMENT(#5,#920);
#922= IFCBUILTELEMENT('2uS6ztPJ90EQuNNoDd_PR6',$,'BTN 12.5',$,$,#921,#918,'60EEC');
#923= IFCSTYLEDITEM(#916,(#189),'BTN 12.5');
#924= IFCPROPERTYSINGLEVALUE('Area',$,IFCREAL(12.8614099133049),$);
#925= IFCPROPERTYSINGLEVALUE('Bounds',$,IFCLABEL('((505214.46514367044,1707714.437544449,369.80877493641816),(505218.1810447784,1707718.1419492394,369.960778388301))'),$);
#926= IFCPROPERTYSET('0sQqRVaSFvGwLfqGtI6Wc_',$,'Properties',$,(#39,#40,#41,#42,#43,#44,#47,#48,#49,#50,#51,#52,#53,#54,#55,#56,#57,#59,#60,#193,#194,#195,#196,#197,#198,#199,#924,#925));
#927= IFCRELDEFINESBYPROPERTIES('2dxy6y2rkDMIEkn_yycd3v',$,$,$,(#922),#926);
#928= IFCPROPERTYSET('0lyPGD__qxEjbV6KXNvm1e',$,'Misc',$,(#85,#87,#88,#203));
#929= IFCRELDEFINESBYPROPERTIES('3bymQmvjwoejEnZWXzR1YS',$,$,$,(#922),#928);
#930= IFCPROPERTYSET('3fKmBdAAFVxsjQXj3db90v',$,'3D Visualization',$,(#91,#92,#93));
#931= IFCRELDEFINESBYPROPERTIES('3vjHjeB0zcfRbQlAlZz6tT',$,$,$,(#922),#930);
#932= IFCPROPERTYSET('1J8kYhayuLEmH4UZ0BQiVo',$,'General',$,(#72,#74,#75,#76,#77,#208));
#933= IFCRELDEFINESBYPROPERTIES('1Lj9a5r9ghKqMSISGRslFz',$,$,$,(#922),#932);
#934= IFCPROPERTYSET('2OjYAa87gn$3OArspwx0mk',$,'Geometry',$,(#82));
#935= IFCRELDEFINESBYPROPERTIES('22n$UZ3II5aEIDPHdFypIP',$,$,$,(#922),#934);
#936= IFCPROPERTYSINGLEVALUE('HorizontalBaselineHandle',$,IFCLABEL('5C78C'),$);
#937= IFCPROPERTYSINGLEVALUE('VerticalBaselineHandle',$,IFCLABEL('5CEF1'),$);
#938= IFCPROPERTYSINGLEVALUE('BaselineGuid',$,IFCLABEL('{CCDEDC47-C402-4CC4-965A-EEAE99CF2D68}'),$);
#939= IFCPROPERTYSINGLEVALUE('RegionGuid',$,IFCLABEL('{375A3F58-4AA1-4AC1-BC76-7B233AA5656D}'),$);
#940= IFCPROPERTYSET('1J4xopTHjwsS2VORayRo$b',$,'Corridor Identity',$,(#218,#221,#224,#550,#551,#554,#555,#856,#936,#937,#938,#939));
#941= IFCRELDEFINESBYPROPERTIES('3zoAeFVFkEZ7QzCyV2TLel',$,$,$,(#922),#940);
#942= IFCPROPERTYSINGLEVALUE('BaselineName',$,IFCLABEL('BL - T6 - (58)'),$);
#943= IFCPROPERTYSINGLEVALUE('HorizontalBaseline',$,IFCLABEL('Tuyen_T6'),$);
#944= IFCPROPERTYSINGLEVALUE('VerticalBaseline',$,IFCLABEL('DD_T6'),$);
#945= IFCPROPERTYSINGLEVALUE('RegionName',$,IFCLABEL('RG - L3.5m - (57)'),$);
#946= IFCPROPERTYSET('0bvmgTGqKacIhOUsje8L4K',$,'Corridor Model Information',$,(#863,#942,#943,#944,#945));
#947= IFCRELDEFINESBYPROPERTIES('1r4E_V2KMlXIiYCrgMqZ2z',$,$,$,(#922),#946);
#948= IFCPROPERTYSINGLEVALUE('Volume',$,IFCVOLUMEMEASURE(0.366856815982626),$);
#949= IFCPROPERTYSET('0AfW9SvSgk2kMzHvlq7VDa',$,'Corridor Shape Information',$,(#234,#235,#564,#565,#566,#948));
#950= IFCRELDEFINESBYPROPERTIES('3LyblvUztAvEbfpJ2vYvDz',$,$,$,(#922),#949);
#951= IFCPROPERTYSINGLEVALUE('Kh\X2\1ED1\X0\i l\X2\01B0\X0\\X2\1EE3\X0\ng (m3)',$,IFCREAL(0.366856815990171),$);
#952= IFCPROPERTYSET('0Rkw2CI4U$FVi8O2qJ483z',$,'Thong_tin_BIM',$,(#242,#243,#244,#249,#250,#251,#252,#253,#571,#572,#573,#951));
#953= IFCRELDEFINESBYPROPERTIES('2UWGN$BMngRYFRfNrAcZgd',$,$,$,(#922),#952);
#954= IFCCARTESIANPOINTLIST3D(((2.275974,4.783538,0.122018),(4.762277,2.320192,0.050432),(2.275955,4.783558,0.062018),(4.762258,2.320212,-0.009568),(-4.762258,-2.320212,0.009568),(-4.762277,-2.320192,-0.050432),(-2.275955,-4.783558,-0.062018),(-2.275974,-4.783538,-0.122018),(2.20901,4.71595,0.120948),(4.695313,2.252604,0.049362),(4.695294,2.252624,-0.010638),(2.208991,4.71597,0.060948),(1.179416,3.676772,0.104498),(3.665719,1.213426,0.032912),(3.6657,1.213446,-0.027088),(1.179397,3.676792,0.044499),(0.801363,3.2952,0.098458),(3.287666,0.831854,0.026872),(3.287647,0.831874,-0.033128),(0.801344,3.29522,0.038458),(-0.606283,1.87445,0.075968),(1.88002,-0.588896,0.004382),(1.880001,-0.588876,-0.055618),(-0.606302,1.87447,0.015968),(-2.01393,0.4537,0.053478),(0.472373,-2.009646,-0.018108),(0.472354,-2.009626,-0.078108),(-2.013949,0.45372,-0.006522),(-3.421576,-0.96705,0.030988),(-0.935273,-3.430395,-0.040598),(-0.935292,-3.430376,-0.100598),(-3.421595,-0.96703,-0.029012),(-3.532723,-1.079231,0.029213),(-1.04642,-3.542577,-0.042374),(-1.046439,-3.542557,-0.102374),(-3.532742,-1.079212,-0.030787),(-3.534835,-1.081362,0.029179),(-1.048532,-3.544708,-0.042408),(-1.048551,-3.544689,-0.102408),(-3.534854,-1.081343,-0.030821)),$);
#955= IFCTRIANGULATEDFACESET(#954,$,$,((1,2,3),(3,2,4),(5,6,7),(7,6,8),(1,9,2),(2,9,10),(2,10,4),(4,10,11),(3,4,12),(12,4,11),(1,3,9),(9,3,12),(9,13,10),(10,13,14),(10,14,11),(11,14,15),(12,11,16),(16,11,15),(9,12,13),(13,12,16),(13,17,14),(14,17,18),(14,18,15),(15,18,19),(16,15,20),(20,15,19),(13,16,17),(17,16,20),(17,21,18),(18,21,22),(18,22,19),(19,22,23),(20,19,24),(24,19,23),(17,20,21),(21,20,24),(21,25,22),(22,25,26),(22,26,23),(23,26,27),(24,23,28),(28,23,27),(21,24,25),(25,24,28),(25,29,26),(26,29,30),(26,30,27),(27,30,31),(28,27,32),(32,27,31),(25,28,29),(29,28,32),(29,33,30),(30,33,34),(30,34,31),(31,34,35),(32,31,36),(36,31,35),(29,32,33),(33,32,36),(33,37,34),(34,37,38),(34,38,35),(35,38,39),(36,35,40),(40,35,39),(33,36,37),(37,36,40),(37,5,38),(38,5,7),(38,7,39),(39,7,8),(40,39,6),(6,39,8),(37,40,5),(5,40,6)),$);
#956= IFCSHAPEREPRESENTATION(#178,'Body','Tessellation',(#955));
#957= IFCPRODUCTDEFINITIONSHAPE($,$,(#956));
#958= IFCCARTESIANPOINT((505212.18921,1707712.117382,369.81873));
#959= IFCAXIS2PLACEMENT3D(#958,$,$);
#960= IFCLOCALPLACEMENT(#5,#959);
#961= IFCBUILTELEMENT('1Wg5JCYmL83h6AhEexRAe7',$,'BTN 12.5',$,$,#960,#957,'60EFA');
#962= IFCSTYLEDITEM(#955,(#189),'BTN 12.5');
#963= IFCPROPERTYSINGLEVALUE('Area',$,IFCREAL(71.6384145999526),$);
#964= IFCPROPERTYSINGLEVALUE('Bounds',$,IFCLABEL('((505207.4269112141,1707707.3337644984,369.6944999001353),(505216.9515097551,1707716.9009990853,369.9429591832714))'),$);
#965= IFCPROPERTYSET('3iDicV3Arl00RJTU134kM_',$,'Properties',$,(#39,#40,#41,#42,#43,#44,#45,#46,#47,#48,#49,#50,#51,#52,#53,#54,#55,#56,#57,#59,#60,#193,#197,#299,#300,#301,#963,#964));
#966= IFCRELDEFINESBYPROPERTIES('1hZDofLrZQQjTQOxnh0zU6',$,$,$,(#961),#965);
#967= IFCPROPERTYSET('1KhuRGgi8Ap2NS8iN3LfNp',$,'Misc',$,(#85,#87,#88,#203));
#968= IFCRELDEFINESBYPROPERTIES('3q8$yCN6qrNc7W4wbwRLFu',$,$,$,(#961),#967);
#969= IFCPROPERTYSET('1OK$S2hHJZQzgXHFr71ODi',$,'3D Visualization',$,(#91,#92,#93));
#970= IFCRELDEFINESBYPROPERTIES('1$NuD33XUTf$ZOC5JeLlwy',$,$,$,(#961),#969);
#971= IFCPROPERTYSET('31Z0y6P7B2bMhVQosS0EFM',$,'General',$,(#72,#74,#75,#76,#77,#208));
#972= IFCRELDEFINESBYPROPERTIES('1GqDrCdhT$GTipAnSe27ct',$,$,$,(#961),#971);
#973= IFCPROPERTYSET('1FBNcCeofgKoxGel2NCSLp',$,'Geometry',$,(#82));
#974= IFCRELDEFINESBYPROPERTIES('1qS5TlJJtqyui7E_DM91VM',$,$,$,(#961),#973);
#975= IFCPROPERTYSINGLEVALUE('RegionGuid',$,IFCLABEL('{1AFB21C9-4410-4893-97D1-47E18D3D0C09}'),$);
#976= IFCPROPERTYSET('1b4sGFUC_p41esvz2kRDD7',$,'Corridor Identity',$,(#218,#221,#224,#597,#598,#600,#601,#856,#936,#937,#938,#975));
#977= IFCRELDEFINESBYPROPERTIES('0MSYf$glUOnVwc8YuD0TAC',$,$,$,(#961),#976);
#978= IFCPROPERTYSINGLEVALUE('RegionName',$,IFCLABEL('RG - 3m5 - (58)'),$);
#979= IFCPROPERTYSET('3IKdAQqRGqttGmzAHhEghG',$,'Corridor Model Information',$,(#863,#942,#943,#944,#978));
#980= IFCRELDEFINESBYPROPERTIES('0mPP_sdgDSt3ojNIXSPHKV',$,$,$,(#961),#979);
#981= IFCPROPERTYSINGLEVALUE('Volume',$,IFCVOLUMEMEASURE(2.10000000007127),$);
#982= IFCPROPERTYSET('3LVPJQ_64MxMB7Npyt$WAW',$,'Corridor Shape Information',$,(#234,#235,#607,#608,#609,#981));
#983= IFCRELDEFINESBYPROPERTIES('1jtteT9j4tevCiUEoCaFGI',$,$,$,(#961),#982);
#984= IFCPROPERTYSINGLEVALUE('Kh\X2\1ED1\X0\i l\X2\01B0\X0\\X2\1EE3\X0\ng (m3)',$,IFCREAL(2.10000000011449),$);
#985= IFCPROPERTYSET('088iI29VYa2kEtjw0vALjz',$,'Thong_tin_BIM',$,(#242,#243,#244,#249,#250,#251,#252,#253,#614,#615,#616,#984));
#986= IFCRELDEFINESBYPROPERTIES('0cyZdOeWIJzIjsNllZNHWN',$,$,$,(#961),#985);
#987= IFCCARTESIANPOINTLIST3D(((4.762299,2.320169,0.120432),(4.76228,2.320189,0.060432),(2.275952,4.783561,0.052018),(2.275933,4.78358,-0.007982),(-2.275933,-4.78358,0.007982),(-4.76228,-2.320189,-0.060432),(-2.275952,-4.783561,-0.052018),(-4.762299,-2.320169,-0.120432),(4.695335,2.252581,0.119362),(2.208988,4.715973,0.050948),(2.208969,4.715993,-0.009052),(4.695316,2.252601,0.059362),(3.665741,1.213403,0.102912),(1.179394,3.676795,0.034499),(1.179375,3.676815,-0.025501),(3.665722,1.213423,0.042912),(3.287688,0.831831,0.096872),(0.801341,3.295223,0.028458),(0.801322,3.295243,-0.031542),(3.287669,0.831851,0.036872),(1.880042,-0.588918,0.074382),(-0.606305,1.874473,0.005968),(-0.606324,1.874493,-0.054032),(1.880023,-0.588899,0.014382),(0.472395,-2.009668,0.051892),(-2.013952,0.453723,-0.016522),(-2.013971,0.453743,-0.076522),(0.472376,-2.009649,-0.008108),(-0.935251,-3.430418,0.029402),(-3.421598,-0.967027,-0.039012),(-3.421617,-0.967007,-0.099012),(-0.93527,-3.430399,-0.030598),(-1.046398,-3.5426,0.027626),(-3.532745,-1.079208,-0.040787),(-3.532764,-1.079189,-0.100787),(-1.046417,-3.54258,-0.032374),(-1.04851,-3.544731,0.027592),(-3.534857,-1.081339,-0.040821),(-3.534876,-1.08132,-0.100821),(-1.048529,-3.544711,-0.032408)),$);
#988= IFCTRIANGULATEDFACESET(#987,$,$,((1,2,3),(3,2,4),(5,6,7),(7,6,8),(1,3,9),(9,3,10),(3,4,10),(10,4,11),(2,12,4),(4,12,11),(1,9,2),(2,9,12),(9,10,13),(13,10,14),(10,11,14),(14,11,15),(12,16,11),(11,16,15),(9,13,12),(12,13,16),(13,14,17),(17,14,18),(14,15,18),(18,15,19),(16,20,15),(15,20,19),(13,17,16),(16,17,20),(17,18,21),(21,18,22),(18,19,22),(22,19,23),(20,24,19),(19,24,23),(17,21,20),(20,21,24),(21,22,25),(25,22,26),(22,23,26),(26,23,27),(24,28,23),(23,28,27),(21,25,24),(24,25,28),(25,26,29),(29,26,30),(26,27,30),(30,27,31),(28,32,27),(27,32,31),(25,29,28),(28,29,32),(29,30,33),(33,30,34),(30,31,34),(34,31,35),(32,36,31),(31,36,35),(29,33,32),(32,33,36),(33,34,37),(37,34,38),(34,35,38),(38,35,39),(36,40,35),(35,40,39),(33,37,36),(36,37,40),(37,38,5),(5,38,6),(38,39,6),(6,39,8),(40,7,39),(39,7,8),(37,5,40),(40,5,7)),$);
#989= IFCSHAPEREPRESENTATION(#178,'Body','Tessellation',(#988));
#990= IFCPRODUCTDEFINITIONSHAPE($,$,(#989));
#991= IFCCARTESIANPOINT((505209.702885,1707714.580751,369.820316));
#992= IFCAXIS2PLACEMENT3D(#991,$,$);
#993= IFCLOCALPLACEMENT(#5,#992);
#994= IFCBUILTELEMENT('3EgQWkt1HD3ew0Fn09EgJ0',$,'BTN 12.5',$,$,#993,#990,'60F03');
#995= IFCSTYLEDITEM(#988,(#189),'BTN 12.5');
#996= IFCPROPERTYSINGLEVALUE('Area',$,IFCREAL(71.6384145997441),$);
#997= IFCPROPERTYSINGLEVALUE('Bounds',$,IFCLABEL('((505204.9405862288,1707709.797133239,369.6960864261094),(505214.4651847697,1707719.3643678257,369.944545709245))'),$);
#998= IFCPROPERTYSET('2ELMbA96gm8tvtCq6S89dS',$,'Properties',$,(#39,#40,#41,#42,#43,#44,#45,#46,#47,#48,#49,#50,#51,#52,#53,#54,#55,#56,#57,#59,#60,#193,#197,#299,#300,#301,#996,#997));
#999= IFCRELDEFINESBYPROPERTIES('1hgGHqXvT9Er8LsurMAM_h',$,$,$,(#994),#998);
#1000= IFCPROPERTYSET('02VckozH19W9$6hiWIoRP5',$,'Misc',$,(#85,#87,#88,#203));
#1001= IFCRELDEFINESBYPROPERTIES('1YhqZsWg9LIHEupY4bKEWC',$,$,$,(#994),#1000);
#1002= IFCPROPERTYSET('3MMXgUjZsJgvbhAAIq6J92',$,'3D Visualization',$,(#91,#92,#93));
#1003= IFCRELDEFINESBYPROPERTIES('2$$p_ruhjPkmM1wj6z2whN',$,$,$,(#994),#1002);
#1004= IFCPROPERTYSET('2Bo_2Fc6kFUDEJNukTrPPi',$,'General',$,(#72,#74,#75,#76,#77,#208));
#1005= IFCRELDEFINESBYPROPERTIES('0E476FO41eGN$G6c4aTqjE',$,$,$,(#994),#1004);
#1006= IFCPROPERTYSET('02ED_bJPT90o0iIApiL33Q',$,'Geometry',$,(#82));
#1007= IFCRELDEFINESBYPROPERTIES('29REF$sXkXoGFX9$jYOb49',$,$,$,(#994),#1006);
#1008= IFCPROPERTYSET('1j984KcTKSF_Kd49yTXPlr',$,'Corridor Identity',$,(#218,#221,#224,#597,#600,#601,#640,#856,#936,#937,#938,#975));
#1009= IFCRELDEFINESBYPROPERTIES('1wtcidwa28EWwxuo3w36rk',$,$,$,(#994),#1008);
#1010= IFCPROPERTYSET('2ytU_eozE5MdM5Yor8MeOm',$,'Corridor Model Information',$,(#863,#942,#943,#944,#978));
#1011= IFCRELDEFINESBYPROPERTIES('1R5b4iyJ9sl2t_dFpuCwmC',$,$,$,(#994),#1010);
#1012= IFCPROPERTYSINGLEVALUE('Volume',$,IFCVOLUMEMEASURE(2.10000000007594),$);
#1013= IFCPROPERTYSET('3u7XoeGpNAul_TlUTLovmC',$,'Corridor Shape Information',$,(#234,#282,#607,#608,#609,#1012));
#1014= IFCRELDEFINESBYPROPERTIES('2ZU6v3F0f5aZdQXpNooMz3',$,$,$,(#994),#1013);
#1015= IFCPROPERTYSINGLEVALUE('Kh\X2\1ED1\X0\i l\X2\01B0\X0\\X2\1EE3\X0\ng (m3)',$,IFCREAL(2.10000000026958),$);
#1016= IFCPROPERTYSET('3B_Q9tlEbar8OSLHsheCW$',$,'Thong_tin_BIM',$,(#242,#243,#244,#249,#250,#251,#252,#253,#614,#615,#616,#1015));
#1017= IFCRELDEFINESBYPROPERTIES('3BNPuTHbDpuyS5A9SITQY1',$,$,$,(#994),#1016);
#1018= IFCCARTESIANPOINTLIST3D(((-5.412854,1.396518,0.17431),(-2.130463,5.168247,0.074512),(-5.412873,1.396537,0.11431),(-2.130482,5.168267,0.014512),(2.130482,-5.168267,-0.014512),(2.130463,-5.168247,-0.074512),(5.412873,-1.396537,-0.11431),(5.412854,-1.396518,-0.17431),(-4.261879,0.394852,0.145499),(-0.979488,4.166582,0.045701),(-0.979507,4.166601,-0.014299),(-4.261898,0.394871,0.085499),(-2.753212,-0.918105,0.107735),(0.529179,2.853625,0.007937),(0.52916,2.853644,-0.052063),(-2.753231,-0.918086,0.047735),(-1.244545,-2.231062,0.069971),(2.037846,1.540668,-0.029828),(2.037828,1.540687,-0.089828),(-1.244564,-2.231043,0.009971),(0.264122,-3.544019,0.032206),(3.546514,0.227711,-0.067592),(3.546495,0.22773,-0.127592),(0.264103,-3.544,-0.027794),(1.772789,-4.856976,-0.005558),(5.055181,-1.085246,-0.105357),(5.055162,-1.085227,-0.165357),(1.772771,-4.856956,-0.065558)),$);
#1019= IFCTRIANGULATEDFACESET(#1018,$,$,((1,2,3),(3,2,4),(5,6,7),(7,6,8),(1,9,2),(2,9,10),(2,10,4),(4,10,11),(3,4,12),(12,4,11),(1,3,9),(9,3,12),(9,13,10),(10,13,14),(10,14,11),(11,14,15),(12,11,16),(16,11,15),(9,12,13),(13,12,16),(13,17,14),(14,17,18),(14,18,15),(15,18,19),(16,15,20),(20,15,19),(13,16,17),(17,16,20),(17,21,18),(18,21,22),(18,22,19),(19,22,23),(20,19,24),(24,19,23),(17,20,21),(21,20,24),(21,25,22),(22,25,26),(22,26,23),(23,26,27),(24,23,28),(28,23,27),(21,24,25),(25,24,28),(25,5,26),(26,5,7),(26,7,27),(27,7,8),(28,27,6),(6,27,8),(25,28,5),(5,28,6)),$);
#1020= IFCSHAPEREPRESENTATION(#178,'Body','Tessellation',(#1019));
#1021= IFCPRODUCTDEFINITIONSHAPE($,$,(#1020));
#1022= IFCCARTESIANPOINT((505212.591983,1707742.885716,370.351834));
#1023= IFCAXIS2PLACEMENT3D(#1022,$,$);
#1024= IFCLOCALPLACEMENT(#5,#1023);
#1025= IFCBUILTELEMENT('2Lg4o2BRT6Q99FrJjkQ85y',$,'BTN 12.5',$,$,#1024,#1021,'60F0C');
#1026= IFCSTYLEDITEM(#1019,(#189),'BTN 12.5');
#1027= IFCPROPERTYSINGLEVALUE('Area',$,IFCREAL(101.836977508764),$);
#1028= IFCPROPERTYSINGLEVALUE('Bounds',$,IFCLABEL('((505207.17902050616,1707737.7173885778,370.1762909746838),(505218.00494608784,1707748.0540440567,370.5273775851127))'),$);
#1029= IFCPROPERTYSET('22N8Kf2lzMDTp64F5UieY1',$,'Properties',$,(#39,#40,#41,#42,#43,#44,#45,#46,#47,#48,#49,#50,#51,#52,#53,#54,#55,#56,#57,#59,#60,#193,#197,#299,#300,#301,#1027,#1028));
#1030= IFCRELDEFINESBYPROPERTIES('30X1irhOIA6tuLIi__rpyS',$,$,$,(#1025),#1029);
#1031= IFCPROPERTYSET('1Fls18kDK5tYQyv3pPvcow',$,'Misc',$,(#85,#87,#88,#203));
#1032= IFCRELDEFINESBYPROPERTIES('20HRRhEy9AudJMA0OgO1Q3',$,$,$,(#1025),#1031);
#1033= IFCPROPERTYSET('1xw3EqawtcwgGTo$QQ8GLk',$,'3D Visualization',$,(#91,#92,#93));
#1034= IFCRELDEFINESBYPROPERTIES('16Sd986QrX9nrO5bTrX_r4',$,$,$,(#1025),#1033);
#1035= IFCPROPERTYSET('1TR$_Ljy4IDUPzZR7EoL0d',$,'General',$,(#72,#74,#75,#76,#77,#208));
#1036= IFCRELDEFINESBYPROPERTIES('1IzSvFmEJzvPoX0Ycg3JsO',$,$,$,(#1025),#1035);
#1037= IFCPROPERTYSET('3hq8fIUWOloyt21bll03Z3',$,'Geometry',$,(#82));
#1038= IFCRELDEFINESBYPROPERTIES('1EDSeCMc9faifGhxE$uoaQ',$,$,$,(#1025),#1037);
#1039= IFCPROPERTYSINGLEVALUE('BaselineGuid',$,IFCLABEL('{D65B05CF-884B-4CD3-B7A8-692F482F12DB}'),$);
#1040= IFCPROPERTYSINGLEVALUE('RegionGuid',$,IFCLABEL('{DD929B7D-AF0F-46DA-A462-FABCB4F2431F}'),$);
#1041= IFCPROPERTYSINGLEVALUE('StartStation',$,IFCLABEL('0+088.47m'),$);
#1042= IFCPROPERTYSINGLEVALUE('EndStation',$,IFCLABEL('0+098.47m'),$);
#1043= IFCPROPERTYSET('0XeQFerEctAQxcczlE_MLR',$,'Corridor Identity',$,(#214,#215,#216,#217,#218,#221,#224,#856,#1039,#1040,#1041,#1042));
#1044= IFCRELDEFINESBYPROPERTIES('0o0yd7q7oJQbfJryj4w3N0',$,$,$,(#1025),#1043);
#1045= IFCPROPERTYSINGLEVALUE('BaselineName',$,IFCLABEL('BL - T4 - (59)'),$);
#1046= IFCPROPERTYSINGLEVALUE('RegionName',$,IFCLABEL('RG - 5m - (59)'),$);
#1047= IFCPROPERTYSET('2XoaV0n_UbMqonp__s88Hr',$,'Corridor Model Information',$,(#229,#230,#863,#1045,#1046));
#1048= IFCRELDEFINESBYPROPERTIES('1CIQ6pf8e26t1PEbbX99NN',$,$,$,(#1025),#1047);
#1049= IFCPROPERTYSINGLEVALUE('AssemblyStartStation',$,IFCLABEL('0+088.47m'),$);
#1050= IFCPROPERTYSINGLEVALUE('AssemblyEndStation',$,IFCLABEL('0+098.47m'),$);
#1051= IFCPROPERTYSINGLEVALUE('Volume',$,IFCVOLUMEMEASURE(3.00000000006243),$);
#1052= IFCPROPERTYSET('3Ar$cJpiF4uxFtE_cq_2kx',$,'Corridor Shape Information',$,(#234,#235,#236,#1049,#1050,#1051));
#1053= IFCRELDEFINESBYPROPERTIES('3e7hdLud8hU8oi1ZNm$wdU',$,$,$,(#1025),#1052);
#1054= IFCPROPERTYSINGLEVALUE('Kh\X2\1ED1\X0\i l\X2\01B0\X0\\X2\1EE3\X0\ng (m3)',$,IFCREAL(2.99999999989989),$);
#1055= IFCPROPERTYSINGLEVALUE('L\X2\00FD\X0\ tr\X2\00EC\X0\nh \X2\0111\X0\\X2\1EA7\X0\u',$,IFCLABEL('0+088.47m'),$);
#1056= IFCPROPERTYSINGLEVALUE('L\X2\00FD\X0\ tr\X2\00EC\X0\nh cu\X2\1ED1\X0\i',$,IFCLABEL('0+098.47m'),$);
#1057= IFCPROPERTYSET('270Yzk8$22OT_GPnqPGFtT',$,'Thong_tin_BIM',$,(#242,#243,#244,#249,#250,#251,#252,#253,#616,#1054,#1055,#1056));
#1058= IFCRELDEFINESBYPROPERTIES('0mRfUMmoylh1XoQfAOY80p',$,$,$,(#1025),#1057);
#1059= IFCCARTESIANPOINTLIST3D(((-2.130431,5.168215,0.174512),(-2.13045,5.168234,0.114512),(-5.412886,1.39655,0.07431),(-5.412905,1.39657,0.01431),(5.412905,-1.39657,-0.01431),(2.13045,-5.168234,-0.114512),(5.412886,-1.39655,-0.07431),(2.130431,-5.168215,-0.174512),(-0.979456,4.166549,0.145701),(-4.261911,0.394884,0.045499),(-4.26193,0.394904,-0.014501),(-0.979475,4.166568,0.085701),(0.529211,2.853592,0.107937),(-2.753244,-0.918073,0.007735),(-2.753262,-0.918053,-0.052265),(0.529192,2.853612,0.047937),(2.037878,1.540635,0.070172),(-1.244576,-2.23103,-0.030029),(-1.244595,-2.23101,-0.090029),(2.037859,1.540655,0.010172),(3.546545,0.227678,0.032408),(0.264091,-3.543986,-0.067794),(0.264072,-3.543967,-0.127794),(3.546526,0.227698,-0.027592),(5.055212,-1.085279,-0.005357),(1.772758,-4.856943,-0.105558),(1.772739,-4.856924,-0.165558),(5.055193,-1.085259,-0.065357)),$);
#1060= IFCTRIANGULATEDFACESET(#1059,$,$,((1,2,3),(3,2,4),(5,6,7),(7,6,8),(1,3,9),(9,3,10),(3,4,10),(10,4,11),(2,12,4),(4,12,11),(1,9,2),(2,9,12),(9,10,13),(13,10,14),(10,11,14),(14,11,15),(12,16,11),(11,16,15),(9,13,12),(12,13,16),(13,14,17),(17,14,18),(14,15,18),(18,15,19),(16,20,15),(15,20,19),(13,17,16),(16,17,20),(17,18,21),(21,18,22),(18,19,22),(22,19,23),(20,24,19),(19,24,23),(17,21,20),(20,21,24),(21,22,25),(25,22,26),(22,23,26),(26,23,27),(24,28,23),(23,28,27),(21,25,24),(24,25,28),(25,26,5),(5,26,6),(26,27,6),(6,27,8),(28,7,27),(27,7,8),(25,5,28),(28,5,7)),$);
#1061= IFCSHAPEREPRESENTATION(#178,'Body','Tessellation',(#1060));
#1062= IFCPRODUCTDEFINITIONSHAPE($,$,(#1061));
#1063= IFCCARTESIANPOINT((505209.30956,1707739.114019,370.351633));
#1064= IFCAXIS2PLACEMENT3D(#1063,$,$);
#1065= IFCLOCALPLACEMENT(#5,#1064);
#1066= IFCBUILTELEMENT('0pwv65ze5FYxS2IcDhTzPz',$,'BTN 12.5',$,$,#1065,#1062,'60F15');
#1067= IFCSTYLEDITEM(#1060,(#189),'BTN 12.5');
#1068= IFCPROPERTYSINGLEVALUE('Bounds',$,IFCLABEL('((505203.89659766515,1707733.9456913134,370.1760892843583),(505214.7225232468,1707744.2823467923,370.5271758947867))'),$);
#1069= IFCPROPERTYSET('1XNumuS_lESPK71AsfXLg7',$,'Properties',$,(#39,#40,#41,#42,#43,#44,#47,#48,#49,#50,#51,#52,#53,#54,#55,#56,#57,#59,#60,#193,#194,#195,#196,#197,#198,#199,#660,#1068));
#1070= IFCRELDEFINESBYPROPERTIES('3iLwLLn8Jcbr$5ZiXkGki3',$,$,$,(#1066),#1069);
#1071= IFCPROPERTYSET('2TQwWxddBzd1_pnQRxfmam',$,'Misc',$,(#85,#87,#88,#203));
#1072= IFCRELDEFINESBYPROPERTIES('2iFXtJwUrhig7qvagp7wCp',$,$,$,(#1066),#1071);
#1073= IFCPROPERTYSET('3hNwJvsvwoBzZ1FcBCZs7j',$,'3D Visualization',$,(#91,#92,#93));
#1074= IFCRELDEFINESBYPROPERTIES('1GLkf8pp6$4i2HrFKi_VGA',$,$,$,(#1066),#1073);
#1075= IFCPROPERTYSET('1O5VXayiv$i2XxsLLmcvMM',$,'General',$,(#72,#74,#75,#76,#77,#208));
#1076= IFCRELDEFINESBYPROPERTIES('2gz4FhE6TgAAy3IqYP9DrX',$,$,$,(#1066),#1075);
#1077= IFCPROPERTYSET('2Y7Vyl9m$Bub3XnoBselfX',$,'Geometry',$,(#82));
#1078= IFCRELDEFINESBYPROPERTIES('23g$gh3NWvql_jSqTS_r9h',$,$,$,(#1066),#1077);
#1079= IFCPROPERTYSET('08AaiAZlJX$tGnD_CqVR5l',$,'Corridor Identity',$,(#214,#215,#216,#218,#221,#224,#277,#856,#1039,#1040,#1041,#1042));
#1080= IFCRELDEFINESBYPROPERTIES('3MNvRQaJjfr59DXJ_uekTv',$,$,$,(#1066),#1079);
#1081= IFCPROPERTYSET('3BMQDruF$OjSxWlmHNj37J',$,'Corridor Model Information',$,(#229,#230,#863,#1045,#1046));
#1082= IFCRELDEFINESBYPROPERTIES('3HMBFLaw1uShBcAvmP2yRS',$,$,$,(#1066),#1081);
#1083= IFCPROPERTYSINGLEVALUE('Volume',$,IFCVOLUMEMEASURE(3.00000000006221),$);
#1084= IFCPROPERTYSET('0KnJ9IDqO$OdtWa0F0PMFV',$,'Corridor Shape Information',$,(#234,#236,#282,#1049,#1050,#1083));
#1085= IFCRELDEFINESBYPROPERTIES('27eiFBU9IzoT47uFGC54Wv',$,$,$,(#1066),#1084);
#1086= IFCPROPERTYSINGLEVALUE('Kh\X2\1ED1\X0\i l\X2\01B0\X0\\X2\1EE3\X0\ng (m3)',$,IFCREAL(2.99999999987911),$);
#1087= IFCPROPERTYSET('2zk$1OvDNmnE1O4OmT$lsF',$,'Thong_tin_BIM',$,(#242,#243,#244,#249,#250,#251,#252,#253,#616,#1055,#1056,#1086));
#1088= IFCRELDEFINESBYPROPERTIES('07kT3oIzeNuBisGdoMJ8tp',$,$,$,(#1066),#1087);
#1089= IFCCARTESIANPOINTLIST3D(((-11.845983,6.995115,0.335342),(-8.563592,10.766845,0.235544),(-11.846002,6.995135,0.275342),(-8.56361,10.766865,0.175544),(8.56361,-10.766865,-0.175544),(8.563592,-10.766845,-0.235544),(11.846002,-6.995135,-0.275342),(11.845983,-6.995115,-0.335342),(-10.695008,5.993449,0.306531),(-7.412617,9.765179,0.206733),(-7.412636,9.765199,0.146733),(-10.695027,5.993469,0.246531),(-9.186341,4.680493,0.268767),(-5.903949,8.452223,0.168969),(-5.903968,8.452242,0.108969),(-9.18636,4.680512,0.208767),(-7.677674,3.367536,0.231002),(-4.395282,7.139266,0.131204),(-4.395301,7.139285,0.071204),(-7.677693,3.367555,0.171002),(-6.169007,2.054579,0.193238),(-2.886615,5.826309,0.09344),(-2.886634,5.826328,0.03344),(-6.169025,2.054598,0.133238),(-4.660339,0.741622,0.155474),(-1.377948,4.513352,0.055675),(-1.377967,4.513371,-0.004325),(-4.660358,0.741641,0.095474),(-3.151672,-0.571335,0.117709),(0.130719,3.200395,0.017911),(0.1307,3.200414,-0.042089),(-3.151691,-0.571316,0.057709),(-1.643005,-1.884292,0.079945),(1.639387,1.887438,-0.019854),(1.639368,1.887457,-0.079854),(-1.643024,-1.884272,0.019945),(-0.134338,-3.197249,0.04218),(3.148054,0.574481,-0.057618),(3.148035,0.574501,-0.117618),(-0.134357,-3.197229,-0.01782),(1.374329,-4.510206,0.004416),(4.656721,-0.738476,-0.095383),(4.656702,-0.738456,-0.155383),(1.374311,-4.510186,-0.055584),(2.882997,-5.823163,-0.033349),(6.165388,-2.051433,-0.133147),(6.165369,-2.051413,-0.193147),(2.882978,-5.823143,-0.093349),(4.391664,-7.13612,-0.071113),(7.674055,-3.36439,-0.170911),(7.674036,-3.36437,-0.230911),(4.391645,-7.1361,-0.131113),(5.900331,-8.449077,-0.108878),(9.182722,-4.677347,-0.208676),(9.182704,-4.677327,-0.268676),(5.900312,-8.449057,-0.168878),(7.408998,-9.762034,-0.146642),(10.69139,-5.990304,-0.24644),(10.691371,-5.990284,-0.30644),(7.408979,-9.762014,-0.206642)),$);
#1090= IFCTRIANGULATEDFACESET(#1089,$,$,((1,2,3),(3,2,4),(5,6,7),(7,6,8),(1,9,2),(2,9,10),(2,10,4),(4,10,11),(3,4,12),(12,4,11),(1,3,9),(9,3,12),(9,13,10),(10,13,14),(10,14,11),(11,14,15),(12,11,16),(16,11,15),(9,12,13),(13,12,16),(13,17,14),(14,17,18),(14,18,15),(15,18,19),(16,15,20),(20,15,19),(13,16,17),(17,16,20),(17,21,18),(18,21,22),(18,22,19),(19,22,23),(20,19,24),(24,19,23),(17,20,21),(21,20,24),(21,25,22),(22,25,26),(22,26,23),(23,26,27),(24,23,28),(28,23,27),(21,24,25),(25,24,28),(25,29,26),(26,29,30),(26,30,27),(27,30,31),(28,27,32),(32,27,31),(25,28,29),(29,28,32),(29,33,30),(30,33,34),(30,34,31),(31,34,35),(32,31,36),(36,31,35),(29,32,33),(33,32,36),(33,37,34),(34,37,38),(34,38,35),(35,38,39),(36,35,40),(40,35,39),(33,36,37),(37,36,40),(37,41,38),(38,41,42),(38,42,39),(39,42,43),(40,39,44),(44,39,43),(37,40,41),(41,40,44),(41,45,42),(42,45,46),(42,46,43),(43,46,47),(44,43,48),(48,43,47),(41,44,45),(45,44,48),(45,49,46),(46,49,50),(46,50,47),(47,50,51),(48,47,52),(52,47,51),(45,48,49),(49,48,52),(49,53,50),(50,53,54),(50,54,51),(51,54,55),(52,51,56),(56,51,55),(49,52,53),(53,52,56),(53,57,54),(54,57,58),(54,58,55),(55,58,59),(56,55,60),(60,55,59),(53,56,57),(57,56,60),(57,5,58),(58,5,7),(58,7,59),(59,7,8),(60,59,6),(6,59,8),(57,60,5),(5,60,6)),$);
#1091= IFCSHAPEREPRESENTATION(#178,'Body','Tessellation',(#1090));
#1092= IFCPRODUCTDEFINITIONSHAPE($,$,(#1091));
#1093= IFCCARTESIANPOINT((505226.568448,1707730.722334,370.00198));
#1094= IFCAXIS2PLACEMENT3D(#1093,$,$);
#1095= IFCLOCALPLACEMENT(#5,#1094);
#1096= IFCBUILTELEMENT('3TdG9nHT91pgJnN$RIE6cX',$,'BTN 12.5',$,$,#1095,#1092,'60F23');
#1097= IFCSTYLEDITEM(#1090,(#189),'BTN 12.5');
#1098= IFCPROPERTYSINGLEVALUE('Area',$,IFCREAL(274.511378710044),$);
#1099= IFCPROPERTYSINGLEVALUE('Bounds',$,IFCLABEL('((505214.72225713386,1707719.9553047668,369.66540489136247),(505238.4146389255,1707741.4893628599,370.3385553347542))'),$);
#1100= IFCPROPERTYSET('2TIbQ1jUNQ_ElR11kH_wzs',$,'Properties',$,(#39,#40,#41,#42,#43,#44,#47,#48,#49,#50,#51,#52,#53,#54,#55,#56,#57,#59,#60,#193,#194,#195,#196,#197,#198,#199,#1098,#1099));
#1101= IFCRELDEFINESBYPROPERTIES('1CXvnAMQ8d7K2S$imWf5OU',$,$,$,(#1096),#1100);
#1102= IFCPROPERTYSET('00hdWTj3OF_pc8i0PC82TB',$,'Misc',$,(#85,#87,#88,#203));
#1103= IFCRELDEFINESBYPROPERTIES('3c6GgJ8SNqxg71yqGz5KsJ',$,$,$,(#1096),#1102);
#1104= IFCPROPERTYSET('0iip7cCQtANKQNpIUEXHbb',$,'3D Visualization',$,(#91,#92,#93));
#1105= IFCRELDEFINESBYPROPERTIES('1Y7dh083RkOUHFtJVRR3vX',$,$,$,(#1096),#1104);
#1106= IFCPROPERTYSET('0R57xth5kSIC5FNKQDk9gW',$,'General',$,(#72,#74,#75,#76,#77,#208));
#1107= IFCRELDEFINESBYPROPERTIES('3TvbJc$6qeIErz25TiMSYv',$,$,$,(#1096),#1106);
#1108= IFCPROPERTYSET('15Egb1ReeuZzfhrdF8vzWx',$,'Geometry',$,(#82));
#1109= IFCRELDEFINESBYPROPERTIES('1EY7wx6WhnOOj0cQqeftdZ',$,$,$,(#1096),#1108);
#1110= IFCPROPERTYSINGLEVALUE('RegionGuid',$,IFCLABEL('{A7385354-AF9C-4510-90AA-ABEEBB8557DF}'),$);
#1111= IFCPROPERTYSINGLEVALUE('StartStation',$,IFCLABEL('0+098.47m'),$);
#1112= IFCPROPERTYSINGLEVALUE('EndStation',$,IFCLABEL('0+125.53m'),$);
#1113= IFCPROPERTYSET('1JbA131za$$Y8D4LAqOdQH',$,'Corridor Identity',$,(#214,#215,#218,#221,#224,#744,#745,#856,#1039,#1110,#1111,#1112));
#1114= IFCRELDEFINESBYPROPERTIES('1to4rO8KQo4Rfg8xwuVGRi',$,$,$,(#1096),#1113);
#1115= IFCPROPERTYSINGLEVALUE('RegionName',$,IFCLABEL('RG - L5m - (60)'),$);
#1116= IFCPROPERTYSET('0QOLaoV25H8$$cKRRwC72J',$,'Corridor Model Information',$,(#229,#230,#863,#1045,#1115));
#1117= IFCRELDEFINESBYPROPERTIES('3PibmK8WKX5UtOWreN0V29',$,$,$,(#1096),#1116);
#1118= IFCPROPERTYSINGLEVALUE('AssemblyStartStation',$,IFCLABEL('0+098.47m'),$);
#1119= IFCPROPERTYSINGLEVALUE('AssemblyEndStation',$,IFCLABEL('0+125.53m'),$);
#1120= IFCPROPERTYSINGLEVALUE('Volume',$,IFCVOLUMEMEASURE(8.11693668033471),$);
#1121= IFCPROPERTYSET('3xJQTL1D2siKrFcxAETGTN',$,'Corridor Shape Information',$,(#234,#235,#754,#1118,#1119,#1120));
#1122= IFCRELDEFINESBYPROPERTIES('3$GJQTPF7olGD1UrhgguPO',$,$,$,(#1096),#1121);
#1123= IFCPROPERTYSINGLEVALUE('Kh\X2\1ED1\X0\i l\X2\01B0\X0\\X2\1EE3\X0\ng (m3)',$,IFCREAL(8.11693668027006),$);
#1124= IFCPROPERTYSINGLEVALUE('L\X2\00FD\X0\ tr\X2\00EC\X0\nh \X2\0111\X0\\X2\1EA7\X0\u',$,IFCLABEL('0+098.47m'),$);
#1125= IFCPROPERTYSINGLEVALUE('L\X2\00FD\X0\ tr\X2\00EC\X0\nh cu\X2\1ED1\X0\i',$,IFCLABEL('0+125.53m'),$);
#1126= IFCPROPERTYSET('1KLumkc0QqVxHBbau5X7Xl',$,'Thong_tin_BIM',$,(#242,#243,#244,#249,#250,#251,#252,#253,#763,#1123,#1124,#1125));
#1127= IFCRELDEFINESBYPROPERTIES('0ZD9oF_gEyQwucR$EDoT2h',$,$,$,(#1096),#1126);
#1128= IFCCARTESIANPOINTLIST3D(((-5.412854,1.396518,0.17431),(-2.130463,5.168247,0.074512),(-5.412873,1.396537,0.11431),(-2.130482,5.168267,0.014512),(2.130482,-5.168267,-0.014512),(2.130463,-5.168247,-0.074512),(5.412873,-1.396537,-0.11431),(5.412854,-1.396518,-0.17431),(-5.058799,1.088392,0.165448),(-1.776408,4.860122,0.065649),(-1.776427,4.860142,0.005649),(-5.058818,1.088412,0.105448),(-3.550132,-0.224565,0.127683),(-0.267741,3.547165,0.027885),(-0.26776,3.547185,-0.032115),(-3.550151,-0.224545,0.067683),(-2.041465,-1.537522,0.089919),(1.240927,2.234208,-0.00988),(1.240908,2.234228,-0.06988),(-2.041484,-1.537502,0.029919),(-0.532798,-2.850479,0.052154),(2.749594,0.921251,-0.047644),(2.749575,0.921271,-0.107644),(-0.532817,-2.850459,-0.007846),(0.975869,-4.163436,0.01439),(4.258261,-0.391706,-0.085408),(4.258242,-0.391686,-0.145408),(0.975851,-4.163416,-0.04561)),$);
#1129= IFCTRIANGULATEDFACESET(#1128,$,$,((1,2,3),(3,2,4),(5,6,7),(7,6,8),(1,9,2),(2,9,10),(2,10,4),(4,10,11),(3,4,12),(12,4,11),(1,3,9),(9,3,12),(9,13,10),(10,13,14),(10,14,11),(11,14,15),(12,11,16),(16,11,15),(9,12,13),(13,12,16),(13,17,14),(14,17,18),(14,18,15),(15,18,19),(16,15,20),(20,15,19),(13,16,17),(17,16,20),(17,21,18),(18,21,22),(18,22,19),(19,22,23),(20,19,24),(24,19,23),(17,20,21),(21,20,24),(21,25,22),(22,25,26),(22,26,23),(23,26,27),(24,23,28),(28,23,27),(21,24,25),(25,24,28),(25,5,26),(26,5,7),(26,7,27),(27,7,8),(28,27,6),(6,27,8),(25,28,5),(5,28,6)),$);
#1130= IFCSHAPEREPRESENTATION(#178,'Body','Tessellation',(#1129));
#1131= IFCPRODUCTDEFINITIONSHAPE($,$,(#1130));
#1132= IFCCARTESIANPOINT((505240.544913,1707718.558951,369.652126));
#1133= IFCAXIS2PLACEMENT3D(#1132,$,$);
#1134= IFCLOCALPLACEMENT(#5,#1133);
#1135= IFCBUILTELEMENT('0AlR8XTl94dhtk0oirvvO8',$,'BTN 12.5',$,$,#1134,#1131,'60F31');
#1136= IFCSTYLEDITEM(#1129,(#189),'BTN 12.5');
#1137= IFCPROPERTYSINGLEVALUE('Area',$,IFCREAL(101.836977508769),$);
#1138= IFCPROPERTYSINGLEVALUE('Bounds',$,IFCLABEL('((505235.13194997155,1707713.39062357,369.47658264100465),(505245.9578755533,1707723.7272790489,369.82766925143466))'),$);
#1139= IFCPROPERTYSET('3mCaxqGiwcgpeNgf1MlLaW',$,'Properties',$,(#39,#40,#41,#42,#43,#44,#47,#48,#49,#50,#51,#52,#53,#54,#55,#56,#57,#59,#60,#193,#194,#195,#196,#197,#198,#199,#1137,#1138));
#1140= IFCRELDEFINESBYPROPERTIES('22RM8uSdZKt5uEguW9IJum',$,$,$,(#1135),#1139);
#1141= IFCPROPERTYSET('0HbLKxRIq_Hk0SKA9hrlaf',$,'Misc',$,(#85,#87,#88,#203));
#1142= IFCRELDEFINESBYPROPERTIES('1Z0SfVAehjP9u1RT7gL0jV',$,$,$,(#1135),#1141);
#1143= IFCPROPERTYSET('2XdNPAECu2ZXYXLS_X4AT9',$,'3D Visualization',$,(#91,#92,#93));
#1144= IFCRELDEFINESBYPROPERTIES('3FHAFPJ9yhA4cTunSH1Sbf',$,$,$,(#1135),#1143);
#1145= IFCPROPERTYSET('0vXfDk4MJknjF6xJ6VweK1',$,'General',$,(#72,#74,#75,#76,#77,#208));
#1146= IFCRELDEFINESBYPROPERTIES('0Km6o9AlQslpFTuq_9rjqq',$,$,$,(#1135),#1145);
#1147= IFCPROPERTYSET('3i7n3jO1MylQEbx3Tb5fJI',$,'Geometry',$,(#82));
#1148= IFCRELDEFINESBYPROPERTIES('2SHLHcAVGPu8m0MQZZyyPp',$,$,$,(#1135),#1147);
#1149= IFCPROPERTYSINGLEVALUE('RegionGuid',$,IFCLABEL('{6F9CBDD4-D2EC-4C66-92E5-8805A20BECB0}'),$);
#1150= IFCPROPERTYSINGLEVALUE('StartStation',$,IFCLABEL('0+125.53m'),$);
#1151= IFCPROPERTYSINGLEVALUE('EndStation',$,IFCLABEL('0+135.53m'),$);
#1152= IFCPROPERTYSET('2uCoaWNpyGb2NiXFCb1m2I',$,'Corridor Identity',$,(#214,#215,#216,#217,#218,#221,#224,#856,#1039,#1149,#1150,#1151));
#1153= IFCRELDEFINESBYPROPERTIES('2XJnO4NUicMVgPZVb_jWLI',$,$,$,(#1135),#1152);
#1154= IFCPROPERTYSINGLEVALUE('RegionName',$,IFCLABEL('RG - 5m - (61)'),$);
#1155= IFCPROPERTYSET('3Nce1QyY3t_T1KRc7gR8Tm',$,'Corridor Model Information',$,(#229,#230,#863,#1045,#1154));
#1156= IFCRELDEFINESBYPROPERTIES('3hFfjrmppIZg8ReAEe1XF_',$,$,$,(#1135),#1155);
#1157= IFCPROPERTYSINGLEVALUE('AssemblyStartStation',$,IFCLABEL('0+125.53m'),$);
#1158= IFCPROPERTYSINGLEVALUE('AssemblyEndStation',$,IFCLABEL('0+135.53m'),$);
#1159= IFCPROPERTYSINGLEVALUE('Volume',$,IFCVOLUMEMEASURE(3.00000000008128),$);
#1160= IFCPROPERTYSET('3hzdF8Pw6GlIxszywYrmbf',$,'Corridor Shape Information',$,(#234,#235,#236,#1157,#1158,#1159));
#1161= IFCRELDEFINESBYPROPERTIES('1ORWs9Up5PrZqpw_VHiSaH',$,$,$,(#1135),#1160);
#1162= IFCPROPERTYSINGLEVALUE('Kh\X2\1ED1\X0\i l\X2\01B0\X0\\X2\1EE3\X0\ng (m3)',$,IFCREAL(3.00000000022106),$);
#1163= IFCPROPERTYSINGLEVALUE('L\X2\00FD\X0\ tr\X2\00EC\X0\nh \X2\0111\X0\\X2\1EA7\X0\u',$,IFCLABEL('0+125.53m'),$);
#1164= IFCPROPERTYSINGLEVALUE('L\X2\00FD\X0\ tr\X2\00EC\X0\nh cu\X2\1ED1\X0\i',$,IFCLABEL('0+135.53m'),$);
#1165= IFCPROPERTYSET('0EkzDrkHvmVjIDTUuLKGzC',$,'Thong_tin_BIM',$,(#242,#243,#244,#249,#250,#251,#252,#253,#616,#1162,#1163,#1164));
#1166= IFCRELDEFINESBYPROPERTIES('1wctnXf4PDYfDoAWJGgyyz',$,$,$,(#1135),#1165);
#1167= IFCCARTESIANPOINTLIST3D(((-2.130431,5.168215,0.174512),(-2.13045,5.168234,0.114512),(-5.412886,1.39655,0.07431),(-5.412905,1.39657,0.01431),(5.412905,-1.39657,-0.01431),(2.13045,-5.168234,-0.114512),(5.412886,-1.39655,-0.07431),(2.130431,-5.168215,-0.174512),(-1.776376,4.860089,0.165649),(-5.058831,1.088425,0.065448),(-5.05885,1.088444,0.005448),(-1.776395,4.860109,0.105649),(-0.267709,3.547132,0.127885),(-3.550164,-0.224532,0.027683),(-3.550182,-0.224513,-0.032317),(-0.267728,3.547152,0.067885),(1.240958,2.234175,0.09012),(-2.041496,-1.537489,-0.010081),(-2.041515,-1.53747,-0.070081),(1.240939,2.234195,0.03012),(2.749625,0.921218,0.052356),(-0.532829,-2.850446,-0.047846),(-0.532848,-2.850427,-0.107846),(2.749606,0.921238,-0.007644),(4.258292,-0.391738,0.014592),(0.975838,-4.163403,-0.08561),(0.975819,-4.163383,-0.14561),(4.258273,-0.391719,-0.045408)),$);
#1168= IFCTRIANGULATEDFACESET(#1167,$,$,((1,2,3),(3,2,4),(5,6,7),(7,6,8),(1,3,9),(9,3,10),(3,4,10),(10,4,11),(2,12,4),(4,12,11),(1,9,2),(2,9,12),(9,10,13),(13,10,14),(10,11,14),(14,11,15),(12,16,11),(11,16,15),(9,13,12),(12,13,16),(13,14,17),(17,14,18),(14,15,18),(18,15,19),(16,20,15),(15,20,19),(13,17,16),(16,17,20),(17,18,21),(21,18,22),(18,19,22),(22,19,23),(20,24,19),(19,24,23),(17,21,20),(20,21,24),(21,22,25),(25,22,26),(22,23,26),(26,23,27),(24,28,23),(23,28,27),(21,25,24),(24,25,28),(25,26,5),(5,26,6),(26,27,6),(6,27,8),(28,7,27),(27,7,8),(25,5,28),(28,5,7)),$);
#1169= IFCSHAPEREPRESENTATION(#178,'Body','Tessellation',(#1168));
#1170= IFCPRODUCTDEFINITIONSHAPE($,$,(#1169));
#1171= IFCCARTESIANPOINT((505237.26249,1707714.787254,369.651924));
#1172= IFCAXIS2PLACEMENT3D(#1171,$,$);
#1173= IFCLOCALPLACEMENT(#5,#1172);
#1174= IFCBUILTELEMENT('2587vppZD0ewzM$kX1omO$',$,'BTN 12.5',$,$,#1173,#1170,'60F3F');
#1175= IFCSTYLEDITEM(#1168,(#189),'BTN 12.5');
#1176= IFCPROPERTYSINGLEVALUE('Area',$,IFCREAL(101.836977509647),$);
#1177= IFCPROPERTYSINGLEVALUE('Bounds',$,IFCLABEL('((505231.84952713054,1707709.6189263058,369.4763809506789),(505242.6754527122,1707719.9555817847,369.8274675611088))'),$);
#1178= IFCPROPERTYSET('2_F8ZzkpklEyCJR6ghQuS_',$,'Properties',$,(#39,#40,#41,#42,#43,#44,#45,#46,#47,#48,#49,#50,#51,#52,#53,#54,#55,#56,#57,#59,#60,#193,#197,#299,#300,#301,#1176,#1177));
#1179= IFCRELDEFINESBYPROPERTIES('3vcFwjzonHHNIWvVz62VMf',$,$,$,(#1174),#1178);
#1180= IFCPROPERTYSET('07BFRklOnpjqHl_2nzkVZo',$,'Misc',$,(#85,#87,#88,#203));
#1181= IFCRELDEFINESBYPROPERTIES('3ipCdWFkf$VFCqCyoOn7hl',$,$,$,(#1174),#1180);
#1182= IFCPROPERTYSET('0TrkgHg_bAqPXJR0yq$Aj4',$,'3D Visualization',$,(#91,#92,#93));
#1183= IFCRELDEFINESBYPROPERTIES('0C9Xbxh37HopMVk76mFQx_',$,$,$,(#1174),#1182);
#1184= IFCPROPERTYSET('26GtziWdi0Lb2nt3oyVU4S',$,'General',$,(#72,#74,#75,#76,#77,#208));
#1185= IFCRELDEFINESBYPROPERTIES('046EnQ3jcOQExuKI9aGlld',$,$,$,(#1174),#1184);
#1186= IFCPROPERTYSET('3woRUclO7Fs$qGVhGU0g5l',$,'Geometry',$,(#82));
#1187= IFCRELDEFINESBYPROPERTIES('3m5JevZQe6xhdMN1ld_LJ8',$,$,$,(#1174),#1186);
#1188= IFCPROPERTYSET('2rUDHzFIWdzYJgpbg5qNkA',$,'Corridor Identity',$,(#214,#215,#216,#218,#221,#224,#277,#856,#1039,#1149,#1150,#1151));
#1189= IFCRELDEFINESBYPROPERTIES('08uUweOgvQcFdSdpQsAG3s',$,$,$,(#1174),#1188);
#1190= IFCPROPERTYSET('2p9HfL3M5CayB7tHKc9b7O',$,'Corridor Model Information',$,(#229,#230,#863,#1045,#1154));
#1191= IFCRELDEFINESBYPROPERTIES('2mrhPBHSVNT6B4fb77b6G6',$,$,$,(#1174),#1190);
#1192= IFCPROPERTYSINGLEVALUE('Volume',$,IFCVOLUMEMEASURE(3.0000000000803),$);
#1193= IFCPROPERTYSET('3Zxbec427qjoUT_RmNuhww',$,'Corridor Shape Information',$,(#234,#236,#282,#1157,#1158,#1192));
#1194= IFCRELDEFINESBYPROPERTIES('3p$MECcWgzsAHRcB6qktI9',$,$,$,(#1174),#1193);
#1195= IFCPROPERTYSINGLEVALUE('Kh\X2\1ED1\X0\i l\X2\01B0\X0\\X2\1EE3\X0\ng (m3)',$,IFCREAL(2.99999999996873),$);
#1196= IFCPROPERTYSET('2kOIuy459LpCXO4Ix0PKu9',$,'Thong_tin_BIM',$,(#242,#243,#244,#249,#250,#251,#252,#253,#616,#1163,#1164,#1195));
#1197= IFCRELDEFINESBYPROPERTIES('2A7F6D5DmZgYTmQk4IDes0',$,$,$,(#1174),#1196);
#1198= IFCCARTESIANPOINTLIST3D(((-4.991022,-5.921394,-0.056396),(-4.991003,-5.921413,0.003604),(-8.542883,-2.402328,0.04587),(-8.542865,-2.402348,0.10587),(8.542883,-1.770807,-0.030524),(5.260429,-5.542472,-0.130726),(8.542865,-1.770788,-0.090524),(5.26041,-5.542452,-0.190726),(-8.522289,-2.381581,0.106082),(-6.7587,-4.153577,0.054739),(-4.978643,-5.908967,0.0034),(-8.522308,-2.381561,0.046082),(-4.978662,-5.908948,-0.0566),(-6.758719,-4.153558,-0.005261),(-8.51877,-2.378029,0.106118),(-6.749057,-4.143854,0.054742),(-4.976527,-5.906842,0.003365),(-8.518789,-2.378009,0.046118),(-4.976545,-5.906822,-0.056635),(-6.749076,-4.143835,-0.005258),(-8.515251,-2.374477,0.106154),(-6.746239,-4.141016,0.054742),(-4.974409,-5.904717,0.003331),(-8.51527,-2.374457,0.046154),(-4.974428,-5.904697,-0.056669),(-6.746258,-4.140996,-0.005258),(-6.677875,-4.072654,0.054759),(-7.55491,-3.181525,0.080885),(-8.34864,-2.206315,0.107869),(-4.8732,-5.805107,0.001682),(-5.80084,-4.963783,0.028633),(-5.362322,-5.409347,0.015569),(-8.348659,-2.206295,0.047869),(-6.677894,-4.072634,-0.005241),(-5.800859,-4.963763,-0.031367),(-4.873219,-5.805087,-0.058318),(-7.554929,-3.181505,0.020885),(-6.485575,-3.882897,0.054806),(-7.33985,-2.966629,0.082132),(-8.03961,-1.894406,0.111048),(-4.68085,-5.625758,-0.001375),(-5.6313,-4.799165,0.027479),(-5.204163,-5.257299,0.013816),(-8.039629,-1.894387,0.051049),(-6.485594,-3.882877,-0.005194),(-5.631319,-4.799145,-0.032521),(-4.680869,-5.625739,-0.061375),(-7.339869,-2.966609,0.022132),(-8.036079,-1.890843,0.111085),(-6.35879,-3.75869,0.054837),(-4.67862,-5.623752,-0.00141),(-6.35735,-3.757297,0.054837),(-8.036098,-1.890823,0.051085),(-4.678639,-5.623732,-0.06141),(-6.358809,-3.75867,-0.005163),(-6.357368,-3.757278,-0.005163),(-6.761932,-2.407675,0.085475),(-6.327149,-1.991281,0.087989),(-6.139552,0.023346,0.130599),(-5.892367,-1.574886,0.090503),(-5.17105,-2.694571,0.055286),(-5.566483,-3.048813,0.055136),(-4.805817,-4.106345,0.022283),(-5.161901,-4.398435,0.024498),(-5.961916,-3.403055,0.054987),(-3.411681,-4.704003,-0.019729),(-4.449733,-3.814255,0.020068),(-6.139571,0.023365,0.070599),(-5.16192,-4.398415,-0.035502),(-4.805835,-4.106325,-0.037717),(-3.411699,-4.703983,-0.079729),(-4.449751,-3.814236,-0.039932),(-5.171068,-2.694551,-0.004714),(-5.566502,-3.048793,-0.004864),(-6.327168,-1.991261,0.027989),(-6.761951,-2.407656,0.025475),(-5.961935,-3.403035,-0.005013),(-5.892386,-1.574867,0.030503),(-4.196212,-1.893439,0.056079),(-4.819017,-0.582933,0.096928),(-4.499733,-0.295153,0.098884),(-3.90651,-1.669995,0.056401),(-3.573408,-3.203946,0.015229),(-3.313288,-3.044836,0.013917),(-1.567373,-3.945803,-0.043295),(-3.348628,2.84026,0.159316),(-3.037404,-0.999661,0.057367),(-2.532927,-2.567507,0.009982),(-2.793047,-2.726617,0.011294),(-3.327106,-1.223105,0.057045),(-3.541882,0.568185,0.104751),(-3.861165,0.280406,0.102796),(-4.180449,-0.007374,0.10084),(-3.053168,-2.885726,0.012605),(-3.616808,-1.44655,0.056723),(-3.348647,2.840279,0.099316),(-4.485933,-2.116864,-0.004243),(-3.833547,-3.363036,-0.043459),(-3.573427,-3.203927,-0.044771),(-4.196231,-1.89342,-0.003921),(-3.906529,-1.669975,-0.003599),(-3.616827,-1.44653,-0.003277),(-3.053186,-2.885707,-0.047395),(-2.532946,-2.567487,-0.050018),(-1.567392,-3.945783,-0.103295),(-3.037423,-0.999641,-0.002633),(-3.313307,-3.044817,-0.046083),(-0.302506,5.914749,0.190658),(-1.290423,0.275984,0.06096),(0.056816,-3.705268,-0.062839),(-0.302525,5.914768,0.130658),(0.056797,-3.705248,-0.122839),(-1.290442,0.276004,0.00096),(-0.295922,5.921394,0.190726),(-0.120452,1.106429,0.063917),(0.059802,-3.705157,-0.062875),(-0.11806,1.108118,0.063925),(-0.295941,5.921413,0.130726),(0.059784,-3.705137,-0.122875),(-0.120471,1.106449,0.003917),(-0.118079,1.108138,0.003926),(-0.288812,5.915206,0.190548),(-0.11553,1.106599,0.063872),(0.062812,-3.705046,-0.062911),(-0.113,1.10508,0.063819),(-0.288831,5.915225,0.130548),(0.062793,-3.705027,-0.122911),(-0.115549,1.106619,0.003872),(-0.113019,1.105099,0.003819),(0.500585,5.228212,0.170788),(0.138709,3.2531,0.119253),(0.171532,0.93449,0.057839),(0.204355,-1.384119,-0.003576),(0.456064,0.763901,0.051859),(0.411543,-3.70041,-0.067071),(0.220766,-2.543424,-0.034283),(0.500567,5.228232,0.110788),(0.411524,-3.700391,-0.127071),(0.204336,-1.384099,-0.063576),(0.171513,0.93451,-0.002161),(0.138691,3.253119,0.059253),(0.456045,0.76392,-0.008141),(1.278322,2.389391,0.092889),(1.678321,2.086058,0.083672),(2.07832,1.782725,0.074455),(1.502766,0.12164,0.030431),(1.851666,-0.092447,0.023288),(1.327211,-1.842778,-0.02281),(1.625013,-1.967619,-0.027878),(2.385177,-3.985172,-0.091018),(1.029408,-1.717937,-0.017742),(1.153865,0.335727,0.037573),(4.109361,2.087581,0.080454),(2.549468,-0.520621,0.009003),(2.220618,-2.217301,-0.038014),(1.922816,-2.09246,-0.032946),(2.200567,-0.306534,0.016146),(2.878317,1.176059,0.05602),(2.478319,1.479392,0.065238),(4.109342,2.087601,0.020454),(1.02939,-1.717917,-0.077742),(1.327192,-1.842759,-0.08281),(1.624994,-1.9676,-0.087878),(1.502747,0.121659,-0.029569),(1.851648,-0.092428,-0.036712),(1.678302,2.086077,0.023672),(2.078301,1.782744,0.014455),(1.278303,2.38941,0.032889),(1.153847,0.335746,-0.022427),(2.385158,-3.985152,-0.151018),(2.549449,-0.520602,-0.050997),(2.878298,1.176079,-0.00398),(2.220599,-2.217282,-0.098014),(6.896607,-0.338092,0.010685),(4.401289,-1.75391,-0.028742),(4.21401,-4.779957,-0.115087),(6.896588,-0.338073,-0.049315),(4.213991,-4.779937,-0.175087),(4.40127,-1.75389,-0.088742),(5.891895,-2.833428,-0.059307),(6.228482,-3.107832,-0.066413),(6.565069,-3.382236,-0.073519),(5.781947,-4.367039,-0.100168),(5.482851,-4.134523,-0.09466),(5.183755,-3.902007,-0.089152),(6.228463,-3.107812,-0.126413),(5.482832,-4.134504,-0.15466),(5.781928,-4.36702,-0.160168),(6.56505,-3.382216,-0.133519)),$);
#1199= IFCTRIANGULATEDFACESET(#1198,$,$,((1,2,3),(3,2,4),(5,6,7),(7,6,8),(9,4,10),(10,4,2),(10,2,11),(11,9,10),(3,4,12),(12,4,9),(13,1,14),(14,1,3),(14,3,12),(12,13,14),(2,1,11),(11,1,13),(15,9,16),(16,9,11),(16,11,17),(17,15,16),(12,9,18),(18,9,15),(19,13,20),(20,13,12),(20,12,18),(18,19,20),(11,13,17),(17,13,19),(21,15,22),(22,15,17),(22,17,23),(23,21,22),(18,15,24),(24,15,21),(25,19,26),(26,19,18),(26,18,24),(24,25,26),(17,19,23),(23,19,25),(23,27,21),(21,27,28),(21,28,29),(29,28,27),(29,27,30),(30,27,31),(30,31,32),(32,31,23),(32,23,30),(27,23,31),(24,21,33),(33,21,29),(24,34,25),(25,34,35),(25,35,36),(36,35,34),(36,34,33),(33,34,37),(33,37,24),(24,37,34),(23,25,30),(30,25,36),(30,38,29),(29,38,39),(29,39,40),(40,39,38),(40,38,41),(41,38,42),(41,42,43),(43,42,30),(43,30,41),(38,30,42),(33,29,44),(44,29,40),(33,45,36),(36,45,46),(36,46,47),(47,46,45),(47,45,44),(44,45,48),(44,48,33),(33,48,45),(30,36,41),(41,36,47),(49,40,50),(50,40,41),(50,41,51),(51,52,50),(50,52,49),(44,40,53),(53,40,49),(54,47,55),(55,47,44),(55,44,53),(53,56,55),(55,56,54),(41,47,51),(51,47,54),(52,57,49),(49,57,58),(49,58,59),(59,58,60),(59,60,61),(61,60,62),(61,62,63),(63,62,64),(63,64,51),(51,64,52),(52,64,65),(52,65,57),(57,65,58),(51,66,63),(63,66,67),(63,67,61),(61,67,66),(61,66,59),(58,65,62),(62,65,64),(58,62,60),(53,49,68),(68,49,59),(56,69,54),(54,69,70),(54,70,71),(71,70,72),(71,72,73),(73,72,74),(73,74,75),(75,74,76),(75,76,53),(53,76,56),(56,76,77),(56,77,69),(69,77,70),(53,68,75),(75,68,78),(75,78,73),(73,78,68),(73,68,71),(70,77,74),(74,77,76),(70,74,72),(51,54,66),(66,54,71),(66,79,59),(59,79,80),(59,80,81),(81,80,79),(81,79,82),(82,79,83),(82,83,84),(84,83,66),(84,66,85),(86,87,85),(85,87,88),(85,88,89),(89,88,87),(89,87,90),(90,87,91),(90,91,92),(92,91,86),(92,86,93),(93,86,59),(93,59,81),(83,79,66),(91,87,86),(85,89,94),(94,89,90),(94,90,95),(95,90,92),(95,92,93),(93,81,82),(94,95,84),(84,95,82),(95,93,82),(85,94,84),(68,59,96),(96,59,86),(68,97,71),(71,97,98),(71,98,99),(99,98,97),(99,97,100),(100,97,68),(100,68,101),(101,68,102),(101,102,103),(103,102,104),(103,104,105),(105,104,106),(105,106,96),(96,106,102),(96,102,68),(105,71,103),(103,71,107),(103,107,101),(101,107,100),(107,71,99),(104,102,106),(100,107,99),(66,71,85),(85,71,105),(108,86,109),(109,86,85),(109,85,110),(110,108,109),(96,86,111),(111,86,108),(112,105,113),(113,105,96),(113,96,111),(111,112,113),(85,105,110),(110,105,112),(114,108,115),(115,108,110),(115,110,116),(116,117,115),(115,117,114),(111,108,118),(118,108,114),(119,112,120),(120,112,111),(120,111,118),(118,121,120),(120,121,119),(110,112,116),(116,112,119),(122,114,123),(123,114,117),(123,117,116),(116,124,123),(123,124,125),(123,125,122),(114,122,118),(118,122,126),(127,119,128),(128,119,121),(128,121,118),(118,126,128),(128,126,129),(128,129,127),(116,119,124),(124,119,127),(130,122,131),(131,122,125),(131,125,132),(132,125,133),(132,133,134),(134,133,135),(135,133,136),(135,136,124),(124,136,133),(124,133,125),(132,134,131),(131,134,130),(122,130,126),(126,130,137),(138,127,139),(139,127,129),(139,129,140),(140,129,141),(140,141,142),(142,141,137),(137,141,126),(126,141,129),(140,142,139),(139,142,138),(124,127,135),(135,127,138),(134,143,130),(130,143,144),(130,144,145),(145,144,146),(145,146,147),(147,146,148),(147,148,149),(149,148,135),(149,135,150),(135,151,134),(134,151,152),(134,152,143),(143,152,144),(153,154,150),(150,154,155),(150,155,156),(156,155,154),(156,154,157),(157,154,158),(157,158,159),(159,158,153),(159,153,145),(145,153,130),(151,135,148),(149,150,156),(148,146,151),(151,146,152),(146,144,152),(158,154,153),(159,145,147),(156,157,149),(149,157,147),(157,159,147),(130,153,137),(137,153,160),(142,161,138),(138,161,162),(138,162,163),(163,162,164),(163,164,165),(165,164,166),(165,166,167),(167,166,137),(167,137,160),(137,168,142),(142,168,169),(142,169,161),(161,169,162),(170,171,160),(160,171,172),(160,172,167),(167,172,171),(167,171,165),(165,171,173),(165,173,163),(163,173,170),(163,170,138),(171,170,173),(137,166,168),(168,166,164),(168,164,169),(169,164,162),(135,138,150),(150,138,170),(174,153,175),(175,153,150),(175,150,176),(176,174,175),(153,174,160),(160,174,177),(178,170,179),(179,170,160),(179,160,177),(177,178,179),(150,170,176),(176,170,178),(176,180,174),(174,180,181),(174,181,5),(5,181,182),(5,182,6),(6,182,183),(6,183,184),(184,183,182),(184,182,181),(6,184,176),(176,184,185),(176,185,180),(180,185,181),(184,181,185),(174,5,177),(177,5,7),(177,186,178),(178,186,187),(178,187,8),(8,187,188),(8,188,189),(189,188,186),(189,186,7),(7,186,177),(7,8,189),(188,187,186),(176,178,6),(6,178,8)),$);
#1200= IFCSHAPEREPRESENTATION(#178,'Body','Tessellation',(#1199));
#1201= IFCPRODUCTDEFINITIONSHAPE($,$,(#1200));
#1202= IFCCARTESIANPOINT((505271.687888,1707682.477946,368.728065));
#1203= IFCAXIS2PLACEMENT3D(#1202,$,$);
#1204= IFCLOCALPLACEMENT(#5,#1203);
#1205= IFCBUILTELEMENT('3LtOvOuuvEFxvLG8YPU0CN',$,'BTN 12.5',$,$,#1204,#1201,'60F48');
#1206= IFCSTYLEDITEM(#1199,(#189),'BTN 12.5');
#1207= IFCPROPERTYSINGLEVALUE('Area',$,IFCREAL(211.740378228929),$);
#1208= IFCPROPERTYSINGLEVALUE('Bounds',$,IFCLABEL('((505263.14493166923,1707676.5564725923,368.5361835136949),(505280.2308395643,1707688.399463392,368.9213816046734))'),$);
#1209= IFCPROPERTYSET('31_6YRb2DP2ORZD_sqKrHa',$,'Properties',$,(#39,#40,#41,#42,#43,#44,#45,#46,#47,#48,#49,#50,#51,#52,#53,#54,#55,#56,#57,#59,#60,#193,#197,#299,#300,#301,#1207,#1208));
#1210= IFCRELDEFINESBYPROPERTIES('1VdnQq8vZSEnSbPjecsEcS',$,$,$,(#1205),#1209);
#1211= IFCPROPERTYSET('1jAG1pxv1ANHkmI5BTBKqS',$,'Misc',$,(#85,#87,#88,#203));
#1212= IFCRELDEFINESBYPROPERTIES('1$zyLQOoZIG24SM0WjfxGj',$,$,$,(#1205),#1211);
#1213= IFCPROPERTYSET('3cNlbRc1bediKZY6iMf0vL',$,'3D Visualization',$,(#91,#92,#93));
#1214= IFCRELDEFINESBYPROPERTIES('1v60Qtu5lWUCq1SXW8WZUj',$,$,$,(#1205),#1213);
#1215= IFCPROPERTYSET('1lmqX3l9asXrVxqaUD7uRt',$,'General',$,(#72,#74,#75,#76,#77,#208));
#1216= IFCRELDEFINESBYPROPERTIES('1p$lZTyC$E$J0eQuQ5Fk9d',$,$,$,(#1205),#1215);
#1217= IFCPROPERTYSET('3mG$Tg9wvHjq$LSefD_QCx',$,'Geometry',$,(#82));
#1218= IFCRELDEFINESBYPROPERTIES('0lE_u8wvGbJhoWwUqzaOZp',$,$,$,(#1205),#1217);
#1219= IFCPROPERTYSINGLEVALUE('CorridorHandle',$,IFCLABEL('5E6E4'),$);
#1220= IFCPROPERTYSINGLEVALUE('HorizontalBaselineHandle',$,IFCLABEL('5E707'),$);
#1221= IFCPROPERTYSINGLEVALUE('VerticalBaselineHandle',$,IFCLABEL('5E746'),$);
#1222= IFCPROPERTYSINGLEVALUE('BaselineGuid',$,IFCLABEL('{125601D3-FA00-4F81-ACFF-A8DD6A758A1D}'),$);
#1223= IFCPROPERTYSINGLEVALUE('RegionGuid',$,IFCLABEL('{E3304CA2-78D1-4998-BE3C-4A2880AFF5A4}'),$);
#1224= IFCPROPERTYSINGLEVALUE('EndStation',$,IFCLABEL('0+021.30m'),$);
#1225= IFCPROPERTYSET('2l3anJbEyd9urWWlh9_SfT',$,'Corridor Identity',$,(#221,#224,#456,#457,#458,#461,#1219,#1220,#1221,#1222,#1223,#1224));
#1226= IFCRELDEFINESBYPROPERTIES('3wo2J5BZzpmiFsApBPMXOy',$,$,$,(#1205),#1225);
#1227= IFCPROPERTYSINGLEVALUE('CorridorName',$,IFCLABEL('B\X2\0110\X0\_N47'),$);
#1228= IFCPROPERTYSINGLEVALUE('BaselineName',$,IFCLABEL('BL - Intersection - (11) - SE - Quadrant - (76)'),$);
#1229= IFCPROPERTYSINGLEVALUE('HorizontalBaseline',$,IFCLABEL('Intersection - (11) - SE - Quadrant'),$);
#1230= IFCPROPERTYSINGLEVALUE('VerticalBaseline',$,IFCLABEL('Intersection - (11) - SE - Quadrant - Profile'),$);
#1231= IFCPROPERTYSINGLEVALUE('RegionName',$,IFCLABEL('RG - LEFT - (83)'),$);
#1232= IFCPROPERTYSET('11bdyaB8BgoBFujnTW8ApV',$,'Corridor Model Information',$,(#1227,#1228,#1229,#1230,#1231));
#1233= IFCRELDEFINESBYPROPERTIES('0ZsOqqjCTt2Tirgz8Gp960',$,$,$,(#1205),#1232);
#1234= IFCPROPERTYSINGLEVALUE('AssemblyEndStation',$,IFCLABEL('0+021.30m'),$);
#1235= IFCPROPERTYSINGLEVALUE('Volume',$,IFCVOLUMEMEASURE(6.26930412166456),$);
#1236= IFCPROPERTYSET('3u2y86n6tOJ5kFQSkzZZXm',$,'Corridor Shape Information',$,(#234,#235,#472,#473,#1234,#1235));
#1237= IFCRELDEFINESBYPROPERTIES('2ZsjYFy60YeL_AcI1$kN9U',$,$,$,(#1205),#1236);
#1238= IFCPROPERTYSINGLEVALUE('Kh\X2\1ED1\X0\i l\X2\01B0\X0\\X2\1EE3\X0\ng (m3)',$,IFCREAL(6.26930412167386),$);
#1239= IFCPROPERTYSINGLEVALUE('L\X2\00FD\X0\ tr\X2\00EC\X0\nh cu\X2\1ED1\X0\i',$,IFCLABEL('0+021.30m'),$);
#1240= IFCPROPERTYSINGLEVALUE('\X2\0110\X0\\X2\1ED9\X0\ d\X2\00E0\X0\i (m)',$,IFCLABEL('11.3'),$);
#1241= IFCPROPERTYSET('0xiZju4RX5FomiQUDb3wP9',$,'Thong_tin_BIM',$,(#242,#243,#244,#249,#250,#251,#252,#253,#479,#1238,#1239,#1240));
#1242= IFCRELDEFINESBYPROPERTIES('1FOCUama6HdgOwQCRyia3v',$,$,$,(#1205),#1241);
#1243= IFCCARTESIANPOINTLIST3D(((-7.404933,6.96157,0.180152),(-7.404952,6.96159,0.120152),(-7.448893,6.911057,0.178777),(-7.448912,6.911076,0.118777),(-7.666003,7.188766,0.188328),(-7.666022,7.188786,0.128328),(-6.319399,5.709869,0.13656),(-6.319418,5.709889,0.07656),(-6.06695,7.312404,0.126385),(-5.667139,6.914912,0.113211),(-5.130599,8.187628,0.150649),(-4.67292,7.75629,0.137082),(-2.111064,8.940014,0.17047),(-4.404729,10.936136,0.227884),(-6.947179,-7.213909,-0.220609),(-6.947198,-7.213889,-0.280609),(-6.950749,-7.210372,-0.220699),(-6.950767,-7.210352,-0.280699),(-6.899086,-7.16533,-0.278871),(-6.899067,-7.16535,-0.218871),(-6.566852,-6.830008,-0.265933),(-6.566833,-6.830028,-0.205933),(-6.234574,-6.494642,-0.253347),(-6.234555,-6.494662,-0.193347),(-6.33038,-6.399721,-0.194947),(-6.330399,-6.399701,-0.254947),(-5.060765,-8.862018,-0.172587),(-6.121862,-8.15365,-0.199633),(-7.148353,-7.417005,-0.227884),(-5.217724,-9.018237,-0.175831),(-3.596429,-10.936136,-0.130151),(-4.313585,-9.882824,-0.152029),(-3.222463,-10.558687,-0.126303),(-7.148372,-7.416985,-0.287884),(-6.121881,-8.15363,-0.259633),(-5.217742,-9.018217,-0.235831),(-5.060784,-8.861999,-0.232587),(-4.313604,-9.882805,-0.212029),(-3.222482,-10.558667,-0.186303),(-3.596448,-10.936116,-0.190151),(-4.40471,10.936116,0.287884),(-5.588258,8.618946,0.224216),(-5.13058,8.187608,0.210649),(-4.672901,7.75627,0.197082),(-2.111045,8.939995,0.23047),(-0.051075,7.147252,0.178905),(-3.474438,6.525248,0.159936),(-5.416232,4.303876,0.093808),(-0.051094,7.147272,0.118905),(-5.416251,4.303896,0.033808),(-3.474457,6.525268,0.099936),(0.379197,6.772797,0.168135),(-2.588998,5.559118,0.131576),(-5.267882,4.012545,0.085457),(0.379178,6.772816,0.108135),(-5.267901,4.012565,0.025457),(-2.589017,5.559137,0.071576),(3.336301,4.1993,0.094114),(-1.53173,4.281198,0.095529),(-4.574536,2.140148,0.034409),(3.336282,4.19932,0.034114),(-4.574555,2.140168,-0.025591),(-1.531749,4.281217,0.035529),(-0.092007,2.497844,0.045659),(0.435104,1.825964,0.027057),(7.245654,0.797083,-0.003744),(-4.267002,0.167325,-0.01655),(-1.992832,1.48985,0.017994),(-2.294829,2.072393,0.033665),(7.245635,0.797103,-0.063744),(0.435085,1.825984,-0.032943),(-1.992851,1.48987,-0.042006),(-4.26702,0.167345,-0.07655),(7.658767,0.437561,-0.014085),(1.594602,0.348864,-0.013839),(-1.334202,0.214634,-0.016302),(-4.25901,-0.006515,-0.020979),(7.658748,0.437581,-0.074085),(1.594584,0.348883,-0.073839),(-1.334221,0.214654,-0.076302),(-4.259029,-0.006495,-0.080979),(7.666022,0.431247,-0.014266),(1.70172,0.213195,-0.017596),(-4.258899,-0.009513,-0.021055),(-1.277669,0.100677,-0.019358),(1.703562,0.210867,-0.017661),(7.666003,0.431267,-0.074266),(-4.258918,-0.009493,-0.081055),(1.701701,0.213215,-0.077596),(1.703543,0.210887,-0.077661),(-1.277687,0.100697,-0.079358),(7.659305,0.424416,-0.014337),(1.70191,0.20841,-0.017697),(-4.258788,-0.012511,-0.021131),(-1.279265,0.096721,-0.019433),(1.700258,0.205953,-0.017734),(7.659286,0.424436,-0.074337),(-4.258807,-0.012491,-0.081131),(1.701891,0.20843,-0.077697),(1.700239,0.205972,-0.077734),(-1.279284,0.096741,-0.079433),(4.188862,-3.078344,-0.050045),(3.366022,-1.225196,-0.035208),(2.086991,-1.174312,-0.036717),(0.80796,-1.123428,-0.038226),(1.535476,-1.891752,-0.046633),(0.36181,-1.788119,-0.048472),(-0.084339,-2.452809,-0.058718),(-0.811855,-1.684485,-0.05031),(-2.22094,-2.140041,-0.063054),(-1.985521,-1.580851,-0.052149),(-3.159187,-1.477217,-0.053987),(-3.029134,-0.970776,-0.042752),(-4.357541,-1.827274,-0.067391),(-1.750102,-1.02166,-0.041243),(-0.471071,-1.072544,-0.039735),(2.709142,-1.995386,-0.044795),(4.188844,-3.078325,-0.110045),(-2.899099,-0.464316,-0.091517),(-3.029152,-0.970757,-0.102752),(-4.357559,-1.827254,-0.127391),(-3.159206,-1.477197,-0.113987),(-2.220959,-2.140022,-0.123054),(-1.98554,-1.580831,-0.112149),(-0.811874,-1.684465,-0.11031),(-0.47109,-1.072525,-0.099735),(0.807941,-1.123408,-0.098226),(1.25409,-0.458718,-0.08798),(2.638486,-0.456852,-0.086801),(4.022883,-0.454986,-0.085622),(3.366003,-1.225176,-0.095208),(2.709123,-1.995367,-0.104795),(-0.084358,-2.452789,-0.118718),(1.535457,-1.891733,-0.106633),(0.361791,-1.788099,-0.108472),(2.086972,-1.174292,-0.096717),(-0.130306,-0.460584,-0.089159),(-1.514703,-0.46245,-0.090338),(-1.750121,-1.021641,-0.101243),(2.766771,-4.513679,-0.064677),(1.496823,-3.417883,-0.062817),(0.506326,-3.228819,-0.065545),(-0.484171,-3.039755,-0.068273),(-0.884003,-3.626701,-0.077829),(-1.474668,-2.850691,-0.071001),(-2.709391,-3.183212,-0.084405),(-2.465165,-2.661627,-0.07373),(-3.455662,-2.472563,-0.076458),(-4.534778,-2.739724,-0.090981),(2.766752,-4.513659,-0.124677),(-4.534797,-2.739704,-0.150981),(-2.465184,-2.661607,-0.13373),(-1.474687,-2.850671,-0.131001),(-0.48419,-3.039736,-0.128273),(0.506307,-3.2288,-0.125545),(-0.884022,-3.626682,-0.137829),(1.496804,-3.417864,-0.122817),(-2.70941,-3.183193,-0.144405),(2.762454,-4.518036,-0.064722),(-0.88526,-3.628519,-0.077859),(-4.535487,-2.742639,-0.091057),(-2.711001,-3.186488,-0.084473),(-0.886516,-3.630337,-0.077889),(2.762435,-4.518016,-0.124722),(-4.535506,-2.742619,-0.151057),(-0.885279,-3.6285,-0.137859),(-0.886535,-3.630318,-0.137889),(-2.71102,-3.186468,-0.144473),(2.758139,-4.522391,-0.064766),(-0.887772,-3.632155,-0.077919),(-4.536196,-2.745554,-0.091133),(-2.712613,-3.189763,-0.084541),(-0.889029,-3.633973,-0.077949),(2.75812,-4.522372,-0.124766),(-4.536215,-2.745534,-0.151133),(-0.887791,-3.632135,-0.137919),(-0.889048,-3.633953,-0.137949),(-2.712631,-3.189744,-0.144541),(1.314655,-5.979318,-0.079619),(0.354955,-4.751851,-0.080297),(-1.326487,-4.252848,-0.088402),(-2.167208,-4.003346,-0.092454),(-1.545216,-4.562286,-0.093628),(-2.350401,-4.299085,-0.098058),(-1.763945,-4.871723,-0.098854),(-3.303244,-4.317926,-0.108471),(-3.155586,-4.035885,-0.102489),(-3.960772,-3.772685,-0.106919),(-3.848649,-3.504343,-0.100559),(-4.842544,-3.764129,-0.118089),(-3.007928,-3.753845,-0.096506),(0.065155,-5.088686,-0.084767),(1.314636,-5.979298,-0.139619),(-4.842563,-3.764109,-0.178089),(-3.848668,-3.504323,-0.160559),(-3.007947,-3.753825,-0.156506),(-2.167226,-4.003327,-0.152454),(-3.155605,-4.035866,-0.162489),(-2.35042,-4.299066,-0.158058),(-3.303263,-4.317906,-0.168471),(-1.763963,-4.871704,-0.158854),(-1.545234,-4.562266,-0.153628),(-0.740049,-4.825466,-0.149197),(-0.485785,-4.50233,-0.144349),(0.354936,-4.751832,-0.140297),(-1.326505,-4.252828,-0.148402),(0.065136,-5.088666,-0.144767),(-3.960791,-3.772666,-0.166919),(0.090815,-7.214555,-0.092211),(-0.731381,-6.003358,-0.0971),(-2.165497,-5.40978,-0.108286),(-2.882554,-5.112991,-0.113879),(-2.366273,-5.678808,-0.113002),(-3.057035,-5.372074,-0.118987),(-2.567049,-5.947837,-0.117718),(-3.747796,-5.06534,-0.124971),(-5.224912,-4.681118,-0.143225),(-4.438558,-4.758605,-0.130956),(-4.31667,-4.519413,-0.125064),(-3.599612,-4.816202,-0.119471),(-0.984749,-6.292277,-0.101033),(0.090796,-7.214535,-0.152211),(-5.224931,-4.681099,-0.203225),(-4.316689,-4.519393,-0.185064),(-3.599631,-4.816182,-0.179471),(-2.882573,-5.112971,-0.173879),(-3.747815,-5.06532,-0.184971),(-3.057053,-5.372054,-0.178987),(-2.567068,-5.947817,-0.177718),(-2.366292,-5.678789,-0.173002),(-0.984768,-6.292257,-0.161033),(-0.7314,-6.003339,-0.1571),(-2.165515,-5.40976,-0.168286),(-4.438577,-4.758586,-0.190956),(-1.064203,-8.380329,-0.104096),(-1.730969,-7.128974,-0.112596),(-2.975244,-6.460506,-0.127039),(-3.597382,-6.126272,-0.134261),(-3.179342,-6.716841,-0.1317),(-3.780316,-6.37383,-0.139344),(-3.38344,-6.973176,-0.13636),(-4.381289,-6.030819,-0.146988),(-5.702677,-5.566023,-0.168625),(-4.982262,-5.687808,-0.154631),(-4.841657,-5.457805,-0.148704),(-4.219519,-5.792039,-0.141482),(-1.977396,-7.402863,-0.116412),(-1.064222,-8.380309,-0.164096),(-4.057769,-5.553238,-0.195977),(-4.70107,-5.227782,-0.202776),(-4.841676,-5.457785,-0.208704),(-4.219538,-5.792019,-0.201482),(-3.414467,-5.878695,-0.189178),(-3.597401,-6.126253,-0.194261),(-2.771165,-6.204152,-0.182379),(-2.975263,-6.460487,-0.187039),(-1.484562,-6.855065,-0.168781),(-1.730988,-7.128955,-0.172596),(-1.977414,-7.402844,-0.176412),(-3.383459,-6.973157,-0.19636),(-3.179361,-6.716822,-0.1917),(-3.780335,-6.373811,-0.199344),(-4.381308,-6.0308,-0.206988),(-5.702696,-5.566004,-0.228625),(-4.982281,-5.687788,-0.214631),(-5.948264,-6.960315,-0.189835),(-5.783184,-6.751814,-0.18398),(-5.618105,-6.543313,-0.178125),(-5.453026,-6.334813,-0.17227),(-5.083169,-6.922442,-0.168739),(-4.903132,-6.704828,-0.163324),(-4.548232,-7.30157,-0.159353),(-4.353238,-7.074843,-0.154378),(-4.013296,-7.680699,-0.149967),(-3.803344,-7.444858,-0.145432),(-2.943423,-8.438956,-0.131195),(-2.703556,-8.184888,-0.127539),(-6.113343,-7.168815,-0.195691),(-5.623279,-7.575284,-0.184985),(-5.133216,-7.981753,-0.174279),(-4.643152,-8.388222,-0.163574),(-4.938221,-7.755025,-0.169304),(-4.4332,-8.152381,-0.159038),(-4.223248,-7.91654,-0.154503),(-4.743227,-7.528298,-0.164328),(-3.663025,-9.20116,-0.142162),(-3.423158,-8.947092,-0.138507),(-3.183291,-8.693024,-0.134851),(-5.443242,-7.35767,-0.17957),(-5.263206,-7.140056,-0.174154),(-5.783203,-6.751794,-0.24398),(-6.113362,-7.168796,-0.255691),(-5.623298,-7.575264,-0.244985),(-5.133234,-7.981733,-0.234279),(-4.643171,-8.388202,-0.223574),(-4.223267,-7.91652,-0.214503),(-3.183309,-8.693004,-0.194851),(-2.943442,-8.438936,-0.191195),(-2.703575,-8.184869,-0.187539),(-2.463708,-7.930801,-0.183884),(-3.803363,-7.444838,-0.205432),(-3.593411,-7.208997,-0.200896),(-4.353257,-7.074823,-0.214378),(-4.158263,-6.848096,-0.209402),(-4.903151,-6.704808,-0.223324),(-4.723114,-6.487194,-0.217908),(-5.453045,-6.334793,-0.23227),(-5.287966,-6.126293,-0.226414),(-5.618124,-6.543294,-0.238125),(-5.083188,-6.922422,-0.228739),(-5.263224,-7.140036,-0.234154),(-4.548251,-7.301551,-0.219353),(-4.743246,-7.528278,-0.224328),(-4.013315,-7.680679,-0.209967),(-3.663044,-9.20114,-0.202162)),$);
#1244= IFCTRIANGULATEDFACESET(#1243,$,$,((1,2,3),(3,2,4),(5,6,1),(1,6,2),(3,4,7),(7,4,8),(4,2,8),(8,2,9),(8,9,10),(10,9,11),(10,11,12),(12,11,13),(12,13,8),(6,14,2),(2,14,11),(2,11,9),(14,13,11),(12,8,10),(15,16,17),(17,16,18),(16,15,19),(19,15,20),(19,20,21),(21,20,22),(21,22,23),(23,22,24),(24,25,23),(23,25,26),(27,20,28),(28,20,15),(28,15,29),(29,15,17),(28,29,30),(30,29,31),(30,31,32),(32,31,33),(32,33,27),(32,27,30),(30,27,28),(17,18,29),(29,18,34),(18,16,34),(34,16,35),(34,35,36),(36,35,37),(36,37,38),(38,37,39),(38,39,40),(19,37,16),(16,37,35),(38,40,36),(36,40,34),(6,5,14),(14,5,41),(31,29,40),(40,29,34),(5,1,42),(42,1,3),(42,3,43),(43,3,7),(43,7,44),(44,7,45),(44,45,43),(43,45,41),(43,41,42),(42,41,5),(41,45,14),(14,45,13),(46,45,47),(47,45,7),(47,7,48),(48,46,47),(45,46,13),(13,46,49),(50,8,51),(51,8,13),(51,13,49),(49,50,51),(7,8,48),(48,8,50),(52,46,53),(53,46,48),(53,48,54),(54,52,53),(46,52,49),(49,52,55),(56,50,57),(57,50,49),(57,49,55),(55,56,57),(48,50,54),(54,50,56),(58,52,59),(59,52,54),(59,54,60),(60,58,59),(52,58,55),(55,58,61),(62,56,63),(63,56,55),(63,55,61),(61,62,63),(54,56,60),(60,56,62),(60,64,58),(58,64,65),(58,65,66),(66,65,67),(67,65,68),(67,68,60),(60,68,69),(60,69,64),(64,69,65),(68,65,69),(58,66,61),(61,66,70),(61,71,62),(62,71,72),(62,72,73),(73,72,71),(73,71,70),(70,71,61),(60,62,67),(67,62,73),(74,66,75),(75,66,67),(75,67,76),(76,67,77),(76,77,75),(75,77,74),(66,74,70),(70,74,78),(70,79,73),(73,79,80),(73,80,81),(81,80,79),(81,79,78),(78,79,70),(67,73,77),(77,73,81),(82,74,83),(83,74,77),(83,77,84),(84,85,83),(83,85,86),(83,86,82),(74,82,78),(78,82,87),(88,81,89),(89,81,78),(89,78,87),(87,90,89),(89,90,91),(89,91,88),(77,81,84),(84,81,88),(92,82,93),(93,82,86),(93,86,85),(85,84,93),(93,84,94),(93,94,95),(95,96,93),(93,96,92),(82,92,87),(87,92,97),(98,88,99),(99,88,91),(99,91,90),(90,87,99),(99,87,97),(99,97,100),(100,101,99),(99,101,98),(84,88,94),(94,88,98),(102,92,103),(103,92,96),(103,96,104),(104,96,105),(104,105,106),(106,105,107),(106,107,108),(108,107,109),(108,109,110),(110,109,111),(110,111,112),(112,111,113),(112,113,114),(114,113,94),(94,113,95),(95,113,115),(95,115,116),(116,115,109),(116,109,107),(105,96,116),(116,96,95),(114,110,112),(106,108,117),(117,108,102),(117,102,103),(109,115,111),(111,115,113),(107,105,116),(117,103,104),(117,104,106),(92,102,97),(97,102,118),(101,119,98),(98,119,120),(98,120,121),(121,120,122),(121,122,123),(123,122,124),(123,124,125),(125,124,126),(125,126,127),(127,126,128),(127,128,129),(129,128,100),(129,100,130),(130,100,97),(130,97,131),(131,97,118),(131,118,132),(132,118,133),(132,133,134),(134,133,135),(134,135,136),(136,135,127),(136,127,129),(100,137,101),(101,137,138),(101,138,119),(119,138,120),(135,133,125),(125,133,123),(136,129,130),(137,100,128),(128,126,137),(137,126,139),(137,139,138),(138,139,120),(120,139,122),(122,139,124),(127,135,125),(139,126,124),(131,132,134),(131,134,136),(131,136,130),(94,98,114),(114,98,121),(140,102,141),(141,102,108),(141,108,142),(142,108,143),(142,143,144),(144,143,145),(144,145,146),(146,145,147),(146,147,148),(148,147,110),(148,110,114),(143,108,145),(145,108,110),(145,110,147),(114,149,148),(148,149,146),(142,144,141),(141,144,140),(102,140,118),(118,140,150),(151,121,152),(152,121,123),(152,123,153),(153,123,133),(153,133,154),(154,133,155),(154,155,156),(156,155,157),(156,157,150),(150,157,118),(118,157,133),(133,157,155),(154,156,153),(153,156,158),(153,158,152),(152,158,151),(114,121,149),(149,121,151),(159,140,160),(160,140,144),(160,144,146),(146,149,160),(160,149,161),(160,161,162),(162,163,160),(160,163,159),(140,159,150),(150,159,164),(165,151,166),(166,151,158),(166,158,156),(156,150,166),(166,150,164),(166,164,167),(167,168,166),(166,168,165),(149,151,161),(161,151,165),(169,159,170),(170,159,163),(170,163,162),(162,161,170),(170,161,171),(170,171,172),(172,173,170),(170,173,169),(159,169,164),(164,169,174),(175,165,176),(176,165,168),(176,168,167),(167,164,176),(176,164,174),(176,174,177),(177,178,176),(176,178,175),(161,165,171),(171,165,175),(179,169,180),(180,169,173),(180,173,181),(181,173,182),(181,182,183),(183,182,184),(183,184,185),(185,184,186),(186,184,187),(186,187,188),(188,187,189),(188,189,190),(190,189,171),(171,189,172),(172,189,191),(172,191,182),(182,191,184),(173,172,182),(190,186,188),(183,185,192),(192,185,179),(192,179,180),(184,191,187),(187,191,189),(192,180,181),(192,181,183),(169,179,174),(174,179,193),(194,175,195),(195,175,178),(195,178,196),(196,178,197),(196,197,198),(198,197,199),(198,199,200),(200,199,201),(201,199,202),(201,202,203),(203,202,204),(203,204,205),(205,204,177),(205,177,174),(178,177,197),(197,177,206),(197,206,199),(199,206,202),(174,193,205),(205,193,207),(205,207,203),(203,207,201),(193,201,207),(198,200,208),(208,200,194),(208,194,195),(206,177,204),(202,206,204),(208,195,196),(208,196,198),(171,175,190),(190,175,194),(209,179,210),(210,179,185),(210,185,211),(211,185,212),(211,212,213),(213,212,214),(213,214,215),(215,214,216),(215,216,217),(217,216,218),(217,218,219),(219,218,216),(219,216,220),(220,216,214),(220,214,212),(185,186,212),(212,186,220),(220,186,219),(219,186,190),(219,190,217),(213,215,221),(221,215,209),(221,209,210),(221,210,211),(221,211,213),(179,209,193),(193,209,222),(223,194,224),(224,194,200),(224,200,225),(225,200,226),(225,226,227),(227,226,228),(227,228,229),(229,228,230),(229,230,231),(231,230,232),(231,232,222),(222,232,193),(193,232,201),(201,232,233),(201,233,226),(226,233,228),(200,201,226),(222,229,231),(229,223,227),(227,223,234),(227,234,225),(225,234,224),(234,223,224),(228,233,230),(230,233,232),(190,194,217),(217,194,223),(235,209,236),(236,209,215),(236,215,237),(237,215,238),(237,238,239),(239,238,240),(239,240,241),(241,240,242),(241,242,243),(243,242,244),(243,244,245),(245,244,242),(245,242,246),(246,242,240),(246,240,238),(238,215,246),(246,215,217),(246,217,245),(245,217,243),(239,241,247),(247,241,235),(247,235,236),(247,236,237),(247,237,239),(209,235,222),(222,235,248),(229,249,223),(223,249,250),(223,250,251),(251,250,249),(251,249,252),(252,249,253),(252,253,254),(254,253,255),(254,255,256),(256,255,257),(256,257,258),(258,257,222),(258,222,248),(222,257,229),(229,257,255),(229,255,253),(258,248,259),(259,248,260),(259,260,261),(261,260,262),(261,262,256),(256,262,254),(262,260,263),(263,260,264),(263,264,265),(265,264,251),(265,251,252),(264,223,251),(249,229,253),(254,262,263),(254,263,252),(252,263,265),(258,259,261),(258,261,256),(217,223,243),(243,223,264),(22,266,24),(24,266,267),(24,267,25),(25,267,268),(25,268,269),(269,268,270),(269,270,271),(271,270,272),(271,272,273),(273,272,274),(273,274,275),(275,274,276),(275,276,277),(277,276,235),(277,235,241),(266,22,278),(278,22,20),(278,20,279),(279,20,27),(279,27,280),(280,27,281),(280,281,282),(282,281,283),(282,283,285),(285,283,284),(285,284,272),(272,284,274),(281,27,286),(286,27,33),(286,33,287),(287,33,288),(287,288,284),(284,288,274),(33,235,288),(288,235,276),(288,276,274),(243,271,241),(241,271,273),(241,273,275),(271,243,269),(269,243,25),(266,289,267),(267,289,290),(267,290,268),(268,290,270),(289,282,290),(290,282,285),(290,285,270),(270,285,272),(278,279,266),(266,279,289),(279,280,289),(289,280,282),(286,287,283),(283,287,284),(286,283,281),(277,241,275),(235,33,248),(248,33,39),(26,291,23),(23,291,292),(23,292,21),(21,292,19),(19,292,293),(19,293,37),(37,293,294),(37,294,295),(295,294,296),(295,296,297),(297,296,298),(297,298,248),(248,298,299),(248,299,300),(300,299,301),(300,301,302),(302,301,303),(302,303,304),(304,303,305),(304,305,306),(306,305,307),(306,307,308),(308,307,264),(308,264,306),(306,264,260),(306,260,304),(304,260,302),(264,307,26),(26,307,309),(26,309,291),(291,309,310),(291,310,311),(311,310,313),(313,310,312),(313,312,296),(296,312,314),(296,314,298),(298,314,299),(302,260,300),(300,260,248),(248,39,297),(297,39,315),(297,315,295),(295,315,37),(39,37,315),(293,292,311),(311,292,291),(294,293,313),(313,293,311),(313,296,294),(303,301,314),(314,312,303),(309,307,305),(305,303,312),(312,310,305),(310,309,305),(314,301,299),(26,25,264),(264,25,243),(33,31,39),(39,31,40)),$);
#1245= IFCSHAPEREPRESENTATION(#178,'Body','Tessellation',(#1244));
#1246= IFCPRODUCTDEFINITIONSHAPE($,$,(#1245));
#1247= IFCCARTESIANPOINT((505263.725916,1707687.968117,368.933058));
#1248= IFCAXIS2PLACEMENT3D(#1247,$,$);
#1249= IFCLOCALPLACEMENT(#5,#1248);
#1250= IFCBUILTELEMENT('3EDmlRwhz4QuvYZsrRjvOS',$,'BTN 12.5',$,$,#1249,#1246,'60F51');
#1251= IFCSTYLEDITEM(#1244,(#189),'BTN 12.5');
#1252= IFCPROPERTYSINGLEVALUE('Area',$,IFCREAL(320.721196580754),$);
#1253= IFCPROPERTYSINGLEVALUE('Bounds',$,IFCLABEL('((505256.0386032673,1707677.0318462271,368.63936841425),(505271.3920319353,1707698.90442,369.2219729438248))'),$);
#1254= IFCPROPERTYSET('2YaUJRwcH4JF7vp9om81Q6',$,'Properties',$,(#39,#40,#41,#42,#43,#44,#47,#48,#49,#50,#51,#52,#53,#54,#55,#56,#57,#59,#60,#193,#194,#195,#196,#197,#198,#199,#1252,#1253));
#1255= IFCRELDEFINESBYPROPERTIES('3zW_NA6gpHtgCuhMV7_Pzb',$,$,$,(#1250),#1254);
#1256= IFCPROPERTYSET('1X3bFgbojexeqdcnxb6Fhu',$,'Misc',$,(#85,#87,#88,#203));
#1257= IFCRELDEFINESBYPROPERTIES('1dfjJI4grD_OELQt43$oUx',$,$,$,(#1250),#1256);
#1258= IFCPROPERTYSET('004HiJGuaXhH9bGRNIE0rw',$,'3D Visualization',$,(#91,#92,#93));
#1259= IFCRELDEFINESBYPROPERTIES('16OS9FcfXJpxiy$rTpMkRX',$,$,$,(#1250),#1258);
#1260= IFCPROPERTYSET('1Hgmv8hWzNU9o7KRW84dTU',$,'General',$,(#72,#74,#75,#76,#77,#208));
#1261= IFCRELDEFINESBYPROPERTIES('2yyVu0sP23$sUDpx7zXUnI',$,$,$,(#1250),#1260);
#1262= IFCPROPERTYSET('0N96e8m_0tl6x7seJ2KVPf',$,'Geometry',$,(#82));
#1263= IFCRELDEFINESBYPROPERTIES('2oZpkErYKcGPbT0eZpwj3w',$,$,$,(#1250),#1262);
#1264= IFCPROPERTYSINGLEVALUE('HorizontalBaselineHandle',$,IFCLABEL('5E713'),$);
#1265= IFCPROPERTYSINGLEVALUE('VerticalBaselineHandle',$,IFCLABEL('5E753'),$);
#1266= IFCPROPERTYSINGLEVALUE('BaselineGuid',$,IFCLABEL('{6C48D44F-28C3-4BF6-A2FF-0DA9D1E3F66E}'),$);
#1267= IFCPROPERTYSINGLEVALUE('RegionGuid',$,IFCLABEL('{DEFA0997-0B6D-47DA-B126-2B10C2AE067A}'),$);
#1268= IFCPROPERTYSET('2ewhf9RNLCccN6twAWv4Cg',$,'Corridor Identity',$,(#221,#224,#456,#457,#458,#461,#509,#1219,#1264,#1265,#1266,#1267));
#1269= IFCRELDEFINESBYPROPERTIES('030tAMEmA2CfrqvZ4BoVdM',$,$,$,(#1250),#1268);
#1270= IFCPROPERTYSINGLEVALUE('BaselineName',$,IFCLABEL('BL - Intersection - (11) - SW - Quadrant - (77)'),$);
#1271= IFCPROPERTYSINGLEVALUE('HorizontalBaseline',$,IFCLABEL('Intersection - (11) - SW - Quadrant'),$);
#1272= IFCPROPERTYSINGLEVALUE('VerticalBaseline',$,IFCLABEL('Intersection - (11) - SW - Quadrant - Profile'),$);
#1273= IFCPROPERTYSINGLEVALUE('RegionName',$,IFCLABEL('RG - LEFT - (84)'),$);
#1274= IFCPROPERTYSET('3vwbR4L5fJbDmlEKzvzMov',$,'Corridor Model Information',$,(#1227,#1270,#1271,#1272,#1273));
#1275= IFCRELDEFINESBYPROPERTIES('2Uz1smbpWLiX4UUISTP2dv',$,$,$,(#1250),#1274);
#1276= IFCPROPERTYSINGLEVALUE('Volume',$,IFCVOLUMEMEASURE(9.51378372877184),$);
#1277= IFCPROPERTYSET('0K0LDfUH3hfLRhia7emcvv',$,'Corridor Shape Information',$,(#234,#235,#472,#473,#518,#1276));
#1278= IFCRELDEFINESBYPROPERTIES('2A6WiyVjUZtyQSavqQK8JL',$,$,$,(#1250),#1277);
#1279= IFCPROPERTYSINGLEVALUE('Kh\X2\1ED1\X0\i l\X2\01B0\X0\\X2\1EE3\X0\ng (m3)',$,IFCREAL(9.51378372823795),$);
#1280= IFCPROPERTYSET('0TkQjp5aeH_4vQxuOmvHIA',$,'Thong_tin_BIM',$,(#242,#243,#244,#249,#250,#251,#252,#253,#479,#523,#524,#1279));
#1281= IFCRELDEFINESBYPROPERTIES('2TsO60ulM4q9flK6Ki6alK',$,$,$,(#1250),#1280);
#1282= IFCCARTESIANPOINTLIST3D(((0.469352,-3.078259,-0.094577),(0.468983,-3.077894,-0.094566),(0.469371,-3.078279,-0.034577),(0.469002,-3.077913,-0.034566),(1.1816,-2.35864,-0.087234),(1.181619,-2.35866,-0.027234),(1.181969,-2.359006,-0.087245),(1.181988,-2.359025,-0.027245),(1.677149,-1.859215,-0.08215),(-1.874712,1.659851,0.020117),(-3.282356,0.239098,0.005633),(0.269505,-3.279968,-0.096633),(0.269524,-3.279987,-0.036633),(-0.268153,3.281332,0.096647),(3.283708,-0.237734,-0.005619),(-0.268172,3.281352,0.036647),(3.283689,-0.237714,-0.065619),(-3.283689,0.237714,0.065619),(-3.283708,0.237734,0.005619),(0.268172,-3.281352,-0.036647),(0.268153,-3.281332,-0.096647),(-0.46705,3.080583,0.094601),(3.084812,-0.438482,-0.007666),(3.084793,-0.438462,-0.067666),(-0.467068,3.080603,0.034601),(-0.895143,2.648503,0.090196),(2.656718,-0.870562,-0.012071),(2.6567,-0.870542,-0.072071),(-0.895162,2.648523,0.030196),(-1.874694,1.659831,0.080117),(1.677168,-1.859235,-0.02215),(-3.282337,0.239078,0.065633)),$);
#1283= IFCTRIANGULATEDFACESET(#1282,$,$,((1,2,3),(3,2,4),(2,5,4),(4,5,6),(7,8,5),(5,8,6),(7,5,9),(9,5,10),(10,5,11),(11,5,2),(11,2,12),(12,2,1),(3,13,1),(1,13,12),(14,15,16),(16,15,17),(18,19,20),(20,19,21),(14,22,15),(15,22,23),(15,23,17),(17,23,24),(16,17,25),(25,17,24),(14,16,22),(22,16,25),(22,26,23),(23,26,27),(23,27,24),(24,27,28),(25,24,29),(29,24,28),(22,25,26),(26,25,29),(26,30,27),(27,30,31),(27,31,28),(28,31,9),(29,28,10),(10,28,9),(26,29,30),(30,29,10),(8,31,6),(6,31,30),(6,30,32),(6,32,4),(4,32,13),(4,13,3),(7,9,8),(8,9,31),(30,10,32),(32,10,11),(32,18,13),(13,18,20),(13,20,12),(12,20,21),(11,12,19),(19,12,21),(32,11,18),(18,11,19)),$);
#1284= IFCSHAPEREPRESENTATION(#178,'Body','Tessellation',(#1283));
#1285= IFCPRODUCTDEFINITIONSHAPE($,$,(#1284));
#1286= IFCCARTESIANPOINT((505263.413177,1707676.794267,368.737288));
#1287= IFCAXIS2PLACEMENT3D(#1286,$,$);
#1288= IFCLOCALPLACEMENT(#5,#1287);
#1289= IFCBUILTELEMENT('1A6X$ZRxv6Y9Jegkf6OZ0c',$,'BTN 12.5',$,$,#1288,#1285,'60F61');
#1290= IFCSTYLEDITEM(#1283,(#189),'BTN 12.5');
#1291= IFCPROPERTYSINGLEVALUE('Area',$,IFCREAL(43.9679918220328),$);
#1292= IFCPROPERTYSINGLEVALUE('Bounds',$,IFCLABEL('((505260.1294368424,1707673.5128721686,368.6396931357088),(505266.6969163725,1707680.0756612907,368.8348823935499))'),$);
#1293= IFCPROPERTYSET('0KfuVd6gmqi$28qrMiKzNG',$,'Properties',$,(#39,#40,#41,#42,#43,#44,#47,#48,#49,#50,#51,#52,#53,#54,#55,#56,#57,#59,#60,#193,#194,#195,#196,#197,#198,#199,#1291,#1292));
#1294= IFCRELDEFINESBYPROPERTIES('3K9CxOHlmCqUEEFYhLgod_',$,$,$,(#1289),#1293);
#1295= IFCPROPERTYSET('3HF_$p1v4tT3iLN_U0JJqE',$,'Misc',$,(#85,#87,#88,#203));
#1296= IFCRELDEFINESBYPROPERTIES('2xDchJ_7SolJ6J4sHZiQWx',$,$,$,(#1289),#1295);
#1297= IFCPROPERTYSET('07LW2irdserg1JVo$SfDqP',$,'3D Visualization',$,(#91,#92,#93));
#1298= IFCRELDEFINESBYPROPERTIES('07ItxQl6r3CsbKiw0sT9nd',$,$,$,(#1289),#1297);
#1299= IFCPROPERTYSET('1hpWciSkj3ik5gQx6Pi2oZ',$,'General',$,(#72,#74,#75,#76,#77,#208));
#1300= IFCRELDEFINESBYPROPERTIES('27v$UdDfBS$1kz2QcNigkd',$,$,$,(#1289),#1299);
#1301= IFCPROPERTYSET('1sQVKFmwZdb9EVOUqeZOLu',$,'Geometry',$,(#82));
#1302= IFCRELDEFINESBYPROPERTIES('2xNUcJoZH0nX2rezA3zQhb',$,$,$,(#1289),#1301);
#1303= IFCPROPERTYSINGLEVALUE('HorizontalBaselineHandle',$,IFCLABEL('5C7D6'),$);
#1304= IFCPROPERTYSINGLEVALUE('VerticalBaselineHandle',$,IFCLABEL('5CEF6'),$);
#1305= IFCPROPERTYSINGLEVALUE('BaselineGuid',$,IFCLABEL('{3F4776F8-363B-48FC-BDB4-06126279063C}'),$);
#1306= IFCPROPERTYSINGLEVALUE('RegionGuid',$,IFCLABEL('{421E7194-F008-4E1E-A8C4-0AB96A9F4DA2}'),$);
#1307= IFCPROPERTYSINGLEVALUE('StartStation',$,IFCLABEL('0+011.72m'),$);
#1308= IFCPROPERTYSINGLEVALUE('EndStation',$,IFCLABEL('0+016.00m'),$);
#1309= IFCPROPERTYSET('0gRpujkG0lDedI2DVZMFOs',$,'Corridor Identity',$,(#218,#221,#224,#744,#745,#1219,#1303,#1304,#1305,#1306,#1307,#1308));
#1310= IFCRELDEFINESBYPROPERTIES('3aiwqmCrPAmzyuNb3DB$dj',$,$,$,(#1289),#1309);
#1311= IFCPROPERTYSINGLEVALUE('BaselineName',$,IFCLABEL('BL - T7 - (78)'),$);
#1312= IFCPROPERTYSINGLEVALUE('HorizontalBaseline',$,IFCLABEL('Tuyen_T7'),$);
#1313= IFCPROPERTYSINGLEVALUE('VerticalBaseline',$,IFCLABEL('DD_T7'),$);
#1314= IFCPROPERTYSINGLEVALUE('RegionName',$,IFCLABEL('RG - L5m - (85)'),$);
#1315= IFCPROPERTYSET('2K29d1PMkUTwU0Hu5yUrJN',$,'Corridor Model Information',$,(#1227,#1311,#1312,#1313,#1314));
#1316= IFCRELDEFINESBYPROPERTIES('3FQYVveip4SeBb2wEBE$0n',$,$,$,(#1289),#1315);
#1317= IFCPROPERTYSINGLEVALUE('AssemblyStartStation',$,IFCLABEL('0+011.72m'),$);
#1318= IFCPROPERTYSINGLEVALUE('AssemblyEndStation',$,IFCLABEL('0+016.00m'),$);
#1319= IFCPROPERTYSINGLEVALUE('Volume',$,IFCVOLUMEMEASURE(1.28532299514537),$);
#1320= IFCPROPERTYSET('28JSfvT$oMx8Z8Y8znBt7l',$,'Corridor Shape Information',$,(#234,#235,#754,#1317,#1318,#1319));
#1321= IFCRELDEFINESBYPROPERTIES('2ovwpfzJPunzhvGCNMNj$n',$,$,$,(#1289),#1320);
#1322= IFCPROPERTYSINGLEVALUE('Kh\X2\1ED1\X0\i l\X2\01B0\X0\\X2\1EE3\X0\ng (m3)',$,IFCREAL(1.28532299521598),$);
#1323= IFCPROPERTYSINGLEVALUE('L\X2\00FD\X0\ tr\X2\00EC\X0\nh \X2\0111\X0\\X2\1EA7\X0\u',$,IFCLABEL('0+011.72m'),$);
#1324= IFCPROPERTYSINGLEVALUE('L\X2\00FD\X0\ tr\X2\00EC\X0\nh cu\X2\1ED1\X0\i',$,IFCLABEL('0+016.00m'),$);
#1325= IFCPROPERTYSINGLEVALUE('\X2\0110\X0\\X2\1ED9\X0\ d\X2\00E0\X0\i (m)',$,IFCLABEL('4.28'),$);
#1326= IFCPROPERTYSET('2A_u82$$u7CB5JNzIL20IN',$,'Thong_tin_BIM',$,(#242,#243,#244,#249,#250,#251,#252,#253,#1322,#1323,#1324,#1325));
#1327= IFCRELDEFINESBYPROPERTIES('0Eb3IPiZAOSea9LSHlhbdQ',$,$,$,(#1289),#1326);
#1328= IFCCARTESIANPOINTLIST3D(((1.743189,5.311404,0.117343),(5.29505,1.792339,0.015076),(1.74317,5.311424,0.057343),(5.295031,1.792358,-0.044924),(-5.295031,-1.792358,0.044924),(-5.29505,-1.792339,-0.015076),(-1.74317,-5.311424,-0.057343),(-1.743189,-5.311404,-0.117343),(1.014286,4.575714,0.109843),(4.566148,1.056649,0.007576),(4.566129,1.056668,-0.052424),(1.014267,4.575734,0.049843),(0.336897,3.892016,0.102873),(3.888758,0.372951,0.000606),(3.888739,0.37297,-0.059394),(0.336878,3.892036,0.042873),(-1.070747,2.471264,0.088389),(2.481114,-1.047802,-0.013877),(2.481095,-1.047782,-0.073877),(-1.070766,2.471283,0.028389),(-2.279495,1.25126,0.075952),(1.272366,-2.267806,-0.026315),(1.272347,-2.267786,-0.086315),(-2.279514,1.251279,0.015952),(-2.281607,1.249128,0.07593),(1.270255,-2.269937,-0.026336),(1.270236,-2.269917,-0.086336),(-2.281625,1.249148,0.01593),(-2.478391,1.050511,0.073905),(1.07347,-2.468554,-0.028361),(1.073451,-2.468535,-0.088361),(-2.47841,1.050531,0.013905),(-3.886035,-0.370241,0.059422),(-0.334174,-3.889307,-0.042845),(-0.334193,-3.889287,-0.102845),(-3.886054,-0.370222,-0.000578),(-5.293679,-1.790994,0.044938),(-1.741818,-5.31006,-0.057329),(-1.741837,-5.31004,-0.117329),(-5.293698,-1.790974,-0.015062)),$);
#1329= IFCTRIANGULATEDFACESET(#1328,$,$,((1,2,3),(3,2,4),(5,6,7),(7,6,8),(1,9,2),(2,9,10),(2,10,4),(4,10,11),(3,4,12),(12,4,11),(1,3,9),(9,3,12),(9,13,10),(10,13,14),(10,14,11),(11,14,15),(12,11,16),(16,11,15),(9,12,13),(13,12,16),(13,17,14),(14,17,18),(14,18,15),(15,18,19),(16,15,20),(20,15,19),(13,16,17),(17,16,20),(17,21,18),(18,21,22),(18,22,19),(19,22,23),(20,19,24),(24,19,23),(17,20,21),(21,20,24),(21,25,22),(22,25,26),(22,26,23),(23,26,27),(24,23,28),(28,23,27),(21,24,25),(25,24,28),(25,29,26),(26,29,30),(26,30,27),(27,30,31),(28,27,32),(32,27,31),(25,28,29),(29,28,32),(29,33,30),(30,33,34),(30,34,31),(31,34,35),(32,31,36),(36,31,35),(29,32,33),(33,32,36),(33,37,34),(34,37,38),(34,38,35),(35,38,39),(36,35,40),(40,35,39),(33,36,37),(37,36,40),(37,5,38),(38,5,7),(38,7,39),(39,7,8),(40,39,6),(6,39,8),(37,40,5),(5,40,6)),$);
#1330= IFCSHAPEREPRESENTATION(#178,'Body','Tessellation',(#1329));
#1331= IFCPRODUCTDEFINITIONSHAPE($,$,(#1330));
#1332= IFCCARTESIANPOINT((505258.386299,1707671.720576,368.685565));
#1333= IFCAXIS2PLACEMENT3D(#1332,$,$);
#1334= IFCLOCALPLACEMENT(#5,#1333);
#1335= IFCBUILTELEMENT('1WFPU$kx5F7gonkUvpjEQ7',$,'BTN 12.5',$,$,#1334,#1331,'60F6F');
#1336= IFCSTYLEDITEM(#1329,(#189),'BTN 12.5');
#1337= IFCPROPERTYSINGLEVALUE('Area',$,IFCREAL(101.822611643391),$);
#1338= IFCPROPERTYSINGLEVALUE('Bounds',$,IFCLABEL('((505253.0912169638,1707666.4090959302,368.5660106489907),(505263.68138031225,1707677.032056807,368.8051184827655))'),$);
#1339= IFCPROPERTYSET('1a1dTcO49cItxgOlDp1ojN',$,'Properties',$,(#39,#40,#41,#42,#43,#44,#45,#46,#47,#48,#49,#50,#51,#52,#53,#54,#55,#56,#57,#59,#60,#193,#197,#299,#300,#301,#1337,#1338));
#1340= IFCRELDEFINESBYPROPERTIES('0KLLqOlvFeugU2XI5B$6JP',$,$,$,(#1335),#1339);
#1341= IFCPROPERTYSET('1L_T2_9rG73JrBmPIWPqGB',$,'Misc',$,(#85,#87,#88,#203));
#1342= IFCRELDEFINESBYPROPERTIES('31jacXIdmMA$Qiyt9EmGFO',$,$,$,(#1335),#1341);
#1343= IFCPROPERTYSET('2ItTFkwnO79QPKjufVHW7j',$,'3D Visualization',$,(#91,#92,#93));
#1344= IFCRELDEFINESBYPROPERTIES('1e62jjxHCKiKOCiIZ7zVko',$,$,$,(#1335),#1343);
#1345= IFCPROPERTYSET('1C2SEhh4q_jAvowX3V4bqh',$,'General',$,(#72,#74,#75,#76,#77,#208));
#1346= IFCRELDEFINESBYPROPERTIES('38423ovNvp3dVXjQgyRgvJ',$,$,$,(#1335),#1345);
#1347= IFCPROPERTYSET('0JDj3tjJw36p$13GdIifpU',$,'Geometry',$,(#82));
#1348= IFCRELDEFINESBYPROPERTIES('3P6wQmAM063MM5TQJFUw0u',$,$,$,(#1335),#1347);
#1349= IFCPROPERTYSINGLEVALUE('RegionGuid',$,IFCLABEL('{F238DFD5-6679-416B-986C-74D1C8C5B2D0}'),$);
#1350= IFCPROPERTYSINGLEVALUE('StartStation',$,IFCLABEL('0+016.00m'),$);
#1351= IFCPROPERTYSINGLEVALUE('EndStation',$,IFCLABEL('0+026.00m'),$);
#1352= IFCPROPERTYSET('244L32MXGrUyGUoWtKDbVW',$,'Corridor Identity',$,(#216,#217,#218,#221,#224,#1219,#1303,#1304,#1305,#1349,#1350,#1351));
#1353= IFCRELDEFINESBYPROPERTIES('00G0rOxLgeNXKUblIEvhta',$,$,$,(#1335),#1352);
#1354= IFCPROPERTYSINGLEVALUE('RegionName',$,IFCLABEL('RG - 5m - (86)'),$);
#1355= IFCPROPERTYSET('1_b1xCDd6u83HXo3NkwIL3',$,'Corridor Model Information',$,(#1227,#1311,#1312,#1313,#1354));
#1356= IFCRELDEFINESBYPROPERTIES('3srMXKlvcHmIVlOAijP6Nw',$,$,$,(#1335),#1355);
#1357= IFCPROPERTYSINGLEVALUE('AssemblyStartStation',$,IFCLABEL('0+016.00m'),$);
#1358= IFCPROPERTYSINGLEVALUE('AssemblyEndStation',$,IFCLABEL('0+026.00m'),$);
#1359= IFCPROPERTYSINGLEVALUE('Volume',$,IFCVOLUMEMEASURE(3.00000000009509),$);
#1360= IFCPROPERTYSET('1dhysjxHgQxCGdeaPeMU2p',$,'Corridor Shape Information',$,(#234,#235,#236,#1357,#1358,#1359));
#1361= IFCRELDEFINESBYPROPERTIES('0Q9uEWSriiPn4gXBuczlx5',$,$,$,(#1335),#1360);
#1362= IFCPROPERTYSINGLEVALUE('Kh\X2\1ED1\X0\i l\X2\01B0\X0\\X2\1EE3\X0\ng (m3)',$,IFCREAL(3.00000000012636),$);
#1363= IFCPROPERTYSINGLEVALUE('L\X2\00FD\X0\ tr\X2\00EC\X0\nh \X2\0111\X0\\X2\1EA7\X0\u',$,IFCLABEL('0+016.00m'),$);
#1364= IFCPROPERTYSINGLEVALUE('L\X2\00FD\X0\ tr\X2\00EC\X0\nh cu\X2\1ED1\X0\i',$,IFCLABEL('0+026.00m'),$);
#1365= IFCPROPERTYSET('11JN3UH1Le0c0Z$xz2Eg8U',$,'Thong_tin_BIM',$,(#242,#243,#244,#249,#250,#251,#252,#253,#616,#1362,#1363,#1364));
#1366= IFCRELDEFINESBYPROPERTIES('1VRx5OSgTX6QtdwxHjIYyD',$,$,$,(#1335),#1365);
#1367= IFCCARTESIANPOINTLIST3D(((5.295081,1.792306,0.115076),(5.295063,1.792326,0.055076),(1.743157,5.311437,0.017343),(1.743138,5.311457,-0.042657),(-1.743138,-5.311457,0.042657),(-5.295063,-1.792326,-0.055076),(-1.743157,-5.311437,-0.017343),(-5.295081,-1.792306,-0.115076),(4.566179,1.056616,0.107576),(1.014255,4.575747,0.009843),(1.014236,4.575766,-0.050157),(4.56616,1.056635,0.047576),(3.888789,0.372918,0.100606),(0.336865,3.892049,0.002873),(0.336846,3.892068,-0.057127),(3.88877,0.372938,0.040606),(2.481145,-1.047835,0.086123),(-1.070779,2.471296,-0.011611),(-1.070798,2.471316,-0.071611),(2.481127,-1.047815,0.026123),(1.272398,-2.267839,0.073685),(-2.279527,1.251292,-0.024048),(-2.279545,1.251312,-0.084048),(1.272379,-2.267819,0.013685),(1.270286,-2.26997,0.073664),(-2.281638,1.249161,-0.02407),(-2.281657,1.249181,-0.08407),(1.270267,-2.26995,0.013664),(1.073501,-2.468587,0.071639),(-2.478423,1.050544,-0.026095),(-2.478442,1.050563,-0.086095),(1.073483,-2.468567,0.011639),(-0.334143,-3.88934,0.057155),(-3.886067,-0.370209,-0.040578),(-3.886086,-0.370189,-0.100578),(-0.334161,-3.88932,-0.002845),(-1.741787,-5.310092,0.042671),(-5.293711,-1.790961,-0.055062),(-5.29373,-1.790942,-0.115062),(-1.741805,-5.310073,-0.017329)),$);
#1368= IFCTRIANGULATEDFACESET(#1367,$,$,((1,2,3),(3,2,4),(5,6,7),(7,6,8),(1,3,9),(9,3,10),(3,4,10),(10,4,11),(2,12,4),(4,12,11),(1,9,2),(2,9,12),(9,10,13),(13,10,14),(10,11,14),(14,11,15),(12,16,11),(11,16,15),(9,13,12),(12,13,16),(13,14,17),(17,14,18),(14,15,18),(18,15,19),(16,20,15),(15,20,19),(13,17,16),(16,17,20),(17,18,21),(21,18,22),(18,19,22),(22,19,23),(20,24,19),(19,24,23),(17,21,20),(20,21,24),(21,22,25),(25,22,26),(22,23,26),(26,23,27),(24,28,23),(23,28,27),(21,25,24),(24,25,28),(25,26,29),(29,26,30),(26,27,30),(30,27,31),(28,32,27),(27,32,31),(25,29,28),(28,29,32),(29,30,33),(33,30,34),(30,31,34),(34,31,35),(32,36,31),(31,36,35),(29,33,32),(32,33,36),(33,34,37),(37,34,38),(34,35,38),(38,35,39),(36,40,35),(35,40,39),(33,37,36),(36,37,40),(37,38,5),(5,38,6),(38,39,6),(6,39,8),(40,7,39),(39,7,8),(37,5,40),(40,5,7)),$);
#1369= IFCSHAPEREPRESENTATION(#178,'Body','Tessellation',(#1368));
#1370= IFCPRODUCTDEFINITIONSHAPE($,$,(#1369));
#1371= IFCCARTESIANPOINT((505254.834406,1707675.239675,368.687831));
#1372= IFCAXIS2PLACEMENT3D(#1371,$,$);
#1373= IFCLOCALPLACEMENT(#5,#1372);
#1374= IFCBUILTELEMENT('1IFHCv6xP1DQjU4ajUnemZ',$,'BTN 12.5',$,$,#1373,#1370,'60F78');
#1375= IFCSTYLEDITEM(#1368,(#189),'BTN 12.5');
#1376= IFCPROPERTYSINGLEVALUE('Area',$,IFCREAL(101.822611642453),$);
#1377= IFCPROPERTYSINGLEVALUE('Bounds',$,IFCLABEL('((505249.5393241277,1707669.928194131,368.5682771146674),(505260.12948747614,1707680.5511550077,368.80738494844223))'),$);
#1378= IFCPROPERTYSET('3oHvARkhBwP7OUtW9Qw_KN',$,'Properties',$,(#39,#40,#41,#42,#43,#44,#45,#46,#47,#48,#49,#50,#51,#52,#53,#54,#55,#56,#57,#59,#60,#193,#197,#299,#300,#301,#1376,#1377));
#1379= IFCRELDEFINESBYPROPERTIES('1DVTCY1IoCvb9xEH$11FGB',$,$,$,(#1374),#1378);
#1380= IFCPROPERTYSET('1GH$IyELK3MiMgDQVR3rcd',$,'Misc',$,(#85,#87,#88,#203));
#1381= IFCRELDEFINESBYPROPERTIES('3Ta17$U7NkOC7lrDuRjSry',$,$,$,(#1374),#1380);
#1382= IFCPROPERTYSET('2ruRE52upwt55mqBcL1UB6',$,'3D Visualization',$,(#91,#92,#93));
#1383= IFCRELDEFINESBYPROPERTIES('2cQICg233c_kK9cOhoPbK2',$,$,$,(#1374),#1382);
#1384= IFCPROPERTYSET('1PJeMBgHkKo7x7qdx5hRFe',$,'General',$,(#72,#74,#75,#76,#77,#208));
#1385= IFCRELDEFINESBYPROPERTIES('0dNnr7Prw9fg55OhYeXorL',$,$,$,(#1374),#1384);
#1386= IFCPROPERTYSET('1X14sp93lormwbqPk$_dCj',$,'Geometry',$,(#82));
#1387= IFCRELDEFINESBYPROPERTIES('3$pwsekEfq69F9HvPaG7Wc',$,$,$,(#1374),#1386);
#1388= IFCPROPERTYSET('0EZnIfwP6VLVoKbCTSrbHj',$,'Corridor Identity',$,(#216,#218,#221,#224,#277,#1219,#1303,#1304,#1305,#1349,#1350,#1351));
#1389= IFCRELDEFINESBYPROPERTIES('3huKSLE160bwEx2s6FtwYI',$,$,$,(#1374),#1388);
#1390= IFCPROPERTYSET('0v39FpGrCq4Rbbec3OaEdP',$,'Corridor Model Information',$,(#1227,#1311,#1312,#1313,#1354));
#1391= IFCRELDEFINESBYPROPERTIES('0lYfQRsNRjqx7$nokltNbi',$,$,$,(#1374),#1390);
#1392= IFCPROPERTYSINGLEVALUE('Volume',$,IFCVOLUMEMEASURE(3.00000000007055),$);
#1393= IFCPROPERTYSET('3WQtY0LosGkSvNNNdm$fCG',$,'Corridor Shape Information',$,(#234,#236,#282,#1357,#1358,#1392));
#1394= IFCRELDEFINESBYPROPERTIES('3Bi$7uizcuXK4fUjU3OGRZ',$,$,$,(#1374),#1393);
#1395= IFCPROPERTYSINGLEVALUE('Kh\X2\1ED1\X0\i l\X2\01B0\X0\\X2\1EE3\X0\ng (m3)',$,IFCREAL(3.00000000019154),$);
#1396= IFCPROPERTYSET('2aQu6GMOFCk$BpK8znI_IM',$,'Thong_tin_BIM',$,(#242,#243,#244,#249,#250,#251,#252,#253,#616,#1363,#1364,#1395));
#1397= IFCRELDEFINESBYPROPERTIES('0STMcfonCq9eBDQYnkVCja',$,$,$,(#1374),#1396);
#1398= IFCCARTESIANPOINTLIST3D(((-5.412854,1.396518,0.17431),(-2.130463,5.168247,0.074512),(-5.412873,1.396537,0.11431),(-2.130482,5.168267,0.014512),(2.130482,-5.168267,-0.014512),(2.130463,-5.168247,-0.074512),(5.412873,-1.396537,-0.11431),(5.412854,-1.396518,-0.17431),(-5.109272,1.132317,0.166711),(-1.826881,4.904047,0.066913),(-1.826899,4.904067,0.006913),(-5.109291,1.132337,0.106711),(-3.600605,-0.18064,0.128947),(-0.318213,3.59109,0.029148),(-0.318232,3.59111,-0.030852),(-3.600624,-0.18062,0.068947),(-2.74566,-0.924678,0.107546),(0.536732,2.847052,0.007748),(0.536713,2.847071,-0.052252),(-2.745678,-0.924659,0.047546),(-2.091938,-1.493597,0.091182),(1.190454,2.278133,-0.008616),(1.190435,2.278153,-0.068616),(-2.091956,-1.493577,0.031182),(-0.58327,-2.806554,0.053418),(2.699121,0.965176,-0.046381),(2.699102,0.965196,-0.106381),(-0.583289,-2.806534,-0.006582),(0.925397,-4.119511,0.015653),(4.207788,-0.347781,-0.084145),(4.207769,-0.347761,-0.144145),(0.925378,-4.119491,-0.044347)),$);
#1399= IFCTRIANGULATEDFACESET(#1398,$,$,((1,2,3),(3,2,4),(5,6,7),(7,6,8),(1,9,2),(2,9,10),(2,10,4),(4,10,11),(3,4,12),(12,4,11),(1,3,9),(9,3,12),(9,13,10),(10,13,14),(10,14,11),(11,14,15),(12,11,16),(16,11,15),(9,12,13),(13,12,16),(13,17,14),(14,17,18),(14,18,15),(15,18,19),(16,15,20),(20,15,19),(13,16,17),(17,16,20),(17,21,18),(18,21,22),(18,22,19),(19,22,23),(20,19,24),(24,19,23),(17,20,21),(21,20,24),(21,25,22),(22,25,26),(22,26,23),(23,26,27),(24,23,28),(28,23,27),(21,24,25),(25,24,28),(25,29,26),(26,29,30),(26,30,27),(27,30,31),(28,27,32),(32,27,31),(25,28,29),(29,28,32),(29,5,30),(30,5,7),(30,7,31),(31,7,8),(32,31,6),(6,31,8),(29,32,5),(5,32,6)),$);
#1400= IFCSHAPEREPRESENTATION(#178,'Body','Tessellation',(#1399));
#1401= IFCPRODUCTDEFINITIONSHAPE($,$,(#1400));
#1402= IFCCARTESIANPOINT((505257.190725,1707704.0725,369.235454));
#1403= IFCAXIS2PLACEMENT3D(#1402,$,$);
#1404= IFCLOCALPLACEMENT(#5,#1403);
#1405= IFCBUILTELEMENT('1ETriq9JD04g7DL_QliOKM',$,'BTN 12.5',$,$,#1404,#1401,'60F81');
#1406= IFCSTYLEDITEM(#1399,(#189),'BTN 12.5');
#1407= IFCPROPERTYSINGLEVALUE('Bounds',$,IFCLABEL('((505251.77776183677,1707698.904172191,369.0599102740783),(505262.60368741833,1707709.2408276699,369.4109968845086))'),$);
#1408= IFCPROPERTYSET('0fwEtfW0sQzzRqTMSNBytc',$,'Properties',$,(#39,#40,#41,#42,#43,#44,#45,#46,#47,#48,#49,#50,#51,#52,#53,#54,#55,#56,#57,#59,#60,#193,#197,#299,#300,#301,#1027,#1407));
#1409= IFCRELDEFINESBYPROPERTIES('0CYqDlcbNmYqQf8_MvQsG6',$,$,$,(#1405),#1408);
#1410= IFCPROPERTYSET('2DIy1kAJ3WZpQ3OU3HMBuM',$,'Misc',$,(#85,#87,#88,#203));
#1411= IFCRELDEFINESBYPROPERTIES('0YFz1bhsUzwFXiJ$AuZo0s',$,$,$,(#1405),#1410);
#1412= IFCPROPERTYSET('3KrMTC7g0IJuCnib5giDqF',$,'3D Visualization',$,(#91,#92,#93));
#1413= IFCRELDEFINESBYPROPERTIES('0Cap3iAXDQMFbJmZcG7VI1',$,$,$,(#1405),#1412);
#1414= IFCPROPERTYSET('34DAeyQZK6_rL4mcMlsGWO',$,'General',$,(#72,#74,#75,#76,#77,#208));
#1415= IFCRELDEFINESBYPROPERTIES('1vWEQal3jzq5bTzddbaJNT',$,$,$,(#1405),#1414);
#1416= IFCPROPERTYSET('27ioFZgP6glzHoDQEvUKGJ',$,'Geometry',$,(#82));
#1417= IFCRELDEFINESBYPROPERTIES('26_ec1Xbbmk5O_dFaKe$RT',$,$,$,(#1405),#1416);
#1418= IFCPROPERTYSINGLEVALUE('BaselineGuid',$,IFCLABEL('{D04EBF2F-8272-4BC2-9AF2-68B08FF475E5}'),$);
#1419= IFCPROPERTYSINGLEVALUE('RegionGuid',$,IFCLABEL('{C54C22EF-F8E5-4967-AD1C-C1E7AC1A3E3A}'),$);
#1420= IFCPROPERTYSINGLEVALUE('StartStation',$,IFCLABEL('0+147.60m'),$);
#1421= IFCPROPERTYSINGLEVALUE('EndStation',$,IFCLABEL('0+157.60m'),$);
#1422= IFCPROPERTYSET('2a90e4s0cekZYvplJgq90h',$,'Corridor Identity',$,(#214,#215,#216,#217,#218,#221,#224,#1219,#1418,#1419,#1420,#1421));
#1423= IFCRELDEFINESBYPROPERTIES('0SKaY_X43BTRor4QNOdFn8',$,$,$,(#1405),#1422);
#1424= IFCPROPERTYSINGLEVALUE('BaselineName',$,IFCLABEL('BL - T4 - (79)'),$);
#1425= IFCPROPERTYSINGLEVALUE('RegionName',$,IFCLABEL('RG - 5m - (87)'),$);
#1426= IFCPROPERTYSET('1rXDBGgFKxL8$e4LXAjyOE',$,'Corridor Model Information',$,(#229,#230,#1227,#1424,#1425));
#1427= IFCRELDEFINESBYPROPERTIES('10dcwZxR2xYbKq1WjzaJJB',$,$,$,(#1405),#1426);
#1428= IFCPROPERTYSINGLEVALUE('AssemblyStartStation',$,IFCLABEL('0+147.60m'),$);
#1429= IFCPROPERTYSINGLEVALUE('AssemblyEndStation',$,IFCLABEL('0+157.60m'),$);
#1430= IFCPROPERTYSINGLEVALUE('Volume',$,IFCVOLUMEMEASURE(3.00000000006832),$);
#1431= IFCPROPERTYSET('0b6IePm_WdpJ6Tt4xHC0OZ',$,'Corridor Shape Information',$,(#234,#235,#236,#1428,#1429,#1430));
#1432= IFCRELDEFINESBYPROPERTIES('2_St1dcysFkk8Z_uLFT9oS',$,$,$,(#1405),#1431);
#1433= IFCPROPERTYSINGLEVALUE('Kh\X2\1ED1\X0\i l\X2\01B0\X0\\X2\1EE3\X0\ng (m3)',$,IFCREAL(2.99999999981559),$);
#1434= IFCPROPERTYSINGLEVALUE('L\X2\00FD\X0\ tr\X2\00EC\X0\nh \X2\0111\X0\\X2\1EA7\X0\u',$,IFCLABEL('0+147.60m'),$);
#1435= IFCPROPERTYSINGLEVALUE('L\X2\00FD\X0\ tr\X2\00EC\X0\nh cu\X2\1ED1\X0\i',$,IFCLABEL('0+157.60m'),$);
#1436= IFCPROPERTYSET('1yn5ajv2aKTMjjHIU6Mqvf',$,'Thong_tin_BIM',$,(#242,#243,#244,#249,#250,#251,#252,#253,#616,#1433,#1434,#1435));
#1437= IFCRELDEFINESBYPROPERTIES('2otTnMQIu_3pYZf9jd7BFR',$,$,$,(#1405),#1436);
#1438= IFCCARTESIANPOINTLIST3D(((1.627752,-4.742917,-0.162252),(1.648932,-4.718579,-0.161606),(1.62777,-4.742937,-0.102252),(1.648951,-4.718599,-0.101606),(2.151619,-5.156042,-0.174189),(2.151637,-5.156062,-0.114189),(0.925347,-4.131631,-0.14467),(0.925365,-4.13165,-0.08467),(4.20782,-0.359986,0.015532),(5.412905,-1.408742,-0.014634),(-2.130431,5.156042,0.174189),(-2.13045,5.156062,0.114189),(-5.412886,1.384378,0.073987),(-5.412905,1.384397,0.013987),(5.412886,-1.408723,-0.074634),(-1.826849,4.891842,0.166589),(-5.109303,1.120177,0.066388),(-5.109322,1.120197,0.006388),(-1.826868,4.891862,0.106589),(-0.318182,3.578885,0.128825),(-3.600636,-0.19278,0.028623),(-3.600655,-0.19276,-0.031377),(-0.318201,3.578905,0.068825),(0.536763,2.834847,0.107424),(-2.745691,-0.936818,0.007223),(-2.74571,-0.936798,-0.052777),(0.536744,2.834866,0.047424),(1.190485,2.265928,0.091061),(-2.091969,-1.505736,-0.009141),(-2.091988,-1.505717,-0.069141),(1.190466,2.265948,0.031061),(2.699152,0.952971,0.053296),(-0.583302,-2.818693,-0.046906),(-0.583321,-2.818674,-0.106906),(2.699134,0.952991,-0.006704),(4.207801,-0.359966,-0.044468)),$);
#1439= IFCTRIANGULATEDFACESET(#1438,$,$,((1,2,3),(3,2,4),(5,6,2),(2,6,4),(1,3,7),(7,3,8),(3,4,8),(8,4,9),(9,4,10),(10,4,6),(11,12,13),(13,12,14),(5,15,6),(6,15,10),(11,13,16),(16,13,17),(13,14,17),(17,14,18),(12,19,14),(14,19,18),(11,16,12),(12,16,19),(16,17,20),(20,17,21),(17,18,21),(21,18,22),(19,23,18),(18,23,22),(16,20,19),(19,20,23),(20,21,24),(24,21,25),(21,22,25),(25,22,26),(23,27,22),(22,27,26),(20,24,23),(23,24,27),(24,25,28),(28,25,29),(25,26,29),(29,26,30),(27,31,26),(26,31,30),(24,28,27),(27,28,31),(28,29,32),(32,29,33),(29,30,33),(33,30,34),(31,35,30),(30,35,34),(28,32,31),(31,32,35),(32,33,9),(9,33,8),(33,34,8),(8,34,7),(35,36,34),(34,36,7),(32,9,35),(35,9,36),(1,7,2),(2,7,36),(2,36,15),(15,5,2),(9,10,36),(36,10,15)),$);
#1440= IFCSHAPEREPRESENTATION(#178,'Body','Tessellation',(#1439));
#1441= IFCPRODUCTDEFINITIONSHAPE($,$,(#1440));
#1442= IFCCARTESIANPOINT((505253.908302,1707700.312975,369.235575));
#1443= IFCAXIS2PLACEMENT3D(#1442,$,$);
#1444= IFCLOCALPLACEMENT(#5,#1443);
#1445= IFCBUILTELEMENT('33nifJlKrDxhn4JszDBPkl',$,'BTN 12.5',$,$,#1444,#1441,'60F8A');
#1446= IFCSTYLEDITEM(#1439,(#189),'BTN 12.5');
#1447= IFCPROPERTYSINGLEVALUE('Area',$,IFCREAL(101.793954418221),$);
#1448= IFCPROPERTYSINGLEVALUE('Bounds',$,IFCLABEL('((505248.4953391998,1707695.156819974,369.0603620091743),(505259.3212645773,1707705.4691301945,369.41079519418264))'),$);
#1449= IFCPROPERTYSET('0MktQ0U2p69zHU9JRjzsD6',$,'Properties',$,(#39,#40,#41,#42,#43,#44,#47,#48,#49,#50,#51,#52,#53,#54,#55,#56,#57,#59,#60,#193,#194,#195,#196,#197,#198,#199,#1447,#1448));
#1450= IFCRELDEFINESBYPROPERTIES('0jQ4kKDjdRhqDs8q63DeDN',$,$,$,(#1445),#1449);
#1451= IFCPROPERTYSET('2bmJZZIcny8nAxCvpvQlvn',$,'Misc',$,(#85,#87,#88,#203));
#1452= IFCRELDEFINESBYPROPERTIES('0zRu5cT_R3I5qkYxBJYFbi',$,$,$,(#1445),#1451);
#1453= IFCPROPERTYSET('23MGoPqsZnKrVpxiJuH5SS',$,'3D Visualization',$,(#91,#92,#93));
#1454= IFCRELDEFINESBYPROPERTIES('3g02Ehl3OdPKpWNpUkmVHR',$,$,$,(#1445),#1453);
#1455= IFCPROPERTYSET('0akfegpM9eabWpXobUHYQq',$,'General',$,(#72,#74,#75,#76,#77,#208));
#1456= IFCRELDEFINESBYPROPERTIES('1E4ySyitgBULZtq1yl_2zu',$,$,$,(#1445),#1455);
#1457= IFCPROPERTYSET('0xa4ohk5IHhukRv1T8uP3r',$,'Geometry',$,(#82));
#1458= IFCRELDEFINESBYPROPERTIES('1$TRGt0F$xVNw7DKOUtbgG',$,$,$,(#1445),#1457);
#1459= IFCPROPERTYSET('2DPbMrmyrosDRxkC55ACN3',$,'Corridor Identity',$,(#214,#215,#216,#218,#221,#224,#277,#1219,#1418,#1419,#1420,#1421));
#1460= IFCRELDEFINESBYPROPERTIES('3vzYQR3rqpEpqXzb50fTIs',$,$,$,(#1445),#1459);
#1461= IFCPROPERTYSET('157K5X$t9TkrY2AGHOSp$Q',$,'Corridor Model Information',$,(#229,#230,#1227,#1424,#1425));
#1462= IFCRELDEFINESBYPROPERTIES('0rfGRxkM5POPU9pz4i31br',$,$,$,(#1445),#1461);
#1463= IFCPROPERTYSINGLEVALUE('Volume',$,IFCVOLUMEMEASURE(2.9987098014173),$);
#1464= IFCPROPERTYSET('21xMS3qyoRX02u0RQmKWpv',$,'Corridor Shape Information',$,(#234,#236,#282,#1428,#1429,#1463));
#1465= IFCRELDEFINESBYPROPERTIES('3tqNExWZK_Ua8UYICw7WbI',$,$,$,(#1445),#1464);
#1466= IFCPROPERTYSINGLEVALUE('Kh\X2\1ED1\X0\i l\X2\01B0\X0\\X2\1EE3\X0\ng (m3)',$,IFCREAL(2.99870980144628),$);
#1467= IFCPROPERTYSET('1hGHD6WhaIn5VC1jqVHr45',$,'Thong_tin_BIM',$,(#242,#243,#244,#249,#250,#251,#252,#253,#616,#1434,#1435,#1466));
#1468= IFCRELDEFINESBYPROPERTIES('1VlRMUZUptPMFUxlt60N3T',$,$,$,(#1445),#1467);
#1469= IFCCARTESIANPOINTLIST3D(((8.975235,-4.496772,-0.263483),(8.901184,-4.581869,-0.261231),(8.975253,-4.496791,-0.203483),(8.901203,-4.581889,-0.201231),(8.141011,-3.920366,-0.242203),(8.14103,-3.920386,-0.182203),(8.214094,-3.834369,-0.24443),(8.214112,-3.834389,-0.18443),(8.085325,-3.722305,-0.241207),(4.802934,-7.494035,-0.141408),(6.311601,-8.806992,-0.179173),(9.593992,-5.035262,-0.278971),(9.594011,-5.035282,-0.218971),(-12.095969,7.212672,0.3416),(-8.813577,10.984402,0.241801),(-12.095988,7.212692,0.2816),(-8.813596,10.984422,0.181801),(8.813596,-10.984422,-0.181801),(8.813577,-10.984402,-0.241801),(12.095988,-7.212692,-0.2816),(12.095969,-7.212672,-0.3416),(-11.792387,6.948472,0.334001),(-8.509995,10.720202,0.234202),(-8.510014,10.720221,0.174202),(-11.792405,6.948491,0.274001),(-10.283719,5.635515,0.296236),(-7.001328,9.407245,0.196438),(-7.001347,9.407264,0.136438),(-10.283738,5.635534,0.236236),(-8.775052,4.322558,0.258472),(-5.492661,8.094288,0.158673),(-5.49268,8.094307,0.098673),(-8.775071,4.322577,0.198472),(-7.266385,3.009601,0.220707),(-3.983994,6.781331,0.120909),(-3.984012,6.78135,0.060909),(-7.266404,3.00962,0.160707),(-5.757718,1.696644,0.182943),(-2.475326,5.468374,0.083144),(-2.475345,5.468394,0.023144),(-5.757737,1.696664,0.122943),(-4.249051,0.383687,0.145178),(-0.966659,4.155417,0.04538),(-0.966678,4.155437,-0.01462),(-4.249069,0.383707,0.085178),(-2.740383,-0.92927,0.107414),(0.542008,2.84246,0.007616),(0.541989,2.84248,-0.052384),(-2.740402,-0.92925,0.047414),(-1.231716,-2.242227,0.069649),(2.050675,1.529503,-0.030149),(2.050656,1.529523,-0.090149),(-1.231735,-2.242207,0.009649),(0.276951,-3.555184,0.031885),(3.559342,0.216546,-0.067913),(3.559324,0.216566,-0.127913),(0.276932,-3.555164,-0.028115),(1.785618,-4.868141,-0.005879),(5.06801,-1.096411,-0.105678),(5.067991,-1.096391,-0.165678),(1.785599,-4.868121,-0.065879),(3.294285,-6.181098,-0.043644),(6.576677,-2.409368,-0.143442),(6.576658,-2.409348,-0.203442),(3.294267,-6.181078,-0.103644),(4.802953,-7.494055,-0.081408),(8.085344,-3.722325,-0.181207),(6.31162,-8.807011,-0.119173),(7.820287,-10.119968,-0.156937),(11.102678,-6.348238,-0.256736),(11.10266,-6.348219,-0.316736),(7.820268,-10.119949,-0.216937)),$);
#1470= IFCTRIANGULATEDFACESET(#1469,$,$,((1,2,3),(3,2,4),(2,5,4),(4,5,6),(7,8,5),(5,8,6),(7,5,9),(9,5,10),(10,5,2),(10,2,11),(11,2,12),(12,2,1),(3,13,1),(1,13,12),(14,15,16),(16,15,17),(18,19,20),(20,19,21),(14,22,15),(15,22,23),(15,23,17),(17,23,24),(16,17,25),(25,17,24),(14,16,22),(22,16,25),(22,26,23),(23,26,27),(23,27,24),(24,27,28),(25,24,29),(29,24,28),(22,25,26),(26,25,29),(26,30,27),(27,30,31),(27,31,28),(28,31,32),(29,28,33),(33,28,32),(26,29,30),(30,29,33),(30,34,31),(31,34,35),(31,35,32),(32,35,36),(33,32,37),(37,32,36),(30,33,34),(34,33,37),(34,38,35),(35,38,39),(35,39,36),(36,39,40),(37,36,41),(41,36,40),(34,37,38),(38,37,41),(38,42,39),(39,42,43),(39,43,40),(40,43,44),(41,40,45),(45,40,44),(38,41,42),(42,41,45),(42,46,43),(43,46,47),(43,47,44),(44,47,48),(45,44,49),(49,44,48),(42,45,46),(46,45,49),(46,50,47),(47,50,51),(47,51,48),(48,51,52),(49,48,53),(53,48,52),(46,49,50),(50,49,53),(50,54,51),(51,54,55),(51,55,52),(52,55,56),(53,52,57),(57,52,56),(50,53,54),(54,53,57),(54,58,55),(55,58,59),(55,59,56),(56,59,60),(57,56,61),(61,56,60),(54,57,58),(58,57,61),(58,62,59),(59,62,63),(59,63,60),(60,63,64),(61,60,65),(65,60,64),(58,61,62),(62,61,65),(62,66,63),(63,66,67),(63,67,64),(64,67,9),(65,64,10),(10,64,9),(62,65,66),(66,65,10),(8,67,6),(6,67,66),(6,66,4),(4,66,68),(4,68,13),(13,3,4),(7,9,8),(8,9,67),(66,10,68),(68,10,11),(68,69,13),(13,69,70),(13,70,12),(12,70,71),(11,12,72),(72,12,71),(68,11,69),(69,11,72),(69,18,70),(70,18,20),(70,20,71),(71,20,21),(72,71,19),(19,71,21),(69,72,18),(18,72,19)),$);
#1471= IFCSHAPEREPRESENTATION(#178,'Body','Tessellation',(#1470));
#1472= IFCPRODUCTDEFINITIONSHAPE($,$,(#1471));
#1473= IFCCARTESIANPOINT((505271.417175,1707691.691561,368.879342));
#1474= IFCAXIS2PLACEMENT3D(#1473,$,$);
#1475= IFCLOCALPLACEMENT(#5,#1474);
#1476= IFCBUILTELEMENT('1hNx6Rf1H07e71gL7O45Iy',$,'BTN 12.5',$,$,#1475,#1472,'60F98');
#1477= IFCSTYLEDITEM(#1470,(#189),'BTN 12.5');
#1478= IFCPROPERTYSINGLEVALUE('Area',$,IFCREAL(281.007189532423),$);
#1479= IFCPROPERTYSINGLEVALUE('Bounds',$,IFCLABEL('((505259.32099460386,1707680.7069711448,368.5365090723938),(505283.5133556106,1707702.6761504924,369.2221746341509))'),$);
#1480= IFCPROPERTYSET('2ZkBnswRrMfc0b5WunWRP9',$,'Properties',$,(#39,#40,#41,#42,#43,#44,#47,#48,#49,#50,#51,#52,#53,#54,#55,#56,#57,#59,#60,#193,#194,#195,#196,#197,#198,#199,#1478,#1479));
#1481= IFCRELDEFINESBYPROPERTIES('1DcPLDCHgyqDRAE$xCJhUC',$,$,$,(#1476),#1480);
#1482= IFCPROPERTYSET('3icXGMi9Ok_mJo73dS1Ah$',$,'Misc',$,(#85,#87,#88,#203));
#1483= IFCRELDEFINESBYPROPERTIES('25RcYrx4TVK93T4YqElWO4',$,$,$,(#1476),#1482);
#1484= IFCPROPERTYSET('0ISgD1lDJJePp7l2Z_Alg_',$,'3D Visualization',$,(#91,#92,#93));
#1485= IFCRELDEFINESBYPROPERTIES('06FIRmZ2p_iLluIgHW9g$Q',$,$,$,(#1476),#1484);
#1486= IFCPROPERTYSET('1UFrdw7RrsR1iCUN8pCzFx',$,'General',$,(#72,#74,#75,#76,#77,#208));
#1487= IFCRELDEFINESBYPROPERTIES('2KRGUBgrzcKCF_GsI8PLbE',$,$,$,(#1476),#1486);
#1488= IFCPROPERTYSET('1i1rLAZTunNM5vw8dV0bbd',$,'Geometry',$,(#82));
#1489= IFCRELDEFINESBYPROPERTIES('1D1oNyPqcXIK_bYEJeqhEr',$,$,$,(#1476),#1488);
#1490= IFCPROPERTYSINGLEVALUE('RegionGuid',$,IFCLABEL('{087813C3-9AE8-4606-8E61-CE9B21143353}'),$);
#1491= IFCPROPERTYSINGLEVALUE('StartStation',$,IFCLABEL('0+157.60m'),$);
#1492= IFCPROPERTYSINGLEVALUE('EndStation',$,IFCLABEL('0+185.32m'),$);
#1493= IFCPROPERTYSET('2sXVE_GFf2z3bXf8z7He7v',$,'Corridor Identity',$,(#214,#215,#218,#221,#224,#744,#745,#1219,#1418,#1490,#1491,#1492));
#1494= IFCRELDEFINESBYPROPERTIES('1ihe9b3OboQ$GMH_PBVkqi',$,$,$,(#1476),#1493);
#1495= IFCPROPERTYSINGLEVALUE('RegionName',$,IFCLABEL('RG - L5m - (88)'),$);
#1496= IFCPROPERTYSET('32Km2BJv11UkqlQNbtFaKy',$,'Corridor Model Information',$,(#229,#230,#1227,#1424,#1495));
#1497= IFCRELDEFINESBYPROPERTIES('3hhgXHK_fgxNK6ANSkDcuz',$,$,$,(#1476),#1496);
#1498= IFCPROPERTYSINGLEVALUE('AssemblyStartStation',$,IFCLABEL('0+157.60m'),$);
#1499= IFCPROPERTYSINGLEVALUE('AssemblyEndStation',$,IFCLABEL('0+185.32m'),$);
#1500= IFCPROPERTYSINGLEVALUE('Volume',$,IFCVOLUMEMEASURE(8.30895011305859),$);
#1501= IFCPROPERTYSET('1OBhtKPaS4O01nbA1UcPlQ',$,'Corridor Shape Information',$,(#234,#235,#754,#1498,#1499,#1500));
#1502= IFCRELDEFINESBYPROPERTIES('1nk8Xep3NVF0nmhUtqXVem',$,$,$,(#1476),#1501);
#1503= IFCPROPERTYSINGLEVALUE('Kh\X2\1ED1\X0\i l\X2\01B0\X0\\X2\1EE3\X0\ng (m3)',$,IFCREAL(8.30895011361901),$);
#1504= IFCPROPERTYSINGLEVALUE('L\X2\00FD\X0\ tr\X2\00EC\X0\nh \X2\0111\X0\\X2\1EA7\X0\u',$,IFCLABEL('0+157.60m'),$);
#1505= IFCPROPERTYSINGLEVALUE('L\X2\00FD\X0\ tr\X2\00EC\X0\nh cu\X2\1ED1\X0\i',$,IFCLABEL('0+185.32m'),$);
#1506= IFCPROPERTYSINGLEVALUE('\X2\0110\X0\\X2\1ED9\X0\ d\X2\00E0\X0\i (m)',$,IFCLABEL('27.72'),$);
#1507= IFCPROPERTYSET('3EuSc0ZICw7ro8MV04yL9I',$,'Thong_tin_BIM',$,(#242,#243,#244,#249,#250,#251,#252,#253,#1503,#1504,#1505,#1506));
#1508= IFCRELDEFINESBYPROPERTIES('31tGH1j_b3$SPU_s$xR9Wy',$,$,$,(#1476),#1507);
#1509= IFCCARTESIANPOINTLIST3D(((-2.112645,-1.475576,0.091701),(1.169747,2.296154,-0.008098),(-2.112664,-1.475556,0.031701),(1.169728,2.296174,-0.068098),(-1.169728,-2.296174,0.068098),(-1.169747,-2.296154,0.008098),(2.112664,1.475556,-0.031701),(2.112645,1.475576,-0.091701),(-1.597287,-1.924079,0.0788),(1.685105,1.84765,-0.020998),(1.685086,1.84767,-0.080998),(-1.597306,-1.92406,0.0188),(-1.440627,-2.060417,0.074879),(1.841764,1.711313,-0.024919),(1.841745,1.711333,-0.084919),(-1.440646,-2.060397,0.014879)),$);
#1510= IFCTRIANGULATEDFACESET(#1509,$,$,((1,2,3),(3,2,4),(5,6,7),(7,6,8),(1,9,2),(2,9,10),(2,10,4),(4,10,11),(3,4,12),(12,4,11),(1,3,9),(9,3,12),(9,13,10),(10,13,14),(10,14,11),(11,14,15),(12,11,16),(16,11,15),(9,12,13),(13,12,16),(13,5,14),(14,5,7),(14,7,15),(15,7,8),(16,15,6),(6,15,8),(13,16,5),(5,16,6)),$);
#1511= IFCSHAPEREPRESENTATION(#178,'Body','Tessellation',(#1510));
#1512= IFCPRODUCTDEFINITIONSHAPE($,$,(#1511));
#1513= IFCCARTESIANPOINT((505282.343416,1707682.182715,368.60584));
#1514= IFCAXIS2PLACEMENT3D(#1513,$,$);
#1515= IFCLOCALPLACEMENT(#5,#1514);
#1516= IFCBUILTELEMENT('0rZfqSg4n6IPxHaQxlPB4L',$,'BTN 12.5',$,$,#1515,#1512,'60FA8');
#1517= IFCSTYLEDITEM(#1510,(#189),'BTN 12.5');
#1518= IFCPROPERTYSINGLEVALUE('Area',$,IFCREAL(13.254622188244),$);
#1519= IFCPROPERTYSINGLEVALUE('Bounds',$,IFCLABEL('((505280.23071376164,1707679.8865335765,368.5129062911015),(505284.4561184335,1707684.478896386,368.6987734324667))'),$);
#1520= IFCPROPERTYSET('1IK6bGj3rXOYS_CMYLKXmN',$,'Properties',$,(#39,#40,#41,#42,#43,#44,#45,#46,#47,#48,#49,#50,#51,#52,#53,#54,#55,#56,#57,#59,#60,#193,#197,#299,#300,#301,#1518,#1519));
#1521= IFCRELDEFINESBYPROPERTIES('3Y$c0Y_yR8OpeIRT90nWlU',$,$,$,(#1516),#1520);
#1522= IFCPROPERTYSET('2tBs2n6d2HpZM5AR1AB0pD',$,'Misc',$,(#85,#87,#88,#203));
#1523= IFCRELDEFINESBYPROPERTIES('28mb0A3p7eIhlrFOLVzD5u',$,$,$,(#1516),#1522);
#1524= IFCPROPERTYSET('3NhzAB$NIgPuaRvJtJfX$w',$,'3D Visualization',$,(#91,#92,#93));
#1525= IFCRELDEFINESBYPROPERTIES('26gjX3DyC9EkB6EfttDUR5',$,$,$,(#1516),#1524);
#1526= IFCPROPERTYSET('0f4uKwi3Jo$P0_pYWwYJfw',$,'General',$,(#72,#74,#75,#76,#77,#208));
#1527= IFCRELDEFINESBYPROPERTIES('2EVZEhekuB4PyS2$j$r0pc',$,$,$,(#1516),#1526);
#1528= IFCPROPERTYSET('3nsdm7LETiS7e3kz1lqeKi',$,'Geometry',$,(#82));
#1529= IFCRELDEFINESBYPROPERTIES('3tTol9OUg5tImbvQcE6fwD',$,$,$,(#1516),#1528);
#1530= IFCPROPERTYSINGLEVALUE('RegionGuid',$,IFCLABEL('{FB00B425-7D39-43E2-A942-43A922CCF469}'),$);
#1531= IFCPROPERTYSINGLEVALUE('StartStation',$,IFCLABEL('0+185.32m'),$);
#1532= IFCPROPERTYSINGLEVALUE('EndStation',$,IFCLABEL('0+186.57m'),$);
#1533= IFCPROPERTYSET('1B$U3UNS1EsGKucSAIlpe7',$,'Corridor Identity',$,(#214,#215,#216,#217,#218,#221,#224,#1219,#1418,#1530,#1531,#1532));
#1534= IFCRELDEFINESBYPROPERTIES('1iCp6le$2ar7kwb8kAeUf3',$,$,$,(#1516),#1533);
#1535= IFCPROPERTYSINGLEVALUE('RegionName',$,IFCLABEL('RG - 5m - (89)'),$);
#1536= IFCPROPERTYSET('3IdnKgQSod6Zed5llq8F6X',$,'Corridor Model Information',$,(#229,#230,#1227,#1424,#1535));
#1537= IFCRELDEFINESBYPROPERTIES('3NUD9XbKMrW8vE6aSya$1m',$,$,$,(#1516),#1536);
#1538= IFCPROPERTYSINGLEVALUE('AssemblyStartStation',$,IFCLABEL('0+185.32m'),$);
#1539= IFCPROPERTYSINGLEVALUE('AssemblyEndStation',$,IFCLABEL('0+186.57m'),$);
#1540= IFCPROPERTYSINGLEVALUE('Volume',$,IFCVOLUMEMEASURE(0.374999999984053),$);
#1541= IFCPROPERTYSET('3wGAnyYIqB780eke7Kqc3e',$,'Corridor Shape Information',$,(#234,#235,#236,#1538,#1539,#1540));
#1542= IFCRELDEFINESBYPROPERTIES('1UoZ56EaibWNnFji6oCILA',$,$,$,(#1516),#1541);
#1543= IFCPROPERTYSINGLEVALUE('Kh\X2\1ED1\X0\i l\X2\01B0\X0\\X2\1EE3\X0\ng (m3)',$,IFCREAL(0.374999999995415),$);
#1544= IFCPROPERTYSINGLEVALUE('L\X2\00FD\X0\ tr\X2\00EC\X0\nh \X2\0111\X0\\X2\1EA7\X0\u',$,IFCLABEL('0+185.32m'),$);
#1545= IFCPROPERTYSINGLEVALUE('L\X2\00FD\X0\ tr\X2\00EC\X0\nh cu\X2\1ED1\X0\i',$,IFCLABEL('0+186.57m'),$);
#1546= IFCPROPERTYSINGLEVALUE('\X2\0110\X0\\X2\1ED9\X0\ d\X2\00E0\X0\i (m)',$,IFCLABEL('1.25'),$);
#1547= IFCPROPERTYSET('2jRR_XPFeUpvKTjuR7FzCF',$,'Thong_tin_BIM',$,(#242,#243,#244,#249,#250,#251,#252,#253,#1543,#1544,#1545,#1546));
#1548= IFCRELDEFINESBYPROPERTIES('3XZOfchr08wMUlQRXU8IQj',$,$,$,(#1516),#1547);
#1549= IFCCARTESIANPOINTLIST3D(((1.169778,2.296122,0.091902),(1.169759,2.296141,0.031902),(-2.112676,-1.475543,-0.008299),(-2.112695,-1.475523,-0.068299),(2.112695,1.475523,0.068299),(-1.169759,-2.296141,-0.031902),(2.112676,1.475543,0.008299),(-1.169778,-2.296122,-0.091902),(1.685136,1.847618,0.079002),(-1.597318,-1.924047,-0.0212),(-1.597337,-1.924027,-0.0812),(1.685117,1.847637,0.019002),(1.841796,1.711281,0.075081),(-1.440659,-2.060384,-0.025121),(-1.440677,-2.060364,-0.085121),(1.841777,1.7113,0.015081)),$);
#1550= IFCTRIANGULATEDFACESET(#1549,$,$,((1,2,3),(3,2,4),(5,6,7),(7,6,8),(1,3,9),(9,3,10),(3,4,10),(10,4,11),(2,12,4),(4,12,11),(1,9,2),(2,9,12),(9,10,13),(13,10,14),(10,11,14),(14,11,15),(12,16,11),(11,16,15),(9,13,12),(12,13,16),(13,14,5),(5,14,6),(14,15,6),(6,15,8),(16,7,15),(15,7,8),(13,5,16),(16,5,7)),$);
#1551= IFCSHAPEREPRESENTATION(#178,'Body','Tessellation',(#1550));
#1552= IFCPRODUCTDEFINITIONSHAPE($,$,(#1551));
#1553= IFCCARTESIANPOINT((505279.060993,1707678.411018,368.605638));
#1554= IFCAXIS2PLACEMENT3D(#1553,$,$);
#1555= IFCLOCALPLACEMENT(#5,#1554);
#1556= IFCBUILTELEMENT('3cxZPBHtrEW81cL2b$FfBZ',$,'BTN 12.5',$,$,#1555,#1552,'60FB1');
#1557= IFCSTYLEDITEM(#1550,(#189),'BTN 12.5');
#1558= IFCPROPERTYSINGLEVALUE('Area',$,IFCREAL(13.254622188428),$);
#1559= IFCPROPERTYSINGLEVALUE('Bounds',$,IFCLABEL('((505276.9482909205,1707676.1148363121,368.5127046007754),(505281.17369559256,1707680.7071991218,368.6985717421408))'),$);
#1560= IFCPROPERTYSET('3vhRhTGCOhGtBDLc71wVIZ',$,'Properties',$,(#39,#40,#41,#42,#43,#44,#45,#46,#47,#48,#49,#50,#51,#52,#53,#54,#55,#56,#57,#59,#60,#193,#197,#299,#300,#301,#1558,#1559));
#1561= IFCRELDEFINESBYPROPERTIES('3EWbKswONZKMFfoYChGZAC',$,$,$,(#1556),#1560);
#1562= IFCPROPERTYSET('3oDxJwW93V1V2W5xAUM9eJ',$,'Misc',$,(#85,#87,#88,#203));
#1563= IFCRELDEFINESBYPROPERTIES('3ZWdBm4pLm7nxi6SrccU_v',$,$,$,(#1556),#1562);
#1564= IFCPROPERTYSET('1RD33yJUIOkYhqnmIK2nt7',$,'3D Visualization',$,(#91,#92,#93));
#1565= IFCRELDEFINESBYPROPERTIES('0dCI8YXcYWNmODarJmoLAA',$,$,$,(#1556),#1564);
#1566= IFCPROPERTYSET('1taMwNcKTiMGLZDHII_ikd',$,'General',$,(#72,#74,#75,#76,#77,#208));
#1567= IFCRELDEFINESBYPROPERTIES('0OQ2QRrt3B2aHnjX4WzLV2',$,$,$,(#1556),#1566);
#1568= IFCPROPERTYSET('25evQJFNh675YaiJUkbwpl',$,'Geometry',$,(#82));
#1569= IFCRELDEFINESBYPROPERTIES('2NF_GZoY6VhVNzRHeFDKef',$,$,$,(#1556),#1568);
#1570= IFCPROPERTYSET('0LZg$bKVPmau6PhMcO4yS7',$,'Corridor Identity',$,(#214,#215,#216,#218,#221,#224,#277,#1219,#1418,#1530,#1531,#1532));
#1571= IFCRELDEFINESBYPROPERTIES('22x2DRfYnS_c6isZBCM9rJ',$,$,$,(#1556),#1570);
#1572= IFCPROPERTYSET('0tUZYwN0Z0CbB6um4PAvmA',$,'Corridor Model Information',$,(#229,#230,#1227,#1424,#1535));
#1573= IFCRELDEFINESBYPROPERTIES('3EPj9ftgsUNJDvpVziWyZ5',$,$,$,(#1556),#1572);
#1574= IFCPROPERTYSINGLEVALUE('Volume',$,IFCVOLUMEMEASURE(0.374999999968915),$);
#1575= IFCPROPERTYSET('0ROYffxYpMxiX7rIaw3XgD',$,'Corridor Shape Information',$,(#234,#236,#282,#1538,#1539,#1574));
#1576= IFCRELDEFINESBYPROPERTIES('1bBDJqa0GlISQ7OvX$lpDa',$,$,$,(#1556),#1575);
#1577= IFCPROPERTYSINGLEVALUE('Kh\X2\1ED1\X0\i l\X2\01B0\X0\\X2\1EE3\X0\ng (m3)',$,IFCREAL(0.374999999926053),$);
#1578= IFCPROPERTYSET('1gVBEO6BmB6Qyd1gkaL0gy',$,'Thong_tin_BIM',$,(#242,#243,#244,#249,#250,#251,#252,#253,#1544,#1545,#1546,#1577));
#1579= IFCRELDEFINESBYPROPERTIES('2PLjinoMqJi9mg9WUYq_H2',$,$,$,(#1556),#1578);
#1580= IFCCARTESIANPOINTLIST3D(((-55.531665,-53.561944,-1.08016),(-55.531685,-53.561925,-1.14016),(-53.045552,-56.025481,-1.15175),(-53.045571,-56.025462,-1.21175),(-49.40514,-52.351155,-1.134906),(-51.891443,-49.887809,-1.063319),(-51.891424,-49.887829,-1.003319),(53.045382,56.025461,1.21175),(55.531685,53.562115,1.140164),(53.045363,56.025481,1.15175),(55.531666,53.562135,1.080164),(36.086624,38.908894,0.853774),(38.572927,36.445549,0.782188),(38.572908,36.445568,0.722188),(36.086605,38.908914,0.793774),(18.491014,21.14955,0.482356),(20.977317,18.686204,0.410769),(20.977298,18.686224,0.350769),(18.490995,21.149569,0.422356),(0.895405,3.390205,0.110937),(3.381708,0.926859,0.03935),(3.381689,0.926879,-0.02065),(0.895386,3.390225,0.050937),(-16.700205,-14.369139,-0.260482),(-14.213902,-16.832485,-0.332068),(-14.213921,-16.832466,-0.392068),(-16.700224,-14.36912,-0.320482),(-19.808013,-17.505867,-0.326083),(-17.32171,-19.969213,-0.39767),(-17.321729,-19.969194,-0.45767),(-19.808032,-17.505848,-0.386083),(-34.295814,-32.128484,-0.631901),(-31.809511,-34.59183,-0.703487),(-31.80953,-34.59181,-0.763487),(-34.295833,-32.128464,-0.6919),(-49.405121,-52.351174,-1.074906)),$);
#1581= IFCTRIANGULATEDFACESET(#1580,$,$,((1,2,3),(3,2,4),(4,2,5),(5,2,6),(2,1,6),(6,1,7),(8,9,10),(10,9,11),(8,12,9),(9,12,13),(9,13,11),(11,13,14),(10,11,15),(15,11,14),(8,10,12),(12,10,15),(12,16,13),(13,16,17),(13,17,14),(14,17,18),(15,14,19),(19,14,18),(12,15,16),(16,15,19),(16,20,17),(17,20,21),(17,21,18),(18,21,22),(19,18,23),(23,18,22),(16,19,20),(20,19,23),(20,24,21),(21,24,25),(21,25,22),(22,25,26),(23,22,27),(27,22,26),(20,23,24),(24,23,27),(24,28,25),(25,28,29),(25,29,26),(26,29,30),(27,26,31),(31,26,30),(24,27,28),(28,27,31),(28,32,29),(29,32,33),(29,33,30),(30,33,34),(31,30,35),(35,30,34),(28,31,32),(32,31,35),(32,7,33),(33,7,36),(33,36,34),(34,36,5),(35,34,6),(6,34,5),(32,35,7),(7,35,6),(3,36,1),(1,36,7),(4,5,3),(3,5,36)),$);
#1582= IFCSHAPEREPRESENTATION(#178,'Body','Tessellation',(#1581));
#1583= IFCPRODUCTDEFINITIONSHAPE($,$,(#1582));
#1584= IFCCARTESIANPOINT((505111.294604,1707691.269272,369.545479));
#1585= IFCAXIS2PLACEMENT3D(#1584,$,$);
#1586= IFCLOCALPLACEMENT(#5,#1585);
#1587= IFCBUILTELEMENT('2wOe$DsEv51wRuTi_34EW1',$,'BTN 12.5',$,$,#1586,#1583,'60FBA');
#1588= IFCSTYLEDITEM(#1581,(#189),'BTN 12.5');
#1589= IFCPROPERTYSINGLEVALUE('Area',$,IFCREAL(1099.13865344886),$);
#1590= IFCPROPERTYSINGLEVALUE('Bounds',$,IFCLABEL('((505055.7628971047,1707635.2430187764,368.29961404762054),(505166.8263107024,1707747.2955244703,370.79134421246755))'),$);
#1591= IFCPROPERTYSET('2GqyJ5BTqDg9UOBTUSVOAa',$,'Properties',$,(#39,#40,#41,#42,#43,#44,#47,#48,#49,#50,#51,#52,#53,#54,#55,#56,#57,#59,#60,#193,#194,#195,#196,#197,#198,#199,#1589,#1590));
#1592= IFCRELDEFINESBYPROPERTIES('2ag1f0L3Er4TBFLjw$tdg0',$,$,$,(#1587),#1591);
#1593= IFCPROPERTYSET('0LdG7Lm4MT3gT2753aR_Zs',$,'Misc',$,(#85,#87,#88,#203));
#1594= IFCRELDEFINESBYPROPERTIES('2Yj5Pd4zxB2Mkzt$W4IoQT',$,$,$,(#1587),#1593);
#1595= IFCPROPERTYSET('2pRwZscpt5N3NYYIc8ZYPb',$,'3D Visualization',$,(#91,#92,#93));
#1596= IFCRELDEFINESBYPROPERTIES('3M5GxDZcc$jJr1u3FyebMa',$,$,$,(#1587),#1595);
#1597= IFCPROPERTYSET('1qIfVE$VWW5ZIKp3Php0fm',$,'General',$,(#72,#74,#75,#76,#77,#208));
#1598= IFCRELDEFINESBYPROPERTIES('1MPZ4oOki_MIcLEct6hCSM',$,$,$,(#1587),#1597);
#1599= IFCPROPERTYSET('1vy9uYDsPEdJuRPxpNcBbl',$,'Geometry',$,(#82));
#1600= IFCRELDEFINESBYPROPERTIES('1I1YKJusBeN7_pd_YGztQj',$,$,$,(#1587),#1599);
#1601= IFCPROPERTYSINGLEVALUE('CorridorHandle',$,IFCLABEL('5D3CF'),$);
#1602= IFCPROPERTYSINGLEVALUE('BaselineGuid',$,IFCLABEL('{B4F690A2-B77C-4A3C-B66E-FE4B3C52DB8D}'),$);
#1603= IFCPROPERTYSINGLEVALUE('RegionGuid',$,IFCLABEL('{85694465-F550-4800-AA7F-59CF3B86121C}'),$);
#1604= IFCPROPERTYSINGLEVALUE('StartStation',$,IFCLABEL('0+025.90m'),$);
#1605= IFCPROPERTYSINGLEVALUE('EndStation',$,IFCLABEL('0+181.56m'),$);
#1606= IFCPROPERTYSET('3fIa69S6azPWsSs0Lsu3dU',$,'Corridor Identity',$,(#218,#221,#224,#548,#549,#597,#598,#1601,#1602,#1603,#1604,#1605));
#1607= IFCRELDEFINESBYPROPERTIES('0AzMSrDdk$_qt90jUUY09H',$,$,$,(#1587),#1606);
#1608= IFCPROPERTYSINGLEVALUE('CorridorName',$,IFCLABEL('B\X2\0110\X0\-T5'),$);
#1609= IFCPROPERTYSINGLEVALUE('BaselineName',$,IFCLABEL('BL - T5 - (65)'),$);
#1610= IFCPROPERTYSINGLEVALUE('RegionName',$,IFCLABEL('RG - 3m5 - (19) [Copy]'),$);
#1611= IFCPROPERTYSET('3S$WzxdyQk$oohFaYoJG7X',$,'Corridor Model Information',$,(#559,#560,#1608,#1609,#1610));
#1612= IFCRELDEFINESBYPROPERTIES('3sEHwu$3x_3PHWUi9WVmfr',$,$,$,(#1587),#1611);
#1613= IFCPROPERTYSINGLEVALUE('AssemblyStartStation',$,IFCLABEL('0+025.90m'),$);
#1614= IFCPROPERTYSINGLEVALUE('AssemblyEndStation',$,IFCLABEL('0+181.56m'),$);
#1615= IFCPROPERTYSINGLEVALUE('Volume',$,IFCVOLUMEMEASURE(32.3961494180351),$);
#1616= IFCPROPERTYSET('1SletMgMsgwi_p5j883atv',$,'Corridor Shape Information',$,(#234,#235,#607,#1613,#1614,#1615));
#1617= IFCRELDEFINESBYPROPERTIES('3aYbgGtRWCyL2krkaeoAtr',$,$,$,(#1587),#1616);
#1618= IFCPROPERTYSINGLEVALUE('Kh\X2\1ED1\X0\i l\X2\01B0\X0\\X2\1EE3\X0\ng (m3)',$,IFCREAL(32.3961494203053),$);
#1619= IFCPROPERTYSINGLEVALUE('L\X2\00FD\X0\ tr\X2\00EC\X0\nh \X2\0111\X0\\X2\1EA7\X0\u',$,IFCLABEL('0+025.90m'),$);
#1620= IFCPROPERTYSINGLEVALUE('L\X2\00FD\X0\ tr\X2\00EC\X0\nh cu\X2\1ED1\X0\i',$,IFCLABEL('0+181.56m'),$);
#1621= IFCPROPERTYSINGLEVALUE('\X2\0110\X0\\X2\1ED9\X0\ d\X2\00E0\X0\i (m)',$,IFCLABEL('155.66'),$);
#1622= IFCPROPERTYSET('3YOqsfXk9mGdkbIWsZmbsk',$,'Thong_tin_BIM',$,(#242,#243,#244,#249,#250,#251,#252,#253,#1618,#1619,#1620,#1621));
#1623= IFCRELDEFINESBYPROPERTIES('1kIb9djTtzN1I5V7X7uWGf',$,$,$,(#1587),#1622);
#1624= IFCCARTESIANPOINTLIST3D(((-53.045434,-56.025408,-1.08175),(-55.531593,-53.561827,-1.15016),(-53.045454,-56.025389,-1.14175),(-55.531613,-53.561808,-1.21016),(-51.891559,-49.887881,-1.133323),(-49.405212,-52.351273,-1.06491),(-51.89154,-49.887901,-1.073323),(55.531613,53.561997,1.21016),(55.531594,53.562017,1.15016),(53.045266,56.025389,1.141746),(53.045247,56.025408,1.081746),(38.572855,36.44543,0.852184),(36.086508,38.908822,0.783771),(36.086489,38.908841,0.723771),(38.572836,36.44545,0.792184),(20.977245,18.686086,0.480765),(18.490898,21.149477,0.412352),(18.490879,21.149497,0.352352),(20.977226,18.686105,0.420765),(3.381636,0.926741,0.109346),(0.895289,3.390133,0.040933),(0.89527,3.390152,-0.019067),(3.381617,0.926761,0.049346),(-14.213974,-16.832604,-0.262072),(-16.700321,-14.369212,-0.330486),(-16.70034,-14.369192,-0.390486),(-14.213993,-16.832584,-0.322072),(-17.321782,-19.969332,-0.327674),(-19.808129,-17.50594,-0.396087),(-19.808148,-17.50592,-0.456087),(-17.321801,-19.969312,-0.387674),(-31.809583,-34.591948,-0.633491),(-34.29593,-32.128557,-0.701904),(-34.295949,-32.128537,-0.761904),(-31.809602,-34.591929,-0.693491),(-49.405193,-52.351293,-1.00491)),$);
#1625= IFCTRIANGULATEDFACESET(#1624,$,$,((1,2,3),(3,2,4),(4,5,3),(3,5,6),(4,2,5),(5,2,7),(8,9,10),(10,9,11),(8,10,12),(12,10,13),(10,11,13),(13,11,14),(9,15,11),(11,15,14),(8,12,9),(9,12,15),(12,13,16),(16,13,17),(13,14,17),(17,14,18),(15,19,14),(14,19,18),(12,16,15),(15,16,19),(16,17,20),(20,17,21),(17,18,21),(21,18,22),(19,23,18),(18,23,22),(16,20,19),(19,20,23),(20,21,24),(24,21,25),(21,22,25),(25,22,26),(23,27,22),(22,27,26),(20,24,23),(23,24,27),(24,25,28),(28,25,29),(25,26,29),(29,26,30),(27,31,26),(26,31,30),(24,28,27),(27,28,31),(28,29,32),(32,29,33),(29,30,33),(33,30,34),(31,35,30),(30,35,34),(28,32,31),(31,32,35),(32,33,36),(36,33,7),(33,34,7),(7,34,5),(35,6,34),(34,6,5),(32,36,35),(35,36,6),(2,1,7),(7,1,36),(3,6,1),(1,6,36)),$);
#1626= IFCSHAPEREPRESENTATION(#178,'Body','Tessellation',(#1625));
#1627= IFCPRODUCTDEFINITIONSHAPE($,$,(#1626));
#1628= IFCCARTESIANPOINT((505108.808373,1707693.732736,369.54707));
#1629= IFCAXIS2PLACEMENT3D(#1628,$,$);
#1630= IFCLOCALPLACEMENT(#5,#1629);
#1631= IFCBUILTELEMENT('0rT6ZQCGHFDhvDSlIItPxp',$,'BTN 12.5',$,$,#1630,#1627,'60FD4');
#1632= IFCSTYLEDITEM(#1625,(#189),'BTN 12.5');
#1633= IFCPROPERTYSINGLEVALUE('Area',$,IFCREAL(1099.13674454048),$);
#1634= IFCPROPERTYSINGLEVALUE('Bounds',$,IFCLABEL('((505053.27676021715,1707637.706578465,368.3012085939794),(505164.3399857172,1707749.7588932079,370.7929306793413))'),$);
#1635= IFCPROPERTYSET('2N4u$MoGLmqF_ApS9Jdnbp',$,'Properties',$,(#39,#40,#41,#42,#43,#44,#47,#48,#49,#50,#51,#52,#53,#54,#55,#56,#57,#59,#60,#193,#194,#195,#196,#197,#198,#199,#1633,#1634));
#1636= IFCRELDEFINESBYPROPERTIES('2jxkdQ3qloRAnkiWu6AQ3m',$,$,$,(#1631),#1635);
#1637= IFCPROPERTYSET('1LdZpBK3eOIgExlj$hgpz6',$,'Misc',$,(#85,#87,#88,#203));
#1638= IFCRELDEFINESBYPROPERTIES('3gEohTsAD4ajfnmVovKW3P',$,$,$,(#1631),#1637);
#1639= IFCPROPERTYSET('2oY9l$yhNZBSM$lm3n3SZl',$,'3D Visualization',$,(#91,#92,#93));
#1640= IFCRELDEFINESBYPROPERTIES('1TJSQBlzQpWitLz32m4Qgt',$,$,$,(#1631),#1639);
#1641= IFCPROPERTYSET('2gMnablhsR_jVD9gBVBLOI',$,'General',$,(#72,#74,#75,#76,#77,#208));
#1642= IFCRELDEFINESBYPROPERTIES('3lv6UcGtFqXRj7j5zIdh0D',$,$,$,(#1631),#1641);
#1643= IFCPROPERTYSET('19FSwJ4MjDeDWWj4MLAnDZ',$,'Geometry',$,(#82));
#1644= IFCRELDEFINESBYPROPERTIES('0Y4Om3IombOMQr1_kNs4aA',$,$,$,(#1631),#1643);
#1645= IFCPROPERTYSET('0iQlG7IPwobx5U8Ju6x2_y',$,'Corridor Identity',$,(#218,#221,#224,#548,#549,#597,#640,#1601,#1602,#1603,#1604,#1605));
#1646= IFCRELDEFINESBYPROPERTIES('037k58$SKOlEodpT0$FdpC',$,$,$,(#1631),#1645);
#1647= IFCPROPERTYSET('31X$fRHZ2JES9RLkC8xfdP',$,'Corridor Model Information',$,(#559,#560,#1608,#1609,#1610));
#1648= IFCRELDEFINESBYPROPERTIES('00wD9Mw$_5Wzc67qP5dYDP',$,$,$,(#1631),#1647);
#1649= IFCPROPERTYSINGLEVALUE('Volume',$,IFCVOLUMEMEASURE(32.3960931332309),$);
#1650= IFCPROPERTYSET('1YcKQYtgEPk_RJe5inf2$9',$,'Corridor Shape Information',$,(#234,#282,#607,#1613,#1614,#1649));
#1651= IFCRELDEFINESBYPROPERTIES('1NlIdlnDf_F4d6xgRpoq30',$,$,$,(#1631),#1650);
#1652= IFCPROPERTYSINGLEVALUE('Kh\X2\1ED1\X0\i l\X2\01B0\X0\\X2\1EE3\X0\ng (m3)',$,IFCREAL(32.3960931377483),$);
#1653= IFCPROPERTYSET('0IPpm6nMrb6yOs2Xxv0qq1',$,'Thong_tin_BIM',$,(#242,#243,#244,#249,#250,#251,#252,#253,#1619,#1620,#1621,#1652));
#1654= IFCRELDEFINESBYPROPERTIES('1UQsLOVP2EgHAuW2PpMwXN',$,$,$,(#1631),#1653);
#1655= IFCCARTESIANPOINTLIST3D(((-56.526749,-54.566565,-0.817474),(-56.526768,-54.566546,-0.877474),(-54.040446,-57.029912,-0.88906),(-54.040466,-57.029892,-0.94906),(-48.409879,-51.346892,-0.8591),(-50.896182,-48.883546,-0.787514),(-50.896163,-48.883566,-0.727514),(54.040465,57.029892,0.94906),(56.526768,54.566546,0.877474),(54.040446,57.029912,0.88906),(56.526749,54.566566,0.817474),(37.081743,39.913305,0.678111),(39.568046,37.449959,0.606524),(39.568027,37.449979,0.546524),(37.081724,39.913325,0.618111),(19.486162,22.153931,0.396986),(21.972465,19.690585,0.325399),(21.972446,19.690605,0.265399),(19.486143,22.15395,0.336986),(1.89058,4.394557,0.115861),(4.376883,1.931211,0.044274),(4.376865,1.93123,-0.015726),(1.890562,4.394576,0.055861),(-15.705001,-13.364817,-0.165264),(-13.218698,-15.828163,-0.236851),(-13.218717,-15.828144,-0.296851),(-15.70502,-13.364798,-0.225264),(-33.300582,-31.124191,-0.446389),(-30.814279,-33.587537,-0.517975),(-30.814298,-33.587518,-0.577975),(-33.300601,-31.124172,-0.506389),(-48.40986,-51.346911,-0.7991)),$);
#1656= IFCTRIANGULATEDFACESET(#1655,$,$,((1,2,3),(3,2,4),(4,2,5),(5,2,6),(2,1,6),(6,1,7),(8,9,10),(10,9,11),(8,12,9),(9,12,13),(9,13,11),(11,13,14),(10,11,15),(15,11,14),(8,10,12),(12,10,15),(12,16,13),(13,16,17),(13,17,14),(14,17,18),(15,14,19),(19,14,18),(12,15,16),(16,15,19),(16,20,17),(17,20,21),(17,21,18),(18,21,22),(19,18,23),(23,18,22),(16,19,20),(20,19,23),(20,24,21),(21,24,25),(21,25,22),(22,25,26),(23,22,27),(27,22,26),(20,23,24),(24,23,27),(24,28,25),(25,28,29),(25,29,26),(26,29,30),(27,26,31),(31,26,30),(24,27,28),(28,27,31),(28,7,29),(29,7,32),(29,32,30),(30,32,5),(31,30,6),(6,30,5),(28,31,7),(7,31,6),(3,32,1),(1,32,7),(4,5,3),(3,5,32)),$);
#1657= IFCSHAPEREPRESENTATION(#178,'Body','Tessellation',(#1656));
#1658= IFCPRODUCTDEFINITIONSHAPE($,$,(#1657));
#1659= IFCCARTESIANPOINT((505153.386487,1707652.767278,368.879238));
#1660= IFCAXIS2PLACEMENT3D(#1659,$,$);
#1661= IFCLOCALPLACEMENT(#5,#1660);
#1662= IFCBUILTELEMENT('07L7GW8kL6gRdEUh1To0ay',$,'BTN 12.5',$,$,#1661,#1658,'60FEE');
#1663= IFCSTYLEDITEM(#1656,(#189),'BTN 12.5');
#1664= IFCPROPERTYSINGLEVALUE('Area',$,IFCREAL(1119.22671195782),$);
#1665= IFCPROPERTYSINGLEVALUE('Bounds',$,IFCLABEL('((505096.8596969088,1707595.7367662727,367.8954370721845),(505209.91327729856,1707709.7977896603,369.8630380682801))'),$);
#1666= IFCPROPERTYSET('0sMDpCEBce_xuMNhgO$LqL',$,'Properties',$,(#39,#40,#41,#42,#43,#44,#47,#48,#49,#50,#51,#52,#53,#54,#55,#56,#57,#59,#60,#193,#194,#195,#196,#197,#198,#199,#1664,#1665));
#1667= IFCRELDEFINESBYPROPERTIES('1LKUg449s9xLv$CtDQjVML',$,$,$,(#1662),#1666);
#1668= IFCPROPERTYSET('2lE8lgkkTQ9MCXCS7hrE5n',$,'Misc',$,(#85,#87,#88,#203));
#1669= IFCRELDEFINESBYPROPERTIES('2qILF8TMpP0utxuzlI8Mbj',$,$,$,(#1662),#1668);
#1670= IFCPROPERTYSET('2nlemTMii3OUJlNI1K0mn6',$,'3D Visualization',$,(#91,#92,#93));
#1671= IFCRELDEFINESBYPROPERTIES('0ks7RVtcjhBy8SoGAbUUDy',$,$,$,(#1662),#1670);
#1672= IFCPROPERTYSET('0yO6WxaTBCFcSaWSjfS4OQ',$,'General',$,(#72,#74,#75,#76,#77,#208));
#1673= IFCRELDEFINESBYPROPERTIES('1oasqOFqucBAG6r9FS4Ju7',$,$,$,(#1662),#1672);
#1674= IFCPROPERTYSET('05NEkpcLzpVqyuoKemBltC',$,'Geometry',$,(#82));
#1675= IFCRELDEFINESBYPROPERTIES('0BHB8I651bO4nScMf4P7g4',$,$,$,(#1662),#1674);
#1676= IFCPROPERTYSINGLEVALUE('CorridorHandle',$,IFCLABEL('5D3D0'),$);
#1677= IFCPROPERTYSINGLEVALUE('BaselineGuid',$,IFCLABEL('{CFCBBA59-7EA8-4B26-A671-8577C9DA041F}'),$);
#1678= IFCPROPERTYSINGLEVALUE('RegionGuid',$,IFCLABEL('{417209DC-7B51-469C-8E2B-7F61B559B19E}'),$);
#1679= IFCPROPERTYSINGLEVALUE('EndStation',$,IFCLABEL('0+185.25m'),$);
#1680= IFCPROPERTYSET('31E22R6HFvhMpOdGspd9gX',$,'Corridor Identity',$,(#218,#221,#224,#597,#598,#936,#937,#1604,#1676,#1677,#1678,#1679));
#1681= IFCRELDEFINESBYPROPERTIES('01RVzettywcW1SlAFQU0n5',$,$,$,(#1662),#1680);
#1682= IFCPROPERTYSINGLEVALUE('CorridorName',$,IFCLABEL('B\X2\0110\X0\-T6'),$);
#1683= IFCPROPERTYSINGLEVALUE('BaselineName',$,IFCLABEL('BL - T6 - (66)'),$);
#1684= IFCPROPERTYSINGLEVALUE('RegionName',$,IFCLABEL('RG - 3m5 - (20) [Copy]'),$);
#1685= IFCPROPERTYSET('2iui2oE0CsAmuZr2W9f8C7',$,'Corridor Model Information',$,(#943,#944,#1682,#1683,#1684));
#1686= IFCRELDEFINESBYPROPERTIES('32VXMEZPy$_8tg$gynYmKw',$,$,$,(#1662),#1685);
#1687= IFCPROPERTYSINGLEVALUE('AssemblyEndStation',$,IFCLABEL('0+185.25m'),$);
#1688= IFCPROPERTYSINGLEVALUE('Volume',$,IFCVOLUMEMEASURE(32.9899803071365),$);
#1689= IFCPROPERTYSET('2C$4VP9oKeuOdZbg1hXwu7',$,'Corridor Shape Information',$,(#234,#235,#607,#1613,#1687,#1688));
#1690= IFCRELDEFINESBYPROPERTIES('1cnpoylaHPMmw8g81bjfrP',$,$,$,(#1662),#1689);
#1691= IFCPROPERTYSINGLEVALUE('Kh\X2\1ED1\X0\i l\X2\01B0\X0\\X2\1EE3\X0\ng (m3)',$,IFCREAL(32.9899803069927),$);
#1692= IFCPROPERTYSINGLEVALUE('L\X2\00FD\X0\ tr\X2\00EC\X0\nh cu\X2\1ED1\X0\i',$,IFCLABEL('0+185.25m'),$);
#1693= IFCPROPERTYSINGLEVALUE('\X2\0110\X0\\X2\1ED9\X0\ d\X2\00E0\X0\i (m)',$,IFCLABEL('159.35'),$);
#1694= IFCPROPERTYSET('2nivx1r0X0y2Q8pXdxDq8y',$,'Thong_tin_BIM',$,(#242,#243,#244,#249,#250,#251,#252,#253,#1619,#1691,#1692,#1693));
#1695= IFCRELDEFINESBYPROPERTIES('1N996pelXYew8ji99gMoV4',$,$,$,(#1662),#1694);
#1696= IFCCARTESIANPOINTLIST3D(((-54.040423,-57.029934,-0.81906),(-56.526771,-54.566543,-0.887474),(-54.040443,-57.029915,-0.87906),(-56.52679,-54.566524,-0.947474),(-50.896204,-48.883523,-0.857514),(-48.409857,-51.346915,-0.7891),(-50.896185,-48.883543,-0.797514),(56.52679,54.566523,0.947474),(56.526771,54.566542,0.887474),(54.040443,57.029914,0.87906),(54.040425,57.029934,0.81906),(39.568068,37.449936,0.676524),(37.081721,39.913328,0.608111),(37.081702,39.913347,0.548111),(39.568049,37.449956,0.616524),(21.972487,19.690562,0.395399),(19.48614,22.153953,0.326986),(19.486121,22.153973,0.266986),(21.972468,19.690581,0.335399),(4.376906,1.931188,0.114274),(1.890559,4.394579,0.045861),(1.89054,4.394599,-0.014139),(4.376887,1.931207,0.054274),(-13.218675,-15.828186,-0.166851),(-15.705022,-13.364795,-0.235264),(-15.705041,-13.364775,-0.295264),(-13.218694,-15.828167,-0.226851),(-30.814257,-33.58756,-0.447975),(-33.300604,-31.124169,-0.516389),(-33.300622,-31.124149,-0.576389),(-30.814275,-33.587541,-0.507975),(-48.409838,-51.346935,-0.7291)),$);
#1697= IFCTRIANGULATEDFACESET(#1696,$,$,((1,2,3),(3,2,4),(4,5,3),(3,5,6),(4,2,5),(5,2,7),(8,9,10),(10,9,11),(8,10,12),(12,10,13),(10,11,13),(13,11,14),(9,15,11),(11,15,14),(8,12,9),(9,12,15),(12,13,16),(16,13,17),(13,14,17),(17,14,18),(15,19,14),(14,19,18),(12,16,15),(15,16,19),(16,17,20),(20,17,21),(17,18,21),(21,18,22),(19,23,18),(18,23,22),(16,20,19),(19,20,23),(20,21,24),(24,21,25),(21,22,25),(25,22,26),(23,27,22),(22,27,26),(20,24,23),(23,24,27),(24,25,28),(28,25,29),(25,26,29),(29,26,30),(27,31,26),(26,31,30),(24,28,27),(27,28,31),(28,29,32),(32,29,7),(29,30,7),(7,30,5),(31,6,30),(30,6,5),(28,32,31),(31,32,6),(2,1,7),(7,1,32),(3,6,1),(1,6,32)),$);
#1698= IFCSHAPEREPRESENTATION(#178,'Body','Tessellation',(#1697));
#1699= IFCPRODUCTDEFINITIONSHAPE($,$,(#1698));
#1700= IFCCARTESIANPOINT((505150.900162,1707655.230647,368.880824));
#1701= IFCAXIS2PLACEMENT3D(#1700,$,$);
#1702= IFCLOCALPLACEMENT(#5,#1701);
#1703= IFCBUILTELEMENT('2MLnY$teDA3Qwj_M6k487A',$,'BTN 12.5',$,$,#1702,#1699,'61008');
#1704= IFCSTYLEDITEM(#1697,(#189),'BTN 12.5');
#1705= IFCPROPERTYSINGLEVALUE('Area',$,IFCREAL(1119.22671189594),$);
#1706= IFCPROPERTYSINGLEVALUE('Bounds',$,IFCLABEL('((505094.3733713832,1707598.2001355712,367.89702359854124),(505207.4269523133,1707712.2611584007,369.86462459442356))'),$);
#1707= IFCPROPERTYSET('3z_qUkq7TynMGGy1oPeOIQ',$,'Properties',$,(#39,#40,#41,#42,#43,#44,#47,#48,#49,#50,#51,#52,#53,#54,#55,#56,#57,#59,#60,#193,#194,#195,#196,#197,#198,#199,#1705,#1706));
#1708= IFCRELDEFINESBYPROPERTIES('3gN7fFZv3Kv9TCqkKoggdR',$,$,$,(#1703),#1707);
#1709= IFCPROPERTYSET('3s89WW1ILqkrSwY14NGY$G',$,'Misc',$,(#85,#87,#88,#203));
#1710= IFCRELDEFINESBYPROPERTIES('1OIN0leVgJUcnTudPvHdTp',$,$,$,(#1703),#1709);
#1711= IFCPROPERTYSET('05aPcppNk7L0vtVnz7iyXL',$,'3D Visualization',$,(#91,#92,#93));
#1712= IFCRELDEFINESBYPROPERTIES('3nNmdiAFxbfa8_PoTfPuzU',$,$,$,(#1703),#1711);
#1713= IFCPROPERTYSET('0iAl5SP$YNlD1qSKxAITlr',$,'General',$,(#72,#74,#75,#76,#77,#208));
#1714= IFCRELDEFINESBYPROPERTIES('3NlUjXuRJw6iWwS73K0sHD',$,$,$,(#1703),#1713);
#1715= IFCPROPERTYSET('10GPP4jmCXh9VQgdw9yuw$',$,'Geometry',$,(#82));
#1716= IFCRELDEFINESBYPROPERTIES('2P4HCPyyc2MRJF1d8WCzF4',$,$,$,(#1703),#1715);
#1717= IFCPROPERTYSET('0JRFKTqZboDBTvJMkYbaHx',$,'Corridor Identity',$,(#218,#221,#224,#597,#640,#936,#937,#1604,#1676,#1677,#1678,#1679));
#1718= IFCRELDEFINESBYPROPERTIES('15FNqiNzXYN4pxWvUWmDXC',$,$,$,(#1703),#1717);
#1719= IFCPROPERTYSET('3atsIyeUCjCu18QVMQlWRK',$,'Corridor Model Information',$,(#943,#944,#1682,#1683,#1684));
#1720= IFCRELDEFINESBYPROPERTIES('1sCz5K_p3gyWXY6ZJKCS7x',$,$,$,(#1703),#1719);
#1721= IFCPROPERTYSINGLEVALUE('Volume',$,IFCVOLUMEMEASURE(32.989980305209),$);
#1722= IFCPROPERTYSET('3d4wuPhQfraOZfVLleDX9O',$,'Corridor Shape Information',$,(#234,#282,#607,#1613,#1687,#1721));
#1723= IFCRELDEFINESBYPROPERTIES('1iS7BpSWVFBmkfG9cO2H5K',$,$,$,(#1703),#1722);
#1724= IFCPROPERTYSINGLEVALUE('Kh\X2\1ED1\X0\i l\X2\01B0\X0\\X2\1EE3\X0\ng (m3)',$,IFCREAL(32.9899803072587),$);
#1725= IFCPROPERTYSET('1efH9PdRijt8AkB5qNb2f2',$,'Thong_tin_BIM',$,(#242,#243,#244,#249,#250,#251,#252,#253,#1619,#1692,#1693,#1724));
#1726= IFCRELDEFINESBYPROPERTIES('16AmXRPq11uD8T42vf4He0',$,$,$,(#1703),#1725);
#1727= IFCCARTESIANPOINTLIST3D(((46.118663,42.996157,0.375124),(46.118293,42.996523,0.375134),(46.118681,42.996137,0.435124),(46.118312,42.996503,0.435134),(46.830911,43.715776,0.382467),(46.83093,43.715757,0.442467),(46.83128,43.71541,0.382456),(46.831299,43.715391,0.442456),(-35.524688,-39.407491,-0.464931),(-35.525057,-39.407125,-0.464921),(-35.524669,-39.407511,-0.404931),(-35.525039,-39.407145,-0.404921),(-34.81244,-38.687871,-0.457588),(-34.812421,-38.687891,-0.397588),(-34.812071,-38.688237,-0.457599),(-34.812052,-38.688257,-0.397599),(6.000809,2.504709,-0.037662),(6.00044,2.505075,-0.037651),(6.000828,2.504689,0.022338),(6.000459,2.505055,0.022349),(6.713057,3.224329,-0.030319),(6.713076,3.224309,0.029681),(6.713427,3.223963,-0.03033),(6.713446,3.223943,0.02967),(-15.113858,-18.806587,-0.254918),(-15.11422,-18.806213,-0.254907),(-15.113839,-18.806607,-0.194918),(-15.114201,-18.806233,-0.194907),(-14.401602,-18.08696,-0.247575),(-14.401583,-18.086979,-0.187575),(-14.401233,-18.087326,-0.247585),(-14.401214,-18.087345,-0.187585),(25.708239,22.395662,0.165114),(25.7078,22.396097,0.165127),(25.708258,22.395643,0.225114),(25.707819,22.396078,0.225127),(26.420417,23.115351,0.172459),(26.420436,23.115331,0.232459),(26.420856,23.114916,0.172447),(26.420875,23.114896,0.232447),(59.358389,56.359177,0.511352),(55.806528,59.878242,0.613618),(38.847844,42.761633,0.439125),(42.399706,39.242567,0.336858),(42.399725,39.242548,0.396858),(-27.982493,-31.79506,-0.387327),(-31.534355,-28.275995,-0.285061),(-49.129904,-46.035401,-0.466107),(-45.578043,-49.554467,-0.568374),(-45.578024,-49.554487,-0.508374),(7.208606,3.723754,-0.025235),(3.656745,7.242819,0.077032),(-13.938805,-10.516588,-0.104014),(-10.386943,-14.035653,-0.206281),(-10.386925,-14.035673,-0.146281),(-27.982474,-31.79508,-0.327327),(21.252295,25.002226,0.258078),(24.804156,21.48316,0.155812),(24.804175,21.483141,0.215812),(55.806546,59.878223,0.673618),(59.358408,56.359157,0.571352),(-59.358389,-56.359177,-0.511352),(-59.358408,-56.359157,-0.571352),(-55.806528,-59.878242,-0.613618),(-55.806546,-59.878223,-0.673618),(38.847863,42.761613,0.499125),(21.252313,25.002206,0.318078),(3.656764,7.242799,0.137032),(7.208625,3.723734,0.034765),(-13.938786,-10.516607,-0.044014),(-31.534336,-28.276014,-0.225061),(-49.129885,-46.035421,-0.406107),(-58.996872,-55.994293,-0.507632),(-55.44501,-59.513358,-0.609898),(-55.445029,-59.513339,-0.669898),(-58.99689,-55.994273,-0.567632),(-59.251071,-56.250859,-0.510247),(-55.69921,-59.769925,-0.612514),(-55.699228,-59.769905,-0.672514),(-59.25109,-56.25084,-0.570247)),$);
#1728= IFCTRIANGULATEDFACESET(#1727,$,$,((1,2,3),(3,2,4),(2,5,4),(4,5,6),(7,8,5),(5,8,6),(9,10,11),(11,10,12),(10,13,12),(12,13,14),(15,16,13),(13,16,14),(17,18,19),(19,18,20),(18,21,20),(20,21,22),(23,24,21),(21,24,22),(25,26,27),(27,26,28),(26,29,28),(28,29,30),(31,32,29),(29,32,30),(33,34,35),(35,34,36),(34,37,36),(36,37,38),(39,40,37),(37,40,38),(7,5,41),(41,5,42),(42,5,43),(43,5,2),(43,2,44),(44,2,1),(3,45,1),(1,45,44),(15,13,46),(46,13,47),(47,13,10),(47,10,48),(48,10,49),(49,10,9),(11,50,9),(9,50,49),(23,21,51),(51,21,52),(52,21,18),(52,18,53),(53,18,54),(54,18,17),(19,55,17),(17,55,54),(31,29,54),(54,29,53),(53,29,26),(53,26,47),(47,26,46),(46,26,25),(27,56,25),(25,56,46),(39,37,44),(44,37,43),(43,37,57),(57,37,34),(57,34,58),(58,34,33),(35,59,33),(33,59,58),(60,61,42),(42,61,41),(62,63,64),(64,63,65),(8,61,6),(6,61,60),(6,60,66),(6,66,4),(4,66,45),(4,45,3),(7,41,8),(8,41,61),(60,42,66),(66,42,43),(40,45,38),(38,45,66),(38,66,67),(38,67,36),(36,67,59),(36,59,35),(39,44,40),(40,44,45),(66,43,67),(67,43,57),(67,68,59),(59,68,69),(59,69,58),(58,69,51),(57,58,52),(52,58,51),(67,57,68),(68,57,52),(24,69,22),(22,69,68),(22,68,20),(20,68,70),(20,70,55),(55,19,20),(23,51,24),(24,51,69),(68,52,70),(70,52,53),(32,55,30),(30,55,70),(30,70,28),(28,70,71),(28,71,56),(56,27,28),(31,54,32),(32,54,55),(70,53,71),(71,53,47),(16,56,14),(14,56,71),(14,71,12),(12,71,72),(12,72,50),(50,11,12),(15,46,16),(16,46,56),(71,47,72),(72,47,48),(72,73,50),(50,73,74),(50,74,49),(49,74,75),(48,49,76),(76,49,75),(72,48,73),(73,48,76),(73,77,74),(74,77,78),(74,78,75),(75,78,79),(76,75,80),(80,75,79),(73,76,77),(77,76,80),(77,62,78),(78,62,64),(78,64,79),(79,64,65),(80,79,63),(63,79,65),(77,80,62),(62,80,63)),$);
#1729= IFCSHAPEREPRESENTATION(#178,'Body','Tessellation',(#1728));
#1730= IFCPRODUCTDEFINITIONSHAPE($,$,(#1729));
#1731= IFCCARTESIANPOINT((505197.353028,1707610.118939,368.057573));
#1732= IFCAXIS2PLACEMENT3D(#1731,$,$);
#1733= IFCLOCALPLACEMENT(#5,#1732);
#1734= IFCBUILTELEMENT('3_w1QIYEb9IuV5w4Ashka$',$,'BTN 12.5',$,$,#1733,#1730,'61022');
#1735= IFCSTYLEDITEM(#1728,(#189),'BTN 12.5');
#1736= IFCPROPERTYSINGLEVALUE('Area',$,IFCREAL(1656.87950511239),$);
#1737= IFCPROPERTYSINGLEVALUE('Bounds',$,IFCLABEL('((505137.9945889903,1707550.2402768363,367.34777013775243),(505256.71146781265,1707669.9976007212,368.7673762603791))'),$);
#1738= IFCPROPERTYSET('2LDkkHRPJ64c2ElOjYB9VD',$,'Properties',$,(#39,#40,#41,#42,#43,#44,#47,#48,#49,#50,#51,#52,#53,#54,#55,#56,#57,#59,#60,#193,#194,#195,#196,#197,#198,#199,#1736,#1737));
#1739= IFCRELDEFINESBYPROPERTIES('2FPsV$DKGXwISyX01nKpiN',$,$,$,(#1734),#1738);
#1740= IFCPROPERTYSET('3KUqmyTUGm7tCNHVuhsixL',$,'Misc',$,(#85,#87,#88,#203));
#1741= IFCRELDEFINESBYPROPERTIES('1FWNpe72ulk1AFRS1NDcf_',$,$,$,(#1734),#1740);
#1742= IFCPROPERTYSET('2lmeBxMGQVBY2SPI0E7sx8',$,'3D Visualization',$,(#91,#92,#93));
#1743= IFCRELDEFINESBYPROPERTIES('1GU2nObaRomTbqhqPC2Fqj',$,$,$,(#1734),#1742);
#1744= IFCPROPERTYSET('39KgEciZr1AR8FLK0X8GWe',$,'General',$,(#72,#74,#75,#76,#77,#208));
#1745= IFCRELDEFINESBYPROPERTIES('2DBbZVZfHVUpfAJwzpnjp4',$,$,$,(#1734),#1744);
#1746= IFCPROPERTYSET('0wGIP7uRH3Qk8z2_mxUiWB',$,'Geometry',$,(#82));
#1747= IFCRELDEFINESBYPROPERTIES('3WOqBKbUX1dl3pQX$2tYZv',$,$,$,(#1734),#1746);
#1748= IFCPROPERTYSINGLEVALUE('CorridorHandle',$,IFCLABEL('5D3D1'),$);
#1749= IFCPROPERTYSINGLEVALUE('BaselineGuid',$,IFCLABEL('{D77E6F04-899B-4628-AF00-432A0CA03B4B}'),$);
#1750= IFCPROPERTYSINGLEVALUE('RegionGuid',$,IFCLABEL('{DFE3875A-4894-4FAB-9353-BC5932BFCDE2}'),$);
#1751= IFCPROPERTYSINGLEVALUE('EndStation',$,IFCLABEL('0+189.53m'),$);
#1752= IFCPROPERTYSET('08kHLAyMOscIg5QQeIoRZ7',$,'Corridor Identity',$,(#216,#217,#218,#221,#224,#1303,#1304,#1604,#1748,#1749,#1750,#1751));
#1753= IFCRELDEFINESBYPROPERTIES('0Ue24AXIuPpu7HKKlyfqG3',$,$,$,(#1734),#1752);
#1754= IFCPROPERTYSINGLEVALUE('CorridorName',$,IFCLABEL('B\X2\0110\X0\-T7'),$);
#1755= IFCPROPERTYSINGLEVALUE('BaselineName',$,IFCLABEL('BL - T7 - (67)'),$);
#1756= IFCPROPERTYSINGLEVALUE('RegionName',$,IFCLABEL('RG - 5m - (55)'),$);
#1757= IFCPROPERTYSET('02VFrP2u3Qf1JqCcJUJvhY',$,'Corridor Model Information',$,(#1312,#1313,#1754,#1755,#1756));
#1758= IFCRELDEFINESBYPROPERTIES('0t3jsaejMBFrRRCrHZMZx0',$,$,$,(#1734),#1757);
#1759= IFCPROPERTYSINGLEVALUE('AssemblyEndStation',$,IFCLABEL('0+189.53m'),$);
#1760= IFCPROPERTYSINGLEVALUE('Volume',$,IFCVOLUMEMEASURE(49.0882152596777),$);
#1761= IFCPROPERTYSET('2$JKYPZRRczgWPtluD2_7O',$,'Corridor Shape Information',$,(#234,#235,#236,#1613,#1759,#1760));
#1762= IFCRELDEFINESBYPROPERTIES('2$bAAWtkLF0fMOlt79p5Qo',$,$,$,(#1734),#1761);
#1763= IFCPROPERTYSINGLEVALUE('Kh\X2\1ED1\X0\i l\X2\01B0\X0\\X2\1EE3\X0\ng (m3)',$,IFCREAL(49.0882152684732),$);
#1764= IFCPROPERTYSINGLEVALUE('L\X2\00FD\X0\ tr\X2\00EC\X0\nh cu\X2\1ED1\X0\i',$,IFCLABEL('0+189.53m'),$);
#1765= IFCPROPERTYSINGLEVALUE('\X2\0110\X0\\X2\1ED9\X0\ d\X2\00E0\X0\i (m)',$,IFCLABEL('163.63'),$);
#1766= IFCPROPERTYSET('1FaHjo6dYA5GHv9O8er3GQ',$,'Thong_tin_BIM',$,(#242,#243,#244,#249,#250,#251,#252,#253,#1619,#1763,#1764,#1765));
#1767= IFCRELDEFINESBYPROPERTIES('279034BfoKEAklJ50Cq5TI',$,$,$,(#1734),#1766);
#1768= IFCCARTESIANPOINTLIST3D(((59.358439,56.359124,0.671352),(59.35842,56.359144,0.611352),(55.806515,59.878255,0.573618),(55.806496,59.878275,0.513618),(-55.806496,-59.878275,-0.513618),(-59.35842,-56.359144,-0.611352),(-55.806515,-59.878255,-0.573618),(-59.358439,-56.359124,-0.671352),(42.399756,39.242515,0.496858),(38.847832,42.761646,0.399125),(38.847813,42.761665,0.339125),(42.399737,39.242534,0.436858),(24.804206,21.483108,0.315812),(21.252282,25.002239,0.218078),(21.252263,25.002259,0.158078),(24.804187,21.483128,0.255812),(7.208657,3.723701,0.134765),(3.656732,7.242832,0.037032),(3.656713,7.242852,-0.022968),(7.208638,3.723721,0.074765),(-10.386893,-14.035706,-0.046281),(-13.938817,-10.516575,-0.144014),(-13.938836,-10.516555,-0.204014),(-10.386912,-14.035686,-0.106281),(-27.982443,-31.795112,-0.227327),(-31.534367,-28.275982,-0.325061),(-31.534386,-28.275962,-0.385061),(-27.982462,-31.795093,-0.287327),(-45.577993,-49.554519,-0.408374),(-49.129917,-46.035388,-0.506107),(-49.129936,-46.035369,-0.566107),(-45.578011,-49.5545,-0.468374),(-55.444979,-59.513391,-0.509898),(-58.996903,-55.99426,-0.607632),(-58.996922,-55.994241,-0.667632),(-55.444998,-59.513371,-0.569898),(-55.699178,-59.769958,-0.512514),(-59.251102,-56.250827,-0.610247),(-59.251121,-56.250807,-0.670247),(-55.699197,-59.769938,-0.572514)),$);
#1769= IFCTRIANGULATEDFACESET(#1768,$,$,((1,2,3),(3,2,4),(5,6,7),(7,6,8),(1,3,9),(9,3,10),(3,4,10),(10,4,11),(2,12,4),(4,12,11),(1,9,2),(2,9,12),(9,10,13),(13,10,14),(10,11,14),(14,11,15),(12,16,11),(11,16,15),(9,13,12),(12,13,16),(13,14,17),(17,14,18),(14,15,18),(18,15,19),(16,20,15),(15,20,19),(13,17,16),(16,17,20),(17,18,21),(21,18,22),(18,19,22),(22,19,23),(20,24,19),(19,24,23),(17,21,20),(20,21,24),(21,22,25),(25,22,26),(22,23,26),(26,23,27),(24,28,23),(23,28,27),(21,25,24),(24,25,28),(25,26,29),(29,26,30),(26,27,30),(30,27,31),(28,32,27),(27,32,31),(25,29,28),(28,29,32),(29,30,33),(33,30,34),(30,31,34),(34,31,35),(32,36,31),(31,36,35),(29,33,32),(32,33,36),(33,34,37),(37,34,38),(34,35,38),(38,35,39),(36,40,35),(35,40,39),(33,37,36),(36,37,40),(37,38,5),(5,38,6),(38,39,6),(6,39,8),(40,7,39),(39,7,8),(37,5,40),(40,5,7)),$);
#1770= IFCSHAPEREPRESENTATION(#178,'Body','Tessellation',(#1769));
#1771= IFCPRODUCTDEFINITIONSHAPE($,$,(#1770));
#1772= IFCCARTESIANPOINT((505193.801136,1707613.638037,368.05984));
#1773= IFCAXIS2PLACEMENT3D(#1772,$,$);
#1774= IFCLOCALPLACEMENT(#5,#1773);
#1775= IFCBUILTELEMENT('23DH1MztLBHOYKjk8XGnvq',$,'BTN 12.5',$,$,#1774,#1771,'6103A');
#1776= IFCSTYLEDITEM(#1769,(#189),'BTN 12.5');
#1777= IFCPROPERTYSINGLEVALUE('Area',$,IFCREAL(1656.88464683208),$);
#1778= IFCPROPERTYSINGLEVALUE('Bounds',$,IFCLABEL('((505134.44269615435,1707553.759375037,367.35003660342915),(505253.15957497666,1707673.5166989216,368.7696427260558))'),$);
#1779= IFCPROPERTYSET('2fmbgXHm6Jvvx1Mig2LfTV',$,'Properties',$,(#39,#40,#41,#42,#43,#44,#47,#48,#49,#50,#51,#52,#53,#54,#55,#56,#57,#59,#60,#193,#194,#195,#196,#197,#198,#199,#1777,#1778));
#1780= IFCRELDEFINESBYPROPERTIES('022Ng7KbKeRZkaFuDyodd8',$,$,$,(#1775),#1779);
#1781= IFCPROPERTYSET('0Zm2isyFwl0hz3udR1TnqW',$,'Misc',$,(#85,#87,#88,#203));
#1782= IFCRELDEFINESBYPROPERTIES('06gSlPLoe9e$MYa46LRJyg',$,$,$,(#1775),#1781);
#1783= IFCPROPERTYSET('3DNyNni29UlGiNxMP84a_g',$,'3D Visualization',$,(#91,#92,#93));
#1784= IFCRELDEFINESBYPROPERTIES('1ttVSMEtzkEgVwiNSK8okq',$,$,$,(#1775),#1783);
#1785= IFCPROPERTYSET('29RCiVQJGKt$Vn4b$YlG04',$,'General',$,(#72,#74,#75,#76,#77,#208));
#1786= IFCRELDEFINESBYPROPERTIES('1kFpAtWknHr1bcjtXepS3w',$,$,$,(#1775),#1785);
#1787= IFCPROPERTYSET('3wV6zVIqBKBPCDj$RJJ0Em',$,'Geometry',$,(#82));
#1788= IFCRELDEFINESBYPROPERTIES('0vQYBohSRqb1U2srKnS$P5',$,$,$,(#1775),#1787);
#1789= IFCPROPERTYSET('3kOArwj5ZxLT0myDaDKxw3',$,'Corridor Identity',$,(#216,#218,#221,#224,#277,#1303,#1304,#1604,#1748,#1749,#1750,#1751));
#1790= IFCRELDEFINESBYPROPERTIES('1B7TBu8JkW6UWp4LVNd2cr',$,$,$,(#1775),#1789);
#1791= IFCPROPERTYSET('0QwSqIbzPLFOUhrJYA4I3G',$,'Corridor Model Information',$,(#1312,#1313,#1754,#1755,#1756));
#1792= IFCRELDEFINESBYPROPERTIES('2G8Z9GmqF3k3wLU83Ezbpz',$,$,$,(#1775),#1791);
#1793= IFCPROPERTYSINGLEVALUE('Volume',$,IFCVOLUMEMEASURE(49.0883791673804),$);
#1794= IFCPROPERTYSET('0l37oacuPWDn5O58NwtuZM',$,'Corridor Shape Information',$,(#234,#236,#282,#1613,#1759,#1793));
#1795= IFCRELDEFINESBYPROPERTIES('2$2dUEjH_mxgbd3gUncGLl',$,$,$,(#1775),#1794);
#1796= IFCPROPERTYSINGLEVALUE('Kh\X2\1ED1\X0\i l\X2\01B0\X0\\X2\1EE3\X0\ng (m3)',$,IFCREAL(49.0883791679233),$);
#1797= IFCPROPERTYSET('1$w4Zi3LEd52SGRDBPXqcy',$,'Thong_tin_BIM',$,(#242,#243,#244,#249,#250,#251,#252,#253,#1619,#1764,#1765,#1796));
#1798= IFCRELDEFINESBYPROPERTIES('1USuMfgbIgrm5aZJQQx7Fh',$,$,$,(#1775),#1797);
#1799= IFCCARTESIANPOINTLIST3D(((-13.467213,8.406027,0.495925),(-10.184822,12.177757,0.396127),(-13.467307,8.406125,0.195925),(-10.184916,12.177855,0.096127),(10.184916,-12.177855,-0.096127),(10.184822,-12.177757,-0.396127),(13.467307,-8.406125,-0.195925),(13.467213,-8.406027,-0.495925),(5.391127,-8.005935,0.02387),(8.673518,-4.234205,-0.075929),(8.673424,-4.234107,-0.375929),(5.391032,-8.005837,-0.27613)),$);
#1800= IFCTRIANGULATEDFACESET(#1799,$,$,((1,2,3),(3,2,4),(5,6,7),(7,6,8),(1,9,2),(2,9,10),(2,10,4),(4,10,11),(3,4,12),(12,4,11),(1,3,9),(9,3,12),(9,5,10),(10,5,7),(10,7,11),(11,7,8),(12,11,6),(6,11,8),(9,12,5),(5,12,6)),$);
#1801= IFCSHAPEREPRESENTATION(#178,'Body','Tessellation',(#1800));
#1802= IFCPRODUCTDEFINITIONSHAPE($,$,(#1801));
#1803= IFCCARTESIANPOINT((505153.907275,1707793.957622,371.640809));
#1804= IFCAXIS2PLACEMENT3D(#1803,$,$);
#1805= IFCLOCALPLACEMENT(#5,#1804);
#1806= IFCBUILTELEMENT('2bINk3MhjB6QGy3E9tvjdH',$,'CP\X2\0110\X0\D lo\X2\1EA1\X0\i I',$,$,#1805,#1802,'61052');
#1807= IFCCOLOURRGB('55,108,189',0.215686274509804,0.423529411764706,0.741176470588235);
#1808= IFCSURFACESTYLESHADING(#1807,$);
#1809= IFCSURFACESTYLE($,.BOTH.,(#1808));
#1810= IFCPRESENTATIONLAYERWITHSTYLE('CP\X2\0110\X0\D lo\X2\1EA1\X0\i I',$,(#1800,#1844,#1874,#1905,#1935,#1966,#1996,#2027,#2058,#2089,#2120,#2151,#2182,#2213,#2244,#2274,#2305,#2336,#2367,#2398,#2429,#2460,#2490,#2521,#2552,#2583,#2614,#2645,#2676,#2707,#2738,#2769,#2799,#2830,#2861,#2892,#2923,#2954,#2985,#3016,#3047,#3078),$,.U.,.U.,.U.,(#1809));
#1811= IFCSTYLEDITEM(#1800,(#1809),'CP\X2\0110\X0\D lo\X2\1EA1\X0\i I');
#1812= IFCPROPERTYSINGLEVALUE('Area',$,IFCREAL(335.478933089012),$);
#1813= IFCPROPERTYSINGLEVALUE('Bounds',$,IFCLABEL('((505140.4397530234,1707781.7795774583,371.1436505428754),(505167.37479605613,1707806.1356673515,372.1379670266636))'),$);
#1814= IFCPROPERTYSET('115MIAcJ6FDx_lxyFI2dO1',$,'Properties',$,(#39,#40,#41,#42,#43,#44,#45,#46,#47,#48,#49,#50,#51,#52,#53,#54,#55,#56,#57,#59,#60,#193,#197,#299,#300,#301,#1812,#1813));
#1815= IFCRELDEFINESBYPROPERTIES('3Q10ilvqDnU8z$GXmpc7o2',$,$,$,(#1806),#1814);
#1816= IFCPROPERTYSET('0JT8qSH3hvNbwQrixU5KtG',$,'Misc',$,(#85,#87,#88,#203));
#1817= IFCRELDEFINESBYPROPERTIES('0vLHNQV6AVRwZiOJhftnu_',$,$,$,(#1806),#1816);
#1818= IFCPROPERTYSET('3FPfuD_4VpveoJUeRpp0dx',$,'3D Visualization',$,(#91,#92,#93));
#1819= IFCRELDEFINESBYPROPERTIES('1iFYpPUsK2LKsLKKz9iOOe',$,$,$,(#1806),#1818);
#1820= IFCPROPERTYSINGLEVALUE('Layer',$,IFCLABEL('CP\X2\0110\X0\D lo\X2\1EA1\X0\i I'),$);
#1821= IFCPROPERTYSET('1GrADIl8O6hghZOaPXvN9l',$,'General',$,(#72,#74,#75,#76,#77,#1820));
#1822= IFCRELDEFINESBYPROPERTIES('0rZ_LP_H8bpjUmRGv2pm8Y',$,$,$,(#1806),#1821);
#1823= IFCPROPERTYSET('2PjPstqzaTpJDgls4AfQuE',$,'Geometry',$,(#82));
#1824= IFCRELDEFINESBYPROPERTIES('2JYIFFBt2FO4H5HLc4qrdi',$,$,$,(#1806),#1823);
#1825= IFCPROPERTYSET('22h9TuHtUN1TnrOMY8WaKs',$,'Corridor Identity',$,(#213,#214,#215,#216,#217,#218,#219,#220,#221,#222,#223,#224));
#1826= IFCRELDEFINESBYPROPERTIES('0hSIJeFxrht831wmciZ4qw',$,$,$,(#1806),#1825);
#1827= IFCPROPERTYSET('0TAVNkzxAgFxIERQ78M3eI',$,'Corridor Model Information',$,(#227,#228,#229,#230,#231));
#1828= IFCRELDEFINESBYPROPERTIES('2L7pasp3IMgDJUjI97ijMc',$,$,$,(#1806),#1827);
#1829= IFCPROPERTYSINGLEVALUE('CodeName',$,IFCLABEL('CPDD loai I'),$);
#1830= IFCPROPERTYSINGLEVALUE('Volume',$,IFCVOLUMEMEASURE(47.0324986019914),$);
#1831= IFCPROPERTYSET('2_pB5B88I8R0FWhQeO97Kb',$,'Corridor Shape Information',$,(#235,#236,#237,#238,#1829,#1830));
#1832= IFCRELDEFINESBYPROPERTIES('0gBP7upqnrwtcYgUcr2GpD',$,$,$,(#1806),#1831);
#1833= IFCPROPERTYSINGLEVALUE('V\X2\1EAD\X0\t li\X2\1EC7\X0\u',$,IFCLABEL('C\X2\1EA5\X0\p ph\X2\1ED1\X0\i \X2\0111\X0\\X2\00E1\X0\ d\X2\0103\X0\m'),$);
#1834= IFCPROPERTYSINGLEVALUE('M\X2\00E3\X0\ hi\X2\1EC7\X0\u',$,IFCLABEL('N5_KCAD_L2_A02'),$);
#1835= IFCPROPERTYSINGLEVALUE('Ghi ch\X2\00FA\X0\',$,IFCLABEL('C\X2\1EA5\X0\p ph\X2\1ED1\X0\i \X2\0111\X0\\X2\00E1\X0\ d\X2\0103\X0\m lo\X2\1EA1\X0\i 1, Dmax = 25MM'),$);
#1836= IFCPROPERTYSINGLEVALUE('Kh\X2\1ED1\X0\i l\X2\01B0\X0\\X2\1EE3\X0\ng (m3)',$,IFCREAL(47.0324986037937),$);
#1837= IFCPROPERTYSINGLEVALUE('Th\X2\00E0\X0\nh ph\X2\1EA7\X0\n v\X2\1EAD\X0\t li\X2\1EC7\X0\u',$,IFCLABEL('\X2\0110\X0\\X2\00E1\X0\ nghi\X2\1EC1\X0\n c\X2\1EA5\X0\p ph\X2\1ED1\X0\i li\X2\00EA\X0\n t\X2\1EE5\X0\c: c\X2\1EE1\X0\ 19\X2\2013\X0\25mm 35%; 9.5\X2\2013\X0\19mm 30%; 4.75\X2\2013\X0\9.5mm 20%; h\X2\1EA1\X0\t m\X2\1ECB\X0\n/\X2\0111\X0\\X2\00E1\X0\ m\X2\1EA1\X0\t 15%'),$);
#1838= IFCPROPERTYSINGLEVALUE('C\X2\01B0\X0\\X2\1EDD\X0\ng \X2\0111\X0\\X2\1ED9\X0\ v\X2\1EAD\X0\t li\X2\1EC7\X0\u (MPa)',$,IFCLABEL('300'),$);
#1839= IFCPROPERTYSINGLEVALUE('T\X2\00EA\X0\n \X2\0111\X0\\X2\1ED1\X0\i t\X2\01B0\X0\\X2\1EE3\X0\ng',$,IFCLABEL('KCAD l\X2\1EDB\X0\p 2'),$);
#1840= IFCPROPERTYSINGLEVALUE('\X2\0110\X0\\X2\1ED9\X0\ d\X2\00E0\X0\y l\X2\1EDB\X0\p (mm)',$,IFCLABEL('300'),$);
#1841= IFCPROPERTYSET('1aa0r$Zrnzvwk9t20ePzqf',$,'Thong_tin_BIM',$,(#246,#247,#248,#252,#1833,#1834,#1835,#1836,#1837,#1838,#1839,#1840));
#1842= IFCRELDEFINESBYPROPERTIES('3hK3fKk51BrZcWQgZgnheF',$,$,$,(#1806),#1841);
#1843= IFCCARTESIANPOINTLIST3D(((-10.18479,12.177724,0.496127),(-10.184885,12.177822,0.196127),(-13.467245,8.406059,0.395925),(-13.467339,8.406158,0.095925),(13.467339,-8.406158,-0.095925),(10.184885,-12.177822,-0.196127),(13.467245,-8.406059,-0.395925),(10.18479,-12.177724,-0.496127),(8.67355,-4.234238,0.024071),(5.391095,-8.005902,-0.07613),(5.391001,-8.005804,-0.37613),(8.673455,-4.234139,-0.275929)),$);
#1844= IFCTRIANGULATEDFACESET(#1843,$,$,((1,2,3),(3,2,4),(5,6,7),(7,6,8),(1,3,9),(9,3,10),(3,4,10),(10,4,11),(2,12,4),(4,12,11),(1,9,2),(2,9,12),(9,10,5),(5,10,6),(10,11,6),(6,11,8),(12,7,11),(11,7,8),(9,5,12),(12,5,7)),$);
#1845= IFCSHAPEREPRESENTATION(#178,'Body','Tessellation',(#1844));
#1846= IFCPRODUCTDEFINITIONSHAPE($,$,(#1845));
#1847= IFCCARTESIANPOINT((505150.624852,1707790.185925,371.640607));
#1848= IFCAXIS2PLACEMENT3D(#1847,$,$);
#1849= IFCLOCALPLACEMENT(#5,#1848);
#1850= IFCBUILTELEMENT('0n0K$Fc0v57RwZr21uleTa',$,'CP\X2\0110\X0\D lo\X2\1EA1\X0\i I',$,$,#1849,#1846,'6105B');
#1851= IFCSTYLEDITEM(#1844,(#1809),'CP\X2\0110\X0\D lo\X2\1EA1\X0\i I');
#1852= IFCPROPERTYSINGLEVALUE('Area',$,IFCREAL(335.478933089009),$);
#1853= IFCPROPERTYSINGLEVALUE('Bounds',$,IFCLABEL('((505137.15733018244,1707778.007880194,371.1434488525494),(505164.0923732151,1707802.3639700874,372.1377653363376))'),$);
#1854= IFCPROPERTYSET('0hCvn7vRwPjIzN7CRrs7Jb',$,'Properties',$,(#39,#40,#41,#42,#43,#44,#45,#46,#47,#48,#49,#50,#51,#52,#53,#54,#55,#56,#57,#59,#60,#193,#197,#299,#300,#301,#1852,#1853));
#1855= IFCRELDEFINESBYPROPERTIES('3y5bdSUpGt2ptU4Qj2XIcb',$,$,$,(#1850),#1854);
#1856= IFCPROPERTYSET('0EmnVXxosQ848s3cRcQw0_',$,'Misc',$,(#85,#87,#88,#203));
#1857= IFCRELDEFINESBYPROPERTIES('1LQP0QA$lUqz6OusVy5hDC',$,$,$,(#1850),#1856);
#1858= IFCPROPERTYSET('2eh9mJDiBlL82zF9ldLCnG',$,'3D Visualization',$,(#91,#92,#93));
#1859= IFCRELDEFINESBYPROPERTIES('3NYhEyrlLc5mLAxhQRVsJu',$,$,$,(#1850),#1858);
#1860= IFCPROPERTYSET('3muY6ScIwM5mdbROyNkKt2',$,'General',$,(#72,#74,#75,#76,#77,#1820));
#1861= IFCRELDEFINESBYPROPERTIES('2pxPh25dz0xEoamaqmZt7C',$,$,$,(#1850),#1860);
#1862= IFCPROPERTYSET('3RpDYSPMP1zw7gLgBkdpNZ',$,'Geometry',$,(#82));
#1863= IFCRELDEFINESBYPROPERTIES('3ei0mITdBtUHZwpc_432ko',$,$,$,(#1850),#1862);
#1864= IFCPROPERTYSET('3F086wsIfB9pzRCUSkjya5',$,'Corridor Identity',$,(#213,#214,#215,#216,#218,#219,#220,#221,#222,#223,#224,#277));
#1865= IFCRELDEFINESBYPROPERTIES('0$wWNdYhPn9hcCBXS5wxQF',$,$,$,(#1850),#1864);
#1866= IFCPROPERTYSET('0ijMC6_TNEerLvdPH3tKrF',$,'Corridor Model Information',$,(#227,#228,#229,#230,#231));
#1867= IFCRELDEFINESBYPROPERTIES('3tjNHtxIWXCTnI1AHk55ho',$,$,$,(#1850),#1866);
#1868= IFCPROPERTYSET('2batlmqpiST6vjxI1BoNR_',$,'Corridor Shape Information',$,(#236,#237,#238,#282,#1829,#1830));
#1869= IFCRELDEFINESBYPROPERTIES('12t_zcBvh56lmfsFbZi2Ih',$,$,$,(#1850),#1868);
#1870= IFCPROPERTYSINGLEVALUE('Kh\X2\1ED1\X0\i l\X2\01B0\X0\\X2\1EE3\X0\ng (m3)',$,IFCREAL(47.032498600803),$);
#1871= IFCPROPERTYSET('0nz8GG_tlsrpZqFMWceDyd',$,'Thong_tin_BIM',$,(#246,#247,#248,#252,#1833,#1834,#1835,#1837,#1838,#1839,#1840,#1870));
#1872= IFCRELDEFINESBYPROPERTIES('0d8cv0qYItmEhl9auU$JmC',$,$,$,(#1850),#1871);
#1873= IFCCARTESIANPOINTLIST3D(((-5.436476,1.417068,0.294902),(-2.154084,5.188798,0.195104),(-5.43657,1.417166,-0.005097),(-2.154178,5.188896,-0.104896),(2.154178,-5.188896,0.104896),(2.154084,-5.188798,-0.195104),(5.43657,-1.417166,0.005097),(5.436476,-1.417068,-0.294902)),$);
#1874= IFCTRIANGULATEDFACESET(#1873,$,$,((1,2,3),(3,2,4),(5,6,7),(7,6,8),(1,5,2),(2,5,7),(2,7,4),(4,7,8),(3,4,6),(6,4,8),(1,3,5),(5,3,6)),$);
#1875= IFCSHAPEREPRESENTATION(#178,'Body','Tessellation',(#1874));
#1876= IFCPRODUCTDEFINITIONSHAPE($,$,(#1875));
#1877= IFCCARTESIANPOINT((505205.024932,1707749.47115,370.361249));
#1878= IFCAXIS2PLACEMENT3D(#1877,$,$);
#1879= IFCLOCALPLACEMENT(#5,#1878);
#1880= IFCBUILTELEMENT('0Y1WXDBnz70BUyFNuWsFIa',$,'CP\X2\0110\X0\D lo\X2\1EA1\X0\i I',$,$,#1879,#1876,'61064');
#1881= IFCSTYLEDITEM(#1874,(#1809),'CP\X2\0110\X0\D lo\X2\1EA1\X0\i I');
#1882= IFCPROPERTYSINGLEVALUE('Area',$,IFCREAL(109.702130973607),$);
#1883= IFCPROPERTYSINGLEVALUE('Bounds',$,IFCLABEL('((505199.5882717316,1707744.2821924398,370.06511325588264),(505210.4615916256,1707754.6601070126,370.65738429424306))'),$);
#1884= IFCPROPERTYSET('2wgLY6HLdVo_Tz174X5NnZ',$,'Properties',$,(#39,#40,#41,#42,#43,#44,#45,#46,#47,#48,#49,#50,#51,#52,#53,#54,#55,#56,#57,#59,#60,#193,#197,#299,#300,#301,#1882,#1883));
#1885= IFCRELDEFINESBYPROPERTIES('267KYDtfcBGMCbKkvwD1hU',$,$,$,(#1880),#1884);
#1886= IFCPROPERTYSET('2npKQAvKaXAkV_SaViL8R4',$,'Misc',$,(#85,#87,#88,#203));
#1887= IFCRELDEFINESBYPROPERTIES('2pVqzZ9Fv$Sf4oMtjzWWQl',$,$,$,(#1880),#1886);
#1888= IFCPROPERTYSET('2BkCjU1HJ0qAkQuGu$QQae',$,'3D Visualization',$,(#91,#92,#93));
#1889= IFCRELDEFINESBYPROPERTIES('09RAwWgW3WX9lktnWapXxR',$,$,$,(#1880),#1888);
#1890= IFCPROPERTYSET('114KramNobud4IqVoJCn08',$,'General',$,(#72,#74,#75,#76,#77,#1820));
#1891= IFCRELDEFINESBYPROPERTIES('0xaJUctBZgDy8pey0KmbBe',$,$,$,(#1880),#1890);
#1892= IFCPROPERTYSET('356zTELmuKLbAjdKTm6Z54',$,'Geometry',$,(#82));
#1893= IFCRELDEFINESBYPROPERTIES('0VYRGGIfrD4Q9Y0S17zgIK',$,$,$,(#1880),#1892);
#1894= IFCPROPERTYSET('2viEkPvOOhM3nB5JqfE6MS',$,'Corridor Identity',$,(#213,#214,#215,#216,#217,#218,#219,#221,#224,#313,#314,#315));
#1895= IFCRELDEFINESBYPROPERTIES('3$_aKzLeDwzotukWE5sdWy',$,$,$,(#1880),#1894);
#1896= IFCPROPERTYSET('0k55UwH1ul1FH_oDKQs8fj',$,'Corridor Model Information',$,(#227,#228,#229,#230,#318));
#1897= IFCRELDEFINESBYPROPERTIES('2JxRkvoWtn5JI1eBHXC3gC',$,$,$,(#1880),#1896);
#1898= IFCPROPERTYSINGLEVALUE('Volume',$,IFCVOLUMEMEASURE(15.0940926669198),$);
#1899= IFCPROPERTYSET('0IytsQD3fz5xJMCOBg92d3',$,'Corridor Shape Information',$,(#235,#236,#321,#322,#1829,#1898));
#1900= IFCRELDEFINESBYPROPERTIES('0nVk6LFatECyey1Jx5KeA2',$,$,$,(#1880),#1899);
#1901= IFCPROPERTYSINGLEVALUE('Kh\X2\1ED1\X0\i l\X2\01B0\X0\\X2\1EE3\X0\ng (m3)',$,IFCREAL(15.094092666735),$);
#1902= IFCPROPERTYSET('0AXnWIF4bxaV9X5dDfpi1M',$,'Thong_tin_BIM',$,(#252,#327,#328,#329,#1833,#1834,#1835,#1837,#1838,#1839,#1840,#1901));
#1903= IFCRELDEFINESBYPROPERTIES('3EFcrz$I0NmShVHmXS30Rr',$,$,$,(#1880),#1902);
#1904= IFCCARTESIANPOINTLIST3D(((-2.154053,5.188765,0.295104),(-2.154147,5.188864,-0.004896),(-5.436507,1.417101,0.194902),(-5.436601,1.417199,-0.105097),(5.436601,-1.417199,0.105097),(2.154147,-5.188864,0.004896),(5.436507,-1.417101,-0.194902),(2.154053,-5.188765,-0.295104)),$);
#1905= IFCTRIANGULATEDFACESET(#1904,$,$,((1,2,3),(3,2,4),(5,6,7),(7,6,8),(1,3,5),(5,3,6),(3,4,6),(6,4,8),(2,7,4),(4,7,8),(1,5,2),(2,5,7)),$);
#1906= IFCSHAPEREPRESENTATION(#178,'Body','Tessellation',(#1905));
#1907= IFCPRODUCTDEFINITIONSHAPE($,$,(#1906));
#1908= IFCCARTESIANPOINT((505201.742509,1707745.699452,370.361047));
#1909= IFCAXIS2PLACEMENT3D(#1908,$,$);
#1910= IFCLOCALPLACEMENT(#5,#1909);
#1911= IFCBUILTELEMENT('3I9V1ShiTBawojcC9rciGy',$,'CP\X2\0110\X0\D lo\X2\1EA1\X0\i I',$,$,#1910,#1907,'6106D');
#1912= IFCSTYLEDITEM(#1905,(#1809),'CP\X2\0110\X0\D lo\X2\1EA1\X0\i I');
#1913= IFCPROPERTYSINGLEVALUE('Area',$,IFCREAL(109.702130973606),$);
#1914= IFCPROPERTYSINGLEVALUE('Bounds',$,IFCLABEL('((505196.3058488907,1707740.5104951756,370.06491156555654),(505207.1791687846,1707750.8884097484,370.6571826039171))'),$);
#1915= IFCPROPERTYSET('2U6OmU5YHQMdCSEY$YhORH',$,'Properties',$,(#39,#40,#41,#42,#43,#44,#45,#46,#47,#48,#49,#50,#51,#52,#53,#54,#55,#56,#57,#59,#60,#193,#197,#299,#300,#301,#1913,#1914));
#1916= IFCRELDEFINESBYPROPERTIES('0UsWCC9Kx_0tFPaABrkHqh',$,$,$,(#1911),#1915);
#1917= IFCPROPERTYSET('1M9y1dCtk9w4vgijomkkmU',$,'Misc',$,(#85,#87,#88,#203));
#1918= IFCRELDEFINESBYPROPERTIES('2EvOpTh9SIHsqUGxmb5cd_',$,$,$,(#1911),#1917);
#1919= IFCPROPERTYSET('0CTAjYlQJVTEHCxfLNVORg',$,'3D Visualization',$,(#91,#92,#93));
#1920= IFCRELDEFINESBYPROPERTIES('3h4vAZqnT9e0FYwskHJK7p',$,$,$,(#1911),#1919);
#1921= IFCPROPERTYSET('1Ji7QrIUzqb_3M7ZnXcaJJ',$,'General',$,(#72,#74,#75,#76,#77,#1820));
#1922= IFCRELDEFINESBYPROPERTIES('1SuxAgCBGNlIrLmu1$AQeQ',$,$,$,(#1911),#1921);
#1923= IFCPROPERTYSET('2oeJXhVlUz2Lh0AbPBUPDH',$,'Geometry',$,(#82));
#1924= IFCRELDEFINESBYPROPERTIES('2U53V0wrwXkswEQWabmoMQ',$,$,$,(#1911),#1923);
#1925= IFCPROPERTYSET('01rrfx_52caTFC0LnwSV$u',$,'Corridor Identity',$,(#213,#214,#215,#216,#218,#219,#221,#224,#277,#313,#314,#315));
#1926= IFCRELDEFINESBYPROPERTIES('1lpg9Uv$wErVmCtuWq_27U',$,$,$,(#1911),#1925);
#1927= IFCPROPERTYSET('0H18oRFX5aUMpjKKFKE80J',$,'Corridor Model Information',$,(#227,#228,#229,#230,#318));
#1928= IFCRELDEFINESBYPROPERTIES('3HCTGvOgFlMZCdlyy9SrfP',$,$,$,(#1911),#1927);
#1929= IFCPROPERTYSET('00HNHEAywoiajeQc6SqbyC',$,'Corridor Shape Information',$,(#236,#282,#321,#322,#1829,#1898));
#1930= IFCRELDEFINESBYPROPERTIES('3Bc6A_Z8cjlT31uaobAKmy',$,$,$,(#1911),#1929);
#1931= IFCPROPERTYSINGLEVALUE('Kh\X2\1ED1\X0\i l\X2\01B0\X0\\X2\1EE3\X0\ng (m3)',$,IFCREAL(15.0940926665208),$);
#1932= IFCPROPERTYSET('35PZS3L1S4naYShwobe5RZ',$,'Thong_tin_BIM',$,(#252,#327,#328,#329,#1833,#1834,#1835,#1837,#1838,#1839,#1840,#1931));
#1933= IFCRELDEFINESBYPROPERTIES('2LHtr5QfkHRIWmofUI_gXJ',$,$,$,(#1911),#1932);
#1934= IFCCARTESIANPOINTLIST3D(((-6.75932,2.568308,0.328015),(-3.476928,6.340038,0.228217),(-6.759414,2.568406,0.028016),(-3.477023,6.340136,-0.071783),(3.477023,-6.340136,0.071783),(3.476928,-6.340038,-0.228217),(6.759414,-2.568406,-0.028016),(6.75932,-2.568308,-0.328015)),$);
#1935= IFCTRIANGULATEDFACESET(#1934,$,$,((1,2,3),(3,2,4),(5,6,7),(7,6,8),(1,5,2),(2,5,7),(2,7,4),(4,7,8),(3,4,6),(6,4,8),(1,3,5),(5,3,6)),$);
#1936= IFCSHAPEREPRESENTATION(#178,'Body','Tessellation',(#1935));
#1937= IFCPRODUCTDEFINITIONSHAPE($,$,(#1936));
#1938= IFCCARTESIANPOINT((505249.434695,1707710.822396,369.249599));
#1939= IFCAXIS2PLACEMENT3D(#1938,$,$);
#1940= IFCLOCALPLACEMENT(#5,#1939);
#1941= IFCBUILTELEMENT('0HyAJDNMr9GfNLIkNuWEj0',$,'CP\X2\0110\X0\D lo\X2\1EA1\X0\i I',$,$,#1940,#1937,'61076');
#1942= IFCSTYLEDITEM(#1935,(#1809),'CP\X2\0110\X0\D lo\X2\1EA1\X0\i I');
#1943= IFCPROPERTYSINGLEVALUE('Area',$,IFCREAL(146.892674355304),$);
#1944= IFCPROPERTYSINGLEVALUE('Bounds',$,IFCLABEL('((505242.6751708922,1707704.4821780967,368.9203499950932),(505256.19421969005,1707717.1626141455,369.57884700724486))'),$);
#1945= IFCPROPERTYSET('2jWzjZr__AknXE9r817uDB',$,'Properties',$,(#39,#40,#41,#42,#43,#44,#45,#46,#47,#48,#49,#50,#51,#52,#53,#54,#55,#56,#57,#59,#60,#193,#197,#299,#300,#301,#1943,#1944));
#1946= IFCRELDEFINESBYPROPERTIES('1USMnay$bEu1oGVbrPMU_j',$,$,$,(#1941),#1945);
#1947= IFCPROPERTYSET('1OvdLNtQ_qQzsAcXs6IgKz',$,'Misc',$,(#85,#87,#88,#203));
#1948= IFCRELDEFINESBYPROPERTIES('0A0I_mNAqsojO_5NIusZzV',$,$,$,(#1941),#1947);
#1949= IFCPROPERTYSET('1HF06KHgsjQHpgIubXht3$',$,'3D Visualization',$,(#91,#92,#93));
#1950= IFCRELDEFINESBYPROPERTIES('0TVDeLRdEeK1nIYQmKJkoL',$,$,$,(#1941),#1949);
#1951= IFCPROPERTYSET('1sL9vAWtMAAj8M$XgViCvn',$,'General',$,(#72,#74,#75,#76,#77,#1820));
#1952= IFCRELDEFINESBYPROPERTIES('3T9VkuLngp80YkwCdpThXA',$,$,$,(#1941),#1951);
#1953= IFCPROPERTYSET('2kITck6aObXzFRHSwkzQd3',$,'Geometry',$,(#82));
#1954= IFCRELDEFINESBYPROPERTIES('3Ifcrq6A3um4PFt3DaGKX4',$,$,$,(#1941),#1953);
#1955= IFCPROPERTYSET('0amqgJo5WxJyieyCr2ej6W',$,'Corridor Identity',$,(#213,#214,#215,#216,#217,#218,#219,#221,#224,#383,#384,#385));
#1956= IFCRELDEFINESBYPROPERTIES('189rhgSaSLl5sZi0VRkdo4',$,$,$,(#1941),#1955);
#1957= IFCPROPERTYSET('0KOrzlaUou9Kd$rPIZbsEN',$,'Corridor Model Information',$,(#227,#228,#229,#230,#388));
#1958= IFCRELDEFINESBYPROPERTIES('0V6XOq4RGojFCa5v_vq3pG',$,$,$,(#1941),#1957);
#1959= IFCPROPERTYSINGLEVALUE('Volume',$,IFCVOLUMEMEASURE(20.3550701470747),$);
#1960= IFCPROPERTYSET('3lHxS2EyXxEH3xLg5QsA2d',$,'Corridor Shape Information',$,(#235,#236,#391,#392,#1829,#1959));
#1961= IFCRELDEFINESBYPROPERTIES('2fxndVJIsTYmMz1JiCVh$F',$,$,$,(#1941),#1960);
#1962= IFCPROPERTYSINGLEVALUE('Kh\X2\1ED1\X0\i l\X2\01B0\X0\\X2\1EE3\X0\ng (m3)',$,IFCREAL(20.3550701471634),$);
#1963= IFCPROPERTYSET('2W89AolOONEvXzt1mVgXAv',$,'Thong_tin_BIM',$,(#252,#397,#398,#399,#1833,#1834,#1835,#1837,#1838,#1839,#1840,#1962));
#1964= IFCRELDEFINESBYPROPERTIES('3IKii9Mr_Z5LcrueaHcbmz',$,$,$,(#1941),#1963);
#1965= IFCCARTESIANPOINTLIST3D(((-3.476897,6.340005,0.328217),(-3.476991,6.340103,0.028217),(-6.759351,2.56834,0.228015),(-6.759445,2.568438,-0.071984),(6.759445,-2.568438,0.071984),(3.476991,-6.340103,-0.028217),(6.759351,-2.56834,-0.228015),(3.476897,-6.340005,-0.328217)),$);
#1966= IFCTRIANGULATEDFACESET(#1965,$,$,((1,2,3),(3,2,4),(5,6,7),(7,6,8),(1,3,5),(5,3,6),(3,4,6),(6,4,8),(2,7,4),(4,7,8),(1,5,2),(2,5,7)),$);
#1967= IFCSHAPEREPRESENTATION(#178,'Body','Tessellation',(#1966));
#1968= IFCPRODUCTDEFINITIONSHAPE($,$,(#1967));
#1969= IFCCARTESIANPOINT((505246.152272,1707707.050699,369.249397));
#1970= IFCAXIS2PLACEMENT3D(#1969,$,$);
#1971= IFCLOCALPLACEMENT(#5,#1970);
#1972= IFCBUILTELEMENT('3nQW39TGD3ux7xexIyTO0I',$,'CP\X2\0110\X0\D lo\X2\1EA1\X0\i I',$,$,#1971,#1968,'6107F');
#1973= IFCSTYLEDITEM(#1966,(#1809),'CP\X2\0110\X0\D lo\X2\1EA1\X0\i I');
#1974= IFCPROPERTYSINGLEVALUE('Area',$,IFCREAL(146.892674355303),$);
#1975= IFCPROPERTYSINGLEVALUE('Bounds',$,IFCLABEL('((505239.39274805126,1707700.7104808325,368.9201483047671),(505252.9117968491,1707713.3909168812,369.57864531691877))'),$);
#1976= IFCPROPERTYSET('3rcQnm7PinRAvaDmDeb1oz',$,'Properties',$,(#39,#40,#41,#42,#43,#44,#45,#46,#47,#48,#49,#50,#51,#52,#53,#54,#55,#56,#57,#59,#60,#193,#197,#299,#300,#301,#1974,#1975));
#1977= IFCRELDEFINESBYPROPERTIES('2EMmQHbvBYoxhXsAmSj1vE',$,$,$,(#1972),#1976);
#1978= IFCPROPERTYSET('3J5SIGW6IrAveZR7L6a8s0',$,'Misc',$,(#85,#87,#88,#203));
#1979= IFCRELDEFINESBYPROPERTIES('34ALQFQZD1e7S75wgsrFr0',$,$,$,(#1972),#1978);
#1980= IFCPROPERTYSET('2sxGhBzrJn1CdEjiZ4_SmK',$,'3D Visualization',$,(#91,#92,#93));
#1981= IFCRELDEFINESBYPROPERTIES('0OrpeJijZ$XVcBYHdzmkJY',$,$,$,(#1972),#1980);
#1982= IFCPROPERTYSET('0W_QB1_GM40DNgEJRc9kXh',$,'General',$,(#72,#74,#75,#76,#77,#1820));
#1983= IFCRELDEFINESBYPROPERTIES('07Dcp0wvc3wIZKnXrosTLr',$,$,$,(#1972),#1982);
#1984= IFCPROPERTYSET('1TrFs_phobyZPT5Ze22lui',$,'Geometry',$,(#82));
#1985= IFCRELDEFINESBYPROPERTIES('3Od$miH_26AgHvNKuucCbX',$,$,$,(#1972),#1984);
#1986= IFCPROPERTYSET('1GVSv7rARdxATpCsmAjNCJ',$,'Corridor Identity',$,(#213,#214,#215,#216,#218,#219,#221,#224,#277,#383,#384,#385));
#1987= IFCRELDEFINESBYPROPERTIES('2kM10_gpAEDbX1TZtOe6j0',$,$,$,(#1972),#1986);
#1988= IFCPROPERTYSET('0IuNNiLEGTXd69XxQDHMcZ',$,'Corridor Model Information',$,(#227,#228,#229,#230,#388));
#1989= IFCRELDEFINESBYPROPERTIES('1YUycSR19dt5phNSPLIcgW',$,$,$,(#1972),#1988);
#1990= IFCPROPERTYSET('3f2qcweoAd1WYwIOW4P6Ef',$,'Corridor Shape Information',$,(#236,#282,#391,#392,#1829,#1959));
#1991= IFCRELDEFINESBYPROPERTIES('1BnZ5RUioG8TQ0Mgne76m$',$,$,$,(#1972),#1990);
#1992= IFCPROPERTYSINGLEVALUE('Kh\X2\1ED1\X0\i l\X2\01B0\X0\\X2\1EE3\X0\ng (m3)',$,IFCREAL(20.3550701466965),$);
#1993= IFCPROPERTYSET('35aSevSEJB9CRsbq52pPCP',$,'Thong_tin_BIM',$,(#252,#397,#398,#399,#1833,#1834,#1835,#1837,#1838,#1839,#1840,#1992));
#1994= IFCRELDEFINESBYPROPERTIES('34ZnS3Dxt66U4r22yC5_fj',$,$,$,(#1972),#1993);
#1995= IFCCARTESIANPOINTLIST3D(((-7.23243,-6.260323,-0.263267),(-7.232336,-6.260421,0.036733),(-9.718733,-3.796977,-0.191681),(-9.718639,-3.797075,0.108319),(9.718733,-1.983541,0.081542),(6.436279,-5.755206,-0.01866),(9.718639,-1.983443,-0.218458),(6.436185,-5.755108,-0.31866),(-8.238151,-4.794907,0.074889),(-8.843599,-4.15994,0.094449),(-9.179455,-3.252873,0.119701),(-6.822175,-5.869257,0.034802),(-7.632703,-5.429873,0.055328),(-9.179549,-3.252775,-0.180299),(-8.238245,-4.794809,-0.225111),(-7.632798,-5.429775,-0.244672),(-6.822269,-5.869159,-0.265198),(-8.843693,-4.159842,-0.205551),(-7.796464,-4.37215,0.079237),(-8.374718,-3.698217,0.101859),(-8.159301,-3.489464,0.105242),(-7.592113,-4.183235,0.081222),(-7.21821,-5.046084,0.056614),(-7.024924,-4.877006,0.057202),(-6.093297,-5.272296,0.031561),(-8.273525,-2.338513,0.138824),(-7.387762,-3.99432,0.083207),(-6.831639,-4.707928,0.057789),(-7.943885,-3.280712,0.108625),(-8.273619,-2.338415,-0.161176),(-7.796558,-4.372052,-0.220763),(-7.218304,-5.045986,-0.243386),(-7.025019,-4.876908,-0.242798),(-7.592207,-4.183137,-0.218778),(-8.374812,-3.698119,-0.198141),(-8.159396,-3.489366,-0.194758),(-6.093391,-5.272198,-0.268439),(-7.387856,-3.994222,-0.216793),(-7.943979,-3.280614,-0.191375),(-6.831733,-4.70783,-0.242211),(-8.270608,-2.33557,0.138885),(-7.18208,-3.804222,0.085205),(-6.090889,-5.270507,0.03155),(-8.270703,-2.335472,-0.161115),(-6.090983,-5.270409,-0.26845),(-7.182174,-3.804124,-0.214795),(-8.267692,-2.332626,0.138947),(-7.179417,-3.801856,0.085231),(-6.08848,-5.268719,0.03154),(-8.267786,-2.332528,-0.161053),(-6.088574,-5.268621,-0.26846),(-7.179511,-3.801757,-0.214769),(-6.960299,-3.610958,0.08733),(-7.495213,-2.851904,0.115646),(-7.792564,-1.853076,0.148976),(-5.692462,-4.98941,0.029857),(-6.425385,-4.370011,0.059014),(-7.792658,-1.852978,-0.151024),(-6.960393,-3.61086,-0.21267),(-6.425479,-4.369913,-0.240986),(-5.692556,-4.989311,-0.270143),(-7.495308,-2.851806,-0.184354),(-6.50171,-3.230596,0.091735),(-6.260908,-3.039948,0.094053),(-6.020105,-2.849301,0.096371),(-5.756473,-3.89721,0.061073),(-5.525967,-3.743152,0.061792),(-5.29546,-3.589094,0.06251),(-3.930772,-4.04966,0.022804),(-5.064953,-3.435036,0.063228),(-4.834446,-3.280978,0.063946),(-5.297698,-2.277359,0.103325),(-5.701415,0.257531,0.193117),(-5.779303,-2.658654,0.098689),(-5.5385,-2.468006,0.101007),(-5.98698,-4.051268,0.060355),(-5.701509,0.257629,-0.106883),(-6.261002,-3.03985,-0.205947),(-5.756568,-3.897112,-0.238927),(-5.526061,-3.743054,-0.238208),(-6.0202,-2.849203,-0.203629),(-5.779397,-2.658556,-0.201311),(-5.538595,-2.467908,-0.198993),(-5.297792,-2.277261,-0.196675),(-4.83454,-3.28088,-0.236054),(-3.930866,-4.049562,-0.277196),(-5.065047,-3.434938,-0.236772),(-5.295554,-3.588996,-0.23749),(-3.218225,2.763828,0.245534),(-3.716978,-1.126734,0.11926),(-2.017499,-3.478637,0.015583),(-3.218319,2.763927,-0.054466),(-2.017593,-3.478539,-0.284417),(-3.717072,-1.126636,-0.18074),(-2.127124,-0.032166,0.136204),(-1.636386,0.293073,0.141849),(-0.811911,5.192534,0.296328),(-1.145648,0.618312,0.147494),(-0.65491,0.943551,0.15314),(-1.011727,-1.365211,0.079427),(-0.497909,-3.305433,0.009951),(-1.447045,-1.549481,0.077308),(-1.882363,-1.733751,0.075189),(-0.812005,5.192632,-0.003672),(-1.63648,0.293171,-0.158151),(-1.447139,-1.549383,-0.222692),(-0.498004,-3.305335,-0.290049),(-1.011822,-1.365113,-0.220573),(-0.655004,0.943649,-0.14686),(-1.145742,0.61841,-0.152506),(0.064605,6.077206,0.31483),(-0.346094,3.400585,0.231454),(-0.318534,1.166301,0.15733),(-0.290975,-1.067984,0.083205),(0.017842,1.38905,0.16152),(-0.005539,-0.955027,0.084865),(-0.028921,-3.299105,0.00821),(0.06451,6.077304,0.01483),(-0.029015,-3.299007,-0.29179),(-0.291069,-1.067886,-0.216795),(-0.318628,1.166399,-0.14267),(-0.346188,3.400683,-0.068546),(0.017748,1.389148,-0.13848),(-0.005634,-0.954929,-0.215135),(0.240057,6.254292,0.318533),(0.118118,3.799375,0.239522),(0.083905,1.433002,0.162363),(0.049692,-0.933371,0.085204),(0.032586,-2.116558,0.046624),(0.05988,-3.300384,0.007879),(0.239963,6.25439,0.018533),(0.059785,-3.300286,-0.292121),(0.049598,-0.933273,-0.214796),(0.118024,3.799474,-0.060478),(0.083811,1.4331,-0.137637),(0.246033,6.260323,0.31866),(0.152211,1.478447,0.163235),(0.062875,-3.300441,0.007868),(0.245939,6.260421,0.01866),(0.062781,-3.300343,-0.292132),(0.152117,1.478545,-0.136765),(0.251813,6.255293,0.318515),(0.15665,1.478669,0.163225),(0.065879,-3.300499,0.007857),(0.251719,6.255391,0.018515),(0.065784,-3.300401,-0.292143),(0.156556,1.478767,-0.136775),(0.794363,1.102688,0.152297),(1.429879,0.727979,0.141409),(3.44614,3.475347,0.238556),(2.065396,0.353271,0.13052),(1.955686,-3.518222,0.000707),(1.774315,-1.55526,0.066507),(1.220331,-1.340691,0.072845),(0.666346,-1.126121,0.079183),(3.446045,3.475445,-0.061444),(1.429785,0.728078,-0.158591),(1.220236,-1.340593,-0.227155),(1.955592,-3.518124,-0.299293),(1.774221,-1.555162,-0.233493),(2.065302,0.353369,-0.16948),(3.590045,3.35011,0.234953),(2.760779,-0.05796,0.118639),(2.051245,-3.539075,0.000338),(3.58995,3.350208,-0.065047),(2.05115,-3.538977,-0.299662),(2.760684,-0.057862,-0.181361),(3.594434,3.346289,0.234843),(2.822474,-0.095602,0.117615),(2.054172,-3.53973,0.000326),(3.59434,3.346387,-0.065156),(2.054078,-3.539632,-0.299674),(3.598823,3.34247,0.234734),(2.826132,-0.097839,0.117555),(2.0571,-3.540385,0.000315),(3.598728,3.342568,-0.065266),(2.057006,-3.540287,-0.299685),(6.141764,1.129409,0.17108),(3.913722,-0.79894,0.099808),(3.8572,-4.127252,-0.006896),(6.14167,1.129507,-0.12892),(3.857105,-4.127154,-0.306896),(3.913627,-0.798841,-0.200192),(5.513678,-1.878677,0.073714),(6.12409,-0.632557,0.114978),(6.400823,-0.856457,0.109174),(5.770775,-2.068555,0.069525),(4.903265,-3.124798,0.03245),(5.140728,-3.280653,0.029876),(5.37819,-3.436508,0.027302),(5.599814,-5.101915,-0.014569),(5.615652,-3.592363,0.024728),(5.853114,-3.748219,0.022154),(6.542068,-2.638188,0.056959),(7.056264,-3.017943,0.048581),(7.231022,-1.528157,0.091763),(8.512713,-0.933971,0.111731),(6.954289,-1.304257,0.097567),(6.677556,-1.080357,0.103371),(6.027873,-2.258432,0.065336),(6.284971,-2.44831,0.061147),(8.512619,-0.933873,-0.188269),(5.256486,-1.688701,-0.222097),(4.665709,-2.968844,-0.264976),(4.903171,-3.1247,-0.26755),(5.513583,-1.878579,-0.226286),(5.847262,-0.408558,-0.179218),(6.123995,-0.632459,-0.185022),(6.400729,-0.856359,-0.190826),(6.677462,-1.080259,-0.196629),(6.027779,-2.258334,-0.234664),(6.541974,-2.63809,-0.243041),(5.85302,-3.748121,-0.277846),(7.056169,-3.017845,-0.251419),(5.59972,-5.101817,-0.314569),(7.230928,-1.528059,-0.208237),(5.378096,-3.43641,-0.272698),(5.140633,-3.280555,-0.270124),(5.770681,-2.068457,-0.230475),(8.341304,-2.451207,0.068324),(7.566885,-3.443658,0.040011),(6.792466,-4.43611,0.011698),(7.822196,-3.656516,0.035726),(7.024679,-4.6242,0.009045),(8.619712,-2.688832,0.062408),(6.560158,-4.247921,-0.285648),(6.792371,-4.436011,-0.288302),(7.024585,-4.624102,-0.290955),(7.822101,-3.656418,-0.264274),(7.566791,-3.44356,-0.259989),(8.34121,-2.451109,-0.231676),(8.062802,-2.213484,-0.22576),(7.31148,-3.230703,-0.255704),(8.619618,-2.688734,-0.237592)),$);
#1996= IFCTRIANGULATEDFACESET(#1995,$,$,((1,2,3),(3,2,4),(5,6,7),(7,6,8),(2,9,4),(4,9,10),(4,10,11),(11,10,9),(11,9,12),(12,9,13),(12,13,2),(2,13,9),(3,4,14),(14,4,11),(3,15,1),(1,15,16),(1,16,17),(17,16,15),(17,15,14),(14,15,18),(14,18,3),(3,18,15),(2,1,12),(12,1,17),(12,19,11),(11,19,20),(11,20,21),(21,20,19),(21,19,22),(22,19,23),(22,23,24),(24,23,12),(24,12,25),(26,27,25),(25,27,28),(25,28,24),(24,28,27),(24,27,22),(22,27,29),(22,29,21),(21,29,26),(21,26,11),(23,19,12),(29,27,26),(14,11,30),(30,11,26),(14,31,17),(17,31,32),(17,32,33),(33,32,31),(33,31,34),(34,31,35),(34,35,36),(36,35,14),(36,14,30),(37,38,30),(30,38,39),(30,39,36),(36,39,38),(36,38,34),(34,38,40),(34,40,33),(33,40,37),(33,37,17),(35,31,14),(40,38,37),(12,17,25),(25,17,37),(41,26,42),(42,26,25),(42,25,43),(43,41,42),(30,26,44),(44,26,41),(45,37,46),(46,37,30),(46,30,44),(44,45,46),(25,37,43),(43,37,45),(47,41,48),(48,41,43),(48,43,49),(49,47,48),(44,41,50),(50,41,47),(51,45,52),(52,45,44),(52,44,50),(50,51,52),(43,45,49),(49,45,51),(49,53,47),(47,53,54),(47,54,55),(55,54,53),(55,53,56),(56,53,57),(56,57,49),(49,57,53),(50,47,58),(58,47,55),(50,59,51),(51,59,60),(51,60,61),(61,60,59),(61,59,58),(58,59,62),(58,62,50),(50,62,59),(49,51,56),(56,51,61),(56,63,55),(55,63,64),(55,64,65),(65,64,66),(65,66,67),(67,66,56),(67,56,68),(68,56,69),(68,69,70),(70,69,71),(70,71,72),(72,71,69),(72,69,73),(55,74,73),(73,74,75),(73,75,72),(72,75,70),(63,56,76),(76,56,66),(76,66,64),(74,55,65),(63,76,64),(74,65,67),(75,74,68),(68,74,67),(70,75,68),(58,55,77),(77,55,73),(58,78,61),(61,78,79),(61,79,80),(80,79,78),(80,78,81),(81,78,58),(81,58,82),(82,58,77),(82,77,83),(83,77,84),(83,84,85),(85,84,86),(85,86,87),(87,86,88),(87,88,82),(82,88,81),(77,86,84),(86,61,88),(88,61,80),(88,80,81),(87,82,83),(87,83,85),(56,61,69),(69,61,86),(89,73,90),(90,73,69),(90,69,91),(91,89,90),(77,73,92),(92,73,89),(93,86,94),(94,86,77),(94,77,92),(92,93,94),(69,86,91),(91,86,93),(91,95,89),(89,95,96),(89,96,97),(97,96,98),(97,98,99),(99,98,100),(99,100,101),(101,100,102),(101,102,91),(91,102,103),(91,103,95),(95,103,96),(102,100,98),(98,96,102),(102,96,103),(92,89,104),(104,89,97),(92,105,93),(93,105,106),(93,106,107),(107,106,108),(107,108,109),(109,108,110),(109,110,104),(104,110,105),(104,105,92),(108,106,105),(110,108,105),(91,93,101),(101,93,107),(111,97,112),(112,97,99),(112,99,113),(113,99,114),(113,114,115),(115,114,116),(116,114,117),(117,114,101),(101,114,99),(113,115,112),(112,115,111),(104,97,118),(118,97,111),(119,107,120),(120,107,109),(120,109,121),(121,109,122),(121,122,123),(123,122,118),(118,122,104),(104,122,109),(123,124,121),(121,124,120),(124,119,120),(101,107,117),(117,107,119),(125,111,126),(126,111,115),(126,115,127),(127,115,116),(127,116,128),(128,116,129),(128,129,130),(130,129,117),(117,129,116),(128,130,127),(127,130,125),(127,125,126),(118,111,131),(131,111,125),(132,119,133),(133,119,124),(133,124,123),(118,134,123),(123,134,135),(123,135,133),(133,135,132),(118,131,134),(134,131,135),(131,132,135),(117,119,130),(130,119,132),(136,125,137),(137,125,130),(137,130,138),(138,136,137),(131,125,139),(139,125,136),(140,132,141),(141,132,131),(141,131,139),(139,140,141),(130,132,138),(138,132,140),(142,136,143),(143,136,138),(143,138,144),(144,142,143),(136,142,139),(139,142,145),(146,140,147),(147,140,139),(147,139,145),(145,146,147),(138,140,144),(144,140,146),(144,148,142),(142,148,149),(142,149,150),(150,149,151),(150,151,152),(152,151,153),(152,153,154),(154,153,151),(154,151,149),(152,154,144),(144,154,155),(144,155,148),(148,155,149),(154,149,155),(142,150,145),(145,150,156),(145,157,146),(146,157,158),(146,158,159),(159,158,160),(159,160,161),(161,160,157),(161,157,156),(156,157,145),(156,159,161),(160,158,157),(144,146,152),(152,146,159),(162,150,163),(163,150,152),(163,152,164),(164,162,163),(150,162,156),(156,162,165),(166,159,167),(167,159,156),(167,156,165),(165,166,167),(152,159,164),(164,159,166),(168,162,169),(169,162,164),(169,164,170),(170,168,169),(162,168,165),(165,168,171),(166,165,172),(172,165,171),(164,166,170),(170,166,172),(173,168,174),(174,168,170),(174,170,175),(175,173,174),(168,173,171),(171,173,176),(172,171,177),(177,171,176),(170,172,175),(175,172,177),(178,173,179),(179,173,175),(179,175,180),(180,178,179),(173,178,176),(176,178,181),(182,177,183),(183,177,176),(183,176,181),(181,182,183),(175,177,180),(180,177,182),(180,184,178),(178,184,185),(178,185,186),(186,185,184),(186,184,187),(187,184,188),(187,188,189),(189,188,180),(189,180,190),(190,180,191),(190,191,192),(192,191,193),(192,193,194),(194,193,195),(194,195,196),(196,195,197),(196,197,198),(198,197,199),(198,199,200),(200,199,187),(200,187,189),(191,195,193),(197,178,199),(199,178,186),(199,186,187),(200,189,190),(188,184,180),(194,196,201),(201,196,198),(201,198,200),(201,200,190),(194,201,192),(192,201,190),(178,197,181),(181,197,202),(181,203,182),(182,203,204),(182,204,205),(205,204,203),(205,203,206),(206,203,207),(206,207,208),(208,207,181),(208,181,209),(209,181,210),(209,210,211),(211,210,212),(211,212,213),(213,212,214),(213,214,215),(181,202,210),(210,202,216),(210,216,212),(212,216,214),(202,214,216),(213,215,217),(217,215,182),(217,182,218),(218,182,205),(218,205,206),(207,203,181),(206,208,219),(219,208,209),(219,209,211),(217,218,219),(219,218,206),(217,219,211),(213,217,211),(180,182,191),(191,182,215),(5,197,220),(220,197,195),(220,195,221),(221,195,222),(221,222,223),(223,222,224),(223,224,6),(6,224,222),(6,222,191),(191,222,195),(6,5,223),(223,5,225),(223,225,221),(221,225,220),(225,5,220),(197,5,202),(202,5,7),(214,226,215),(215,226,227),(215,227,8),(8,227,228),(8,228,229),(229,228,230),(229,230,231),(231,230,232),(231,232,202),(202,232,214),(214,232,233),(214,233,226),(226,233,227),(202,7,231),(231,7,234),(231,234,229),(229,234,7),(229,7,8),(227,233,230),(230,233,232),(227,230,228),(191,215,6),(6,215,8)),$);
#1997= IFCSHAPEREPRESENTATION(#178,'Body','Tessellation',(#1996));
#1998= IFCPRODUCTDEFINITIONSHAPE($,$,(#1997));
#1999= IFCCARTESIANPOINT((505182.326387,1707759.436544,370.763431));
#2000= IFCAXIS2PLACEMENT3D(#1999,$,$);
#2001= IFCLOCALPLACEMENT(#5,#2000);
#2002= IFCBUILTELEMENT('12oh4DjbP6OgiGWepBBihv',$,'CP\X2\0110\X0\D lo\X2\1EA1\X0\i I',$,$,#2001,#1998,'61088');
#2003= IFCSTYLEDITEM(#1996,(#1809),'CP\X2\0110\X0\D lo\X2\1EA1\X0\i I');
#2004= IFCPROPERTYSINGLEVALUE('Area',$,IFCREAL(244.806724414448),$);
#2005= IFCPROPERTYSINGLEVALUE('Bounds',$,IFCLABEL('((505172.60761506116,1707753.1760314053,370.4435753610456),(505192.0451931929,1707765.697073773,371.0852218599808))'),$);
#2006= IFCPROPERTYSET('0EohVlJtZHCb2bGgBzMXQh',$,'Properties',$,(#39,#40,#41,#42,#43,#44,#45,#46,#47,#48,#49,#50,#51,#52,#53,#54,#55,#56,#57,#59,#60,#193,#197,#299,#300,#301,#2004,#2005));
#2007= IFCRELDEFINESBYPROPERTIES('2NFSBRjZgR7cNsSbcMyEzL',$,$,$,(#2002),#2006);
#2008= IFCPROPERTYSET('0QAzB6ONGP58urZeAKqI7A',$,'Misc',$,(#85,#87,#88,#203));
#2009= IFCRELDEFINESBYPROPERTIES('0xYYtwJedtCbD$QaK6nrfR',$,$,$,(#2002),#2008);
#2010= IFCPROPERTYSET('0zqMBTCzlzYarmRzRXTm0P',$,'3D Visualization',$,(#91,#92,#93));
#2011= IFCRELDEFINESBYPROPERTIES('1RB7XyCt8FIaX8aXTUhSss',$,$,$,(#2002),#2010);
#2012= IFCPROPERTYSET('21bkRe28dUD2Q3NS1f54FO',$,'General',$,(#72,#74,#75,#76,#77,#1820));
#2013= IFCRELDEFINESBYPROPERTIES('1j5imuC6rjPom0m4TAq6Gs',$,$,$,(#2002),#2012);
#2014= IFCPROPERTYSET('1pxPOexcGasikxNx$Lo1Pm',$,'Geometry',$,(#82));
#2015= IFCRELDEFINESBYPROPERTIES('3AIqDsgmSY0M5jgAaS7RBL',$,$,$,(#2002),#2014);
#2016= IFCPROPERTYSET('3C$rjjfIJQLrdHA3Roxqb7',$,'Corridor Identity',$,(#221,#224,#453,#454,#455,#456,#457,#458,#459,#460,#461,#462));
#2017= IFCRELDEFINESBYPROPERTIES('2cumV03VqNvRHXAmUDJkfE',$,$,$,(#2002),#2016);
#2018= IFCPROPERTYSET('3$KUeQHZsOrt1c8S6KSwIt',$,'Corridor Model Information',$,(#465,#466,#467,#468,#469));
#2019= IFCRELDEFINESBYPROPERTIES('0t2Xc7tRdphChsWucg3n$J',$,$,$,(#2002),#2018);
#2020= IFCPROPERTYSINGLEVALUE('Volume',$,IFCVOLUMEMEASURE(34.4409977729848),$);
#2021= IFCPROPERTYSET('0pezMx7cfm8C9WHUEPSXe9',$,'Corridor Shape Information',$,(#235,#472,#473,#474,#1829,#2020));
#2022= IFCRELDEFINESBYPROPERTIES('1RCi$esG6RuIhLwYr5bzCH',$,$,$,(#2002),#2021);
#2023= IFCPROPERTYSINGLEVALUE('Kh\X2\1ED1\X0\i l\X2\01B0\X0\\X2\1EE3\X0\ng (m3)',$,IFCREAL(34.4409977728716),$);
#2024= IFCPROPERTYSET('28zNHROYf9dfLeOLRGKIDk',$,'Thong_tin_BIM',$,(#252,#479,#480,#481,#1833,#1834,#1835,#1837,#1838,#1839,#1840,#2023));
#2025= IFCRELDEFINESBYPROPERTIES('2dDesEaRAJxjdhfKfG7ivI',$,$,$,(#2002),#2024);
#2026= IFCCARTESIANPOINTLIST3D(((-6.472146,-7.848559,-0.135155),(-6.47224,-7.848461,-0.435155),(-6.475509,-7.845227,-0.135243),(-6.475604,-7.845129,-0.435243),(-6.319926,-7.694732,-0.428824),(-6.319832,-7.69483,-0.128824),(-5.759616,-7.129215,-0.404613),(-5.759521,-7.129313,-0.104613),(-5.82312,-7.066301,-0.105752),(-5.823215,-7.066203,-0.405752),(-5.815409,-8.422332,-0.117401),(-5.182339,-9.027703,-0.100692),(-3.747913,-10.068592,-0.06372),(-4.549269,-9.633073,-0.083982),(-4.084484,-10.408295,-0.070825),(-6.570831,-7.944904,-0.139238),(-6.570926,-7.944806,-0.439238),(-5.815503,-8.422234,-0.417401),(-5.182433,-9.027605,-0.400692),(-3.748008,-10.068494,-0.36372),(-4.549363,-9.632975,-0.383982),(-4.084579,-10.408197,-0.370825),(-6.168,5.817035,0.305001),(-6.168094,5.817133,0.005001),(-6.25021,5.72257,0.302096),(-6.250304,5.722668,0.002096),(-6.936889,6.486159,0.332733),(-6.951951,6.468852,0.332259),(-6.936983,6.486258,0.032733),(-6.952045,6.46895,0.032259),(-6.552539,6.151695,0.018804),(-6.552445,6.151597,0.318804),(-5.741954,5.182051,-0.019755),(-5.089674,6.387073,0.020251),(-4.095454,7.22845,0.04556),(-4.553133,7.659788,0.060086),(-3.616782,8.535011,0.085308),(-3.874555,8.767603,0.092528),(-3.827263,10.408295,0.139238),(-4.132329,9.000195,0.099748),(-4.390103,9.232787,0.106968),(-5.010811,8.091125,0.074612),(-5.239651,8.306794,0.081874),(-5.889294,7.182055,0.049475),(-6.089199,7.380801,0.056781),(-7.109717,6.636631,0.039036),(-5.489484,6.784564,0.034863),(-5.689389,6.98331,0.042169),(-1.533598,8.412174,0.081824),(-3.101234,8.069827,0.070869),(-4.781972,7.875456,0.067349),(-7.109623,6.636533,0.339036),(-5.74186,5.181952,0.280245),(-3.827168,10.408197,0.439238),(-5.289485,6.58572,0.327557),(-5.48939,6.784466,0.334863),(-5.689295,6.983212,0.342169),(-5.889199,7.181957,0.349475),(-4.781878,7.875358,0.367349),(-5.010717,8.091027,0.374612),(-3.874461,8.767505,0.392528),(-4.132235,9.000097,0.399748),(-5.08958,6.386975,0.320251),(-4.09536,7.228352,0.34556),(-1.533504,8.412076,0.381824),(-3.10114,8.069729,0.370869),(-3.358914,8.302321,0.378089),(-4.324199,7.444021,0.352823),(-4.553039,7.659689,0.360086),(-3.616687,8.534913,0.385308),(-3.194962,6.313949,0.315896),(-2.752243,5.830884,0.300758),(0.956739,6.244878,0.319489),(-2.309523,5.347819,0.285619),(-4.690345,3.484631,0.221473),(0.956644,6.244976,0.019489),(-2.752337,5.830982,0.000758),(-3.984267,5.082186,-0.024192),(-4.69044,3.484729,-0.078527),(-3.631468,4.628489,-0.039107),(-2.309617,5.347917,-0.014381),(3.913842,3.671381,0.245468),(-0.954191,3.753282,0.237297),(-3.997001,1.612237,0.162757),(3.913748,3.671479,-0.054532),(-3.997096,1.612335,-0.137243),(-0.954286,3.75338,-0.062703),(4.782289,2.915593,0.223729),(0.204202,2.330096,0.194979),(-3.882321,1.121175,0.147963),(4.782194,2.915691,-0.076271),(-3.882415,1.121273,-0.152037),(0.204108,2.330194,-0.105021),(7.103153,0.8958,0.165634),(1.07279,1.222525,0.162699),(-3.711961,-0.042466,0.113471),(7.103059,0.895898,-0.134366),(-3.712056,-0.042368,-0.186529),(1.072696,1.222624,-0.137301),(7.109717,0.890088,0.16547),(1.697302,0.424492,0.139489),(-3.711702,-0.045455,0.113383),(7.109623,0.890186,-0.13453),(-3.711797,-0.045357,-0.186617),(1.697207,0.42459,-0.160511),(7.102928,0.883221,0.165326),(1.697375,0.419852,0.139369),(-3.711445,-0.048444,0.113295),(7.102834,0.883319,-0.134674),(-3.711539,-0.048346,-0.186705),(1.69728,0.419951,-0.160631),(1.530102,0.166628,0.133407),(4.145382,0.352199,0.145754),(6.418395,0.192318,0.150876),(0.222462,0.073842,0.127233),(-1.085177,-0.018943,0.121059),(-2.392817,-0.111729,0.114886),(-3.689469,-0.360584,0.104129),(6.4183,0.192416,-0.149124),(0.222368,0.07394,-0.172767),(-1.085272,-0.018845,-0.17894),(-3.689564,-0.360486,-0.195871),(1.530008,0.166726,-0.166593),(4.145288,0.352297,-0.154246),(1.274835,-0.220852,0.124272),(3.754961,-0.106773,0.13564),(6.051781,-0.177708,0.143138),(1.185207,-0.35757,0.121041),(0.034772,-0.277891,0.118588),(-1.205292,-0.33493,0.112905),(-2.445355,-0.391969,0.107221),(-1.24808,-0.447501,0.109993),(-3.681367,-0.537433,0.098945),(6.051686,-0.17761,-0.156862),(0.034677,-0.277793,-0.181412),(-1.205386,-0.334832,-0.187095),(-3.681461,-0.537335,-0.201055),(-1.248174,-0.447403,-0.190007),(1.185113,-0.357472,-0.178959),(1.274741,-0.220754,-0.175728),(3.754867,-0.106675,-0.16436),(3.025551,-0.973486,0.116371),(2.432609,-1.679332,0.100652),(2.922302,-3.336308,0.077079),(1.839666,-2.385179,0.084933),(-0.428855,-2.845744,0.061349),(-0.025339,-2.223701,0.076272),(-0.957842,-2.142961,0.071942),(-0.64904,-1.562819,0.086467),(-1.676256,-1.523982,0.081739),(-1.462168,-0.985742,0.095866),(-2.584098,-0.988806,0.09074),(-0.340238,-0.982678,0.100992),(0.781692,-0.979614,0.106118),(-2.703472,-1.485144,0.07701),(-3.780011,-2.35518,0.045619),(-2.822847,-1.981483,0.063281),(-2.104433,-2.600462,0.053484),(-1.890344,-2.062222,0.067611),(0.378176,-1.601657,0.091195),(2.922208,-3.33621,-0.222921),(-2.584192,-0.988708,-0.20926),(-2.703567,-1.485046,-0.22299),(-3.780105,-2.355082,-0.254381),(-2.822941,-1.981385,-0.236719),(-2.104527,-2.600364,-0.246516),(-1.890439,-2.062124,-0.232389),(-0.025433,-2.223602,-0.223728),(0.378082,-1.601559,-0.208805),(2.432515,-1.679234,-0.199348),(3.025457,-0.973388,-0.183629),(0.781597,-0.979516,-0.193882),(-1.462262,-0.985644,-0.204134),(-1.67635,-1.523884,-0.218261),(1.839572,-2.385081,-0.215067),(-0.428949,-2.845646,-0.238651),(0.731387,-3.701617,0.055328),(0.473718,-4.006912,0.048385),(0.21605,-4.312207,0.041442),(-1.004817,-3.698441,0.040167),(-1.196805,-3.982674,0.033106),(-2.483353,-3.389971,0.031949),(-2.609659,-3.65314,0.024771),(-3.22262,-3.235735,0.02784),(-3.129154,-2.983097,0.035078),(-2.357046,-3.126801,0.039128),(-0.81283,-3.414209,0.047228),(-3.316087,-3.488373,0.020603),(-4.265017,-4.292033,-0.012748),(-3.409553,-3.741011,0.013366),(-3.503019,-3.99365,0.006129),(-2.862273,-4.179479,0.010415),(-1.964755,-5.119604,0.004864),(0.335506,-5.947174,0.022475),(-0.299287,-4.922798,0.027556),(-1.58078,-4.551139,0.018985),(-2.735966,-3.91631,0.017593),(-0.041619,-4.617503,0.034499),(-1.388792,-4.266906,0.026046),(0.335412,-5.947076,-0.277525),(-3.129248,-2.982999,-0.264922),(-3.222715,-3.235637,-0.272159),(-3.316181,-3.488275,-0.279397),(-2.483447,-3.389873,-0.268051),(-2.609754,-3.653042,-0.275229),(-1.004912,-3.698343,-0.259833),(-1.196899,-3.982576,-0.266894),(0.473624,-4.006814,-0.251615),(0.731292,-3.701519,-0.244672),(-0.812924,-3.414111,-0.252772),(-2.35714,-3.126703,-0.260872),(0.215955,-4.312109,-0.258558),(-0.299382,-4.9227,-0.272444),(-1.964849,-5.119506,-0.295136),(-1.580874,-4.551041,-0.281015),(-2.862367,-4.179381,-0.289585),(-4.265111,-4.291935,-0.312748),(-3.503113,-3.993551,-0.293871),(-1.269817,-6.051177,0.001558),(-1.497413,-6.31007,-0.004498),(-1.725009,-6.568964,-0.010554),(-2.527464,-5.862628,-0.014523),(-2.715034,-6.110302,-0.020986),(-3.557516,-5.415185,-0.024549),(-3.705059,-5.651641,-0.031418),(-5.125152,-6.093925,-0.070953),(-3.409973,-5.178729,-0.01768),(-2.339895,-5.614953,-0.008061),(-3.465313,-7.101001,-0.046835),(-4.000146,-6.124552,-0.045156),(-3.852603,-5.888096,-0.038287),(-2.902604,-6.357977,-0.027448),(-1.952605,-6.827858,-0.016609),(-1.805473,-8.108077,-0.022718),(-2.180201,-7.086752,-0.022665),(-3.090173,-6.605652,-0.033911),(-1.805568,-8.107979,-0.322718),(-3.262524,-4.942176,-0.310811),(-3.410067,-5.178631,-0.31768),(-3.55761,-5.415087,-0.324549),(-2.339989,-5.614855,-0.308061),(-2.527559,-5.86253,-0.314523),(-1.269911,-6.051078,-0.298442),(-1.497507,-6.309972,-0.304498),(-1.725103,-6.568866,-0.310554),(-1.952699,-6.82776,-0.316609),(-2.180295,-7.086653,-0.322665),(-3.090268,-6.605554,-0.333911),(-3.465407,-7.100903,-0.346835),(-4.00024,-6.124454,-0.345156),(-5.125246,-6.093827,-0.370953),(-3.852697,-5.887998,-0.338287),(-3.705153,-5.651543,-0.331418),(-2.715128,-6.110204,-0.320986),(-1.042315,-5.792185,-0.292386),(-2.152419,-5.36718,-0.301599),(-2.902698,-6.357879,-0.327448),(-1.916386,-8.220021,-0.025059),(-2.684226,-7.658305,-0.036057),(-3.507523,-7.152561,-0.048225),(-4.33082,-6.646816,-0.060393),(-3.549733,-7.20412,-0.049614),(-5.183081,-6.188219,-0.074169),(-1.91648,-8.219923,-0.325059),(-5.183175,-6.188121,-0.374169),(-4.330914,-6.646718,-0.360393),(-3.507617,-7.152463,-0.348225),(-2.684321,-7.658207,-0.336057),(-3.549828,-7.204022,-0.349614),(-2.47468,-8.783511,-0.036844),(-2.981403,-7.982276,-0.043807),(-3.767272,-7.462785,-0.056663),(-4.553142,-6.943294,-0.069519),(-5.494942,-6.659388,-0.090581),(-2.474774,-8.783413,-0.336844),(-5.495037,-6.65929,-0.390581),(-4.553236,-6.943196,-0.369519),(-3.767367,-7.462687,-0.356663),(-2.981497,-7.982177,-0.343807),(-2.477612,-8.78647,-0.036906),(-3.985976,-7.722803,-0.063749),(-5.496669,-6.661841,-0.090668),(-2.477706,-8.786372,-0.336906),(-5.496763,-6.661743,-0.390668),(-3.98607,-7.722705,-0.363749),(-2.480544,-8.78943,-0.036968),(-3.988305,-7.725509,-0.063824),(-5.498395,-6.664294,-0.090755),(-2.480638,-8.789331,-0.336968),(-5.49849,-6.664196,-0.390755),(-3.988399,-7.725411,-0.363824),(-5.447163,-8.011829,-0.103828),(-5.212753,-7.739746,-0.094988),(-4.978343,-7.467662,-0.086148),(-4.513245,-8.302834,-0.080106),(-4.251357,-8.014848,-0.071984),(-3.813737,-8.865922,-0.065225),(-3.524372,-8.562034,-0.05782),(-4.775133,-8.59082,-0.088229),(-4.103102,-9.169811,-0.072631),(-4.978437,-7.467564,-0.386148),(-5.212847,-7.739647,-0.394988),(-5.447257,-8.011731,-0.403828),(-4.513339,-8.302736,-0.380106),(-4.775227,-8.590722,-0.388229),(-3.813831,-8.865824,-0.365225),(-4.103196,-9.169713,-0.372631),(-4.251452,-8.01475,-0.371984),(-3.524466,-8.561936,-0.35782)),$);
#2027= IFCTRIANGULATEDFACESET(#2026,$,$,((1,2,3),(3,2,4),(2,1,5),(5,1,6),(5,6,7),(7,6,8),(8,9,7),(7,9,10),(1,11,6),(6,11,12),(6,12,13),(13,12,14),(13,14,15),(15,14,12),(15,12,16),(16,12,11),(16,11,1),(1,3,16),(3,4,16),(16,4,17),(4,2,17),(17,2,18),(17,18,19),(19,18,5),(19,5,20),(2,5,18),(19,20,21),(21,20,22),(21,22,19),(19,22,17),(23,24,25),(25,24,26),(27,28,29),(29,28,30),(24,23,31),(31,23,32),(31,32,29),(29,32,27),(26,24,33),(33,24,34),(33,34,35),(35,34,36),(35,36,37),(37,36,38),(37,38,39),(39,38,40),(39,40,41),(41,40,42),(41,42,43),(43,42,44),(43,44,45),(45,44,29),(45,29,46),(46,29,30),(34,24,47),(47,24,31),(47,31,48),(48,31,44),(48,44,42),(31,29,44),(45,46,43),(43,46,39),(43,39,41),(39,49,37),(37,49,50),(37,50,35),(35,50,49),(35,49,33),(34,47,36),(36,47,51),(36,51,38),(38,51,40),(48,42,51),(51,42,40),(47,48,51),(30,28,46),(46,28,52),(25,26,53),(53,26,33),(46,52,39),(39,52,54),(15,16,22),(22,16,17),(25,55,23),(23,55,56),(23,56,32),(32,56,57),(32,57,58),(58,57,59),(58,59,60),(60,59,61),(60,61,62),(62,61,54),(62,54,60),(60,54,52),(60,52,58),(58,52,27),(58,27,32),(55,25,63),(63,25,53),(63,53,64),(64,53,65),(64,65,66),(66,65,67),(66,67,68),(68,67,69),(68,69,56),(56,69,57),(67,65,70),(70,65,54),(70,54,61),(52,28,27),(69,67,70),(56,55,68),(68,55,64),(68,64,66),(63,64,55),(61,59,70),(70,59,69),(59,57,69),(54,65,39),(39,65,49),(53,71,65),(65,71,72),(65,72,73),(73,72,74),(73,74,75),(75,74,72),(75,72,53),(53,72,71),(65,73,49),(49,73,76),(49,77,33),(33,77,78),(33,78,79),(79,78,80),(79,80,81),(81,80,77),(81,77,76),(76,77,49),(76,79,81),(80,78,77),(53,33,75),(75,33,79),(82,73,83),(83,73,75),(83,75,84),(84,82,83),(73,82,76),(76,82,85),(86,79,87),(87,79,76),(87,76,85),(85,86,87),(75,79,84),(84,79,86),(88,82,89),(89,82,84),(89,84,90),(90,88,89),(82,88,85),(85,88,91),(92,86,93),(93,86,85),(93,85,91),(91,92,93),(84,86,90),(90,86,92),(94,88,95),(95,88,90),(95,90,96),(96,94,95),(88,94,91),(91,94,97),(98,92,99),(99,92,91),(99,91,97),(97,98,99),(90,92,96),(96,92,98),(100,94,101),(101,94,96),(101,96,102),(102,100,101),(94,100,97),(97,100,103),(104,98,105),(105,98,97),(105,97,103),(103,104,105),(96,98,102),(102,98,104),(106,100,107),(107,100,102),(107,102,108),(108,106,107),(100,106,103),(103,106,109),(110,104,111),(111,104,103),(111,103,109),(109,110,111),(102,104,108),(108,104,110),(108,112,106),(106,112,113),(106,113,114),(114,113,112),(114,112,115),(115,112,108),(115,108,116),(116,108,117),(116,117,118),(118,117,108),(116,118,115),(115,118,114),(106,114,109),(109,114,119),(109,120,110),(110,120,121),(110,121,122),(122,121,120),(122,120,123),(123,120,109),(123,109,124),(124,109,119),(124,119,123),(123,119,122),(108,110,118),(118,110,122),(118,125,114),(114,125,126),(114,126,127),(127,126,128),(128,126,125),(128,125,129),(129,125,118),(129,118,130),(130,118,131),(130,131,132),(132,131,133),(133,131,118),(130,132,129),(129,132,128),(114,127,119),(119,127,134),(119,135,122),(122,135,136),(122,136,137),(137,136,138),(138,136,135),(138,135,139),(139,135,140),(139,140,141),(141,140,119),(141,119,134),(134,139,141),(135,119,140),(118,122,133),(133,122,137),(128,142,127),(127,142,143),(127,143,144),(144,143,145),(144,145,146),(146,145,147),(146,147,148),(148,147,149),(148,149,150),(150,149,151),(150,151,152),(152,151,132),(152,132,133),(132,153,128),(128,153,154),(128,154,142),(142,154,143),(152,133,155),(155,133,156),(155,156,157),(157,156,158),(157,158,159),(159,158,148),(159,148,150),(158,146,148),(153,132,151),(151,149,153),(153,149,160),(153,160,154),(154,160,143),(143,160,145),(145,160,147),(160,149,147),(155,157,159),(155,159,150),(155,150,152),(127,144,134),(134,144,161),(138,162,137),(137,162,163),(137,163,164),(164,163,165),(164,165,166),(166,165,167),(166,167,168),(168,167,169),(168,169,170),(170,169,171),(170,171,134),(134,171,139),(139,171,172),(139,172,173),(173,172,174),(173,174,163),(163,174,165),(162,138,173),(173,138,139),(134,161,170),(170,161,175),(170,175,168),(168,175,176),(168,176,166),(161,176,175),(173,163,162),(174,172,169),(169,172,171),(169,167,174),(174,167,165),(133,137,156),(156,137,164),(146,177,144),(144,177,178),(144,178,179),(179,178,180),(179,180,181),(181,180,182),(182,183,181),(183,182,184),(184,182,185),(184,185,156),(156,185,158),(158,185,186),(158,186,187),(187,186,180),(187,180,178),(177,146,187),(187,146,158),(184,156,188),(188,156,189),(188,189,190),(190,189,191),(190,191,192),(192,191,189),(192,189,193),(194,195,193),(193,195,196),(193,196,192),(192,196,197),(192,197,190),(190,197,188),(144,179,194),(194,179,198),(194,198,195),(195,198,199),(195,199,196),(196,199,197),(187,178,177),(183,184,188),(180,186,182),(182,186,185),(181,183,199),(199,183,197),(198,179,181),(199,198,181),(197,183,188),(144,194,161),(161,194,200),(166,201,164),(164,201,202),(164,202,203),(203,202,204),(203,204,205),(205,204,207),(207,204,206),(207,206,208),(208,206,209),(208,209,161),(161,209,176),(176,209,210),(176,210,211),(211,210,204),(211,204,202),(201,166,211),(211,166,176),(208,161,212),(212,161,200),(212,200,213),(213,200,214),(213,214,215),(215,214,216),(215,216,207),(207,216,205),(214,217,216),(216,217,218),(216,218,205),(205,218,203),(218,217,203),(203,217,164),(211,202,201),(204,210,206),(206,210,209),(212,213,215),(212,215,207),(212,207,208),(156,164,189),(189,164,217),(193,219,194),(194,219,220),(194,220,221),(221,220,222),(221,222,223),(223,222,224),(223,224,225),(225,224,189),(225,189,226),(189,227,193),(193,227,228),(193,228,219),(219,228,220),(229,230,226),(226,230,231),(226,231,225),(225,231,232),(225,232,223),(223,232,233),(223,233,221),(221,233,234),(221,234,194),(234,235,229),(229,235,236),(229,236,230),(230,236,231),(235,234,233),(227,189,224),(224,222,227),(227,222,228),(222,220,228),(233,232,235),(235,232,236),(232,231,236),(194,234,200),(200,234,237),(214,238,217),(217,238,239),(217,239,240),(240,239,241),(240,241,242),(242,241,243),(242,243,244),(244,243,200),(244,200,245),(245,200,237),(245,237,246),(246,237,247),(246,247,248),(248,247,249),(248,249,250),(250,249,251),(250,251,252),(252,251,253),(252,253,254),(254,253,242),(254,242,244),(200,255,214),(214,255,256),(214,256,238),(238,256,239),(237,249,247),(251,217,253),(253,217,240),(253,240,242),(255,200,243),(254,244,245),(243,241,255),(255,241,256),(241,239,256),(248,250,257),(257,250,252),(257,252,254),(257,254,245),(248,257,246),(246,257,245),(189,217,226),(226,217,251),(258,234,259),(259,234,229),(259,229,260),(260,229,261),(260,261,262),(262,261,263),(263,261,226),(226,261,229),(260,262,259),(259,262,258),(234,258,237),(237,258,264),(265,251,266),(266,251,249),(266,249,267),(267,249,268),(267,268,269),(269,268,264),(264,268,237),(237,268,249),(267,269,266),(266,269,265),(226,251,263),(263,251,265),(270,258,271),(271,258,262),(271,262,272),(272,262,273),(272,273,274),(274,273,263),(263,273,262),(274,270,272),(272,270,271),(258,270,264),(264,270,275),(276,265,277),(277,265,269),(277,269,278),(278,269,279),(278,279,275),(275,279,264),(264,279,269),(275,276,278),(278,276,277),(263,265,274),(274,265,276),(280,270,281),(281,270,274),(281,274,282),(282,280,281),(270,280,275),(275,280,283),(284,276,285),(285,276,275),(285,275,283),(283,284,285),(274,276,282),(282,276,284),(286,280,287),(287,280,282),(287,282,288),(288,286,287),(280,286,283),(283,286,289),(290,284,291),(291,284,283),(291,283,289),(289,290,291),(282,284,288),(288,284,290),(6,292,8),(8,292,293),(8,293,294),(294,293,295),(294,295,296),(296,295,297),(296,297,298),(298,297,286),(298,286,296),(296,286,288),(296,288,294),(294,288,9),(294,9,8),(292,6,299),(299,6,13),(299,13,300),(300,13,297),(300,297,295),(13,286,297),(292,299,293),(293,299,295),(299,300,295),(286,13,289),(289,13,20),(10,301,7),(7,301,302),(7,302,303),(303,302,304),(303,304,305),(305,304,306),(305,306,307),(307,306,20),(307,20,305),(305,20,5),(305,5,303),(303,5,7),(10,290,301),(301,290,308),(301,308,302),(302,308,304),(290,289,308),(308,289,309),(308,309,304),(304,309,306),(309,289,306),(306,289,20),(10,9,290),(290,9,288),(13,15,20),(20,15,22)),$);
#2028= IFCSHAPEREPRESENTATION(#178,'Body','Tessellation',(#2027));
#2029= IFCPRODUCTDEFINITIONSHAPE($,$,(#2028));
#2030= IFCCARTESIANPOINT((505175.462695,1707764.806786,370.916621));
#2031= IFCAXIS2PLACEMENT3D(#2030,$,$);
#2032= IFCLOCALPLACEMENT(#5,#2031);
#2033= IFCBUILTELEMENT('3SecSOJU57OubmtYtBFqiY',$,'CP\X2\0110\X0\D lo\X2\1EA1\X0\i I',$,$,#2032,#2029,'61091');
#2034= IFCSTYLEDITEM(#2027,(#1809),'CP\X2\0110\X0\D lo\X2\1EA1\X0\i I');
#2035= IFCPROPERTYSINGLEVALUE('Area',$,IFCREAL(286.002844318121),$);
#2036= IFCPROPERTYSINGLEVALUE('Bounds',$,IFCLABEL('((505168.3528284379,1707754.3983258787,370.47227966436895),(505182.572496288,1707775.2152690394,371.35689093758964))'),$);
#2037= IFCPROPERTYSET('3sbm9pXycb9KjswnLJlbzu',$,'Properties',$,(#39,#40,#41,#42,#43,#44,#47,#48,#49,#50,#51,#52,#53,#54,#55,#56,#57,#59,#60,#193,#194,#195,#196,#197,#198,#199,#2035,#2036));
#2038= IFCRELDEFINESBYPROPERTIES('3RwlhGfUSARceRedKGuL$P',$,$,$,(#2033),#2037);
#2039= IFCPROPERTYSET('2I8E8oIEMtbeiPiAnEFIg3',$,'Misc',$,(#85,#87,#88,#203));
#2040= IFCRELDEFINESBYPROPERTIES('2gp1wnKMz$3l5UAC$h0Kf5',$,$,$,(#2033),#2039);
#2041= IFCPROPERTYSET('05rDY5qbo3QDvP8HzozdIJ',$,'3D Visualization',$,(#91,#92,#93));
#2042= IFCRELDEFINESBYPROPERTIES('32WKqW196Tc1PGOfWbqsea',$,$,$,(#2033),#2041);
#2043= IFCPROPERTYSET('2iRkQ1YZ5p$3Nmcv0VmIWg',$,'General',$,(#72,#74,#75,#76,#77,#1820));
#2044= IFCRELDEFINESBYPROPERTIES('2IWKr8uZV7ta7OpIl9Gw0_',$,$,$,(#2033),#2043);
#2045= IFCPROPERTYSET('1Q73bmgbPHJwrIRsTPvY7y',$,'Geometry',$,(#82));
#2046= IFCRELDEFINESBYPROPERTIES('2b0pRzR7S_o0U9e4v2ymz6',$,$,$,(#2033),#2045);
#2047= IFCPROPERTYSET('3YLqOL6uJI68Wdx$scRl$N',$,'Corridor Identity',$,(#221,#224,#453,#456,#457,#458,#461,#505,#506,#507,#508,#509));
#2048= IFCRELDEFINESBYPROPERTIES('3bbcOCuzioAVEYSrNtqSrT',$,$,$,(#2033),#2047);
#2049= IFCPROPERTYSET('2Zdor38JDZrzmJLU4ZWuTi',$,'Corridor Model Information',$,(#465,#512,#513,#514,#515));
#2050= IFCRELDEFINESBYPROPERTIES('2Bs25kQmY2Bqfeq0IOuOLx',$,$,$,(#2033),#2049);
#2051= IFCPROPERTYSINGLEVALUE('Volume',$,IFCVOLUMEMEASURE(40.3892422865902),$);
#2052= IFCPROPERTYSET('1ir1KU$zc3F3Genp0$WY2b',$,'Corridor Shape Information',$,(#235,#472,#473,#518,#1829,#2051));
#2053= IFCRELDEFINESBYPROPERTIES('3eppHuCSouQXluVwdnnMf7',$,$,$,(#2033),#2052);
#2054= IFCPROPERTYSINGLEVALUE('Kh\X2\1ED1\X0\i l\X2\01B0\X0\\X2\1EE3\X0\ng (m3)',$,IFCREAL(40.3892422859046),$);
#2055= IFCPROPERTYSET('1VVqCf64kGGfUzrY_tdrr9',$,'Thong_tin_BIM',$,(#252,#479,#523,#524,#1833,#1834,#1835,#1837,#1838,#1839,#1840,#2054));
#2056= IFCRELDEFINESBYPROPERTIES('1I4O5Xs6xntIbRANB4deCy',$,$,$,(#2033),#2055);
#2057= IFCCARTESIANPOINTLIST3D(((-0.628336,1.852113,0.19877),(1.857967,-0.611233,0.127184),(-0.62843,1.852211,-0.10123),(1.857873,-0.611135,-0.172816),(-1.857873,0.611135,0.172816),(-1.857967,0.611233,-0.127184),(0.62843,-1.852211,0.10123),(0.628336,-1.852113,-0.19877)),$);
#2058= IFCTRIANGULATEDFACESET(#2057,$,$,((1,2,3),(3,2,4),(5,6,7),(7,6,8),(1,5,2),(2,5,7),(2,7,4),(4,7,8),(3,4,6),(6,4,8),(1,3,5),(5,3,6)),$);
#2059= IFCSHAPEREPRESENTATION(#178,'Body','Tessellation',(#2058));
#2060= IFCPRODUCTDEFINITIONSHAPE($,$,(#2059));
#2061= IFCCARTESIANPOINT((505173.236083,1707753.787356,370.672981));
#2062= IFCAXIS2PLACEMENT3D(#2061,$,$);
#2063= IFCLOCALPLACEMENT(#5,#2062);
#2064= IFCBUILTELEMENT('1aQ$7ccEXAx8DupfF4371w',$,'CP\X2\0110\X0\D lo\X2\1EA1\X0\i I',$,$,#2063,#2060,'610A1');
#2065= IFCSTYLEDITEM(#2058,(#1809),'CP\X2\0110\X0\D lo\X2\1EA1\X0\i I');
#2066= IFCPROPERTYSINGLEVALUE('Area',$,IFCREAL(15.3805155379356),$);
#2067= IFCPROPERTYSINGLEVALUE('Bounds',$,IFCLABEL('((505171.37809416215,1707751.9351132377,370.47382403291346),(505175.09407266113,1707755.6395985514,370.87213697034855))'),$);
#2068= IFCPROPERTYSET('0XiRIFbzc35FgqW4oR07XQ',$,'Properties',$,(#39,#40,#41,#42,#43,#44,#45,#46,#47,#48,#49,#50,#51,#52,#53,#54,#55,#56,#57,#59,#60,#193,#197,#299,#300,#301,#2066,#2067));
#2069= IFCRELDEFINESBYPROPERTIES('3PCtltrQHgUUo52wBA61s9',$,$,$,(#2064),#2068);
#2070= IFCPROPERTYSET('1tjt_wdYrBUtaNrjj$kzZq',$,'Misc',$,(#85,#87,#88,#203));
#2071= IFCRELDEFINESBYPROPERTIES('0dk3YVeefyRyJYhLZ1fkA4',$,$,$,(#2064),#2070);
#2072= IFCPROPERTYSET('2TGGVasI7ZCb1_d6K2o2B0',$,'3D Visualization',$,(#91,#92,#93));
#2073= IFCRELDEFINESBYPROPERTIES('0E1g$Jruf$fmcXbT4c6FFD',$,$,$,(#2064),#2072);
#2074= IFCPROPERTYSET('2sToe5uMwzM_KP2ht1MKRZ',$,'General',$,(#72,#74,#75,#76,#77,#1820));
#2075= IFCRELDEFINESBYPROPERTIES('2doPG$AAezC_eHyJYodiEH',$,$,$,(#2064),#2074);
#2076= IFCPROPERTYSET('3Jj7rRN3y7gZQWekvVqAGz',$,'Geometry',$,(#82));
#2077= IFCRELDEFINESBYPROPERTIES('0clLwiDbyGdXcHVWCrl0YO',$,$,$,(#2064),#2076);
#2078= IFCPROPERTYSET('1ykz4ENj$l7d2UhKkvry8k',$,'Corridor Identity',$,(#218,#221,#224,#453,#548,#549,#550,#551,#552,#553,#554,#555));
#2079= IFCRELDEFINESBYPROPERTIES('2SxRJ15Zz4LYVJpSSP6KcK',$,$,$,(#2064),#2078);
#2080= IFCPROPERTYSET('0ypsajt_22n7sfRuBQXMWk',$,'Corridor Model Information',$,(#465,#558,#559,#560,#561));
#2081= IFCRELDEFINESBYPROPERTIES('1vS90MSWTBNME4RQkfwYTN',$,$,$,(#2064),#2080);
#2082= IFCPROPERTYSINGLEVALUE('Volume',$,IFCVOLUMEMEASURE(1.83428408016804),$);
#2083= IFCPROPERTYSET('2EsTpfO$kcqVpAYexXw6kS',$,'Corridor Shape Information',$,(#235,#564,#565,#566,#1829,#2082));
#2084= IFCRELDEFINESBYPROPERTIES('19Ar2rcMEI_vYcaKfSgYdi',$,$,$,(#2064),#2083);
#2085= IFCPROPERTYSINGLEVALUE('Kh\X2\1ED1\X0\i l\X2\01B0\X0\\X2\1EE3\X0\ng (m3)',$,IFCREAL(1.83428408027368),$);
#2086= IFCPROPERTYSET('2AWsFiL7Jn8iLx074Y9Dnj',$,'Thong_tin_BIM',$,(#252,#571,#572,#573,#1833,#1834,#1835,#1837,#1838,#1839,#1840,#2085));
#2087= IFCRELDEFINESBYPROPERTIES('2gGEQbuFSIzcVOFtZIbM4u',$,$,$,(#2064),#2086);
#2088= IFCCARTESIANPOINTLIST3D(((2.276018,4.783493,0.260077),(4.762321,2.320147,0.18849),(2.275923,4.783591,-0.039923),(4.762226,2.320245,-0.111509),(-4.762226,-2.320245,0.111509),(-4.762321,-2.320147,-0.18849),(-2.275923,-4.783591,0.039923),(-2.276018,-4.783493,-0.260077),(2.209045,4.715897,0.258663),(4.695348,2.252551,0.187077),(4.695253,2.252649,-0.112923),(2.20895,4.715995,-0.041337),(1.303734,3.802162,0.239553),(3.790037,1.338816,0.167967),(3.789943,1.338914,-0.132033),(1.30364,3.80226,-0.060447),(0.801396,3.295149,0.22895),(3.287699,0.831803,0.157363),(3.287605,0.831901,-0.142637),(0.801302,3.295247,-0.07105),(-0.606253,1.874402,0.199236),(1.88005,-0.588944,0.12765),(1.879956,-0.588846,-0.17235),(-0.606347,1.8745,-0.100764),(-2.013902,0.453654,0.169523),(0.472401,-2.009692,0.097936),(0.472307,-2.009594,-0.202064),(-2.013996,0.453752,-0.130477),(-3.42155,-0.967094,0.139809),(-0.935247,-3.430439,0.068223),(-0.935342,-3.430341,-0.231777),(-3.421645,-0.966995,-0.160191),(-3.532689,-1.079267,0.137463),(-1.046386,-3.542612,0.065877),(-1.046481,-3.542514,-0.234123),(-3.532784,-1.079169,-0.162537),(-3.534801,-1.081398,0.137419),(-1.048498,-3.544744,0.065832),(-1.048592,-3.544646,-0.234168),(-3.534895,-1.0813,-0.162581)),$);
#2089= IFCTRIANGULATEDFACESET(#2088,$,$,((1,2,3),(3,2,4),(5,6,7),(7,6,8),(1,9,2),(2,9,10),(2,10,4),(4,10,11),(3,4,12),(12,4,11),(1,3,9),(9,3,12),(9,13,10),(10,13,14),(10,14,11),(11,14,15),(12,11,16),(16,11,15),(9,12,13),(13,12,16),(13,17,14),(14,17,18),(14,18,15),(15,18,19),(16,15,20),(20,15,19),(13,16,17),(17,16,20),(17,21,18),(18,21,22),(18,22,19),(19,22,23),(20,19,24),(24,19,23),(17,20,21),(21,20,24),(21,25,22),(22,25,26),(22,26,23),(23,26,27),(24,23,28),(28,23,27),(21,24,25),(25,24,28),(25,29,26),(26,29,30),(26,30,27),(27,30,31),(28,27,32),(32,27,31),(25,28,29),(29,28,32),(29,33,30),(30,33,34),(30,34,31),(31,34,35),(32,31,36),(36,31,35),(29,32,33),(33,32,36),(33,37,34),(34,37,38),(34,38,35),(35,38,39),(36,35,40),(40,35,39),(33,36,37),(37,36,40),(37,5,38),(38,5,7),(38,7,39),(39,7,8),(40,39,6),(6,39,8),(37,40,5),(5,40,6)),$);
#2090= IFCSHAPEREPRESENTATION(#178,'Body','Tessellation',(#2089));
#2091= IFCPRODUCTDEFINITIONSHAPE($,$,(#2090));
#2092= IFCCARTESIANPOINT((505169.102193,1707749.614998,370.58572));
#2093= IFCAXIS2PLACEMENT3D(#2092,$,$);
#2094= IFCLOCALPLACEMENT(#5,#2093);
#2095= IFCBUILTELEMENT('31mRjRAx96EeWJ_pwzlTkB',$,'CP\X2\0110\X0\D lo\X2\1EA1\X0\i I',$,$,#2094,#2091,'610AA');
#2096= IFCSTYLEDITEM(#2089,(#1809),'CP\X2\0110\X0\D lo\X2\1EA1\X0\i I');
#2097= IFCPROPERTYSINGLEVALUE('Area',$,IFCREAL(78.1217104107632),$);
#2098= IFCPROPERTYSINGLEVALUE('Bounds',$,IFCLABEL('((505164.3398503575,1707744.83133535,370.3234314409854),(505173.8645356552,1707754.3986602044,370.8480082550945))'),$);
#2099= IFCPROPERTYSET('2NMvGv1VNH3fiGFiPvneiW',$,'Properties',$,(#39,#40,#41,#42,#43,#44,#45,#46,#47,#48,#49,#50,#51,#52,#53,#54,#55,#56,#57,#59,#60,#193,#197,#299,#300,#301,#2097,#2098));
#2100= IFCRELDEFINESBYPROPERTIES('2x8pI5izScwxZre8PG8jcF',$,$,$,(#2095),#2099);
#2101= IFCPROPERTYSET('1jKJo9dkJEOEfdyAmqYepJ',$,'Misc',$,(#85,#87,#88,#203));
#2102= IFCRELDEFINESBYPROPERTIES('15XWM8AcwXUTKyTjhB9akR',$,$,$,(#2095),#2101);
#2103= IFCPROPERTYSET('1bJ7_oV1OYmThAntsd7ucw',$,'3D Visualization',$,(#91,#92,#93));
#2104= IFCRELDEFINESBYPROPERTIES('2ZNzltJIC$unQu38cnKuwG',$,$,$,(#2095),#2103);
#2105= IFCPROPERTYSET('3XVTLprVaWseWi3y3UVLGf',$,'General',$,(#72,#74,#75,#76,#77,#1820));
#2106= IFCRELDEFINESBYPROPERTIES('2YVnEygKOyYFNUJqrnm6KJ',$,$,$,(#2095),#2105);
#2107= IFCPROPERTYSET('3$_25$jwUACAfLKRLflEeq',$,'Geometry',$,(#82));
#2108= IFCRELDEFINESBYPROPERTIES('3zRjDloReooGO5dTuUSm4B',$,$,$,(#2095),#2107);
#2109= IFCPROPERTYSET('08W8Mbxxl8r$Jw6QYHSEBr',$,'Corridor Identity',$,(#218,#221,#224,#453,#548,#549,#552,#597,#598,#599,#600,#601));
#2110= IFCRELDEFINESBYPROPERTIES('1imVP1SPEvcD3dIRckg9W_',$,$,$,(#2095),#2109);
#2111= IFCPROPERTYSET('2XMxbmeCctWoOwNyAsDBNV',$,'Corridor Model Information',$,(#465,#558,#559,#560,#604));
#2112= IFCRELDEFINESBYPROPERTIES('0FVG6O5Iho8RK2$f_CgjiA',$,$,$,(#2095),#2111);
#2113= IFCPROPERTYSINGLEVALUE('Volume',$,IFCVOLUMEMEASURE(10.500000000455),$);
#2114= IFCPROPERTYSET('02NwL_AccCOW$MVWbo1Kmo',$,'Corridor Shape Information',$,(#235,#607,#608,#609,#1829,#2113));
#2115= IFCRELDEFINESBYPROPERTIES('0mrhDYI2awpDwL2IN9GVj5',$,$,$,(#2095),#2114);
#2116= IFCPROPERTYSINGLEVALUE('Kh\X2\1ED1\X0\i l\X2\01B0\X0\\X2\1EE3\X0\ng (m3)',$,IFCREAL(10.5000000001407),$);
#2117= IFCPROPERTYSET('0hze5syeWbPoNJQUqt0WMz',$,'Thong_tin_BIM',$,(#252,#614,#615,#616,#1833,#1834,#1835,#1837,#1838,#1839,#1840,#2116));
#2118= IFCRELDEFINESBYPROPERTIES('3fIBpZem48xryBeVIf79pc',$,$,$,(#2095),#2117);
#2119= IFCCARTESIANPOINTLIST3D(((4.762343,2.320124,0.25849),(4.762248,2.320222,-0.04151),(2.275996,4.783516,0.190077),(2.275901,4.783614,-0.109923),(-2.275901,-4.783614,0.109923),(-4.762248,-2.320222,0.04151),(-2.275996,-4.783516,-0.190077),(-4.762343,-2.320124,-0.25849),(4.69537,2.252528,0.257077),(2.209023,4.71592,0.188663),(2.208928,4.716018,-0.111337),(4.695275,2.252626,-0.042923),(3.790059,1.338793,0.237967),(1.303712,3.802184,0.169553),(1.303618,3.802283,-0.130447),(3.789965,1.338891,-0.062033),(3.287721,0.83178,0.227363),(0.801374,3.295172,0.15895),(0.80128,3.29527,-0.14105),(3.287627,0.831878,-0.072637),(1.880072,-0.588967,0.19765),(-0.606275,1.874424,0.129236),(-0.606369,1.874523,-0.170764),(1.879978,-0.588869,-0.10235),(0.472423,-2.009715,0.167936),(-2.013924,0.453677,0.099523),(-2.014018,0.453775,-0.200477),(0.472329,-2.009617,-0.132064),(-0.935225,-3.430462,0.138223),(-3.421572,-0.967071,0.069809),(-3.421667,-0.966973,-0.230191),(-0.93532,-3.430364,-0.161777),(-1.046364,-3.542635,0.135877),(-3.532711,-1.079244,0.067463),(-3.532806,-1.079146,-0.232537),(-1.046459,-3.542537,-0.164123),(-1.048476,-3.544766,0.135832),(-3.534823,-1.081375,0.067419),(-3.534917,-1.081277,-0.232581),(-1.04857,-3.544668,-0.164168)),$);
#2120= IFCTRIANGULATEDFACESET(#2119,$,$,((1,2,3),(3,2,4),(5,6,7),(7,6,8),(1,3,9),(9,3,10),(3,4,10),(10,4,11),(2,12,4),(4,12,11),(1,9,2),(2,9,12),(9,10,13),(13,10,14),(10,11,14),(14,11,15),(12,16,11),(11,16,15),(9,13,12),(12,13,16),(13,14,17),(17,14,18),(14,15,18),(18,15,19),(16,20,15),(15,20,19),(13,17,16),(16,17,20),(17,18,21),(21,18,22),(18,19,22),(22,19,23),(20,24,19),(19,24,23),(17,21,20),(20,21,24),(21,22,25),(25,22,26),(22,23,26),(26,23,27),(24,28,23),(23,28,27),(21,25,24),(24,25,28),(25,26,29),(29,26,30),(26,27,30),(30,27,31),(28,32,27),(27,32,31),(25,29,28),(28,29,32),(29,30,33),(33,30,34),(30,31,34),(34,31,35),(32,36,31),(31,36,35),(29,33,32),(32,33,36),(33,34,37),(37,34,38),(34,35,38),(38,35,39),(36,40,35),(35,40,39),(33,37,36),(36,37,40),(37,38,5),(5,38,6),(38,39,6),(6,39,8),(40,7,39),(39,7,8),(37,5,40),(40,5,7)),$);
#2121= IFCSHAPEREPRESENTATION(#178,'Body','Tessellation',(#2120));
#2122= IFCPRODUCTDEFINITIONSHAPE($,$,(#2121));
#2123= IFCCARTESIANPOINT((505166.615868,1707752.078367,370.587306));
#2124= IFCAXIS2PLACEMENT3D(#2123,$,$);
#2125= IFCLOCALPLACEMENT(#5,#2124);
#2126= IFCBUILTELEMENT('3sZ_AAo8TBDxaaydIKcLip',$,'CP\X2\0110\X0\D lo\X2\1EA1\X0\i I',$,$,#2125,#2122,'610B3');
#2127= IFCSTYLEDITEM(#2120,(#1809),'CP\X2\0110\X0\D lo\X2\1EA1\X0\i I');
#2128= IFCPROPERTYSINGLEVALUE('Area',$,IFCREAL(78.121710410961),$);
#2129= IFCPROPERTYSINGLEVALUE('Bounds',$,IFCLABEL('((505161.8535253722,1707747.2947040906,370.325017966959),(505171.3782106699,1707756.8620289448,370.8495947810682))'),$);
#2130= IFCPROPERTYSET('3gCkR$L2Tu23T9QpZUFysR',$,'Properties',$,(#39,#40,#41,#42,#43,#44,#45,#46,#47,#48,#49,#50,#51,#52,#53,#54,#55,#56,#57,#59,#60,#193,#197,#299,#300,#301,#2128,#2129));
#2131= IFCRELDEFINESBYPROPERTIES('1czPutWjFpHUe1AJonomME',$,$,$,(#2126),#2130);
#2132= IFCPROPERTYSET('0wpgIPs$KVQg5TpNDNoDDG',$,'Misc',$,(#85,#87,#88,#203));
#2133= IFCRELDEFINESBYPROPERTIES('3DuitGWhYcVMvKslLjtPB2',$,$,$,(#2126),#2132);
#2134= IFCPROPERTYSET('3_AKxWXT6NZ_AQZqeKnWNp',$,'3D Visualization',$,(#91,#92,#93));
#2135= IFCRELDEFINESBYPROPERTIES('0AXOQReVcbWBP5g2iZnEHv',$,$,$,(#2126),#2134);
#2136= IFCPROPERTYSET('23IDIP1sVoD7WVApqAaI9r',$,'General',$,(#72,#74,#75,#76,#77,#1820));
#2137= IFCRELDEFINESBYPROPERTIES('0mpTdWTzDryEJd4PeOV6k0',$,$,$,(#2126),#2136);
#2138= IFCPROPERTYSET('37pM1ykVFzhuuUkU6Xb3OA',$,'Geometry',$,(#82));
#2139= IFCRELDEFINESBYPROPERTIES('3RCT_LX9Oytx8_0yB$KVqh',$,$,$,(#2126),#2138);
#2140= IFCPROPERTYSET('0Psy_oUyasmPytq8aThBJd',$,'Corridor Identity',$,(#218,#221,#224,#453,#548,#549,#552,#597,#599,#600,#601,#640));
#2141= IFCRELDEFINESBYPROPERTIES('0twhUCOeLneoLEAzCtzvbx',$,$,$,(#2126),#2140);
#2142= IFCPROPERTYSET('29tadbUQ$npq6koEKQWmXZ',$,'Corridor Model Information',$,(#465,#558,#559,#560,#604));
#2143= IFCRELDEFINESBYPROPERTIES('0O_mixiSz4T4QkHTrTWE8D',$,$,$,(#2126),#2142);
#2144= IFCPROPERTYSINGLEVALUE('Volume',$,IFCVOLUMEMEASURE(10.5000000004895),$);
#2145= IFCPROPERTYSET('1vm_fQ3xlpA1MtJTOxLxPX',$,'Corridor Shape Information',$,(#282,#607,#608,#609,#1829,#2144));
#2146= IFCRELDEFINESBYPROPERTIES('0MH6SNwcuIwuczF8mwXmyS',$,$,$,(#2126),#2145);
#2147= IFCPROPERTYSINGLEVALUE('Kh\X2\1ED1\X0\i l\X2\01B0\X0\\X2\1EE3\X0\ng (m3)',$,IFCREAL(10.500000000145),$);
#2148= IFCPROPERTYSET('1OhPmVzp1I5iJZ$6muT6j8',$,'Thong_tin_BIM',$,(#252,#614,#615,#616,#1833,#1834,#1835,#1837,#1838,#1839,#1840,#2147));
#2149= IFCRELDEFINESBYPROPERTIES('0609FJxEeWksy0gIQ7A9Zk',$,$,$,(#2126),#2148);
#2150= IFCCARTESIANPOINTLIST3D(((-5.412817,1.396478,0.29431),(-2.130425,5.168208,0.194512),(-5.412911,1.396576,-0.00569),(-2.130519,5.168306,-0.105488),(2.130519,-5.168306,0.105488),(2.130425,-5.168208,-0.194512),(5.412911,-1.396576,0.00569),(5.412817,-1.396478,-0.29431),(-4.926271,0.973049,0.282131),(-1.643879,4.744779,0.182333),(-1.643974,4.744877,-0.117667),(-4.926365,0.973147,-0.017869),(-3.590788,-0.18919,0.248702),(-0.308397,3.58254,0.148904),(-0.308491,3.582638,-0.151096),(-3.590882,-0.189092,-0.051298),(-3.417603,-0.339908,0.244367),(-0.135212,3.431822,0.144568),(-0.135306,3.43192,-0.155432),(-3.417698,-0.33981,-0.055633),(-1.908936,-1.652865,0.206602),(1.373455,2.118865,0.106804),(1.373361,2.118963,-0.193196),(-1.909031,-1.652767,-0.093398),(-0.855601,-2.569557,0.180236),(2.42679,1.202173,0.080437),(2.426696,1.202271,-0.219563),(-0.855695,-2.569459,-0.119764),(-0.400269,-2.965822,0.168838),(2.882122,0.805908,0.06904),(2.882028,0.806006,-0.23096),(-0.400363,-2.965724,-0.131162),(1.108398,-4.278779,0.131073),(4.39079,-0.507049,0.031275),(4.390695,-0.506951,-0.268725),(1.108304,-4.278681,-0.168927)),$);
#2151= IFCTRIANGULATEDFACESET(#2150,$,$,((1,2,3),(3,2,4),(5,6,7),(7,6,8),(1,9,2),(2,9,10),(2,10,4),(4,10,11),(3,4,12),(12,4,11),(1,3,9),(9,3,12),(9,13,10),(10,13,14),(10,14,11),(11,14,15),(12,11,16),(16,11,15),(9,12,13),(13,12,16),(13,17,14),(14,17,18),(14,18,15),(15,18,19),(16,15,20),(20,15,19),(13,16,17),(17,16,20),(17,21,18),(18,21,22),(18,22,19),(19,22,23),(20,19,24),(24,19,23),(17,20,21),(21,20,24),(21,25,22),(22,25,26),(22,26,23),(23,26,27),(24,23,28),(28,23,27),(21,24,25),(25,24,28),(25,29,26),(26,29,30),(26,30,27),(27,30,31),(28,27,32),(32,27,31),(25,28,29),(29,28,32),(29,33,30),(30,33,34),(30,34,31),(31,34,35),(32,31,36),(36,31,35),(29,32,33),(33,32,36),(33,5,34),(34,5,7),(34,7,35),(35,7,8),(36,35,6),(6,35,8),(33,36,5),(5,36,6)),$);
#2152= IFCSHAPEREPRESENTATION(#178,'Body','Tessellation',(#2151));
#2153= IFCPRODUCTDEFINITIONSHAPE($,$,(#2152));
#2154= IFCCARTESIANPOINT((505169.505007,1707780.383289,371.250372));
#2155= IFCAXIS2PLACEMENT3D(#2154,$,$);
#2156= IFCLOCALPLACEMENT(#5,#2155);
#2157= IFCBUILTELEMENT('2BpcDb3av278$8nZz9A6yQ',$,'CP\X2\0110\X0\D lo\X2\1EA1\X0\i I',$,$,#2156,#2153,'610BC');
#2158= IFCSTYLEDITEM(#2151,(#1809),'CP\X2\0110\X0\D lo\X2\1EA1\X0\i I');
#2159= IFCPROPERTYSINGLEVALUE('Area',$,IFCREAL(109.036977508811),$);
#2160= IFCPROPERTYSINGLEVALUE('Bounds',$,IFCLABEL('((505164.09200665634,1707775.214922328,370.9548282925162),(505174.91800764634,1707785.551656267,371.54591487827344))'),$);
#2161= IFCPROPERTYSET('30w4F_aimyePZkS2wM6zIU',$,'Properties',$,(#39,#40,#41,#42,#43,#44,#45,#46,#47,#48,#49,#50,#51,#52,#53,#54,#55,#56,#57,#59,#60,#193,#197,#299,#300,#301,#2159,#2160));
#2162= IFCRELDEFINESBYPROPERTIES('1nDeXnhL7b3kWjPxk8XaBJ',$,$,$,(#2157),#2161);
#2163= IFCPROPERTYSET('1nSHZKW$jGb9_PhHx8dy7Q',$,'Misc',$,(#85,#87,#88,#203));
#2164= IFCRELDEFINESBYPROPERTIES('2zHPZrC56$kN2o4wWMAkks',$,$,$,(#2157),#2163);
#2165= IFCPROPERTYSET('12Ejj2fvlUb721m5sP2ByD',$,'3D Visualization',$,(#91,#92,#93));
#2166= IFCRELDEFINESBYPROPERTIES('11IWyiD_xv348sJSPbDwif',$,$,$,(#2157),#2165);
#2167= IFCPROPERTYSET('3bOcAE4agoctkGO0yvsnTy',$,'General',$,(#72,#74,#75,#76,#77,#1820));
#2168= IFCRELDEFINESBYPROPERTIES('1NV6RTauNkVwy3koGIgydh',$,$,$,(#2157),#2167);
#2169= IFCPROPERTYSET('3i8uvTYLibbdHonrXIDG9d',$,'Geometry',$,(#82));
#2170= IFCRELDEFINESBYPROPERTIES('2iEvsCO9Em28zNmnXAC06w',$,$,$,(#2157),#2169);
#2171= IFCPROPERTYSET('2hxI7C5X$cj29WcsECLjtE',$,'Corridor Identity',$,(#214,#215,#216,#217,#218,#221,#224,#453,#672,#673,#674,#675));
#2172= IFCRELDEFINESBYPROPERTIES('2XNBumsj2Z6b19ps$UwGEq',$,$,$,(#2157),#2171);
#2173= IFCPROPERTYSET('3xlWOEzlXW6Uin5tp0LsIq',$,'Corridor Model Information',$,(#229,#230,#465,#678,#679));
#2174= IFCRELDEFINESBYPROPERTIES('2rFUH_4Q54FTkDlph4I9q9',$,$,$,(#2157),#2173);
#2175= IFCPROPERTYSINGLEVALUE('Volume',$,IFCVOLUMEMEASURE(15.000000000321),$);
#2176= IFCPROPERTYSET('2nYwXACPaMkLcn0ZJpC$$r',$,'Corridor Shape Information',$,(#235,#236,#682,#683,#1829,#2175));
#2177= IFCRELDEFINESBYPROPERTIES('0at9doJj7_KBNQ38a1PbZK',$,$,$,(#2157),#2176);
#2178= IFCPROPERTYSINGLEVALUE('Kh\X2\1ED1\X0\i l\X2\01B0\X0\\X2\1EE3\X0\ng (m3)',$,IFCREAL(15.0000000006989),$);
#2179= IFCPROPERTYSET('3B$02hYqR6gkuz_A4HSFvY',$,'Thong_tin_BIM',$,(#252,#616,#688,#689,#1833,#1834,#1835,#1837,#1838,#1839,#1840,#2178));
#2180= IFCRELDEFINESBYPROPERTIES('3I1S0eAlnLoLQdcUDtW4k5',$,$,$,(#2157),#2179);
#2181= IFCCARTESIANPOINTLIST3D(((-2.130394,5.168176,0.294512),(-2.130488,5.168274,-0.005488),(-5.412848,1.396511,0.19431),(-5.412942,1.396609,-0.10569),(5.412942,-1.396609,0.10569),(2.130488,-5.168274,0.005488),(5.412848,-1.396511,-0.19431),(2.130394,-5.168176,-0.294512),(-1.643848,4.744746,0.282333),(-4.926302,0.973082,0.182131),(-4.926396,0.97318,-0.117869),(-1.643942,4.744844,-0.017667),(-0.308365,3.582508,0.248904),(-3.590819,-0.189157,0.148702),(-3.590914,-0.189059,-0.151298),(-0.308459,3.582606,-0.051096),(-0.135181,3.431789,0.244568),(-3.417635,-0.339875,0.144367),(-3.417729,-0.339777,-0.155633),(-0.135275,3.431887,-0.055432),(1.373487,2.118832,0.206804),(-1.908968,-1.652832,0.106602),(-1.909062,-1.652734,-0.193398),(1.373392,2.118931,-0.093196),(2.426822,1.20214,0.180437),(-0.855633,-2.569524,0.080236),(-0.855727,-2.569426,-0.219764),(2.426727,1.202238,-0.119563),(2.882154,0.805876,0.16904),(-0.400301,-2.965789,0.068838),(-0.400395,-2.965691,-0.231162),(2.882059,0.805974,-0.13096),(4.390821,-0.507081,0.131275),(1.108367,-4.278746,0.031073),(1.108272,-4.278648,-0.268927),(4.390727,-0.506983,-0.168725)),$);
#2182= IFCTRIANGULATEDFACESET(#2181,$,$,((1,2,3),(3,2,4),(5,6,7),(7,6,8),(1,3,9),(9,3,10),(3,4,10),(10,4,11),(2,12,4),(4,12,11),(1,9,2),(2,9,12),(9,10,13),(13,10,14),(10,11,14),(14,11,15),(12,16,11),(11,16,15),(9,13,12),(12,13,16),(13,14,17),(17,14,18),(14,15,18),(18,15,19),(16,20,15),(15,20,19),(13,17,16),(16,17,20),(17,18,21),(21,18,22),(18,19,22),(22,19,23),(20,24,19),(19,24,23),(17,21,20),(20,21,24),(21,22,25),(25,22,26),(22,23,26),(26,23,27),(24,28,23),(23,28,27),(21,25,24),(24,25,28),(25,26,29),(29,26,30),(26,27,30),(30,27,31),(28,32,27),(27,32,31),(25,29,28),(28,29,32),(29,30,33),(33,30,34),(30,31,34),(34,31,35),(32,36,31),(31,36,35),(29,33,32),(32,33,36),(33,34,5),(5,34,6),(34,35,6),(6,35,8),(36,7,35),(35,7,8),(33,5,36),(36,5,7)),$);
#2183= IFCSHAPEREPRESENTATION(#178,'Body','Tessellation',(#2182));
#2184= IFCPRODUCTDEFINITIONSHAPE($,$,(#2183));
#2185= IFCCARTESIANPOINT((505166.222584,1707776.611592,371.25017));
#2186= IFCAXIS2PLACEMENT3D(#2185,$,$);
#2187= IFCLOCALPLACEMENT(#5,#2186);
#2188= IFCBUILTELEMENT('1wb2oqFJz169FO_kTHo4vx',$,'CP\X2\0110\X0\D lo\X2\1EA1\X0\i I',$,$,#2187,#2184,'610C5');
#2189= IFCSTYLEDITEM(#2182,(#1809),'CP\X2\0110\X0\D lo\X2\1EA1\X0\i I');
#2190= IFCPROPERTYSINGLEVALUE('Area',$,IFCREAL(109.036977509065),$);
#2191= IFCPROPERTYSINGLEVALUE('Bounds',$,IFCLABEL('((505160.80958381534,1707771.4432250636,370.9546266021916),(505171.6355848053,1707781.7799590027,371.54571318794734))'),$);
#2192= IFCPROPERTYSET('09nyDd9NAmQVSRy8J6yx4e',$,'Properties',$,(#39,#40,#41,#42,#43,#44,#45,#46,#47,#48,#49,#50,#51,#52,#53,#54,#55,#56,#57,#59,#60,#193,#197,#299,#300,#301,#2190,#2191));
#2193= IFCRELDEFINESBYPROPERTIES('0PAneXKvZcuYTpHQ897Jo$',$,$,$,(#2188),#2192);
#2194= IFCPROPERTYSET('1uyKSQZP472BBnP0ajjg7l',$,'Misc',$,(#85,#87,#88,#203));
#2195= IFCRELDEFINESBYPROPERTIES('06SG1q6t5oPpdE5H9SDg$n',$,$,$,(#2188),#2194);
#2196= IFCPROPERTYSET('1$CxY6W_vTOQyWk86eo$vl',$,'3D Visualization',$,(#91,#92,#93));
#2197= IFCRELDEFINESBYPROPERTIES('3Tz6HOuCDeDoGF7RvKrXXT',$,$,$,(#2188),#2196);
#2198= IFCPROPERTYSET('113eKkzdfat9hdHNsvId6t',$,'General',$,(#72,#74,#75,#76,#77,#1820));
#2199= IFCRELDEFINESBYPROPERTIES('383pkE4lMS0wSLpyY_rfWf',$,$,$,(#2188),#2198);
#2200= IFCPROPERTYSET('3Ao5YDo5SH8ANv9k7RCmRC',$,'Geometry',$,(#82));
#2201= IFCRELDEFINESBYPROPERTIES('0jX_nNJT68_YNFP_vmmJ6x',$,$,$,(#2188),#2200);
#2202= IFCPROPERTYSET('1xB$rRHi683h78uQmF4etU',$,'Corridor Identity',$,(#214,#215,#216,#218,#221,#224,#277,#453,#672,#673,#674,#675));
#2203= IFCRELDEFINESBYPROPERTIES('15Jk_V3dUb2ox_U4EJcRRJ',$,$,$,(#2188),#2202);
#2204= IFCPROPERTYSET('3AosiGLU2hNLo2M6gSUAXd',$,'Corridor Model Information',$,(#229,#230,#465,#678,#679));
#2205= IFCRELDEFINESBYPROPERTIES('3BSAibZYvY0zXGQQ4Nv5Y2',$,$,$,(#2188),#2204);
#2206= IFCPROPERTYSINGLEVALUE('Volume',$,IFCVOLUMEMEASURE(15.0000000003313),$);
#2207= IFCPROPERTYSET('2WFT2L6o8X9sDw1iHKJJBc',$,'Corridor Shape Information',$,(#236,#282,#682,#683,#1829,#2206));
#2208= IFCRELDEFINESBYPROPERTIES('1kEtxfo_sU6c4ywDcPo81O',$,$,$,(#2188),#2207);
#2209= IFCPROPERTYSINGLEVALUE('Kh\X2\1ED1\X0\i l\X2\01B0\X0\\X2\1EE3\X0\ng (m3)',$,IFCREAL(15.0000000000421),$);
#2210= IFCPROPERTYSET('2HHkQ2AzTFxgE7HW8DP8h8',$,'Thong_tin_BIM',$,(#252,#616,#688,#689,#1833,#1834,#1835,#1837,#1838,#1839,#1840,#2209));
#2211= IFCRELDEFINESBYPROPERTIES('0MFIu3M7gjlWP9H_tHp$Q2',$,$,$,(#2188),#2210);
#2212= IFCCARTESIANPOINTLIST3D(((-11.845945,6.995076,0.455342),(-8.563554,10.766806,0.355544),(-11.84604,6.995174,0.155342),(-8.563648,10.766904,0.055544),(8.563648,-10.766904,-0.055544),(8.563554,-10.766806,-0.355544),(11.84604,-6.995174,-0.155342),(11.845945,-6.995076,-0.455342),(-11.359399,6.571647,0.443163),(-8.077008,10.343377,0.343365),(-8.077102,10.343475,0.043365),(-11.359494,6.571745,0.143163),(-9.850732,5.25869,0.405399),(-6.568341,9.03042,0.3056),(-6.568435,9.030518,0.0056),(-9.850827,5.258788,0.105399),(-8.342065,3.945733,0.367634),(-5.059674,7.717463,0.267836),(-5.059768,7.717561,-0.032164),(-8.342159,3.945831,0.067634),(-6.833398,2.632776,0.32987),(-3.551006,6.404506,0.230071),(-3.551101,6.404604,-0.069928),(-6.833492,2.632874,0.02987),(-5.324731,1.319819,0.292105),(-2.042339,5.091549,0.192307),(-2.042434,5.091647,-0.107693),(-5.324825,1.319917,-0.007895),(-3.816063,0.006862,0.254341),(-0.533672,3.778592,0.154543),(-0.533766,3.77869,-0.145457),(-3.816158,0.00696,-0.045659),(-2.307396,-1.306095,0.216576),(0.974995,2.465635,0.116778),(0.974901,2.465733,-0.183222),(-2.307491,-1.305997,-0.083424),(-0.798729,-2.619052,0.178812),(2.483662,1.152678,0.079014),(2.483568,1.152777,-0.220986),(-0.798823,-2.618953,-0.121188),(0.709938,-3.932008,0.141048),(3.99233,-0.160278,0.041249),(3.992235,-0.16018,-0.258751),(0.709844,-3.93191,-0.158952),(2.218605,-5.244965,0.103283),(5.500997,-1.473235,0.003485),(5.500902,-1.473137,-0.296515),(2.218511,-5.244867,-0.196717),(3.727272,-6.557922,0.065519),(7.009664,-2.786192,-0.03428),(7.00957,-2.786094,-0.33428),(3.727178,-6.557824,-0.234481),(5.23594,-7.870879,0.027754),(8.518331,-4.099149,-0.072044),(8.518237,-4.099051,-0.372044),(5.235845,-7.870781,-0.272246),(6.744607,-9.183836,-0.01001),(10.026998,-5.412106,-0.109809),(10.026904,-5.412008,-0.409809),(6.744513,-9.183738,-0.31001),(8.253274,-10.496793,-0.047775),(11.535666,-6.725063,-0.147573),(11.535571,-6.724965,-0.447573),(8.25318,-10.496695,-0.347775)),$);
#2213= IFCTRIANGULATEDFACESET(#2212,$,$,((1,2,3),(3,2,4),(5,6,7),(7,6,8),(1,9,2),(2,9,10),(2,10,4),(4,10,11),(3,4,12),(12,4,11),(1,3,9),(9,3,12),(9,13,10),(10,13,14),(10,14,11),(11,14,15),(12,11,16),(16,11,15),(9,12,13),(13,12,16),(13,17,14),(14,17,18),(14,18,15),(15,18,19),(16,15,20),(20,15,19),(13,16,17),(17,16,20),(17,21,18),(18,21,22),(18,22,19),(19,22,23),(20,19,24),(24,19,23),(17,20,21),(21,20,24),(21,25,22),(22,25,26),(22,26,23),(23,26,27),(24,23,28),(28,23,27),(21,24,25),(25,24,28),(25,29,26),(26,29,30),(26,30,27),(27,30,31),(28,27,32),(32,27,31),(25,28,29),(29,28,32),(29,33,30),(30,33,34),(30,34,31),(31,34,35),(32,31,36),(36,31,35),(29,32,33),(33,32,36),(33,37,34),(34,37,38),(34,38,35),(35,38,39),(36,35,40),(40,35,39),(33,36,37),(37,36,40),(37,41,38),(38,41,42),(38,42,39),(39,42,43),(40,39,44),(44,39,43),(37,40,41),(41,40,44),(41,45,42),(42,45,46),(42,46,43),(43,46,47),(44,43,48),(48,43,47),(41,44,45),(45,44,48),(45,49,46),(46,49,50),(46,50,47),(47,50,51),(48,47,52),(52,47,51),(45,48,49),(49,48,52),(49,53,50),(50,53,54),(50,54,51),(51,54,55),(52,51,56),(56,51,55),(49,52,53),(53,52,56),(53,57,54),(54,57,58),(54,58,55),(55,58,59),(56,55,60),(60,55,59),(53,56,57),(57,56,60),(57,61,58),(58,61,62),(58,62,59),(59,62,63),(60,59,64),(64,59,63),(57,60,61),(61,60,64),(61,5,62),(62,5,7),(62,7,63),(63,7,8),(64,63,6),(6,63,8),(61,64,5),(5,64,6)),$);
#2214= IFCSHAPEREPRESENTATION(#178,'Body','Tessellation',(#2213));
#2215= IFCPRODUCTDEFINITIONSHAPE($,$,(#2214));
#2216= IFCCARTESIANPOINT((505183.481472,1707768.219907,370.900517));
#2217= IFCAXIS2PLACEMENT3D(#2216,$,$);
#2218= IFCLOCALPLACEMENT(#5,#2217);
#2219= IFCBUILTELEMENT('0$svUxuIDEtgcONKo5eBdP',$,'CP\X2\0110\X0\D lo\X2\1EA1\X0\i I',$,$,#2218,#2215,'610CE');
#2220= IFCSTYLEDITEM(#2213,(#1809),'CP\X2\0110\X0\D lo\X2\1EA1\X0\i I');
#2221= IFCPROPERTYSINGLEVALUE('Area',$,IFCREAL(289.898477394887),$);
#2222= IFCPROPERTYSINGLEVALUE('Bounds',$,IFCLABEL('((505171.63524328393,1707757.452838517,370.4439422092018),(505195.32770048396,1707778.9869750703,371.3570926279156))'),$);
#2223= IFCPROPERTYSET('30Ev9mk8VH1lIPnFN1rHap',$,'Properties',$,(#39,#40,#41,#42,#43,#44,#45,#46,#47,#48,#49,#50,#51,#52,#53,#54,#55,#56,#57,#59,#60,#193,#197,#299,#300,#301,#2221,#2222));
#2224= IFCRELDEFINESBYPROPERTIES('3v2BoRkYsBxS3zVIcqPpS_',$,$,$,(#2219),#2223);
#2225= IFCPROPERTYSET('3$BN4MFhUPiBcOr2I22w7h',$,'Misc',$,(#85,#87,#88,#203));
#2226= IFCRELDEFINESBYPROPERTIES('3qkoAzMRESIh1KgFYts9wx',$,$,$,(#2219),#2225);
#2227= IFCPROPERTYSET('0hMtu2SAHUba_0jjtUcvlt',$,'3D Visualization',$,(#91,#92,#93));
#2228= IFCRELDEFINESBYPROPERTIES('3MHu5CS_kC45myKup6TXPZ',$,$,$,(#2219),#2227);
#2229= IFCPROPERTYSET('3harjhop5Kod8Q3SIfWCUt',$,'General',$,(#72,#74,#75,#76,#77,#1820));
#2230= IFCRELDEFINESBYPROPERTIES('1NKCe73BGlCLVh0Jzeq2r9',$,$,$,(#2219),#2229);
#2231= IFCPROPERTYSET('0OvMSW1$6eOCjH_7dCEsGw',$,'Geometry',$,(#82));
#2232= IFCRELDEFINESBYPROPERTIES('2ly8ePxnQra1pgGAsmDKeL',$,$,$,(#2219),#2231);
#2233= IFCPROPERTYSET('3zVlTokanM3XP3vdzng74n',$,'Corridor Identity',$,(#214,#215,#218,#221,#224,#453,#672,#744,#745,#746,#747,#748));
#2234= IFCRELDEFINESBYPROPERTIES('1VBwHtKf8BZTBQ0JgSxS04',$,$,$,(#2219),#2233);
#2235= IFCPROPERTYSET('0sAqrhW9L8q_CCLth8R0t8',$,'Corridor Model Information',$,(#229,#230,#465,#678,#751));
#2236= IFCRELDEFINESBYPROPERTIES('3j6rzOk63zSFsz8U3GaAKH',$,$,$,(#2219),#2235);
#2237= IFCPROPERTYSINGLEVALUE('Volume',$,IFCVOLUMEMEASURE(40.5846834012831),$);
#2238= IFCPROPERTYSET('1oYHgs1lXrR_Q5YQy68YMa',$,'Corridor Shape Information',$,(#235,#754,#755,#756,#1829,#2237));
#2239= IFCRELDEFINESBYPROPERTIES('0cbZpCemSeSF7Ofd8TrrBw',$,$,$,(#2219),#2238);
#2240= IFCPROPERTYSINGLEVALUE('Kh\X2\1ED1\X0\i l\X2\01B0\X0\\X2\1EE3\X0\ng (m3)',$,IFCREAL(40.5846834009753),$);
#2241= IFCPROPERTYSET('3cZm9ZoWr8nvWE09Nps_x0',$,'Thong_tin_BIM',$,(#252,#761,#762,#763,#1833,#1834,#1835,#1837,#1838,#1839,#1840,#2240));
#2242= IFCRELDEFINESBYPROPERTIES('36L9NC_qPS6qmwA3Ez9wmk',$,$,$,(#2219),#2241);
#2243= IFCCARTESIANPOINTLIST3D(((-5.412817,1.396478,0.29431),(-2.130425,5.168208,0.194512),(-5.412911,1.396576,-0.00569),(-2.130519,5.168306,-0.105488),(2.130519,-5.168306,0.105488),(2.130425,-5.168208,-0.194512),(5.412911,-1.396576,0.00569),(5.412817,-1.396478,-0.29431),(-4.214523,0.353633,0.264315),(-0.932132,4.125362,0.164517),(-0.932226,4.125461,-0.135483),(-4.214618,0.353731,-0.035685),(-2.705856,-0.959324,0.226551),(0.576535,2.812406,0.126752),(0.576441,2.812504,-0.173248),(-2.705951,-0.959226,-0.073449),(-1.197189,-2.272281,0.188786),(2.085202,1.499449,0.088988),(2.085108,1.499547,-0.211012),(-1.197283,-2.272183,-0.111214),(0.311478,-3.585238,0.151022),(3.59387,0.186492,0.051223),(3.593775,0.18659,-0.248777),(0.311384,-3.58514,-0.148978),(1.820145,-4.898195,0.113257),(5.102537,-1.126465,0.013459),(5.102442,-1.126367,-0.286541),(1.820051,-4.898097,-0.186743)),$);
#2244= IFCTRIANGULATEDFACESET(#2243,$,$,((1,2,3),(3,2,4),(5,6,7),(7,6,8),(1,9,2),(2,9,10),(2,10,4),(4,10,11),(3,4,12),(12,4,11),(1,3,9),(9,3,12),(9,13,10),(10,13,14),(10,14,11),(11,14,15),(12,11,16),(16,11,15),(9,12,13),(13,12,16),(13,17,14),(14,17,18),(14,18,15),(15,18,19),(16,15,20),(20,15,19),(13,16,17),(17,16,20),(17,21,18),(18,21,22),(18,22,19),(19,22,23),(20,19,24),(24,19,23),(17,20,21),(21,20,24),(21,25,22),(22,25,26),(22,26,23),(23,26,27),(24,23,28),(28,23,27),(21,24,25),(25,24,28),(25,5,26),(26,5,7),(26,7,27),(27,7,8),(28,27,6),(6,27,8),(25,28,5),(5,28,6)),$);
#2245= IFCSHAPEREPRESENTATION(#178,'Body','Tessellation',(#2244));
#2246= IFCPRODUCTDEFINITIONSHAPE($,$,(#2245));
#2247= IFCCARTESIANPOINT((505197.457937,1707756.056524,370.550663));
#2248= IFCAXIS2PLACEMENT3D(#2247,$,$);
#2249= IFCLOCALPLACEMENT(#5,#2248);
#2250= IFCBUILTELEMENT('2UoxmZRG10p98kcMpPRfaf',$,'CP\X2\0110\X0\D lo\X2\1EA1\X0\i I',$,$,#2249,#2246,'610D7');
#2251= IFCSTYLEDITEM(#2244,(#1809),'CP\X2\0110\X0\D lo\X2\1EA1\X0\i I');
#2252= IFCPROPERTYSINGLEVALUE('Bounds',$,IFCLABEL('((505192.04493612156,1707750.8881573204,370.255119958844),(505202.8709371116,1707761.2248912598,370.8462065446009))'),$);
#2253= IFCPROPERTYSET('3MCa4KepE5VxC6ucAapySI',$,'Properties',$,(#39,#40,#41,#42,#43,#44,#45,#46,#47,#48,#49,#50,#51,#52,#53,#54,#55,#56,#57,#59,#60,#193,#197,#299,#300,#301,#2159,#2252));
#2254= IFCRELDEFINESBYPROPERTIES('15Y6SAeFTPYQm5GujuGtgh',$,$,$,(#2250),#2253);
#2255= IFCPROPERTYSET('36QeAokGasmlZ1QO13hPAG',$,'Misc',$,(#85,#87,#88,#203));
#2256= IFCRELDEFINESBYPROPERTIES('06Ozpo43ffp1fdZOq7hmhd',$,$,$,(#2250),#2255);
#2257= IFCPROPERTYSET('27JSFTpvVzI5YucpwrBnrT',$,'3D Visualization',$,(#91,#92,#93));
#2258= IFCRELDEFINESBYPROPERTIES('3x$a0w_2lJHb3pPCpMQcmo',$,$,$,(#2250),#2257);
#2259= IFCPROPERTYSET('1W5eVnD2yvBTbnEgwdynQc',$,'General',$,(#72,#74,#75,#76,#77,#1820));
#2260= IFCRELDEFINESBYPROPERTIES('03ZhTdFMv6bbI0QSvAhoqZ',$,$,$,(#2250),#2259);
#2261= IFCPROPERTYSET('0QFYLeoRdCbGcoJ1N09OAP',$,'Geometry',$,(#82));
#2262= IFCRELDEFINESBYPROPERTIES('1uPyq_FUsZeOVtIkT18fkz',$,$,$,(#2250),#2261);
#2263= IFCPROPERTYSET('1ODAa0Gt_Z4rHiLLP97J0Y',$,'Corridor Identity',$,(#214,#215,#216,#217,#218,#221,#224,#453,#672,#786,#787,#788));
#2264= IFCRELDEFINESBYPROPERTIES('3_IJXcj1zgTVpfVNYQHBrt',$,$,$,(#2250),#2263);
#2265= IFCPROPERTYSET('1yd0FpaiqCLB7jMl5HbN5G',$,'Corridor Model Information',$,(#229,#230,#465,#678,#791));
#2266= IFCRELDEFINESBYPROPERTIES('2zST2qSsmIARIRsr2r0rqr',$,$,$,(#2250),#2265);
#2267= IFCPROPERTYSINGLEVALUE('Volume',$,IFCVOLUMEMEASURE(15.0000000003198),$);
#2268= IFCPROPERTYSET('1U7guI_FdB9DH5H0Q7zqOO',$,'Corridor Shape Information',$,(#235,#236,#794,#795,#1829,#2267));
#2269= IFCRELDEFINESBYPROPERTIES('0sIUeql39x1OnAOVJDvSiA',$,$,$,(#2250),#2268);
#2270= IFCPROPERTYSINGLEVALUE('Kh\X2\1ED1\X0\i l\X2\01B0\X0\\X2\1EE3\X0\ng (m3)',$,IFCREAL(14.9999999997923),$);
#2271= IFCPROPERTYSET('1JouiKRw74Wf_6_AFl8UtW',$,'Thong_tin_BIM',$,(#252,#616,#800,#801,#1833,#1834,#1835,#1837,#1838,#1839,#1840,#2270));
#2272= IFCRELDEFINESBYPROPERTIES('1JixHo1QL1breAzzGpfLCz',$,$,$,(#2250),#2271);
#2273= IFCCARTESIANPOINTLIST3D(((-4.725797,0.798632,-0.122889),(-4.725703,0.798534,0.177111),(-5.047816,1.078848,-0.114829),(-5.047721,1.07875,0.185171),(-4.725812,0.798616,-0.12289),(-4.725717,0.798518,0.17711),(-4.214555,0.353665,0.164315),(-4.214649,0.353763,-0.135685),(-5.412942,1.396609,-0.10569),(-5.412848,1.396511,0.19431),(-2.130394,5.168176,0.294512),(-0.932101,4.12533,0.264517),(-2.130488,5.168274,-0.005488),(5.412942,-1.396609,0.10569),(2.130488,-5.168274,0.005488),(5.412848,-1.396511,-0.19431),(2.130394,-5.168176,-0.294512),(-0.932195,4.125428,-0.035483),(0.576567,2.812373,0.226752),(-2.705888,-0.959292,0.126551),(-2.705982,-0.959194,-0.173449),(0.576472,2.812471,-0.073248),(2.085234,1.499416,0.188988),(-1.19722,-2.272249,0.088786),(-1.197315,-2.272151,-0.211214),(2.08514,1.499514,-0.111012),(3.593901,0.186459,0.151223),(0.311447,-3.585206,0.051022),(0.311352,-3.585108,-0.248978),(3.593807,0.186557,-0.148777),(5.102568,-1.126498,0.113459),(1.820114,-4.898163,0.013257),(1.82002,-4.898064,-0.286743),(5.102474,-1.1264,-0.186541)),$);
#2274= IFCTRIANGULATEDFACESET(#2273,$,$,((1,2,3),(3,2,4),(5,6,1),(1,6,2),(6,5,7),(7,5,8),(3,4,9),(9,4,10),(10,4,11),(11,4,2),(11,2,12),(12,2,7),(7,2,6),(11,13,10),(10,13,9),(14,15,16),(16,15,17),(3,13,1),(1,13,18),(1,18,8),(3,9,13),(8,5,1),(11,12,13),(13,12,18),(12,7,19),(19,7,20),(7,8,20),(20,8,21),(18,22,8),(8,22,21),(12,19,18),(18,19,22),(19,20,23),(23,20,24),(20,21,24),(24,21,25),(22,26,21),(21,26,25),(19,23,22),(22,23,26),(23,24,27),(27,24,28),(24,25,28),(28,25,29),(26,30,25),(25,30,29),(23,27,26),(26,27,30),(27,28,31),(31,28,32),(28,29,32),(32,29,33),(30,34,29),(29,34,33),(27,31,30),(30,31,34),(31,32,14),(14,32,15),(32,33,15),(15,33,17),(34,16,33),(33,16,17),(31,14,34),(34,14,16)),$);
#2275= IFCSHAPEREPRESENTATION(#178,'Body','Tessellation',(#2274));
#2276= IFCPRODUCTDEFINITIONSHAPE($,$,(#2275));
#2277= IFCCARTESIANPOINT((505194.175514,1707752.284827,370.550462));
#2278= IFCAXIS2PLACEMENT3D(#2277,$,$);
#2279= IFCLOCALPLACEMENT(#5,#2278);
#2280= IFCBUILTELEMENT('2p45cdFEX29h5ck4HUKms9',$,'CP\X2\0110\X0\D lo\X2\1EA1\X0\i I',$,$,#2279,#2276,'610E0');
#2281= IFCSTYLEDITEM(#2274,(#1809),'CP\X2\0110\X0\D lo\X2\1EA1\X0\i I');
#2282= IFCPROPERTYSINGLEVALUE('Area',$,IFCREAL(109.036974655922),$);
#2283= IFCPROPERTYSINGLEVALUE('Bounds',$,IFCLABEL('((505188.76251328056,1707747.1164600563,370.25491826851845),(505199.58851427055,1707757.4531939954,370.8460048542748))'),$);
#2284= IFCPROPERTYSET('3jN1UHYy_HzAmMTlqklBqc',$,'Properties',$,(#39,#40,#41,#42,#43,#44,#47,#48,#49,#50,#51,#52,#53,#54,#55,#56,#57,#59,#60,#193,#194,#195,#196,#197,#198,#199,#2282,#2283));
#2285= IFCRELDEFINESBYPROPERTIES('2RWD8QODHo$WgHbchF5gli',$,$,$,(#2280),#2284);
#2286= IFCPROPERTYSET('2F6l3uU92lbpgnP7nSOJNY',$,'Misc',$,(#85,#87,#88,#203));
#2287= IFCRELDEFINESBYPROPERTIES('0NR0zMU$wITHl$IQo1$yex',$,$,$,(#2280),#2286);
#2288= IFCPROPERTYSET('2NlpXFQNj_SULpvLkgr_2u',$,'3D Visualization',$,(#91,#92,#93));
#2289= IFCRELDEFINESBYPROPERTIES('10LoOsxeqqJuOlAvwe_EyQ',$,$,$,(#2280),#2288);
#2290= IFCPROPERTYSET('2KZCcUqSNuJjbfDnWPvHgS',$,'General',$,(#72,#74,#75,#76,#77,#1820));
#2291= IFCRELDEFINESBYPROPERTIES('09dj_A3aYNDxFS$7ZPmaR5',$,$,$,(#2280),#2290);
#2292= IFCPROPERTYSET('2Y4Qt5ZxTQfR7gqNd0S4g$',$,'Geometry',$,(#82));
#2293= IFCRELDEFINESBYPROPERTIES('0plX774nPiUpNbh24a28xr',$,$,$,(#2280),#2292);
#2294= IFCPROPERTYSET('2APfTLjjHfuBvMyb2zjXrm',$,'Corridor Identity',$,(#214,#215,#216,#218,#221,#224,#277,#453,#672,#786,#787,#788));
#2295= IFCRELDEFINESBYPROPERTIES('1hCXoUlBFVkypclWgB1HR6',$,$,$,(#2280),#2294);
#2296= IFCPROPERTYSET('04zF789T7qLXajgrz5tB3Q',$,'Corridor Model Information',$,(#229,#230,#465,#678,#791));
#2297= IFCRELDEFINESBYPROPERTIES('2ldAYVQJ9aShv2k1UEvz0O',$,$,$,(#2280),#2296);
#2298= IFCPROPERTYSINGLEVALUE('Volume',$,IFCVOLUMEMEASURE(14.9999986020389),$);
#2299= IFCPROPERTYSET('2S_2IOgFl9EG1gANq9RhN1',$,'Corridor Shape Information',$,(#236,#282,#794,#795,#1829,#2298));
#2300= IFCRELDEFINESBYPROPERTIES('0dKJinEnMloNSSAxo4gnpT',$,$,$,(#2280),#2299);
#2301= IFCPROPERTYSINGLEVALUE('Kh\X2\1ED1\X0\i l\X2\01B0\X0\\X2\1EE3\X0\ng (m3)',$,IFCREAL(14.9999986013161),$);
#2302= IFCPROPERTYSET('0YHbVvth8kr1O0pnr8RNQR',$,'Thong_tin_BIM',$,(#252,#616,#800,#801,#1833,#1834,#1835,#1837,#1838,#1839,#1840,#2301));
#2303= IFCRELDEFINESBYPROPERTIES('1hqIcb8tTTuz4GV62SsB9J',$,$,$,(#2280),#2302);
#2304= IFCCARTESIANPOINTLIST3D(((6.014659,-5.345476,-0.038884),(6.014565,-5.345378,-0.338884),(5.972989,-5.393357,-0.040231),(5.972895,-5.393259,-0.340231),(5.650744,-5.028763,-0.332954),(5.650839,-5.028861,-0.032954),(5.250793,-4.680705,-0.324498),(5.250887,-4.680803,-0.024498),(5.118634,-4.832771,-0.028987),(5.11854,-4.832673,-0.328987),(6.79245,-4.436084,-0.01349),(7.566869,-3.443632,0.013878),(8.512697,-0.933945,0.083709),(9.718717,-1.983515,0.05352),(6.436262,-5.755179,-0.046682),(6.436168,-5.755081,-0.346681),(6.792356,-4.435986,-0.31349),(7.566774,-3.443534,-0.286122),(8.512602,-0.933846,-0.216291),(9.718622,-1.983417,-0.24648),(-7.232414,-6.260331,-0.18411),(-7.232319,-6.260429,0.11589),(-9.718717,-3.796985,-0.112524),(-9.718622,-3.797083,0.187476),(-8.249442,-4.805803,0.152314),(-8.855594,-4.171809,0.171947),(-9.204869,-3.278548,0.195684),(-6.841958,-5.887151,0.110207),(-7.643291,-5.439796,0.132681),(-9.204963,-3.27845,-0.104316),(-8.249536,-4.805705,-0.147686),(-7.643385,-5.439698,-0.167319),(-6.842053,-5.887053,-0.189793),(-8.855688,-4.171711,-0.128053),(-9.20201,-3.275662,0.19573),(-8.022143,-4.581624,0.152949),(-6.839735,-5.885137,0.110175),(-9.202104,-3.275564,-0.10427),(-6.839829,-5.885039,-0.189825),(-8.022237,-4.581526,-0.147051),(-9.199151,-3.272777,0.195776),(-8.019602,-4.579175,0.152956),(-6.83751,-5.883124,0.110143),(-9.199245,-3.272678,-0.104224),(-6.837605,-5.883026,-0.189857),(-8.019696,-4.579077,-0.147044),(-7.806965,-4.382476,0.153545),(-8.385911,-3.709389,0.176532),(-8.163081,-3.493415,0.178696),(-7.595599,-4.187002,0.15413),(-7.228019,-5.055564,0.130558),(-7.028117,-4.88059,0.129564),(-6.083758,-5.265231,0.099852),(-8.261976,-2.326878,0.210749),(-7.384233,-3.991529,0.154715),(-6.828215,-4.705616,0.12857),(-7.940252,-3.277441,0.18086),(-8.262071,-2.32678,-0.089251),(-7.807059,-4.382378,-0.146455),(-7.228113,-5.055466,-0.169442),(-7.028211,-4.880492,-0.170436),(-7.595693,-4.186904,-0.14587),(-8.386005,-3.709291,-0.123468),(-8.163176,-3.493317,-0.121304),(-6.083852,-5.265133,-0.200148),(-7.384327,-3.99143,-0.145285),(-7.940346,-3.277342,-0.11914),(-6.828309,-4.705518,-0.17143),(-6.957683,-3.608651,0.155908),(-7.492473,-2.849315,0.185203),(-7.79255,-1.853082,0.218249),(-6.7425,-3.421247,0.156516),(-6.422893,-4.367987,0.126613),(-5.692449,-4.989413,0.094782),(-7.792644,-1.852984,-0.081751),(-6.957778,-3.608553,-0.144092),(-6.422988,-4.367889,-0.173387),(-5.692543,-4.989315,-0.205218),(-6.742594,-3.421149,-0.143484),(-7.492567,-2.849217,-0.114797),(-7.016427,-2.409927,0.189849),(-6.76533,-2.18269,0.192316),(-6.514232,-1.955453,0.194783),(-6.260896,-3.039952,0.158031),(-6.020094,-2.849304,0.158789),(-5.756462,-3.897213,0.123746),(-5.525955,-3.743155,0.122795),(-5.295449,-3.589096,0.121843),(-3.930764,-4.049659,0.073497),(-5.064943,-3.435038,0.120892),(-4.834436,-3.280979,0.119941),(-5.297688,-2.27736,0.161063),(-5.701404,0.25753,0.251659),(-5.986968,-4.051272,0.124698),(-6.501698,-3.2306,0.157273),(-6.263134,-1.728216,0.19725),(-6.012037,-1.500979,0.199718),(-5.760939,-1.273742,0.202185),(-5.53849,-2.468008,0.160305),(-5.779292,-2.658656,0.159547),(-5.701499,0.257628,-0.048341),(-5.987062,-4.051174,-0.175302),(-5.756556,-3.897115,-0.176254),(-5.52605,-3.743057,-0.177205),(-6.26099,-3.039854,-0.141969),(-6.020188,-2.849206,-0.141211),(-6.765424,-2.182592,-0.107684),(-6.514326,-1.955355,-0.105217),(-6.263229,-1.728118,-0.102749),(-6.012131,-1.500881,-0.100282),(-5.761034,-1.273644,-0.097815),(-5.297782,-2.277262,-0.138937),(-3.930858,-4.049561,-0.226503),(-7.016521,-2.409829,-0.110151),(-6.501792,-3.230501,-0.142726),(-5.295543,-3.588998,-0.178157),(-5.065037,-3.434939,-0.179108),(-4.834531,-3.280881,-0.180059),(-5.538584,-2.46791,-0.139695),(-5.779386,-2.658558,-0.140453),(-3.218219,2.763831,0.291333),(-3.716971,-1.126732,0.167133),(-2.017496,-3.478631,0.052044),(-3.218313,2.763929,-0.008667),(-2.01759,-3.478533,-0.247956),(-3.717065,-1.126634,-0.132867),(-2.12712,-0.032161,0.174429),(-1.636383,0.293079,0.177169),(-0.811909,5.192541,0.329779),(-0.497909,-3.305424,0.035519),(-1.447043,-1.549474,0.110475),(-1.88236,-1.733745,0.111171),(-0.812003,5.192639,0.029779),(-1.636477,0.293177,-0.122831),(-1.447137,-1.549376,-0.189525),(-0.498004,-3.305326,-0.264481),(-0.318533,1.166309,0.18488),(-0.346092,3.400593,0.26083),(0.064606,6.077214,0.343783),(-0.028922,-3.299095,0.030439),(-0.290974,-1.067975,0.108929),(0.064511,6.077312,0.043783),(-0.318628,1.166407,-0.11512),(-0.291069,-1.067877,-0.191071),(-0.029016,-3.298997,-0.269561),(-0.346187,3.400691,-0.03917),(0.083908,1.433013,0.187571),(0.118122,3.799387,0.266378),(0.240066,6.254308,0.346586),(0.059883,-3.300374,0.029477),(0.049694,-0.933361,0.108765),(0.239972,6.254406,0.046586),(0.083814,1.433111,-0.112429),(0.0496,-0.933263,-0.191235),(0.059788,-3.300276,-0.270523),(0.118028,3.799485,-0.033622),(0.246034,6.260331,0.346681),(0.152214,1.478459,0.188047),(0.085769,-2.105336,0.069099),(0.080045,-2.404109,0.059185),(0.074321,-2.702883,0.049271),(0.068598,-3.001657,0.039358),(0.062874,-3.300431,0.029444),(0.097216,-1.507788,0.088926),(0.108664,-0.91024,0.108753),(0.131559,0.284855,0.148408),(0.154454,1.47995,0.188063),(0.200244,3.870141,0.267372),(0.245939,6.260429,0.046682),(0.06278,-3.300333,-0.270556),(0.15212,1.478557,-0.111953),(0.20015,3.870239,-0.032628),(0.15436,1.480048,-0.111937),(0.131465,0.284953,-0.151592),(0.10857,-0.910142,-0.191246),(0.097122,-1.50769,-0.211074),(0.085675,-2.105238,-0.230901),(0.079951,-2.404011,-0.240815),(0.074227,-2.702785,-0.250728),(0.068503,-3.001559,-0.260642),(0.251804,6.255312,0.290493),(0.202784,3.868251,0.246297),(0.156648,1.478681,0.174007),(0.135602,0.282937,0.127317),(0.110513,-0.910889,0.101718),(0.112362,-0.911539,0.094682),(0.100742,-1.508776,0.078364),(0.087445,-2.105675,0.065573),(0.089122,-2.106014,0.062047),(0.081678,-2.404371,0.056537),(0.083312,-2.404633,0.053888),(0.075911,-2.703067,0.0475),(0.077502,-2.703251,0.045729),(0.073028,-2.852415,0.042982),(0.071692,-3.00187,0.03757),(0.070145,-3.001764,0.038464),(0.067261,-3.151112,0.033946),(0.065819,-3.225786,0.031687),(0.065881,-3.300489,0.029412),(0.158843,1.477412,0.159952),(0.205323,3.866362,0.225222),(0.25171,6.25541,-0.009507),(0.067167,-3.151014,-0.266054),(0.065725,-3.225688,-0.268313),(0.065787,-3.300391,-0.270588),(0.071597,-3.001772,-0.26243),(0.07005,-3.001666,-0.261536),(0.072934,-2.852317,-0.257018),(0.075817,-2.702969,-0.2525),(0.081584,-2.404273,-0.243463),(0.087351,-2.105577,-0.234427),(0.110419,-0.910791,-0.198282),(0.156554,1.478779,-0.125992),(0.135508,0.283035,-0.172683),(0.112268,-0.911441,-0.205318),(0.100648,-1.508678,-0.221636),(0.202689,3.868349,-0.053703),(0.158749,1.47751,-0.140048),(0.205229,3.86646,-0.074778),(0.089028,-2.105916,-0.237953),(0.083217,-2.404534,-0.246112),(0.077407,-2.703153,-0.254271),(2.348237,4.430837,0.238016),(1.14012,3.1704,0.203924),(0.98022,0.997724,0.143593),(0.820319,-1.174951,0.083262),(1.254956,-3.394763,0.016452),(1.390908,0.757881,0.135413),(1.174298,-1.306657,0.077553),(1.607518,2.822418,0.193274),(2.348142,4.430935,-0.061984),(1.254862,-3.394665,-0.283548),(1.174204,-1.306559,-0.222447),(0.466246,-1.043147,-0.211028),(0.820225,-1.174853,-0.216738),(0.980125,0.997823,-0.156407),(1.390814,0.757979,-0.164587),(1.140026,3.170498,-0.096076),(1.607424,2.822517,-0.106726),(0.569437,1.237666,-0.148227),(0.672627,3.518479,-0.085427),(2.251249,0.24831,0.118427),(2.574214,2.100708,0.171351),(3.446123,3.475373,0.210534),(1.95568,-3.518207,0.008705),(1.928284,-1.604088,0.065503),(3.446029,3.475471,-0.089466),(2.251155,0.248408,-0.181573),(1.928189,-1.60399,-0.234497),(1.955586,-3.518109,-0.291295),(2.57412,2.100806,-0.128649),(6.141748,1.129436,0.143058),(3.850185,-0.760158,0.087292),(3.85719,-4.127233,-0.01313),(6.141653,1.129534,-0.156942),(3.857095,-4.127135,-0.31313),(3.850091,-0.76006,-0.212708),(6.027858,-2.258408,0.04465),(6.027764,-2.25831,-0.25535)),$);
#2305= IFCTRIANGULATEDFACESET(#2304,$,$,((1,2,3),(3,2,4),(2,1,5),(5,1,6),(5,6,7),(7,6,8),(8,9,7),(7,9,10),(1,11,6),(6,11,12),(6,12,13),(13,12,14),(14,12,15),(15,12,11),(15,11,1),(1,3,15),(3,4,15),(15,4,16),(4,2,16),(16,2,17),(16,17,18),(18,17,5),(18,5,19),(2,5,17),(19,20,18),(18,20,16),(21,22,23),(23,22,24),(14,15,20),(20,15,16),(22,25,24),(24,25,26),(24,26,27),(27,26,25),(27,25,28),(28,25,29),(28,29,22),(22,29,25),(23,24,30),(30,24,27),(23,31,21),(21,31,32),(21,32,33),(33,32,31),(33,31,30),(30,31,34),(30,34,23),(23,34,31),(22,21,28),(28,21,33),(35,27,36),(36,27,28),(36,28,37),(37,35,36),(30,27,38),(38,27,35),(39,33,40),(40,33,30),(40,30,38),(38,39,40),(28,33,37),(37,33,39),(41,35,42),(42,35,37),(42,37,43),(43,41,42),(38,35,44),(44,35,41),(45,39,46),(46,39,38),(46,38,44),(44,45,46),(37,39,43),(43,39,45),(43,47,41),(41,47,48),(41,48,49),(49,48,47),(49,47,50),(50,47,51),(50,51,52),(52,51,43),(52,43,53),(54,55,53),(53,55,56),(53,56,52),(52,56,55),(52,55,50),(50,55,57),(50,57,49),(49,57,54),(49,54,41),(51,47,43),(57,55,54),(44,41,58),(58,41,54),(44,59,45),(45,59,60),(45,60,61),(61,60,59),(61,59,62),(62,59,63),(62,63,64),(64,63,44),(64,44,58),(65,66,58),(58,66,67),(58,67,64),(64,67,66),(64,66,62),(62,66,68),(62,68,61),(61,68,65),(61,65,45),(63,59,44),(68,66,65),(43,45,53),(53,45,65),(53,69,54),(54,69,70),(54,70,71),(71,70,72),(72,70,69),(72,69,73),(73,69,53),(73,53,74),(74,72,73),(58,54,75),(75,54,71),(58,76,65),(65,76,77),(65,77,78),(78,77,79),(79,77,76),(79,76,80),(80,76,58),(80,58,75),(75,79,80),(53,65,74),(74,65,78),(72,81,71),(71,81,82),(71,82,83),(83,82,84),(83,84,85),(85,84,86),(85,86,87),(87,86,74),(87,74,88),(88,74,89),(88,89,90),(90,89,91),(90,91,92),(92,91,89),(92,89,93),(74,94,72),(72,94,95),(72,95,81),(81,95,82),(71,96,93),(93,96,97),(93,97,98),(98,97,99),(98,99,92),(92,99,90),(94,74,86),(86,84,94),(94,84,95),(96,71,83),(84,82,95),(98,92,93),(96,83,85),(85,87,100),(100,87,88),(100,88,99),(99,88,90),(97,96,100),(100,96,85),(97,100,99),(75,71,101),(101,71,93),(79,102,78),(78,102,103),(78,103,104),(104,103,105),(104,105,106),(106,105,107),(106,107,108),(108,107,75),(108,75,109),(109,75,101),(109,101,110),(110,101,111),(110,111,112),(112,111,101),(112,101,113),(75,114,79),(79,114,115),(79,115,102),(102,115,103),(78,116,113),(113,116,117),(113,117,118),(118,117,119),(118,119,112),(112,119,110),(114,75,107),(107,105,114),(114,105,115),(116,78,104),(105,103,115),(118,112,113),(116,104,106),(106,108,120),(120,108,109),(120,109,119),(119,109,110),(117,116,120),(120,116,106),(117,120,119),(74,78,89),(89,78,113),(121,93,122),(122,93,89),(122,89,123),(123,121,122),(101,93,124),(124,93,121),(125,113,126),(126,113,101),(126,101,124),(124,125,126),(89,113,123),(123,113,125),(123,127,121),(121,127,128),(121,128,129),(129,128,130),(130,128,131),(130,131,123),(123,131,132),(123,132,127),(127,132,128),(131,128,132),(124,121,133),(133,121,129),(124,134,125),(125,134,135),(125,135,136),(136,135,134),(136,134,133),(133,134,124),(123,125,130),(130,125,136),(130,137,129),(129,137,138),(129,138,139),(139,138,137),(139,137,140),(140,137,141),(140,141,130),(130,141,137),(133,129,142),(142,129,139),(133,143,136),(136,143,144),(136,144,145),(145,144,143),(145,143,142),(142,143,146),(142,146,133),(133,146,143),(130,136,140),(140,136,145),(140,147,139),(139,147,148),(139,148,149),(149,148,147),(149,147,150),(150,147,151),(150,151,140),(140,151,147),(142,139,152),(152,139,149),(142,153,145),(145,153,154),(145,154,155),(155,154,153),(155,153,152),(152,153,156),(152,156,142),(142,156,153),(140,145,150),(150,145,155),(157,149,158),(158,149,150),(158,150,159),(159,150,160),(160,150,161),(161,150,162),(162,150,163),(159,164,158),(158,164,165),(158,165,166),(166,167,158),(158,167,168),(158,168,157),(152,149,169),(169,149,157),(170,155,171),(171,155,152),(171,152,172),(172,152,169),(172,173,171),(171,173,174),(171,174,175),(175,176,171),(171,176,177),(171,177,178),(178,179,171),(171,179,180),(171,180,170),(150,155,163),(163,155,170),(181,157,182),(182,157,168),(182,168,167),(182,167,183),(183,167,166),(183,166,184),(184,166,185),(184,185,186),(186,185,187),(187,185,188),(187,188,189),(189,188,190),(189,190,191),(191,190,192),(191,192,193),(193,192,194),(193,194,195),(195,194,196),(195,196,197),(197,196,162),(197,162,163),(166,165,185),(185,165,164),(185,164,188),(188,164,159),(188,159,160),(188,160,190),(190,160,161),(190,161,192),(192,161,194),(161,162,194),(194,162,196),(197,163,198),(198,163,199),(198,199,197),(197,199,195),(184,200,183),(183,200,201),(183,201,182),(182,201,181),(157,181,169),(169,181,202),(180,203,170),(170,203,204),(170,204,205),(205,204,203),(205,203,206),(206,203,207),(206,207,208),(208,207,180),(208,180,179),(208,179,209),(209,179,178),(209,178,210),(210,178,177),(210,177,211),(211,177,176),(211,176,212),(212,176,175),(212,175,174),(173,213,174),(174,213,214),(174,214,212),(212,214,215),(212,215,216),(173,172,213),(213,172,217),(213,217,218),(218,217,219),(219,217,202),(202,217,169),(169,217,172),(218,214,213),(212,216,211),(211,216,220),(211,220,221),(211,221,210),(210,221,222),(210,222,209),(209,222,208),(222,206,208),(203,180,207),(163,170,199),(199,170,205),(223,181,224),(224,181,201),(224,201,200),(224,200,225),(225,200,184),(225,184,226),(226,184,186),(226,186,187),(187,189,226),(226,189,191),(226,191,193),(193,195,226),(226,195,199),(226,199,227),(223,228,227),(227,228,229),(227,229,226),(226,229,228),(226,228,225),(225,228,230),(225,230,224),(224,230,223),(228,223,230),(181,223,202),(202,223,231),(205,206,232),(232,206,222),(232,222,221),(232,221,233),(233,221,220),(233,220,216),(215,234,216),(216,234,235),(216,235,233),(233,235,236),(233,236,237),(237,236,238),(237,238,239),(239,238,231),(239,231,237),(237,231,232),(237,232,233),(215,214,234),(234,214,240),(234,240,235),(235,240,236),(214,218,240),(240,218,219),(240,219,241),(241,219,202),(241,202,238),(238,202,231),(236,240,241),(238,236,241),(199,205,227),(227,205,232),(227,242,223),(223,242,243),(223,243,244),(244,243,242),(244,242,245),(245,242,246),(245,246,227),(227,246,242),(223,244,231),(231,244,247),(231,248,232),(232,248,249),(232,249,250),(250,249,248),(250,248,247),(247,248,251),(247,251,231),(231,251,248),(227,232,245),(245,232,250),(252,244,253),(253,244,245),(253,245,254),(254,252,253),(244,252,247),(247,252,255),(256,250,257),(257,250,247),(257,247,255),(255,256,257),(245,250,254),(254,250,256),(6,13,8),(8,13,258),(8,258,9),(9,258,254),(254,258,252),(252,258,13),(252,13,255),(255,13,19),(5,7,259),(259,7,10),(259,10,256),(256,255,259),(259,255,19),(259,19,5),(10,9,256),(256,9,254),(13,14,19),(19,14,20)),$);
#2306= IFCSHAPEREPRESENTATION(#178,'Body','Tessellation',(#2305));
#2307= IFCPRODUCTDEFINITIONSHAPE($,$,(#2306));
#2308= IFCCARTESIANPOINT((505225.413323,1707721.939003,369.712916));
#2309= IFCAXIS2PLACEMENT3D(#2308,$,$);
#2310= IFCLOCALPLACEMENT(#5,#2309);
#2311= IFCBUILTELEMENT('0wMxLCV$D5UOKzqqUlSfAP',$,'CP\X2\0110\X0\D lo\X2\1EA1\X0\i I',$,$,#2310,#2307,'610EE');
#2312= IFCSTYLEDITEM(#2305,(#1809),'CP\X2\0110\X0\D lo\X2\1EA1\X0\i I');
#2313= IFCPROPERTYSINGLEVALUE('Area',$,IFCREAL(245.053142955471),$);
#2314= IFCPROPERTYSINGLEVALUE('Bounds',$,IFCLABEL('((505215.6945346507,1707715.678498948,369.3650380740466),(505235.13213039143,1707728.1995596373,370.06272842584013))'),$);
#2315= IFCPROPERTYSET('3lzGaNKFflWLdQ9KwCgPm3',$,'Properties',$,(#39,#40,#41,#42,#43,#44,#47,#48,#49,#50,#51,#52,#53,#54,#55,#56,#57,#59,#60,#193,#194,#195,#196,#197,#198,#199,#2313,#2314));
#2316= IFCRELDEFINESBYPROPERTIES('1g6b75tCojzxgjPUV$SY2r',$,$,$,(#2311),#2315);
#2317= IFCPROPERTYSET('1_JnrHqie4H9KQuOGwsjoH',$,'Misc',$,(#85,#87,#88,#203));
#2318= IFCRELDEFINESBYPROPERTIES('2EXgZtMYoqFooFJMYRRJKC',$,$,$,(#2311),#2317);
#2319= IFCPROPERTYSET('33DgpDhT4ZLnPdIa95VqQq',$,'3D Visualization',$,(#91,#92,#93));
#2320= IFCRELDEFINESBYPROPERTIES('0Uht1BwI_0r_mbH0awzqP3',$,$,$,(#2311),#2319);
#2321= IFCPROPERTYSET('3yj7Td1YwcKN6ZpEVqIXx5',$,'General',$,(#72,#74,#75,#76,#77,#1820));
#2322= IFCRELDEFINESBYPROPERTIES('20rD0rpomphW8JoxAew54W',$,$,$,(#2311),#2321);
#2323= IFCPROPERTYSET('1RusDWzqmOduMIc4XyyRRQ',$,'Geometry',$,(#82));
#2324= IFCRELDEFINESBYPROPERTIES('2t2E28xs9TBsVPFP9_VKgf',$,$,$,(#2311),#2323);
#2325= IFCPROPERTYSET('3ecXpzq4J6rhjsKxQ_kCLn',$,'Corridor Identity',$,(#221,#224,#456,#457,#458,#461,#462,#856,#857,#858,#859,#860));
#2326= IFCRELDEFINESBYPROPERTIES('3dKLux_6a$Hapghhi11fDO',$,$,$,(#2311),#2325);
#2327= IFCPROPERTYSET('1ga1W3vGHYNJruH_Gt532T',$,'Corridor Model Information',$,(#863,#864,#865,#866,#867));
#2328= IFCRELDEFINESBYPROPERTIES('3pQoTvOlN9OneLYLAYpkN6',$,$,$,(#2311),#2327);
#2329= IFCPROPERTYSINGLEVALUE('Volume',$,IFCVOLUMEMEASURE(34.3977236593936),$);
#2330= IFCPROPERTYSET('0yrKuaubCKZ2UAlUh5aOHm',$,'Corridor Shape Information',$,(#235,#472,#473,#474,#1829,#2329));
#2331= IFCRELDEFINESBYPROPERTIES('3oa2aAU71hahxPsyeji4jl',$,$,$,(#2311),#2330);
#2332= IFCPROPERTYSINGLEVALUE('Kh\X2\1ED1\X0\i l\X2\01B0\X0\\X2\1EE3\X0\ng (m3)',$,IFCREAL(34.3977236589048),$);
#2333= IFCPROPERTYSET('1z8VqBMeXePmD2IZ8avt_h',$,'Thong_tin_BIM',$,(#252,#479,#480,#481,#1833,#1834,#1835,#1837,#1838,#1839,#1840,#2332));
#2334= IFCRELDEFINESBYPROPERTIES('2aotRx93LNbol3OLf7qXFX',$,$,$,(#2311),#2333);
#2335= IFCCARTESIANPOINTLIST3D(((-5.707624,-6.931596,-0.052489),(-5.707718,-6.931498,-0.352489),(-5.91936,-7.15022,-0.059769),(-5.919455,-7.150122,-0.359769),(-5.734346,-6.90512,-0.052979),(-5.73444,-6.905022,-0.352979),(-4.996294,-7.451764,-0.038017),(-4.824984,-7.243723,-0.032971),(-4.653674,-7.035681,-0.027926),(-4.066449,-7.782135,-0.018499),(-3.872343,-7.562797,-0.013859),(-3.307915,-8.320547,-0.004027),(-3.091012,-8.089913,0.000208),(-1.830283,-8.133169,0.021934),(-2.87411,-7.859279,0.004443),(-3.678237,-7.343459,-0.009219),(-5.167604,-7.659806,-0.043062),(-5.338914,-7.867848,-0.048107),(-6.326088,-7.689037,-0.074696),(-4.648768,-8.440148,-0.03242),(-3.747874,-10.06861,-0.008703),(-3.958623,-9.012449,-0.016732),(-3.74172,-8.781815,-0.012497),(-4.454662,-8.220811,-0.027779),(-4.260556,-8.001473,-0.023139),(-3.524817,-8.551181,-0.008262),(-5.137978,-6.115074,-0.031092),(-4.482364,-6.82764,-0.022881),(-6.326182,-7.688939,-0.374696),(-7.109713,6.636649,-0.017708),(-7.109619,6.636551,0.282292),(-3.827259,10.408314,0.082494),(-3.827164,10.408216,0.382494),(-4.084445,-10.408314,-0.014081),(-6.570792,-7.944922,-0.082494),(-4.084539,-10.408216,-0.314081),(-6.570886,-7.944824,-0.382494),(-1.5335,8.412094,0.32508),(-4.553033,7.659707,0.306811),(-5.741851,5.181967,0.23738),(-1.533594,8.412192,0.02508),(-5.741946,5.182065,-0.06262),(-4.553128,7.659805,0.006811),(0.956743,6.244896,0.262745),(-2.752235,5.830899,0.254423),(-4.690333,3.484641,0.192487),(0.956648,6.244994,-0.037255),(-4.690427,3.484739,-0.107513),(-2.75233,5.830997,-0.045577),(-1.410489,4.309031,0.212759),(-0.954182,3.753295,0.197901),(3.913846,3.6714,0.188724),(-0.497876,3.197558,0.183044),(-3.996984,1.612242,0.14765),(-2.334098,2.63895,0.170951),(-2.64892,3.150868,0.183985),(-2.963742,3.662786,0.197018),(3.913752,3.671498,-0.111276),(-0.954276,3.753393,-0.102099),(-2.649015,3.150966,-0.116015),(-3.997079,1.61234,-0.15235),(-2.334193,2.639048,-0.129049),(-0.49797,3.197656,-0.116956),(5.077735,2.658495,0.15959),(0.286026,2.225787,0.157166),(-1.818857,1.756207,0.14867),(-3.850494,0.961012,0.1327),(5.077641,2.658593,-0.14041),(0.285931,2.225885,-0.142834),(-1.818951,1.756305,-0.15133),(-3.850589,0.96111,-0.1673),(7.103149,0.895826,0.10889),(1.154612,1.118218,0.127802),(-1.313303,0.788746,0.124584),(-3.711941,-0.042462,0.110029),(7.103055,0.895924,-0.19111),(1.154518,1.118316,-0.172198),(-1.313397,0.788845,-0.175416),(-3.712035,-0.042364,-0.189971),(7.109713,0.890113,0.108726),(1.69731,0.424507,0.109402),(-2.359008,0.071495,0.109808),(-2.697176,0.042259,0.109846),(-3.035345,0.013022,0.109885),(-3.373513,-0.016214,0.109924),(-3.542598,-0.030832,0.109943),(-3.711682,-0.04545,0.109962),(-1.68267,0.129968,0.10973),(-1.006333,0.18844,0.109653),(-0.329996,0.246913,0.109576),(0.346341,0.305386,0.109499),(1.699015,0.422331,0.109344),(3.05169,0.539277,0.109189),(4.404364,0.656222,0.109035),(7.109619,0.890211,-0.191274),(-3.711776,-0.045352,-0.190038),(1.697215,0.424605,-0.190598),(4.40427,0.65632,-0.190965),(3.051596,0.539375,-0.190811),(1.698921,0.42243,-0.190656),(0.346247,0.305484,-0.190501),(-0.33009,0.247011,-0.190424),(-1.006428,0.188539,-0.190347),(-1.682765,0.130066,-0.190269),(-2.359102,0.071593,-0.190192),(-2.697271,0.042357,-0.190154),(-3.035439,0.01312,-0.190115),(-3.373608,-0.016116,-0.190076),(-3.542692,-0.030734,-0.190057),(7.102958,0.88323,0.164661),(4.401863,0.653267,0.130002),(1.697391,0.419863,0.123311),(3.047565,0.533854,0.144124),(4.399363,0.650313,0.150969),(0.343969,0.300937,0.130432),(1.695767,0.417395,0.137278),(-1.007081,0.186459,0.11662),(-1.007829,0.184478,0.123587),(-1.683727,0.126249,0.120164),(-2.359317,0.069757,0.113274),(-2.359626,0.068019,0.116741),(-2.697376,0.040582,0.112438),(-2.697576,0.038905,0.11503),(-3.035435,0.011406,0.111602),(-3.035525,0.00979,0.113318),(-3.204465,-0.003182,0.111183),(-3.373475,-0.019325,0.111607),(-3.373494,-0.017769,0.110765),(-3.542524,-0.032357,0.110347),(-3.627038,-0.039651,0.110138),(-3.711424,-0.048439,0.109895),(-3.542449,-0.033882,0.110751),(7.102864,0.883328,-0.135339),(-3.711518,-0.048341,-0.190105),(-3.627133,-0.039553,-0.189862),(-3.542618,-0.032259,-0.189653),(-3.373588,-0.017671,-0.189235),(-3.204559,-0.003084,-0.188817),(-3.373569,-0.019227,-0.188393),(-3.035619,0.009888,-0.186682),(-3.035529,0.011504,-0.188398),(-2.69747,0.04068,-0.187562),(-2.359411,0.069855,-0.186726),(-1.007175,0.186557,-0.18338),(0.343875,0.301035,-0.169568),(1.697297,0.419961,-0.176689),(4.401769,0.653366,-0.169998),(3.047471,0.533952,-0.155876),(1.695673,0.417493,-0.162722),(4.399268,0.650411,-0.149031),(-1.007923,0.184576,-0.176413),(-1.683822,0.126347,-0.179836),(-2.359721,0.068117,-0.183259),(-2.69767,0.039003,-0.18497),(-3.542544,-0.033784,-0.189249),(6.418417,0.192317,0.153724),(4.145407,0.352202,0.145994),(1.530126,0.166631,0.132795),(-1.085155,-0.01894,0.119597),(-2.392796,-0.111726,0.112997),(-3.689448,-0.360584,0.102901),(6.418323,0.192415,-0.146276),(-3.689542,-0.360486,-0.197099),(-1.085249,-0.018842,-0.180403),(1.530032,0.166729,-0.167205),(4.145313,0.3523,-0.154006),(1.274857,-0.220852,0.125859),(3.754984,-0.106774,0.138327),(6.051804,-0.177709,0.147866),(1.18523,-0.357571,0.123406),(-1.20527,-0.33493,0.113391),(-2.445333,-0.391969,0.107157),(-3.681345,-0.537433,0.098945),(-1.248058,-0.447502,0.111175),(6.05171,-0.177611,-0.152134),(1.274763,-0.220754,-0.174141),(-1.205364,-0.334832,-0.186609),(-3.681439,-0.537335,-0.201055),(-1.248152,-0.447404,-0.188825),(1.185135,-0.357473,-0.176594),(3.75489,-0.106676,-0.161673),(3.025575,-0.973488,0.123719),(2.432634,-1.679336,0.111802),(2.92233,-3.336314,0.097867),(1.839693,-2.385184,0.099885),(-0.428827,-2.845749,0.078068),(-0.025313,-2.223705,0.089403),(-1.890319,-2.062226,0.07892),(-1.676232,-1.523984,0.089672),(-2.703448,-1.485147,0.08414),(-2.584075,-0.988807,0.0946),(-1.462145,-0.985743,0.100424),(0.781715,-0.979616,0.112071),(0.378201,-1.60166,0.100737),(-3.779985,-2.355184,0.05827),(-2.822822,-1.981486,0.073679),(-2.104406,-2.600467,0.068169),(2.922236,-3.336216,-0.202133),(-2.584169,-0.988709,-0.2054),(-2.703543,-1.485048,-0.21586),(-3.780079,-2.355086,-0.24173),(-2.822916,-1.981388,-0.226321),(-2.104501,-2.600369,-0.231831),(-1.890413,-2.062128,-0.221079),(-0.025407,-2.223607,-0.210597),(0.378107,-1.601562,-0.199263),(2.43254,-1.679238,-0.188198),(3.025481,-0.97339,-0.176281),(0.781621,-0.979518,-0.187929),(-1.462239,-0.985645,-0.199576),(-1.676326,-1.523886,-0.210328),(1.839598,-2.385086,-0.200115),(-0.428922,-2.845651,-0.221932),(0.731415,-3.701624,0.077438),(0.473747,-4.00692,0.072173),(0.216079,-4.312216,0.066908),(-1.004789,-3.698449,0.061977),(-1.196776,-3.982682,0.056614),(-2.483325,-3.389977,0.051782),(-2.609631,-3.653147,0.04632),(-4.264987,-4.292042,0.013781),(-0.812802,-3.414215,0.067341),(-2.357019,-3.126807,0.057244),(-1.964724,-5.119614,0.03516),(-2.862243,-4.179487,0.035395),(-2.735937,-3.916317,0.040857),(-1.388763,-4.266915,0.05125),(-0.041589,-4.617512,0.061643),(0.335539,-5.947186,0.056538),(-0.299257,-4.922808,0.056378),(-1.58075,-4.551148,0.045887),(0.335445,-5.947088,-0.243462),(-2.357113,-3.126709,-0.242756),(-2.483419,-3.389879,-0.248218),(-2.609725,-3.653049,-0.25368),(-1.004883,-3.69835,-0.238023),(-1.19687,-3.982583,-0.243386),(0.473653,-4.006822,-0.227827),(0.215985,-4.312118,-0.233092),(-0.812896,-3.414117,-0.232659),(0.731321,-3.701526,-0.222562),(-0.299351,-4.92271,-0.243622),(-1.964818,-5.119516,-0.26484),(-1.580844,-4.551049,-0.254113),(-2.862337,-4.179389,-0.264605),(-4.265081,-4.291944,-0.286219),(-1.178761,-5.950089,0.038481),(-1.542929,-6.366779,0.031114),(-1.388551,-7.687324,0.028992),(-1.725013,-6.575123,0.02743),(-1.907097,-6.783468,0.023746),(-2.708009,-6.115474,0.015539),(-2.856666,-6.314646,0.011615),(-3.691005,-5.655825,0.003647),(-3.806235,-5.845825,-0.000517),(-4.91941,-5.738657,-0.021459),(-3.153981,-6.712991,0.003766),(-3.345315,-5.085827,0.016141),(-2.262038,-5.517958,0.027311),(-3.575775,-5.465826,0.007812),(-2.559352,-5.916302,0.019463),(-1.388645,-7.687226,-0.271008),(-3.34541,-5.085729,-0.283859),(-3.57587,-5.465728,-0.292188),(-4.919505,-5.738559,-0.321459),(-3.80633,-5.845727,-0.300517),(-3.154075,-6.712893,-0.296234),(-2.856761,-6.314548,-0.288385),(-1.907192,-6.78337,-0.276254),(-1.543023,-6.366681,-0.268886),(-1.178855,-5.949991,-0.261519),(-2.262132,-5.51786,-0.272689),(-2.559447,-5.916204,-0.280537),(-1.805437,-8.108092,0.022331),(-2.453312,-7.402355,0.012746),(-3.309629,-6.907003,-0.00017),(-4.165947,-6.41165,-0.013086),(-3.465278,-7.101015,-0.004107),(-5.125118,-6.093938,-0.030545),(-1.805532,-8.107994,-0.277669),(-5.125212,-6.09384,-0.330545),(-4.166041,-6.411552,-0.313086),(-3.309723,-6.906905,-0.30017),(-2.453406,-7.402257,-0.287254),(-3.465372,-7.100917,-0.304107),(-1.824261,-8.12709,0.02203),(-3.472417,-7.109768,-0.004286),(-5.134854,-6.109952,-0.030959),(-1.824355,-8.126992,-0.27797),(-5.134948,-6.109853,-0.330959),(-3.472512,-7.10967,-0.304286),(-1.827272,-8.13013,0.021982),(-3.480701,-7.119921,-0.004493),(-5.136416,-6.112513,-0.031026),(-1.827366,-8.130032,-0.278018),(-5.13651,-6.112415,-0.331026),(-3.480795,-7.119823,-0.304493),(-3.482987,-7.122722,-0.00455),(-1.830378,-8.133071,-0.278066),(-5.138072,-6.114976,-0.331092),(-3.483081,-7.122624,-0.30455),(-3.747969,-10.068512,-0.308703),(-4.996389,-7.451666,-0.338017),(-5.167699,-7.659708,-0.343062),(-5.339009,-7.867749,-0.348107),(-4.648863,-8.44005,-0.332419),(-3.958717,-9.012351,-0.316732),(-3.741814,-8.781717,-0.312497),(-4.454756,-8.220712,-0.327779),(-4.653768,-7.035583,-0.327926),(-4.825079,-7.243625,-0.332971),(-4.066544,-7.782037,-0.318499),(-4.26065,-8.001375,-0.323139),(-3.308009,-8.320449,-0.304027),(-3.524912,-8.551083,-0.308262),(-3.678331,-7.343361,-0.309219),(-4.482458,-6.827542,-0.322881),(-3.872437,-7.562699,-0.313859),(-2.874204,-7.859181,-0.295557),(-3.091106,-8.089815,-0.299792),(-5.1823,-9.027721,-0.044993),(-4.54923,-9.633091,-0.028193),(-5.81537,-8.42235,-0.061794),(-5.182394,-9.027623,-0.344993),(-5.815464,-8.422252,-0.361794),(-4.549324,-9.632993,-0.328193)),$);
#2336= IFCTRIANGULATEDFACESET(#2335,$,$,((1,2,3),(3,2,4),(1,5,2),(2,5,6),(1,7,5),(5,7,8),(5,8,9),(9,8,10),(9,10,11),(11,10,12),(11,12,13),(13,12,14),(13,14,15),(15,14,16),(15,16,13),(13,16,11),(7,1,17),(17,1,3),(17,3,18),(18,3,19),(18,19,20),(20,19,21),(20,21,22),(22,21,23),(22,23,24),(24,23,25),(24,25,7),(7,25,8),(23,21,26),(26,21,14),(26,14,12),(14,27,16),(16,27,28),(16,28,11),(11,28,9),(28,27,9),(9,27,5),(25,23,26),(7,17,24),(24,17,20),(24,20,22),(18,20,17),(12,10,26),(26,10,25),(10,8,25),(3,4,19),(19,4,29),(30,31,32),(32,31,33),(34,35,36),(36,35,37),(38,33,39),(39,33,31),(39,31,40),(40,38,39),(33,38,32),(32,38,41),(42,30,43),(43,30,32),(43,32,41),(41,42,43),(31,30,40),(40,30,42),(44,38,45),(45,38,40),(45,40,46),(46,44,45),(38,44,41),(41,44,47),(48,42,49),(49,42,41),(49,41,47),(47,48,49),(40,42,46),(46,42,48),(46,50,44),(44,50,51),(44,51,52),(52,51,53),(52,53,54),(54,53,55),(54,55,56),(56,55,53),(56,53,51),(54,56,46),(46,56,57),(46,57,50),(50,57,51),(56,51,57),(44,52,47),(47,52,58),(47,59,48),(48,59,60),(48,60,61),(61,60,62),(61,62,63),(63,62,59),(63,59,58),(58,59,47),(58,61,63),(62,60,59),(46,48,54),(54,48,61),(64,52,65),(65,52,54),(65,54,66),(66,54,67),(66,67,65),(65,67,64),(52,64,58),(58,64,68),(58,69,61),(61,69,70),(61,70,71),(71,70,69),(71,69,68),(68,69,58),(54,61,67),(67,61,71),(72,64,73),(73,64,67),(73,67,74),(74,67,75),(74,75,73),(73,75,72),(64,72,68),(68,72,76),(68,77,71),(71,77,78),(71,78,79),(79,78,77),(79,77,76),(76,77,68),(67,71,75),(75,71,79),(80,72,81),(81,72,75),(81,75,82),(82,75,83),(83,75,84),(84,75,85),(85,75,86),(86,75,87),(82,88,81),(81,88,89),(81,89,90),(90,91,81),(81,91,92),(81,92,93),(93,94,81),(81,94,80),(72,80,76),(76,80,95),(96,79,97),(97,79,76),(97,76,95),(95,98,97),(97,98,99),(97,99,100),(100,101,97),(97,101,102),(97,102,103),(103,104,97),(97,104,105),(97,105,106),(106,107,97),(97,107,108),(97,108,109),(109,96,97),(75,79,87),(87,79,96),(110,80,111),(111,80,94),(111,94,93),(92,112,93),(93,112,113),(93,113,111),(111,113,114),(111,114,110),(92,91,112),(112,91,115),(112,115,116),(91,90,115),(115,90,117),(115,117,118),(118,117,119),(119,117,120),(119,120,121),(121,120,122),(121,122,123),(123,122,124),(123,124,125),(125,124,126),(125,126,127),(127,126,128),(127,128,129),(129,128,86),(129,86,130),(130,86,87),(130,87,131),(90,89,117),(117,89,88),(117,88,120),(120,88,82),(120,82,83),(120,83,122),(122,83,84),(122,84,124),(124,84,126),(84,85,126),(126,85,128),(85,86,128),(131,132,130),(130,132,129),(132,127,129),(116,113,112),(95,80,133),(133,80,110),(134,96,135),(135,96,109),(135,109,136),(136,109,108),(136,108,137),(137,108,138),(137,138,139),(139,138,140),(140,138,141),(140,141,142),(142,141,106),(142,106,105),(108,107,138),(138,107,141),(107,106,141),(142,105,143),(143,105,104),(143,104,144),(144,104,103),(144,103,102),(144,102,145),(145,102,101),(145,101,146),(146,101,100),(146,100,99),(98,147,99),(99,147,148),(99,148,146),(146,148,149),(146,149,145),(98,95,147),(147,95,133),(147,133,150),(150,148,147),(145,151,144),(144,151,152),(144,152,143),(143,152,153),(143,153,154),(143,154,142),(142,154,140),(139,155,137),(137,155,136),(136,155,135),(135,155,134),(87,96,131),(131,96,134),(156,110,157),(157,110,114),(157,114,113),(157,113,158),(158,113,116),(158,116,115),(158,115,159),(159,115,118),(159,118,119),(159,119,160),(160,119,121),(160,121,123),(123,125,160),(160,125,127),(160,127,132),(132,131,160),(160,131,161),(160,161,159),(159,161,158),(161,156,158),(158,156,157),(110,156,133),(133,156,162),(134,155,163),(163,155,139),(163,139,140),(163,140,164),(164,140,154),(164,154,153),(153,152,164),(164,152,151),(164,151,145),(164,145,165),(165,145,149),(165,149,148),(165,148,166),(166,148,150),(166,150,133),(133,162,166),(166,162,165),(162,163,165),(165,163,164),(131,134,161),(161,134,163),(161,167,156),(156,167,168),(156,168,169),(169,168,170),(170,168,167),(170,167,171),(171,167,161),(171,161,172),(172,161,173),(172,173,174),(172,174,171),(171,174,170),(156,169,162),(162,169,175),(162,176,163),(163,176,177),(163,177,178),(178,177,179),(179,177,176),(179,176,180),(180,176,181),(180,181,175),(175,181,162),(162,181,176),(161,163,173),(173,163,178),(170,182,169),(169,182,183),(169,183,184),(184,183,185),(184,185,186),(186,185,187),(186,187,188),(188,187,189),(188,189,190),(190,189,191),(190,191,173),(173,191,174),(174,191,192),(174,192,193),(193,192,194),(193,194,183),(183,194,185),(182,170,193),(193,170,174),(173,195,190),(190,195,196),(190,196,188),(188,196,197),(188,197,186),(195,197,196),(193,183,182),(194,192,189),(189,192,191),(189,187,194),(194,187,185),(169,184,175),(175,184,198),(179,199,178),(178,199,200),(178,200,201),(201,200,202),(201,202,203),(203,202,204),(203,204,205),(205,204,206),(205,206,207),(207,206,208),(207,208,175),(175,208,180),(180,208,209),(180,209,210),(210,209,211),(210,211,200),(200,211,202),(199,179,210),(210,179,180),(175,198,207),(207,198,212),(207,212,205),(205,212,213),(205,213,203),(198,213,212),(210,200,199),(211,209,206),(206,209,208),(206,204,211),(211,204,202),(173,178,195),(195,178,201),(186,214,184),(184,214,215),(184,215,216),(216,215,217),(216,217,218),(218,217,219),(218,219,220),(220,219,195),(220,195,221),(214,186,222),(222,186,197),(222,197,223),(223,197,195),(223,195,219),(224,225,221),(221,225,226),(221,226,220),(220,226,227),(220,227,218),(218,227,228),(218,228,216),(216,228,229),(216,229,184),(229,230,224),(224,230,231),(224,231,225),(225,231,226),(230,229,228),(215,214,222),(219,217,223),(223,217,222),(217,215,222),(228,227,230),(230,227,231),(227,226,231),(184,229,198),(198,229,232),(203,233,201),(201,233,234),(201,234,235),(235,234,236),(235,236,237),(237,236,238),(237,238,239),(239,238,198),(239,198,232),(203,213,233),(233,213,240),(233,240,234),(234,240,236),(240,213,241),(241,213,198),(241,198,238),(239,232,242),(242,232,243),(242,243,244),(244,243,245),(244,245,237),(237,245,235),(243,246,245),(245,246,235),(246,201,235),(236,240,241),(238,236,241),(239,242,244),(239,244,237),(195,201,221),(221,201,246),(224,247,229),(229,247,248),(229,248,249),(249,248,250),(249,250,251),(251,250,252),(251,252,253),(253,252,254),(253,254,255),(255,254,256),(255,256,257),(221,258,224),(224,258,259),(224,259,247),(247,259,248),(258,221,260),(260,221,256),(260,256,254),(249,251,257),(257,251,253),(257,253,255),(259,258,261),(261,258,260),(261,260,252),(252,260,254),(250,248,261),(261,248,259),(250,261,252),(229,249,232),(232,249,262),(243,263,246),(246,263,264),(246,264,265),(265,264,266),(265,266,267),(267,266,268),(267,268,269),(269,268,270),(269,270,262),(262,270,232),(232,270,271),(232,271,243),(243,271,272),(243,272,263),(263,272,264),(262,267,269),(272,271,273),(273,271,270),(273,270,268),(273,268,266),(266,264,273),(273,264,272),(221,246,256),(256,246,265),(274,249,275),(275,249,257),(275,257,276),(276,257,277),(276,277,278),(278,277,279),(279,277,256),(256,277,257),(276,278,275),(275,278,274),(249,274,262),(262,274,280),(281,265,282),(282,265,267),(282,267,283),(283,267,284),(283,284,285),(285,284,280),(280,284,262),(262,284,267),(283,285,282),(282,285,281),(256,265,279),(279,265,281),(286,274,287),(287,274,278),(287,278,279),(279,288,287),(287,288,286),(274,286,280),(280,286,289),(290,281,291),(291,281,285),(291,285,280),(280,289,291),(291,289,290),(279,281,288),(288,281,290),(292,286,293),(293,286,288),(293,288,294),(294,292,293),(286,292,289),(289,292,295),(296,290,297),(297,290,289),(297,289,295),(295,296,297),(288,290,294),(294,290,296),(14,292,298),(298,292,294),(298,294,27),(27,14,298),(292,14,295),(295,14,299),(300,296,301),(301,296,295),(301,295,299),(299,300,301),(294,296,27),(27,296,300),(14,21,299),(299,21,302),(6,303,2),(2,303,304),(2,304,4),(4,304,305),(4,305,29),(29,305,306),(29,306,302),(302,306,307),(302,307,308),(308,307,306),(308,306,309),(309,306,305),(309,305,304),(300,310,6),(6,310,311),(6,311,303),(303,311,312),(303,312,313),(313,312,314),(313,314,315),(315,314,299),(315,299,302),(299,316,300),(300,316,317),(300,317,310),(310,317,316),(310,316,318),(318,316,319),(318,319,320),(320,319,299),(320,299,314),(315,302,308),(309,304,313),(313,304,303),(308,309,315),(315,309,313),(316,299,319),(311,310,318),(314,312,320),(320,312,318),(312,311,318),(6,5,300),(300,5,27),(19,321,21),(21,321,322),(21,322,34),(34,322,321),(34,321,35),(35,321,323),(35,323,19),(19,323,321),(21,34,302),(302,34,36),(302,324,29),(29,324,325),(29,325,37),(37,325,324),(37,324,36),(36,324,326),(36,326,302),(302,326,324),(19,29,35),(35,29,37)),$);
#2337= IFCSHAPEREPRESENTATION(#178,'Body','Tessellation',(#2336));
#2338= IFCPRODUCTDEFINITIONSHAPE($,$,(#2337));
#2339= IFCCARTESIANPOINT((505218.549611,1707727.309253,369.894828));
#2340= IFCAXIS2PLACEMENT3D(#2339,$,$);
#2341= IFCLOCALPLACEMENT(#5,#2340);
#2342= IFCBUILTELEMENT('2Z9Wr4zbHBYgz5PI76qove',$,'CP\X2\0110\X0\D lo\X2\1EA1\X0\i I',$,$,#2341,#2338,'610FC');
#2343= IFCSTYLEDITEM(#2336,(#1809),'CP\X2\0110\X0\D lo\X2\1EA1\X0\i I');
#2344= IFCPROPERTYSINGLEVALUE('Area',$,IFCREAL(286.664504438588),$);
#2345= IFCPROPERTYSINGLEVALUE('Bounds',$,IFCLABEL('((505211.4397836856,1707716.9008117437,369.5072306012258),(505225.6594078807,1707737.7177178029,370.27835365059656))'),$);
#2346= IFCPROPERTYSET('2CHQ9VsApF42gHDtQDMkQg',$,'Properties',$,(#39,#40,#41,#42,#43,#44,#47,#48,#49,#50,#51,#52,#53,#54,#55,#56,#57,#59,#60,#193,#194,#195,#196,#197,#198,#199,#2344,#2345));
#2347= IFCRELDEFINESBYPROPERTIES('3ksh9xgpLG3O1obIcgtSyD',$,$,$,(#2342),#2346);
#2348= IFCPROPERTYSET('0R96Ppge_rNBIM6O5YHkUm',$,'Misc',$,(#85,#87,#88,#203));
#2349= IFCRELDEFINESBYPROPERTIES('33yqBzCQvwPu$Ml21VhAZT',$,$,$,(#2342),#2348);
#2350= IFCPROPERTYSET('3bSLmG89t3J$fZHA7j0B1E',$,'3D Visualization',$,(#91,#92,#93));
#2351= IFCRELDEFINESBYPROPERTIES('3plSEbO6CLG2Pm2DlhZXNR',$,$,$,(#2342),#2350);
#2352= IFCPROPERTYSET('0wfU0uuGI61orGLieltour',$,'General',$,(#72,#74,#75,#76,#77,#1820));
#2353= IFCRELDEFINESBYPROPERTIES('1vRSVAjxj6AD$UqCz6Qsik',$,$,$,(#2342),#2352);
#2354= IFCPROPERTYSET('19gF7hMoNtwM9LrblgY0pV',$,'Geometry',$,(#82));
#2355= IFCRELDEFINESBYPROPERTIES('2XCeEv3tvBiAz6Ryf5dfwZ',$,$,$,(#2342),#2354);
#2356= IFCPROPERTYSET('1ZuMdmDAOZPpoJCAdUbUpg',$,'Corridor Identity',$,(#221,#224,#456,#457,#458,#461,#509,#856,#897,#898,#899,#900));
#2357= IFCRELDEFINESBYPROPERTIES('2HbtKS2ePizzN1byPTej5H',$,$,$,(#2342),#2356);
#2358= IFCPROPERTYSET('3PV1eMEHaCXzE55fg5fK0j',$,'Corridor Model Information',$,(#863,#903,#904,#905,#906));
#2359= IFCRELDEFINESBYPROPERTIES('06Vfb10ITQsP68ngOBAlN5',$,$,$,(#2342),#2358);
#2360= IFCPROPERTYSINGLEVALUE('Volume',$,IFCVOLUMEMEASURE(40.4245729960386),$);
#2361= IFCPROPERTYSET('0ZkZpY1$rCDAjp7Fr8G9A0',$,'Corridor Shape Information',$,(#235,#472,#473,#518,#1829,#2360));
#2362= IFCRELDEFINESBYPROPERTIES('25VnTa8t1HHUaUGhPDnnpL',$,$,$,(#2342),#2361);
#2363= IFCPROPERTYSINGLEVALUE('Kh\X2\1ED1\X0\i l\X2\01B0\X0\\X2\1EE3\X0\ng (m3)',$,IFCREAL(40.4245729964506),$);
#2364= IFCPROPERTYSET('0qOVF4a1czaDBVeO1oO1N9',$,'Thong_tin_BIM',$,(#252,#479,#523,#524,#1833,#1834,#1835,#1837,#1838,#1839,#1840,#2363));
#2365= IFCRELDEFINESBYPROPERTIES('3SMPab181iLioS5jpQtOcQ',$,$,$,(#2342),#2364);
#2366= IFCCARTESIANPOINTLIST3D(((-0.628337,1.852114,0.195615),(1.857966,-0.611232,0.124029),(-0.628431,1.852212,-0.104385),(1.857872,-0.611134,-0.175971),(-1.857872,0.611134,0.175971),(-1.857966,0.611232,-0.124029),(0.628431,-1.852212,0.104385),(0.628337,-1.852114,-0.195615)),$);
#2367= IFCTRIANGULATEDFACESET(#2366,$,$,((1,2,3),(3,2,4),(5,6,7),(7,6,8),(1,5,2),(2,5,7),(2,7,4),(4,7,8),(3,4,6),(6,4,8),(1,3,5),(5,3,6)),$);
#2368= IFCSHAPEREPRESENTATION(#178,'Body','Tessellation',(#2367));
#2369= IFCPRODUCTDEFINITIONSHAPE($,$,(#2368));
#2370= IFCCARTESIANPOINT((505216.323038,1707716.289806,369.704777));
#2371= IFCAXIS2PLACEMENT3D(#2370,$,$);
#2372= IFCLOCALPLACEMENT(#5,#2371);
#2373= IFCBUILTELEMENT('1WvKtiVqjA_x6BqV1mkAQm',$,'CP\X2\0110\X0\D lo\X2\1EA1\X0\i I',$,$,#2372,#2369,'6110A');
#2374= IFCSTYLEDITEM(#2367,(#1809),'CP\X2\0110\X0\D lo\X2\1EA1\X0\i I');
#2375= IFCPROPERTYSINGLEVALUE('Area',$,IFCREAL(15.3799397784376),$);
#2376= IFCPROPERTYSINGLEVALUE('Bounds',$,IFCLABEL('((505214.4650494099,1707714.437564064,369.5087749672579),(505218.18102592626,1707718.1420473147,369.900778394469))'),$);
#2377= IFCPROPERTYSET('2vkIuDSHkvtJBzj1C1KR1W',$,'Properties',$,(#39,#40,#41,#42,#43,#44,#45,#46,#47,#48,#49,#50,#51,#52,#53,#54,#55,#56,#57,#59,#60,#193,#197,#299,#300,#301,#2375,#2376));
#2378= IFCRELDEFINESBYPROPERTIES('34HhfQEp4s23ROaLX$l1ZX',$,$,$,(#2373),#2377);
#2379= IFCPROPERTYSET('0X9GqPyuK$WQkmu8$tycMZ',$,'Misc',$,(#85,#87,#88,#203));
#2380= IFCRELDEFINESBYPROPERTIES('1X5Uw62FYiD_dI4Yqfp6ji',$,$,$,(#2373),#2379);
#2381= IFCPROPERTYSET('3AwSn_7Q4CWaZGA7MtsYbF',$,'3D Visualization',$,(#91,#92,#93));
#2382= IFCRELDEFINESBYPROPERTIES('2Jv4T9Oi_0AzpF4jLr2i1O',$,$,$,(#2373),#2381);
#2383= IFCPROPERTYSET('3Z0B$eBeBjQVr8jWYDx2Lv',$,'General',$,(#72,#74,#75,#76,#77,#1820));
#2384= IFCRELDEFINESBYPROPERTIES('04wEIKmfMQn1LBtSFSxqXd',$,$,$,(#2373),#2383);
#2385= IFCPROPERTYSET('15DN5RYtsFo$m1hUlk1vpF',$,'Geometry',$,(#82));
#2386= IFCRELDEFINESBYPROPERTIES('0As2_I$UE3MzlGL8QiRzVv',$,$,$,(#2373),#2385);
#2387= IFCPROPERTYSET('3QLxJS9Tq$BhdLKuyeuY3G',$,'Corridor Identity',$,(#218,#221,#224,#550,#551,#554,#555,#856,#936,#937,#938,#939));
#2388= IFCRELDEFINESBYPROPERTIES('1_pJJmfoXRX8wGkRFHaVsv',$,$,$,(#2373),#2387);
#2389= IFCPROPERTYSET('3AJU3NkqDvFlIFULYhtdGD',$,'Corridor Model Information',$,(#863,#942,#943,#944,#945));
#2390= IFCRELDEFINESBYPROPERTIES('0jDY0nj68UtPBlUzHD2rnN',$,$,$,(#2373),#2389);
#2391= IFCPROPERTYSINGLEVALUE('Volume',$,IFCVOLUMEMEASURE(1.83428407990379),$);
#2392= IFCPROPERTYSET('1PL61XQ3nmZhYiVLIbHnWh',$,'Corridor Shape Information',$,(#235,#564,#565,#566,#1829,#2391));
#2393= IFCRELDEFINESBYPROPERTIES('0vUmIkl_otBesVVgwTTYIk',$,$,$,(#2373),#2392);
#2394= IFCPROPERTYSINGLEVALUE('Kh\X2\1ED1\X0\i l\X2\01B0\X0\\X2\1EE3\X0\ng (m3)',$,IFCREAL(1.83428407988595),$);
#2395= IFCPROPERTYSET('015c6rTrGfuyYUeCAvokLQ',$,'Thong_tin_BIM',$,(#252,#571,#572,#573,#1833,#1834,#1835,#1837,#1838,#1839,#1840,#2394));
#2396= IFCRELDEFINESBYPROPERTIES('0geZtMjTwvjvWx58KZq2Jd',$,$,$,(#2373),#2395);
#2397= IFCCARTESIANPOINTLIST3D(((2.276012,4.783499,0.242018),(4.762315,2.320153,0.170432),(2.275918,4.783597,-0.057982),(4.762221,2.320251,-0.129568),(-4.762221,-2.320251,0.129568),(-4.762315,-2.320153,-0.170432),(-2.275918,-4.783597,0.057982),(-2.276012,-4.783499,-0.242018),(2.209047,4.715911,0.240948),(4.69535,2.252565,0.169362),(4.695256,2.252663,-0.130638),(2.208953,4.716009,-0.059052),(1.179454,3.676733,0.224498),(3.665757,1.213387,0.152912),(3.665662,1.213485,-0.147088),(1.179359,3.676831,-0.075501),(0.801401,3.295161,0.218458),(3.287704,0.831815,0.146872),(3.28761,0.831913,-0.153128),(0.801307,3.295259,-0.081542),(-0.606246,1.874411,0.195968),(1.880057,-0.588935,0.124382),(1.879963,-0.588837,-0.175618),(-0.60634,1.874509,-0.104032),(-2.013892,0.453661,0.173478),(0.472411,-2.009685,0.101892),(0.472317,-2.009587,-0.198108),(-2.013986,0.453759,-0.126522),(-3.421539,-0.967089,0.150988),(-0.935236,-3.430435,0.079402),(-0.93533,-3.430337,-0.220598),(-3.421633,-0.966991,-0.149012),(-3.532686,-1.07927,0.149213),(-1.046383,-3.542616,0.077626),(-1.046477,-3.542518,-0.222374),(-3.53278,-1.079172,-0.150787),(-3.534797,-1.081402,0.149179),(-1.048494,-3.544747,0.077592),(-1.048588,-3.544649,-0.222408),(-3.534891,-1.081304,-0.150821)),$);
#2398= IFCTRIANGULATEDFACESET(#2397,$,$,((1,2,3),(3,2,4),(5,6,7),(7,6,8),(1,9,2),(2,9,10),(2,10,4),(4,10,11),(3,4,12),(12,4,11),(1,3,9),(9,3,12),(9,13,10),(10,13,14),(10,14,11),(11,14,15),(12,11,16),(16,11,15),(9,12,13),(13,12,16),(13,17,14),(14,17,18),(14,18,15),(15,18,19),(16,15,20),(20,15,19),(13,16,17),(17,16,20),(17,21,18),(18,21,22),(18,22,19),(19,22,23),(20,19,24),(24,19,23),(17,20,21),(21,20,24),(21,25,22),(22,25,26),(22,26,23),(23,26,27),(24,23,28),(28,23,27),(21,24,25),(25,24,28),(25,29,26),(26,29,30),(26,30,27),(27,30,31),(28,27,32),(32,27,31),(25,28,29),(29,28,32),(29,33,30),(30,33,34),(30,34,31),(31,34,35),(32,31,36),(36,31,35),(29,32,33),(33,32,36),(33,37,34),(34,37,38),(34,38,35),(35,38,39),(36,35,40),(40,35,39),(33,36,37),(37,36,40),(37,5,38),(38,5,7),(38,7,39),(39,7,8),(40,39,6),(6,39,8),(37,40,5),(5,40,6)),$);
#2399= IFCSHAPEREPRESENTATION(#178,'Body','Tessellation',(#2398));
#2400= IFCPRODUCTDEFINITIONSHAPE($,$,(#2399));
#2401= IFCCARTESIANPOINT((505212.189154,1707712.117441,369.63873));
#2402= IFCAXIS2PLACEMENT3D(#2401,$,$);
#2403= IFCLOCALPLACEMENT(#5,#2402);
#2404= IFCBUILTELEMENT('1NlJabfcv4nxgpTfOaqZzf',$,'CP\X2\0110\X0\D lo\X2\1EA1\X0\i I',$,$,#2403,#2400,'61113');
#2405= IFCSTYLEDITEM(#2398,(#1809),'CP\X2\0110\X0\D lo\X2\1EA1\X0\i I');
#2406= IFCPROPERTYSINGLEVALUE('Area',$,IFCREAL(78.118414600033),$);
#2407= IFCPROPERTYSINGLEVALUE('Bounds',$,IFCLABEL('((505207.4268169535,1707707.3337841134,369.394499930975),(505216.951490903,1707716.9010971605,369.8829591894394))'),$);
#2408= IFCPROPERTYSET('2Kl2juOIKqfvJdWD5_tlOz',$,'Properties',$,(#39,#40,#41,#42,#43,#44,#45,#46,#47,#48,#49,#50,#51,#52,#53,#54,#55,#56,#57,#59,#60,#193,#197,#299,#300,#301,#2406,#2407));
#2409= IFCRELDEFINESBYPROPERTIES('16dOrtR5Sq7Lp9_UDkHQqO',$,$,$,(#2404),#2408);
#2410= IFCPROPERTYSET('2xiVG_I5aK$O1ECY95kMnm',$,'Misc',$,(#85,#87,#88,#203));
#2411= IFCRELDEFINESBYPROPERTIES('36$zpxGqtVb18Kl_hiFJ3q',$,$,$,(#2404),#2410);
#2412= IFCPROPERTYSET('2osDWrAceUWu_T8t2Z7BU2',$,'3D Visualization',$,(#91,#92,#93));
#2413= IFCRELDEFINESBYPROPERTIES('3lYd$Z8X1mdl3uiL91Sfxr',$,$,$,(#2404),#2412);
#2414= IFCPROPERTYSET('0L8s$xnPPhEnmvJymRNIK_',$,'General',$,(#72,#74,#75,#76,#77,#1820));
#2415= IFCRELDEFINESBYPROPERTIES('2JN$g4bVPhkfqP1M79UZe6',$,$,$,(#2404),#2414);
#2416= IFCPROPERTYSET('3d0BhvasD$duPJFMZfqWDs',$,'Geometry',$,(#82));
#2417= IFCRELDEFINESBYPROPERTIES('32rHuf5rS97TLPX3vNwjOm',$,$,$,(#2404),#2416);
#2418= IFCPROPERTYSET('1yMinpn7tuY49lIxWi1eZF',$,'Corridor Identity',$,(#218,#221,#224,#597,#598,#600,#601,#856,#936,#937,#938,#975));
#2419= IFCRELDEFINESBYPROPERTIES('30nQMgu3ZcBncGfQUB$Znv',$,$,$,(#2404),#2418);
#2420= IFCPROPERTYSET('3jhh0RJd3ZKVqIUDG8sCq0',$,'Corridor Model Information',$,(#863,#942,#943,#944,#978));
#2421= IFCRELDEFINESBYPROPERTIES('2qzJ_9PCgTKQ7qJg$3v2Z5',$,$,$,(#2404),#2420);
#2422= IFCPROPERTYSINGLEVALUE('Volume',$,IFCVOLUMEMEASURE(10.5000000004047),$);
#2423= IFCPROPERTYSET('3gXPUEdDmsmAy6S6IuIbfh',$,'Corridor Shape Information',$,(#235,#607,#608,#609,#1829,#2422));
#2424= IFCRELDEFINESBYPROPERTIES('30jTnX8uCej7LgGSXtCb1Q',$,$,$,(#2404),#2423);
#2425= IFCPROPERTYSINGLEVALUE('Kh\X2\1ED1\X0\i l\X2\01B0\X0\\X2\1EE3\X0\ng (m3)',$,IFCREAL(10.5000000002325),$);
#2426= IFCPROPERTYSET('0fWIYPJ3YxvBGzAV8DF2q$',$,'Thong_tin_BIM',$,(#252,#614,#615,#616,#1833,#1834,#1835,#1837,#1838,#1839,#1840,#2425));
#2427= IFCRELDEFINESBYPROPERTIES('0INd6$sYzCqzkXQ7TnX6RG',$,$,$,(#2404),#2426);
#2428= IFCCARTESIANPOINTLIST3D(((4.762337,2.32013,0.240432),(4.762243,2.320228,-0.059568),(2.27599,4.783522,0.172018),(2.275896,4.78362,-0.127982),(-2.275896,-4.78362,0.127982),(-4.762243,-2.320228,0.059568),(-2.27599,-4.783522,-0.172018),(-4.762337,-2.32013,-0.240432),(4.695372,2.252542,0.239362),(2.209025,4.715934,0.170948),(2.208931,4.716032,-0.129052),(4.695278,2.25264,-0.060638),(3.665779,1.213364,0.222912),(1.179432,3.676756,0.154498),(1.179337,3.676854,-0.145501),(3.665684,1.213462,-0.077088),(3.287726,0.831792,0.216872),(0.801379,3.295184,0.148458),(0.801285,3.295282,-0.151542),(3.287632,0.83189,-0.083128),(1.880079,-0.588958,0.194382),(-0.606268,1.874434,0.125968),(-0.606362,1.874532,-0.174032),(1.879985,-0.58886,-0.105618),(0.472433,-2.009708,0.171892),(-2.013914,0.453684,0.103478),(-2.014008,0.453782,-0.196522),(0.472339,-2.00961,-0.128108),(-0.935214,-3.430458,0.149402),(-3.421561,-0.967066,0.080988),(-3.421655,-0.966968,-0.219012),(-0.935308,-3.430359,-0.150598),(-1.046361,-3.542639,0.147626),(-3.532708,-1.079248,0.079213),(-3.532802,-1.07915,-0.220787),(-1.046455,-3.542541,-0.152374),(-1.048472,-3.54477,0.147592),(-3.534819,-1.081379,0.079179),(-3.534913,-1.081281,-0.220821),(-1.048566,-3.544672,-0.152408)),$);
#2429= IFCTRIANGULATEDFACESET(#2428,$,$,((1,2,3),(3,2,4),(5,6,7),(7,6,8),(1,3,9),(9,3,10),(3,4,10),(10,4,11),(2,12,4),(4,12,11),(1,9,2),(2,9,12),(9,10,13),(13,10,14),(10,11,14),(14,11,15),(12,16,11),(11,16,15),(9,13,12),(12,13,16),(13,14,17),(17,14,18),(14,15,18),(18,15,19),(16,20,15),(15,20,19),(13,17,16),(16,17,20),(17,18,21),(21,18,22),(18,19,22),(22,19,23),(20,24,19),(19,24,23),(17,21,20),(20,21,24),(21,22,25),(25,22,26),(22,23,26),(26,23,27),(24,28,23),(23,28,27),(21,25,24),(24,25,28),(25,26,29),(29,26,30),(26,27,30),(30,27,31),(28,32,27),(27,32,31),(25,29,28),(28,29,32),(29,30,33),(33,30,34),(30,31,34),(34,31,35),(32,36,31),(31,36,35),(29,33,32),(32,33,36),(33,34,37),(37,34,38),(34,35,38),(38,35,39),(36,40,35),(35,40,39),(33,37,36),(36,37,40),(37,38,5),(5,38,6),(38,39,6),(6,39,8),(40,7,39),(39,7,8),(37,5,40),(40,5,7)),$);
#2430= IFCSHAPEREPRESENTATION(#178,'Body','Tessellation',(#2429));
#2431= IFCPRODUCTDEFINITIONSHAPE($,$,(#2430));
#2432= IFCCARTESIANPOINT((505209.702829,1707714.580809,369.640316));
#2433= IFCAXIS2PLACEMENT3D(#2432,$,$);
#2434= IFCLOCALPLACEMENT(#5,#2433);
#2435= IFCBUILTELEMENT('3ltL2r7GPBuO51xm30o2nY',$,'CP\X2\0110\X0\D lo\X2\1EA1\X0\i I',$,$,#2434,#2431,'6111C');
#2436= IFCSTYLEDITEM(#2429,(#1809),'CP\X2\0110\X0\D lo\X2\1EA1\X0\i I');
#2437= IFCPROPERTYSINGLEVALUE('Area',$,IFCREAL(78.118414599805),$);
#2438= IFCPROPERTYSINGLEVALUE('Bounds',$,IFCLABEL('((505204.94049196824,1707709.797152854,369.39608645694904),(505214.4651659176,1707719.364465901,369.884545715413))'),$);
#2439= IFCPROPERTYSET('0gDfDa516xhH6kaGAEpmzw',$,'Properties',$,(#39,#40,#41,#42,#43,#44,#45,#46,#47,#48,#49,#50,#51,#52,#53,#54,#55,#56,#57,#59,#60,#193,#197,#299,#300,#301,#2437,#2438));
#2440= IFCRELDEFINESBYPROPERTIES('2S6wJB2uSjbBdVSzUh0Uau',$,$,$,(#2435),#2439);
#2441= IFCPROPERTYSET('18gyMTOLrV8HuTFnkg9RiJ',$,'Misc',$,(#85,#87,#88,#203));
#2442= IFCRELDEFINESBYPROPERTIES('1GRwqaNIzmdnz2IJOMT8wJ',$,$,$,(#2435),#2441);
#2443= IFCPROPERTYSET('0XNujca07aAsb3uyOLHxUb',$,'3D Visualization',$,(#91,#92,#93));
#2444= IFCRELDEFINESBYPROPERTIES('265s0F4ew3hYHkeOsnxvzb',$,$,$,(#2435),#2443);
#2445= IFCPROPERTYSET('0Fw06l5ajQGXBOMn0MwYQd',$,'General',$,(#72,#74,#75,#76,#77,#1820));
#2446= IFCRELDEFINESBYPROPERTIES('0dLTfcwTY3GMpEmH6U425V',$,$,$,(#2435),#2445);
#2447= IFCPROPERTYSET('3ku7rTOnUlhhyl$hWEaaD$',$,'Geometry',$,(#82));
#2448= IFCRELDEFINESBYPROPERTIES('3IRG1gFilJOOcYbNGTPzeb',$,$,$,(#2435),#2447);
#2449= IFCPROPERTYSET('0$k5iP5ogh3fyVExhNkq7V',$,'Corridor Identity',$,(#218,#221,#224,#597,#600,#601,#640,#856,#936,#937,#938,#975));
#2450= IFCRELDEFINESBYPROPERTIES('0KoRDs1iZOLyr06VdaRMKB',$,$,$,(#2435),#2449);
#2451= IFCPROPERTYSET('3bIDlcBFbh1jqpPul5llBa',$,'Corridor Model Information',$,(#863,#942,#943,#944,#978));
#2452= IFCRELDEFINESBYPROPERTIES('2KtJ$sFv9Gung0yz6gFlvf',$,$,$,(#2435),#2451);
#2453= IFCPROPERTYSINGLEVALUE('Volume',$,IFCVOLUMEMEASURE(10.5000000004194),$);
#2454= IFCPROPERTYSET('2VFNJw8KFSZIypVKSxsqp9',$,'Corridor Shape Information',$,(#282,#607,#608,#609,#1829,#2453));
#2455= IFCRELDEFINESBYPROPERTIES('3sFvghdgd1Zgd_r$aqPAtc',$,$,$,(#2435),#2454);
#2456= IFCPROPERTYSINGLEVALUE('Kh\X2\1ED1\X0\i l\X2\01B0\X0\\X2\1EE3\X0\ng (m3)',$,IFCREAL(10.5000000009108),$);
#2457= IFCPROPERTYSET('2Nxzn84uuN88$X0tNgD0gt',$,'Thong_tin_BIM',$,(#252,#614,#615,#616,#1833,#1834,#1835,#1837,#1838,#1839,#1840,#2456));
#2458= IFCRELDEFINESBYPROPERTIES('1JhyQtT5KJoCk2F7fIkJeD',$,$,$,(#2435),#2457);
#2459= IFCCARTESIANPOINTLIST3D(((-5.412817,1.396478,0.29431),(-2.130425,5.168208,0.194512),(-5.412911,1.396576,-0.00569),(-2.130519,5.168306,-0.105488),(2.130519,-5.168306,0.105488),(2.130425,-5.168208,-0.194512),(5.412911,-1.396576,0.00569),(5.412817,-1.396478,-0.29431),(-4.261842,0.394812,0.265499),(-0.97945,4.166542,0.165701),(-0.979544,4.16664,-0.134299),(-4.261936,0.39491,-0.034501),(-2.753174,-0.918145,0.227735),(0.529217,2.853585,0.127937),(0.529123,2.853683,-0.172063),(-2.753269,-0.918046,-0.072265),(-1.244507,-2.231101,0.189971),(2.037884,1.540628,0.090172),(2.03779,1.540727,-0.209828),(-1.244601,-2.231003,-0.110029),(0.26416,-3.544058,0.152206),(3.546551,0.227672,0.052408),(3.546457,0.22777,-0.247592),(0.264066,-3.54396,-0.147794),(1.772827,-4.857015,0.114442),(5.055219,-1.085285,0.014643),(5.055124,-1.085187,-0.285357),(1.772733,-4.856917,-0.185558)),$);
#2460= IFCTRIANGULATEDFACESET(#2459,$,$,((1,2,3),(3,2,4),(5,6,7),(7,6,8),(1,9,2),(2,9,10),(2,10,4),(4,10,11),(3,4,12),(12,4,11),(1,3,9),(9,3,12),(9,13,10),(10,13,14),(10,14,11),(11,14,15),(12,11,16),(16,11,15),(9,12,13),(13,12,16),(13,17,14),(14,17,18),(14,18,15),(15,18,19),(16,15,20),(20,15,19),(13,16,17),(17,16,20),(17,21,18),(18,21,22),(18,22,19),(19,22,23),(20,19,24),(24,19,23),(17,20,21),(21,20,24),(21,25,22),(22,25,26),(22,26,23),(23,26,27),(24,23,28),(28,23,27),(21,24,25),(25,24,28),(25,5,26),(26,5,7),(26,7,27),(27,7,8),(28,27,6),(6,27,8),(25,28,5),(5,28,6)),$);
#2461= IFCSHAPEREPRESENTATION(#178,'Body','Tessellation',(#2460));
#2462= IFCPRODUCTDEFINITIONSHAPE($,$,(#2461));
#2463= IFCCARTESIANPOINT((505212.591927,1707742.885775,370.171834));
#2464= IFCAXIS2PLACEMENT3D(#2463,$,$);
#2465= IFCLOCALPLACEMENT(#5,#2464);
#2466= IFCBUILTELEMENT('1Srv9RiKf7GPxRSQ9zIzaP',$,'CP\X2\0110\X0\D lo\X2\1EA1\X0\i I',$,$,#2465,#2462,'61125');
#2467= IFCSTYLEDITEM(#2460,(#1809),'CP\X2\0110\X0\D lo\X2\1EA1\X0\i I');
#2468= IFCPROPERTYSINGLEVALUE('Bounds',$,IFCLABEL('((505207.1789262456,1707737.7174081928,369.87629100552346),(505218.0049272357,1707748.054142132,370.4673775912806))'),$);
#2469= IFCPROPERTYSET('3lUeWVOxiFGo8$8jFdxHnl',$,'Properties',$,(#39,#40,#41,#42,#43,#44,#45,#46,#47,#48,#49,#50,#51,#52,#53,#54,#55,#56,#57,#59,#60,#193,#197,#299,#300,#301,#2159,#2468));
#2470= IFCRELDEFINESBYPROPERTIES('34rIh9kJfVrphPnC2F1egL',$,$,$,(#2466),#2469);
#2471= IFCPROPERTYSET('0P8egKNiIJ3ZhzZ11GwTKD',$,'Misc',$,(#85,#87,#88,#203));
#2472= IFCRELDEFINESBYPROPERTIES('3b1_JVt$f9EYthcgZ9RD0Z',$,$,$,(#2466),#2471);
#2473= IFCPROPERTYSET('3ApQcElrpH6xrgMp7GhzP7',$,'3D Visualization',$,(#91,#92,#93));
#2474= IFCRELDEFINESBYPROPERTIES('0u3hCr95loGoRytkFR3nLU',$,$,$,(#2466),#2473);
#2475= IFCPROPERTYSET('2i00ZsBNkEJ6Z2wydoD1Vx',$,'General',$,(#72,#74,#75,#76,#77,#1820));
#2476= IFCRELDEFINESBYPROPERTIES('09zr$v429SrRcPEWCy6umr',$,$,$,(#2466),#2475);
#2477= IFCPROPERTYSET('0C1r4Jerbe4wGblBC8bUAk',$,'Geometry',$,(#82));
#2478= IFCRELDEFINESBYPROPERTIES('2dJIMfRLAzjm4PfugcHyc_',$,$,$,(#2466),#2477);
#2479= IFCPROPERTYSET('3xvSFQHiGxK2HDHT9pdAcH',$,'Corridor Identity',$,(#214,#215,#216,#217,#218,#221,#224,#856,#1039,#1040,#1041,#1042));
#2480= IFCRELDEFINESBYPROPERTIES('1B$RjzJK78fMO2X3H4IwA2',$,$,$,(#2466),#2479);
#2481= IFCPROPERTYSET('2UN5X0ioDl6ErgioJfhG4t',$,'Corridor Model Information',$,(#229,#230,#863,#1045,#1046));
#2482= IFCRELDEFINESBYPROPERTIES('0YgWEIKXaGtCgOxnmNapPo',$,$,$,(#2466),#2481);
#2483= IFCPROPERTYSINGLEVALUE('Volume',$,IFCVOLUMEMEASURE(15.0000000003207),$);
#2484= IFCPROPERTYSET('0KjSnPEt7MLjXCt5Mqircf',$,'Corridor Shape Information',$,(#235,#236,#1049,#1050,#1829,#2483));
#2485= IFCRELDEFINESBYPROPERTIES('0$s8aOoemjeFY3VxJRsG2J',$,$,$,(#2466),#2484);
#2486= IFCPROPERTYSINGLEVALUE('Kh\X2\1ED1\X0\i l\X2\01B0\X0\\X2\1EE3\X0\ng (m3)',$,IFCREAL(15.000000000202),$);
#2487= IFCPROPERTYSET('3Es65RUmK6fLQYXXxNZMHf',$,'Thong_tin_BIM',$,(#252,#616,#1055,#1056,#1833,#1834,#1835,#1837,#1838,#1839,#1840,#2486));
#2488= IFCRELDEFINESBYPROPERTIES('1BjH1O2k2znA0EW2Mz_B1q',$,$,$,(#2466),#2487);
#2489= IFCCARTESIANPOINTLIST3D(((-2.130394,5.168176,0.294512),(-2.130488,5.168274,-0.005488),(-5.412848,1.396511,0.19431),(-5.412942,1.396609,-0.10569),(5.412942,-1.396609,0.10569),(2.130488,-5.168274,0.005488),(5.412848,-1.396511,-0.19431),(2.130394,-5.168176,-0.294512),(-0.979419,4.16651,0.265701),(-4.261873,0.394845,0.165499),(-4.261967,0.394943,-0.134501),(-0.979513,4.166608,-0.034299),(0.529248,2.853553,0.227937),(-2.753206,-0.918112,0.127735),(-2.7533,-0.918014,-0.172265),(0.529154,2.853651,-0.072063),(2.037916,1.540596,0.190172),(-1.244539,-2.231069,0.089971),(-1.244633,-2.230971,-0.210029),(2.037821,1.540694,-0.109828),(3.546583,0.227639,0.152408),(0.264129,-3.544026,0.052206),(0.264034,-3.543928,-0.247794),(3.546489,0.227737,-0.147592),(5.05525,-1.085318,0.114643),(1.772796,-4.856983,0.014442),(1.772701,-4.856885,-0.285558),(5.055156,-1.08522,-0.185357)),$);
#2490= IFCTRIANGULATEDFACESET(#2489,$,$,((1,2,3),(3,2,4),(5,6,7),(7,6,8),(1,3,9),(9,3,10),(3,4,10),(10,4,11),(2,12,4),(4,12,11),(1,9,2),(2,9,12),(9,10,13),(13,10,14),(10,11,14),(14,11,15),(12,16,11),(11,16,15),(9,13,12),(12,13,16),(13,14,17),(17,14,18),(14,15,18),(18,15,19),(16,20,15),(15,20,19),(13,17,16),(16,17,20),(17,18,21),(21,18,22),(18,19,22),(22,19,23),(20,24,19),(19,24,23),(17,21,20),(20,21,24),(21,22,25),(25,22,26),(22,23,26),(26,23,27),(24,28,23),(23,28,27),(21,25,24),(24,25,28),(25,26,5),(5,26,6),(26,27,6),(6,27,8),(28,7,27),(27,7,8),(25,5,28),(28,5,7)),$);
#2491= IFCSHAPEREPRESENTATION(#178,'Body','Tessellation',(#2490));
#2492= IFCPRODUCTDEFINITIONSHAPE($,$,(#2491));
#2493= IFCCARTESIANPOINT((505209.309504,1707739.114078,370.171633));
#2494= IFCAXIS2PLACEMENT3D(#2493,$,$);
#2495= IFCLOCALPLACEMENT(#5,#2494);
#2496= IFCBUILTELEMENT('1tPh_SXSX1l8cqHOi2JuCA',$,'CP\X2\0110\X0\D lo\X2\1EA1\X0\i I',$,$,#2495,#2492,'6112E');
#2497= IFCSTYLEDITEM(#2490,(#1809),'CP\X2\0110\X0\D lo\X2\1EA1\X0\i I');
#2498= IFCPROPERTYSINGLEVALUE('Area',$,IFCREAL(109.03697750881),$);
#2499= IFCPROPERTYSINGLEVALUE('Bounds',$,IFCLABEL('((505203.8965034046,1707733.9457109284,369.87608931519793),(505214.72250439465,1707744.2824448675,370.4671759009546))'),$);
#2500= IFCPROPERTYSET('2fcFgeLF4G8JLEpDZ_5zJP',$,'Properties',$,(#39,#40,#41,#42,#43,#44,#45,#46,#47,#48,#49,#50,#51,#52,#53,#54,#55,#56,#57,#59,#60,#193,#197,#299,#300,#301,#2498,#2499));
#2501= IFCRELDEFINESBYPROPERTIES('3_h6He8VMYKkaZa4JCHOs_',$,$,$,(#2496),#2500);
#2502= IFCPROPERTYSET('3OqEz7oLj7cZaJKlqURYjB',$,'Misc',$,(#85,#87,#88,#203));
#2503= IFCRELDEFINESBYPROPERTIES('3nEWdbL4Ifea8S95$zjJuL',$,$,$,(#2496),#2502);
#2504= IFCPROPERTYSET('1bR3ON9QHISZnCAc3pgseq',$,'3D Visualization',$,(#91,#92,#93));
#2505= IFCRELDEFINESBYPROPERTIES('0QPaXNizVMj3pqCo1o6MJa',$,$,$,(#2496),#2504);
#2506= IFCPROPERTYSET('0dkML$1NoUNQBWU_DXVvSe',$,'General',$,(#72,#74,#75,#76,#77,#1820));
#2507= IFCRELDEFINESBYPROPERTIES('2McFD3tmq9MDo4pa9DKGge',$,$,$,(#2496),#2506);
#2508= IFCPROPERTYSET('19zpMmkI8eBqlsmJqkqxMk',$,'Geometry',$,(#82));
#2509= IFCRELDEFINESBYPROPERTIES('2EVzjjGqkIYobVzMCE1Y$A',$,$,$,(#2496),#2508);
#2510= IFCPROPERTYSET('1L08fvONzqoLa$EIGnxkqY',$,'Corridor Identity',$,(#214,#215,#216,#218,#221,#224,#277,#856,#1039,#1040,#1041,#1042));
#2511= IFCRELDEFINESBYPROPERTIES('2Aj9W5FvemxkpSNQ4_ik6J',$,$,$,(#2496),#2510);
#2512= IFCPROPERTYSET('2mOsLmWtWv2Xo4YEX2f$Y5',$,'Corridor Model Information',$,(#229,#230,#863,#1045,#1046));
#2513= IFCRELDEFINESBYPROPERTIES('3T0nRq7s_6R9i__2fKaeAW',$,$,$,(#2496),#2512);
#2514= IFCPROPERTYSINGLEVALUE('Volume',$,IFCVOLUMEMEASURE(15.0000000003205),$);
#2515= IFCPROPERTYSET('3uOJFxOoC09nArDNslAZeO',$,'Corridor Shape Information',$,(#236,#282,#1049,#1050,#1829,#2514));
#2516= IFCRELDEFINESBYPROPERTIES('3E1RXTmg45kf_2D8rnWi$i',$,$,$,(#2496),#2515);
#2517= IFCPROPERTYSINGLEVALUE('Kh\X2\1ED1\X0\i l\X2\01B0\X0\\X2\1EE3\X0\ng (m3)',$,IFCREAL(15.0000000000508),$);
#2518= IFCPROPERTYSET('30QoiojQF7duYTBfs_M89y',$,'Thong_tin_BIM',$,(#252,#616,#1055,#1056,#1833,#1834,#1835,#1837,#1838,#1839,#1840,#2517));
#2519= IFCRELDEFINESBYPROPERTIES('00saoeF64tz$TwZfxuPYAd',$,$,$,(#2496),#2518);
#2520= IFCCARTESIANPOINTLIST3D(((-11.845945,6.995076,0.455342),(-8.563554,10.766806,0.355544),(-11.84604,6.995174,0.155342),(-8.563648,10.766904,0.055544),(8.563648,-10.766904,-0.055544),(8.563554,-10.766806,-0.355544),(11.84604,-6.995174,-0.155342),(11.845945,-6.995076,-0.455342),(-10.69497,5.99341,0.426531),(-7.412579,9.76514,0.326733),(-7.412673,9.765238,0.026733),(-10.695065,5.993508,0.126531),(-9.186303,4.680453,0.388767),(-5.903912,8.452183,0.288969),(-5.904006,8.452281,-0.011031),(-9.186397,4.680551,0.088767),(-7.677636,3.367496,0.351002),(-4.395245,7.139226,0.251204),(-4.395339,7.139324,-0.048796),(-7.67773,3.367594,0.051002),(-6.168969,2.054539,0.313238),(-2.886577,5.826269,0.21344),(-2.886672,5.826368,-0.08656),(-6.169063,2.054638,0.013238),(-4.660302,0.741583,0.275474),(-1.37791,4.513313,0.175675),(-1.378004,4.513411,-0.124325),(-4.660396,0.741681,-0.024526),(-3.151634,-0.571374,0.237709),(0.130757,3.200356,0.137911),(0.130663,3.200454,-0.162089),(-3.151729,-0.571276,-0.062291),(-1.642967,-1.884331,0.199945),(1.639424,1.887399,0.100146),(1.63933,1.887497,-0.199854),(-1.643061,-1.884233,-0.100055),(-0.1343,-3.197288,0.16218),(3.148091,0.574442,0.062382),(3.147997,0.57454,-0.237618),(-0.134394,-3.19719,-0.13782),(1.374367,-4.510245,0.124416),(4.656759,-0.738515,0.024617),(4.656664,-0.738417,-0.275383),(1.374273,-4.510147,-0.175584),(2.883034,-5.823202,0.086651),(6.165426,-2.051472,-0.013147),(6.165332,-2.051374,-0.313147),(2.88294,-5.823104,-0.213349),(4.391702,-7.136159,0.048887),(7.674093,-3.364429,-0.050911),(7.673999,-3.364331,-0.350911),(4.391607,-7.136061,-0.251113),(5.900369,-8.449116,0.011122),(9.18276,-4.677386,-0.088676),(9.182666,-4.677288,-0.388676),(5.900275,-8.449018,-0.288878),(7.409036,-9.762073,-0.026642),(10.691427,-5.990343,-0.12644),(10.691333,-5.990245,-0.42644),(7.408942,-9.761975,-0.326642)),$);
#2521= IFCTRIANGULATEDFACESET(#2520,$,$,((1,2,3),(3,2,4),(5,6,7),(7,6,8),(1,9,2),(2,9,10),(2,10,4),(4,10,11),(3,4,12),(12,4,11),(1,3,9),(9,3,12),(9,13,10),(10,13,14),(10,14,11),(11,14,15),(12,11,16),(16,11,15),(9,12,13),(13,12,16),(13,17,14),(14,17,18),(14,18,15),(15,18,19),(16,15,20),(20,15,19),(13,16,17),(17,16,20),(17,21,18),(18,21,22),(18,22,19),(19,22,23),(20,19,24),(24,19,23),(17,20,21),(21,20,24),(21,25,22),(22,25,26),(22,26,23),(23,26,27),(24,23,28),(28,23,27),(21,24,25),(25,24,28),(25,29,26),(26,29,30),(26,30,27),(27,30,31),(28,27,32),(32,27,31),(25,28,29),(29,28,32),(29,33,30),(30,33,34),(30,34,31),(31,34,35),(32,31,36),(36,31,35),(29,32,33),(33,32,36),(33,37,34),(34,37,38),(34,38,35),(35,38,39),(36,35,40),(40,35,39),(33,36,37),(37,36,40),(37,41,38),(38,41,42),(38,42,39),(39,42,43),(40,39,44),(44,39,43),(37,40,41),(41,40,44),(41,45,42),(42,45,46),(42,46,43),(43,46,47),(44,43,48),(48,43,47),(41,44,45),(45,44,48),(45,49,46),(46,49,50),(46,50,47),(47,50,51),(48,47,52),(52,47,51),(45,48,49),(49,48,52),(49,53,50),(50,53,54),(50,54,51),(51,54,55),(52,51,56),(56,51,55),(49,52,53),(53,52,56),(53,57,54),(54,57,58),(54,58,55),(55,58,59),(56,55,60),(60,55,59),(53,56,57),(57,56,60),(57,5,58),(58,5,7),(58,7,59),(59,7,8),(60,59,6),(6,59,8),(57,60,5),(5,60,6)),$);
#2522= IFCSHAPEREPRESENTATION(#178,'Body','Tessellation',(#2521));
#2523= IFCPRODUCTDEFINITIONSHAPE($,$,(#2522));
#2524= IFCCARTESIANPOINT((505226.568391,1707730.722393,369.82198));
#2525= IFCAXIS2PLACEMENT3D(#2524,$,$);
#2526= IFCLOCALPLACEMENT(#5,#2525);
#2527= IFCBUILTELEMENT('21yRJ$84r9oAJ3fwgG85Fr',$,'CP\X2\0110\X0\D lo\X2\1EA1\X0\i I',$,$,#2526,#2523,'61137');
#2528= IFCSTYLEDITEM(#2521,(#1809),'CP\X2\0110\X0\D lo\X2\1EA1\X0\i I');
#2529= IFCPROPERTYSINGLEVALUE('Area',$,IFCREAL(289.898477398345),$);
#2530= IFCPROPERTYSINGLEVALUE('Bounds',$,IFCLABEL('((505214.7221628733,1707719.9553243818,369.3654049222021),(505238.4146200734,1707741.4894609351,370.2785553409221))'),$);
#2531= IFCPROPERTYSET('1yj0nZiqNa528EiZNI_IUg',$,'Properties',$,(#39,#40,#41,#42,#43,#44,#45,#46,#47,#48,#49,#50,#51,#52,#53,#54,#55,#56,#57,#59,#60,#193,#197,#299,#300,#301,#2529,#2530));
#2532= IFCRELDEFINESBYPROPERTIES('03__JStKPu3IqU5QanUEe1',$,$,$,(#2527),#2531);
#2533= IFCPROPERTYSET('2MIzbqK00gQJowxdl5dX_j',$,'Misc',$,(#85,#87,#88,#203));
#2534= IFCRELDEFINESBYPROPERTIES('0Uv_rtGSoEtn29iM_y7xq_',$,$,$,(#2527),#2533);
#2535= IFCPROPERTYSET('1ljywFim7Q5ElhE82obYP6',$,'3D Visualization',$,(#91,#92,#93));
#2536= IFCRELDEFINESBYPROPERTIES('1Nr_jg5kldCGTH6PyFB7MF',$,$,$,(#2527),#2535);
#2537= IFCPROPERTYSET('34fw73xoUyYSE2PzT6LXaG',$,'General',$,(#72,#74,#75,#76,#77,#1820));
#2538= IFCRELDEFINESBYPROPERTIES('3RXKH3Xfv7ZbmL0Irkyihp',$,$,$,(#2527),#2537);
#2539= IFCPROPERTYSET('0oR$fRTSb19rQ3PcbyBU9g',$,'Geometry',$,(#82));
#2540= IFCRELDEFINESBYPROPERTIES('38GpnWpcA5Fb9oJnEJPtVg',$,$,$,(#2527),#2539);
#2541= IFCPROPERTYSET('2LKZ5Rapu0A8KNKAWckXCL',$,'Corridor Identity',$,(#214,#215,#218,#221,#224,#744,#745,#856,#1039,#1110,#1111,#1112));
#2542= IFCRELDEFINESBYPROPERTIES('2leCZUIHFgsR$OpiXq$JWN',$,$,$,(#2527),#2541);
#2543= IFCPROPERTYSET('3h7CSJhZJTittzOCLVnQ8c',$,'Corridor Model Information',$,(#229,#230,#863,#1045,#1115));
#2544= IFCRELDEFINESBYPROPERTIES('0HXdi9VDf2p$U4Nxw$VP2f',$,$,$,(#2527),#2543);
#2545= IFCPROPERTYSINGLEVALUE('Volume',$,IFCVOLUMEMEASURE(40.5846834017047),$);
#2546= IFCPROPERTYSET('2PsCULxdSUxRk6qwImvXCG',$,'Corridor Shape Information',$,(#235,#754,#1118,#1119,#1829,#2545));
#2547= IFCRELDEFINESBYPROPERTIES('21nx8HTE62nRynvejLlHqr',$,$,$,(#2527),#2546);
#2548= IFCPROPERTYSINGLEVALUE('Kh\X2\1ED1\X0\i l\X2\01B0\X0\\X2\1EE3\X0\ng (m3)',$,IFCREAL(40.5846834015326),$);
#2549= IFCPROPERTYSET('0_7Mjh_fws_ZtUSZYJrALy',$,'Thong_tin_BIM',$,(#252,#763,#1124,#1125,#1833,#1834,#1835,#1837,#1838,#1839,#1840,#2548));
#2550= IFCRELDEFINESBYPROPERTIES('2uMp$1S33BzsSpbIWgfIMx',$,$,$,(#2527),#2549);
#2551= IFCCARTESIANPOINTLIST3D(((-5.412817,1.396478,0.29431),(-2.130425,5.168208,0.194512),(-5.412911,1.396576,-0.00569),(-2.130519,5.168306,-0.105488),(2.130519,-5.168306,0.105488),(2.130425,-5.168208,-0.194512),(5.412911,-1.396576,0.00569),(5.412817,-1.396478,-0.29431),(-5.058762,1.088353,0.285448),(-1.77637,4.860083,0.185649),(-1.776464,4.860181,-0.114351),(-5.058856,1.088451,-0.014552),(-3.550094,-0.224604,0.247683),(-0.267703,3.547126,0.147885),(-0.267797,3.547224,-0.152115),(-3.550189,-0.224506,-0.052317),(-2.041427,-1.537561,0.209919),(1.240964,2.234169,0.11012),(1.24087,2.234267,-0.189879),(-2.041521,-1.537463,-0.090081),(-0.53276,-2.850518,0.172154),(2.749631,0.921212,0.072356),(2.749537,0.92131,-0.227644),(-0.532854,-2.85042,-0.127846),(0.975907,-4.163475,0.13439),(4.258299,-0.391745,0.034592),(4.258204,-0.391647,-0.265408),(0.975813,-4.163377,-0.16561)),$);
#2552= IFCTRIANGULATEDFACESET(#2551,$,$,((1,2,3),(3,2,4),(5,6,7),(7,6,8),(1,9,2),(2,9,10),(2,10,4),(4,10,11),(3,4,12),(12,4,11),(1,3,9),(9,3,12),(9,13,10),(10,13,14),(10,14,11),(11,14,15),(12,11,16),(16,11,15),(9,12,13),(13,12,16),(13,17,14),(14,17,18),(14,18,15),(15,18,19),(16,15,20),(20,15,19),(13,16,17),(17,16,20),(17,21,18),(18,21,22),(18,22,19),(19,22,23),(20,19,24),(24,19,23),(17,20,21),(21,20,24),(21,25,22),(22,25,26),(22,26,23),(23,26,27),(24,23,28),(28,23,27),(21,24,25),(25,24,28),(25,5,26),(26,5,7),(26,7,27),(27,7,8),(28,27,6),(6,27,8),(25,28,5),(5,28,6)),$);
#2553= IFCSHAPEREPRESENTATION(#178,'Body','Tessellation',(#2552));
#2554= IFCPRODUCTDEFINITIONSHAPE($,$,(#2553));
#2555= IFCCARTESIANPOINT((505240.544856,1707718.55901,369.472126));
#2556= IFCAXIS2PLACEMENT3D(#2555,$,$);
#2557= IFCLOCALPLACEMENT(#5,#2556);
#2558= IFCBUILTELEMENT('27bWsSevzBjhngFzaz0Zpc',$,'CP\X2\0110\X0\D lo\X2\1EA1\X0\i I',$,$,#2557,#2554,'61140');
#2559= IFCSTYLEDITEM(#2552,(#1809),'CP\X2\0110\X0\D lo\X2\1EA1\X0\i I');
#2560= IFCPROPERTYSINGLEVALUE('Area',$,IFCREAL(109.036977508838),$);
#2561= IFCPROPERTYSINGLEVALUE('Bounds',$,IFCLABEL('((505235.131855711,1707713.390643185,369.1765826718443),(505245.95785670116,1707723.7273771241,369.7676692576027))'),$);
#2562= IFCPROPERTYSET('2YAwwkdqmAk1z3XEig1r35',$,'Properties',$,(#39,#40,#41,#42,#43,#44,#45,#46,#47,#48,#49,#50,#51,#52,#53,#54,#55,#56,#57,#59,#60,#193,#197,#299,#300,#301,#2560,#2561));
#2563= IFCRELDEFINESBYPROPERTIES('1EgY_lUISIp2408QVoj2mt',$,$,$,(#2558),#2562);
#2564= IFCPROPERTYSET('0svFNXeXW2QkY$SApuwCeK',$,'Misc',$,(#85,#87,#88,#203));
#2565= IFCRELDEFINESBYPROPERTIES('1BkdG9C6k4J$q6NVYs6zxe',$,$,$,(#2558),#2564);
#2566= IFCPROPERTYSET('2t_iLjVANndCrkwvR8xbnw',$,'3D Visualization',$,(#91,#92,#93));
#2567= IFCRELDEFINESBYPROPERTIES('2RU9cs8ceNuUp5tiZaEBcV',$,$,$,(#2558),#2566);
#2568= IFCPROPERTYSET('3wY6hrlUi_j0WUNJaCuqnC',$,'General',$,(#72,#74,#75,#76,#77,#1820));
#2569= IFCRELDEFINESBYPROPERTIES('3FNDDdwvQ9_f2DbIcSXUK5',$,$,$,(#2558),#2568);
#2570= IFCPROPERTYSET('3iFSfjykmkymFv_TZD69fG',$,'Geometry',$,(#82));
#2571= IFCRELDEFINESBYPROPERTIES('26Nw_MLnoyxyoA8Od3ulXJ',$,$,$,(#2558),#2570);
#2572= IFCPROPERTYSET('3EJnNrNInG1xxSUgqPO89H',$,'Corridor Identity',$,(#214,#215,#216,#217,#218,#221,#224,#856,#1039,#1149,#1150,#1151));
#2573= IFCRELDEFINESBYPROPERTIES('0rdmiByg3QwJ_kgzt5v_r7',$,$,$,(#2558),#2572);
#2574= IFCPROPERTYSET('2Bi3DK5cFNnrKJ2jJz3PT0',$,'Corridor Model Information',$,(#229,#230,#863,#1045,#1154));
#2575= IFCRELDEFINESBYPROPERTIES('2AVoajbdZli_B5CUjUtQAO',$,$,$,(#2558),#2574);
#2576= IFCPROPERTYSINGLEVALUE('Volume',$,IFCVOLUMEMEASURE(15.0000000003923),$);
#2577= IFCPROPERTYSET('3dJbiuaCbVAMEi$B8AuNAH',$,'Corridor Shape Information',$,(#235,#236,#1157,#1158,#1829,#2576));
#2578= IFCRELDEFINESBYPROPERTIES('3YOPMlX5qXh8DkONn5jZ9B',$,$,$,(#2558),#2577);
#2579= IFCPROPERTYSINGLEVALUE('Kh\X2\1ED1\X0\i l\X2\01B0\X0\\X2\1EE3\X0\ng (m3)',$,IFCREAL(15.0000000007358),$);
#2580= IFCPROPERTYSET('3PAOLpKhaJavgWj$gcIbSr',$,'Thong_tin_BIM',$,(#252,#616,#1163,#1164,#1833,#1834,#1835,#1837,#1838,#1839,#1840,#2579));
#2581= IFCRELDEFINESBYPROPERTIES('0FCxFO0uUkbuWatPxsEoC0',$,$,$,(#2558),#2580);
#2582= IFCCARTESIANPOINTLIST3D(((-2.130394,5.168176,0.294512),(-2.130488,5.168274,-0.005488),(-5.412848,1.396511,0.19431),(-5.412942,1.396609,-0.10569),(5.412942,-1.396609,0.10569),(2.130488,-5.168274,0.005488),(5.412848,-1.396511,-0.19431),(2.130394,-5.168176,-0.294512),(-1.776339,4.86005,0.285649),(-5.058793,1.088385,0.185448),(-5.058887,1.088483,-0.114552),(-1.776433,4.860148,-0.014351),(-0.267672,3.547093,0.247885),(-3.550126,-0.224572,0.147683),(-3.55022,-0.224473,-0.152317),(-0.267766,3.547191,-0.052115),(1.240996,2.234136,0.21012),(-2.041459,-1.537528,0.109919),(-2.041553,-1.53743,-0.190081),(1.240901,2.234234,-0.08988),(2.749663,0.921179,0.172356),(-0.532791,-2.850485,0.072154),(-0.532886,-2.850387,-0.227846),(2.749569,0.921277,-0.127644),(4.25833,-0.391778,0.134592),(0.975876,-4.163442,0.03439),(0.975782,-4.163344,-0.26561),(4.258236,-0.39168,-0.165408)),$);
#2583= IFCTRIANGULATEDFACESET(#2582,$,$,((1,2,3),(3,2,4),(5,6,7),(7,6,8),(1,3,9),(9,3,10),(3,4,10),(10,4,11),(2,12,4),(4,12,11),(1,9,2),(2,9,12),(9,10,13),(13,10,14),(10,11,14),(14,11,15),(12,16,11),(11,16,15),(9,13,12),(12,13,16),(13,14,17),(17,14,18),(14,15,18),(18,15,19),(16,20,15),(15,20,19),(13,17,16),(16,17,20),(17,18,21),(21,18,22),(18,19,22),(22,19,23),(20,24,19),(19,24,23),(17,21,20),(20,21,24),(21,22,25),(25,22,26),(22,23,26),(26,23,27),(24,28,23),(23,28,27),(21,25,24),(24,25,28),(25,26,5),(5,26,6),(26,27,6),(6,27,8),(28,7,27),(27,7,8),(25,5,28),(28,5,7)),$);
#2584= IFCSHAPEREPRESENTATION(#178,'Body','Tessellation',(#2583));
#2585= IFCPRODUCTDEFINITIONSHAPE($,$,(#2584));
#2586= IFCCARTESIANPOINT((505237.262433,1707714.787313,369.471924));
#2587= IFCAXIS2PLACEMENT3D(#2586,$,$);
#2588= IFCLOCALPLACEMENT(#5,#2587);
#2589= IFCBUILTELEMENT('3CkGJjepjCFA8O_MJOHc16',$,'CP\X2\0110\X0\D lo\X2\1EA1\X0\i I',$,$,#2588,#2585,'61149');
#2590= IFCSTYLEDITEM(#2583,(#1809),'CP\X2\0110\X0\D lo\X2\1EA1\X0\i I');
#2591= IFCPROPERTYSINGLEVALUE('Area',$,IFCREAL(109.036977509716),$);
#2592= IFCPROPERTYSINGLEVALUE('Bounds',$,IFCLABEL('((505231.84943287,1707709.6189459208,369.17638098151855),(505242.6754338601,1707719.95567986,369.7674675672768))'),$);
#2593= IFCPROPERTYSET('0ITp0dbna0bYqQOHxjxZJ3',$,'Properties',$,(#39,#40,#41,#42,#43,#44,#45,#46,#47,#48,#49,#50,#51,#52,#53,#54,#55,#56,#57,#59,#60,#193,#197,#299,#300,#301,#2591,#2592));
#2594= IFCRELDEFINESBYPROPERTIES('2BNV3BmP9$YlnjnjUXNiiV',$,$,$,(#2589),#2593);
#2595= IFCPROPERTYSET('0b$2pXPukKnWBUpyAYXYzh',$,'Misc',$,(#85,#87,#88,#203));
#2596= IFCRELDEFINESBYPROPERTIES('3hg7OzngFCxE90f9Ltagcg',$,$,$,(#2589),#2595);
#2597= IFCPROPERTYSET('2iOpUDf6LZGea4cFufgQpy',$,'3D Visualization',$,(#91,#92,#93));
#2598= IFCRELDEFINESBYPROPERTIES('04s1vRXjHaWKDFP0zHHkOm',$,$,$,(#2589),#2597);
#2599= IFCPROPERTYSET('2Obd2Cn$kpzJcucBgBVlnP',$,'General',$,(#72,#74,#75,#76,#77,#1820));
#2600= IFCRELDEFINESBYPROPERTIES('110cmJcw$JvzixrjdiQjuX',$,$,$,(#2589),#2599);
#2601= IFCPROPERTYSET('0r9A9LG4E8IRJ0ba6XvHgA',$,'Geometry',$,(#82));
#2602= IFCRELDEFINESBYPROPERTIES('1r2QMdJuwfcMN428bS_yPa',$,$,$,(#2589),#2601);
#2603= IFCPROPERTYSET('0Vr1LxBgbfXZ75KAR$pz9H',$,'Corridor Identity',$,(#214,#215,#216,#218,#221,#224,#277,#856,#1039,#1149,#1150,#1151));
#2604= IFCRELDEFINESBYPROPERTIES('0t1FHzVPcdKfjVajoMlVGQ',$,$,$,(#2589),#2603);
#2605= IFCPROPERTYSET('3kuolh6$nkJcQ8ZlcHsFu_',$,'Corridor Model Information',$,(#229,#230,#863,#1045,#1154));
#2606= IFCRELDEFINESBYPROPERTIES('3bd5F2GOeE6ccA0dnn$Shv',$,$,$,(#2589),#2605);
#2607= IFCPROPERTYSINGLEVALUE('Volume',$,IFCVOLUMEMEASURE(15.0000000003913),$);
#2608= IFCPROPERTYSET('3bM7xUciW2wUa2$u513UG7',$,'Corridor Shape Information',$,(#236,#282,#1157,#1158,#1829,#2607));
#2609= IFCRELDEFINESBYPROPERTIES('0FXVQPM$JmV39Ox$IxtQ3t',$,$,$,(#2589),#2608);
#2610= IFCPROPERTYSINGLEVALUE('Kh\X2\1ED1\X0\i l\X2\01B0\X0\\X2\1EE3\X0\ng (m3)',$,IFCREAL(15.0000000000536),$);
#2611= IFCPROPERTYSET('0GwBxz_mZwhCn4$jWlpodX',$,'Thong_tin_BIM',$,(#252,#616,#1163,#1164,#1833,#1834,#1835,#1837,#1838,#1839,#1840,#2610));
#2612= IFCRELDEFINESBYPROPERTIES('27C6kazzEJArq5j6h9VJRT',$,$,$,(#2589),#2611);
#2613= IFCCARTESIANPOINTLIST3D(((-4.99106,-5.921354,-0.176396),(-4.990965,-5.921452,0.123604),(-8.542921,-2.402289,-0.07413),(-8.542827,-2.402387,0.22587),(8.542921,-1.770846,0.089476),(5.260467,-5.542511,-0.010726),(8.542827,-1.770748,-0.210524),(5.260373,-5.542413,-0.310726),(-8.522251,-2.38162,0.226082),(-6.758662,-4.153616,0.174739),(-4.978606,-5.909007,0.1234),(-8.522346,-2.381522,-0.073918),(-4.9787,-5.908908,-0.1766),(-6.758757,-4.153518,-0.125261),(-8.518732,-2.378068,0.226118),(-6.749019,-4.143894,0.174742),(-4.976489,-5.906881,0.123365),(-8.518826,-2.37797,-0.073882),(-4.976583,-5.906783,-0.176635),(-6.749114,-4.143796,-0.125258),(-8.515213,-2.374516,0.226154),(-6.746201,-4.141055,0.174742),(-4.974371,-5.904756,0.123331),(-8.515307,-2.374418,-0.073846),(-4.974465,-5.904658,-0.176669),(-6.746296,-4.140957,-0.125258),(-6.677837,-4.072693,0.174759),(-7.554873,-3.181564,0.200885),(-8.348603,-2.206354,0.227869),(-4.873162,-5.805146,0.121682),(-5.800802,-4.963822,0.148633),(-5.362284,-5.409386,0.135569),(-8.348697,-2.206256,-0.072131),(-6.677932,-4.072595,-0.125241),(-5.800896,-4.963724,-0.151367),(-4.873257,-5.805048,-0.178318),(-7.554967,-3.181466,-0.099115),(-6.485537,-3.882936,0.174806),(-7.339812,-2.966668,0.202132),(-8.039572,-1.894446,0.231048),(-4.680813,-5.625798,0.118624),(-5.631262,-4.799204,0.147479),(-5.204125,-5.257338,0.133816),(-8.039666,-1.894348,-0.068951),(-6.485632,-3.882838,-0.125194),(-5.631357,-4.799106,-0.15252),(-4.680907,-5.625699,-0.181375),(-7.339907,-2.96657,-0.097868),(-8.036041,-1.890882,0.231085),(-6.358752,-3.758729,0.174837),(-4.678582,-5.623791,0.11859),(-6.357312,-3.757336,0.174837),(-8.036136,-1.890784,-0.068915),(-4.678677,-5.623693,-0.18141),(-6.358846,-3.758631,-0.125163),(-6.357406,-3.757238,-0.125163),(-6.761894,-2.407715,0.205475),(-6.327112,-1.99132,0.207989),(-6.139514,0.023306,0.250599),(-5.892329,-1.574925,0.210503),(-5.171012,-2.69461,0.175286),(-5.566445,-3.048852,0.175136),(-4.805779,-4.106384,0.142283),(-5.161863,-4.398474,0.144498),(-5.961879,-3.403094,0.174987),(-3.411643,-4.704042,0.100271),(-4.449695,-3.814295,0.140068),(-6.139608,0.023404,-0.049401),(-5.161957,-4.398376,-0.155502),(-4.805873,-4.106286,-0.157717),(-3.411737,-4.703944,-0.199729),(-4.449789,-3.814197,-0.159932),(-5.171106,-2.694512,-0.124714),(-5.566539,-3.048754,-0.124864),(-6.327206,-1.991222,-0.092011),(-6.761988,-2.407617,-0.094525),(-5.961973,-3.402996,-0.125013),(-5.892423,-1.574827,-0.089497),(-4.196175,-1.893479,0.176079),(-4.818979,-0.582972,0.216928),(-4.499695,-0.295192,0.218884),(-3.906473,-1.670034,0.176401),(-3.57337,-3.203985,0.135229),(-3.31325,-3.044876,0.133917),(-1.567335,-3.945842,0.076705),(-3.34859,2.840221,0.279316),(-3.037367,-0.9997,0.177367),(-2.53289,-2.567546,0.129982),(-2.79301,-2.726656,0.131294),(-3.327069,-1.223145,0.177045),(-3.541844,0.568146,0.224751),(-3.861128,0.280367,0.222796),(-4.180411,-0.007413,0.22084),(-3.05313,-2.885766,0.132605),(-3.616771,-1.446589,0.176723),(-3.348684,2.840319,-0.020684),(-4.485971,-2.116825,-0.124243),(-3.833585,-3.362997,-0.163459),(-3.573465,-3.203887,-0.164771),(-4.196269,-1.893381,-0.123921),(-3.906567,-1.669936,-0.123599),(-3.616865,-1.446491,-0.123277),(-3.053224,-2.885668,-0.167395),(-2.532984,-2.567448,-0.170018),(-1.56743,-3.945744,-0.223295),(-3.037461,-0.999602,-0.122633),(-3.313344,-3.044777,-0.166083),(-0.302468,5.914709,0.310658),(-1.290385,0.275945,0.18096),(0.056854,-3.705307,0.057161),(-0.302562,5.914807,0.010658),(0.056759,-3.705209,-0.242839),(-1.290479,0.276043,-0.11904),(-0.295884,5.921354,0.310726),(-0.120415,1.10639,0.183917),(0.05984,-3.705196,0.057125),(-0.118022,1.108079,0.183925),(-0.295979,5.921452,0.010726),(0.059746,-3.705098,-0.242875),(-0.120509,1.106488,-0.116083),(-0.118116,1.108177,-0.116074),(-0.288774,5.915167,0.310548),(-0.115492,1.10656,0.183872),(0.062849,-3.705086,0.057089),(-0.112962,1.10504,0.183819),(-0.288869,5.915265,0.010548),(0.062755,-3.704988,-0.242911),(-0.115587,1.106658,-0.116128),(-0.113057,1.105139,-0.116181),(0.500623,5.228173,0.290788),(0.138747,3.25306,0.239253),(0.17157,0.934451,0.177839),(0.204392,-1.384158,0.116424),(0.456102,0.763862,0.171859),(0.411581,-3.70045,0.052929),(0.220804,-2.543463,0.085717),(0.500529,5.228271,-0.009212),(0.411487,-3.700352,-0.247071),(0.204298,-1.38406,-0.183576),(0.171476,0.934549,-0.122161),(0.138653,3.253158,-0.060747),(0.456008,0.76396,-0.128141),(1.27836,2.389351,0.212889),(1.678359,2.086018,0.203672),(2.078358,1.782686,0.194455),(1.502804,0.121601,0.150431),(1.851704,-0.092486,0.143288),(1.327249,-1.842817,0.09719),(1.625051,-1.967658,0.092122),(2.385214,-3.985211,0.028982),(1.029446,-1.717976,0.102258),(1.153903,0.335688,0.157573),(4.109398,2.087542,0.200454),(2.549505,-0.52066,0.129003),(2.220656,-2.217341,0.081986),(1.922853,-2.0925,0.087054),(2.200605,-0.306573,0.136146),(2.878355,1.17602,0.17602),(2.478356,1.479353,0.185238),(4.109304,2.08764,-0.099546),(1.029352,-1.717878,-0.197742),(1.327154,-1.842719,-0.20281),(1.624957,-1.96756,-0.207878),(1.502709,0.121699,-0.149569),(1.85161,-0.092388,-0.156712),(1.678265,2.086117,-0.096328),(2.078263,1.782784,-0.105545),(1.278266,2.389449,-0.087111),(1.153809,0.335786,-0.142427),(2.38512,-3.985113,-0.271018),(2.549411,-0.520562,-0.170997),(2.878261,1.176118,-0.12398),(2.220561,-2.217243,-0.218014),(6.896645,-0.338132,0.130685),(4.401326,-1.753949,0.091258),(4.214047,-4.779996,0.004913),(6.896551,-0.338034,-0.169315),(4.213953,-4.779898,-0.295087),(4.401232,-1.753851,-0.208742),(5.891933,-2.833468,0.060693),(6.22852,-3.107871,0.053587),(6.565107,-3.382275,0.046481),(5.781984,-4.367079,0.019832),(5.482889,-4.134562,0.02534),(5.183793,-3.902046,0.030848),(6.228426,-3.107773,-0.246413),(5.482794,-4.134464,-0.27466),(5.78189,-4.366981,-0.280168),(6.565013,-3.382177,-0.253519)),$);
#2614= IFCTRIANGULATEDFACESET(#2613,$,$,((1,2,3),(3,2,4),(5,6,7),(7,6,8),(9,4,10),(10,4,2),(10,2,11),(11,9,10),(3,4,12),(12,4,9),(13,1,14),(14,1,3),(14,3,12),(12,13,14),(2,1,11),(11,1,13),(15,9,16),(16,9,11),(16,11,17),(17,15,16),(12,9,18),(18,9,15),(19,13,20),(20,13,12),(20,12,18),(18,19,20),(11,13,17),(17,13,19),(21,15,22),(22,15,17),(22,17,23),(23,21,22),(18,15,24),(24,15,21),(25,19,26),(26,19,18),(26,18,24),(24,25,26),(17,19,23),(23,19,25),(23,27,21),(21,27,28),(21,28,29),(29,28,27),(29,27,30),(30,27,31),(30,31,32),(32,31,23),(32,23,30),(27,23,31),(24,21,33),(33,21,29),(24,34,25),(25,34,35),(25,35,36),(36,35,34),(36,34,33),(33,34,37),(33,37,24),(24,37,34),(23,25,30),(30,25,36),(30,38,29),(29,38,39),(29,39,40),(40,39,38),(40,38,41),(41,38,42),(41,42,43),(43,42,30),(43,30,41),(38,30,42),(33,29,44),(44,29,40),(33,45,36),(36,45,46),(36,46,47),(47,46,45),(47,45,44),(44,45,48),(44,48,33),(33,48,45),(30,36,41),(41,36,47),(49,40,50),(50,40,41),(50,41,51),(51,52,50),(50,52,49),(44,40,53),(53,40,49),(54,47,55),(55,47,44),(55,44,53),(53,56,55),(55,56,54),(41,47,51),(51,47,54),(52,57,49),(49,57,58),(49,58,59),(59,58,60),(59,60,61),(61,60,62),(61,62,63),(63,62,64),(63,64,51),(51,64,52),(52,64,65),(52,65,57),(57,65,58),(51,66,63),(63,66,67),(63,67,61),(61,67,66),(61,66,59),(58,65,62),(62,65,64),(58,62,60),(53,49,68),(68,49,59),(56,69,54),(54,69,70),(54,70,71),(71,70,72),(71,72,73),(73,72,74),(73,74,75),(75,74,76),(75,76,53),(53,76,56),(56,76,77),(56,77,69),(69,77,70),(53,68,75),(75,68,78),(75,78,73),(73,78,68),(73,68,71),(70,77,74),(74,77,76),(70,74,72),(51,54,66),(66,54,71),(66,79,59),(59,79,80),(59,80,81),(81,80,79),(81,79,82),(82,79,83),(82,83,84),(84,83,66),(84,66,85),(86,87,85),(85,87,88),(85,88,89),(89,88,87),(89,87,90),(90,87,91),(90,91,92),(92,91,86),(92,86,93),(93,86,59),(93,59,81),(83,79,66),(91,87,86),(85,89,94),(94,89,90),(94,90,95),(95,90,92),(95,92,93),(93,81,82),(94,95,84),(84,95,82),(95,93,82),(85,94,84),(68,59,96),(96,59,86),(68,97,71),(71,97,98),(71,98,99),(99,98,97),(99,97,100),(100,97,68),(100,68,101),(101,68,102),(101,102,103),(103,102,104),(103,104,105),(105,104,106),(105,106,96),(96,106,102),(96,102,68),(105,71,103),(103,71,107),(103,107,101),(101,107,100),(107,71,99),(104,102,106),(100,107,99),(66,71,85),(85,71,105),(108,86,109),(109,86,85),(109,85,110),(110,108,109),(96,86,111),(111,86,108),(112,105,113),(113,105,96),(113,96,111),(111,112,113),(85,105,110),(110,105,112),(114,108,115),(115,108,110),(115,110,116),(116,117,115),(115,117,114),(111,108,118),(118,108,114),(119,112,120),(120,112,111),(120,111,118),(118,121,120),(120,121,119),(110,112,116),(116,112,119),(122,114,123),(123,114,117),(123,117,116),(116,124,123),(123,124,125),(123,125,122),(114,122,118),(118,122,126),(127,119,128),(128,119,121),(128,121,118),(118,126,128),(128,126,129),(128,129,127),(116,119,124),(124,119,127),(130,122,131),(131,122,125),(131,125,132),(132,125,133),(132,133,134),(134,133,135),(135,133,136),(135,136,124),(124,136,133),(124,133,125),(132,134,131),(131,134,130),(122,130,126),(126,130,137),(138,127,139),(139,127,129),(139,129,140),(140,129,141),(140,141,142),(142,141,137),(137,141,126),(126,141,129),(140,142,139),(139,142,138),(124,127,135),(135,127,138),(134,143,130),(130,143,144),(130,144,145),(145,144,146),(145,146,147),(147,146,148),(147,148,149),(149,148,135),(149,135,150),(135,151,134),(134,151,152),(134,152,143),(143,152,144),(153,154,150),(150,154,155),(150,155,156),(156,155,154),(156,154,157),(157,154,158),(157,158,159),(159,158,153),(159,153,145),(145,153,130),(151,135,148),(149,150,156),(148,146,151),(151,146,152),(146,144,152),(158,154,153),(159,145,147),(156,157,149),(149,157,147),(157,159,147),(130,153,137),(137,153,160),(142,161,138),(138,161,162),(138,162,163),(163,162,164),(163,164,165),(165,164,166),(165,166,167),(167,166,137),(167,137,160),(137,168,142),(142,168,169),(142,169,161),(161,169,162),(170,171,160),(160,171,172),(160,172,167),(167,172,171),(167,171,165),(165,171,173),(165,173,163),(163,173,170),(163,170,138),(171,170,173),(137,166,168),(168,166,164),(168,164,169),(169,164,162),(135,138,150),(150,138,170),(174,153,175),(175,153,150),(175,150,176),(176,174,175),(153,174,160),(160,174,177),(178,170,179),(179,170,160),(179,160,177),(177,178,179),(150,170,176),(176,170,178),(176,180,174),(174,180,181),(174,181,5),(5,181,182),(5,182,6),(6,182,183),(6,183,184),(184,183,182),(184,182,181),(6,184,176),(176,184,185),(176,185,180),(180,185,181),(184,181,185),(174,5,177),(177,5,7),(177,186,178),(178,186,187),(178,187,8),(8,187,188),(8,188,189),(189,188,186),(189,186,7),(7,186,177),(7,8,189),(188,187,186),(176,178,6),(6,178,8)),$);
#2615= IFCSHAPEREPRESENTATION(#178,'Body','Tessellation',(#2614));
#2616= IFCPRODUCTDEFINITIONSHAPE($,$,(#2615));
#2617= IFCCARTESIANPOINT((505271.687831,1707682.478005,368.548065));
#2618= IFCAXIS2PLACEMENT3D(#2617,$,$);
#2619= IFCLOCALPLACEMENT(#5,#2618);
#2620= IFCBUILTELEMENT('1qhXgLRN5F1e1Ggw7aai7u',$,'CP\X2\0110\X0\D lo\X2\1EA1\X0\i I',$,$,#2619,#2616,'61152');
#2621= IFCSTYLEDITEM(#2614,(#1809),'CP\X2\0110\X0\D lo\X2\1EA1\X0\i I');
#2622= IFCPROPERTYSINGLEVALUE('Area',$,IFCREAL(222.469710561502),$);
#2623= IFCPROPERTYSINGLEVALUE('Bounds',$,IFCLABEL('((505263.14483740873,1707676.5564922073,368.2361835445345),(505280.23082071217,1707688.3995614673,368.8613816108414))'),$);
#2624= IFCPROPERTYSET('3MnDV$Ro03BUkVetYnZajB',$,'Properties',$,(#39,#40,#41,#42,#43,#44,#45,#46,#47,#48,#49,#50,#51,#52,#53,#54,#55,#56,#57,#59,#60,#193,#197,#299,#300,#301,#2622,#2623));
#2625= IFCRELDEFINESBYPROPERTIES('1kmaucr_QimvM6gOD$MK32',$,$,$,(#2620),#2624);
#2626= IFCPROPERTYSET('2oNfqABajv8pscJdvhri_2',$,'Misc',$,(#85,#87,#88,#203));
#2627= IFCRELDEFINESBYPROPERTIES('1X3cjAKvbuQKQ2uut3J28M',$,$,$,(#2620),#2626);
#2628= IFCPROPERTYSET('2MvbiN1Ir5QFBsl5VtpuXp',$,'3D Visualization',$,(#91,#92,#93));
#2629= IFCRELDEFINESBYPROPERTIES('1$RjrEf_ejkyL2XvIAOIn3',$,$,$,(#2620),#2628);
#2630= IFCPROPERTYSET('2o4Fn1RHVt3nDf_W7RxRvF',$,'General',$,(#72,#74,#75,#76,#77,#1820));
#2631= IFCRELDEFINESBYPROPERTIES('3ljlcSQMMrNPmn0YKJuZKJ',$,$,$,(#2620),#2630);
#2632= IFCPROPERTYSET('1IwLpLlmf4VIvCK55aLf$o',$,'Geometry',$,(#82));
#2633= IFCRELDEFINESBYPROPERTIES('0LN8YGUc1lM6lnU$dxZMOD',$,$,$,(#2620),#2632);
#2634= IFCPROPERTYSET('28wGXyb7e$CG8YqV8EjIww',$,'Corridor Identity',$,(#221,#224,#456,#457,#458,#461,#1219,#1220,#1221,#1222,#1223,#1224));
#2635= IFCRELDEFINESBYPROPERTIES('2NWAk31XyKjx_0ZJC1Jg9G',$,$,$,(#2620),#2634);
#2636= IFCPROPERTYSET('1Yo2gP$YoDmng22vaKT5ZX',$,'Corridor Model Information',$,(#1227,#1228,#1229,#1230,#1231));
#2637= IFCRELDEFINESBYPROPERTIES('2lAg2ifaEIfavHHi3PtXvY',$,$,$,(#2620),#2636);
#2638= IFCPROPERTYSINGLEVALUE('Volume',$,IFCVOLUMEMEASURE(31.3465206083211),$);
#2639= IFCPROPERTYSET('3gt8GTeeWV2WZdHdytYKS_',$,'Corridor Shape Information',$,(#235,#472,#473,#1234,#1829,#2638));
#2640= IFCRELDEFINESBYPROPERTIES('0oeECC2Wq4C0o5U9Mo9hwH',$,$,$,(#2620),#2639);
#2641= IFCPROPERTYSINGLEVALUE('Kh\X2\1ED1\X0\i l\X2\01B0\X0\\X2\1EE3\X0\ng (m3)',$,IFCREAL(31.3465206084277),$);
#2642= IFCPROPERTYSET('1x2INk7rsYSWpTuYJoOaeq',$,'Thong_tin_BIM',$,(#252,#479,#1239,#1240,#1833,#1834,#1835,#1837,#1838,#1839,#1840,#2641));
#2643= IFCRELDEFINESBYPROPERTIES('08XBVcCd4LR5E27lmfR6dN',$,$,$,(#2620),#2642);
#2644= IFCCARTESIANPOINTLIST3D(((-6.947141,-7.213948,-0.100609),(-6.947235,-7.21385,-0.400609),(-6.950711,-7.210411,-0.100699),(-6.950805,-7.210313,-0.400699),(-6.899124,-7.165291,-0.398871),(-6.899029,-7.165389,-0.098871),(-6.566889,-6.829969,-0.385933),(-6.566795,-6.830067,-0.085933),(-6.234612,-6.494603,-0.373347),(-6.234517,-6.494701,-0.073347),(-6.330343,-6.39976,-0.074947),(-6.330437,-6.399662,-0.374947),(-5.060727,-8.862058,-0.052587),(-6.121825,-8.153689,-0.079633),(-7.148316,-7.417044,-0.107884),(-5.217686,-9.018276,-0.055831),(-3.596391,-10.936175,-0.010151),(-4.313547,-9.882863,-0.032029),(-3.222425,-10.558726,-0.006303),(-7.14841,-7.416946,-0.407884),(-6.121919,-8.153591,-0.379633),(-5.21778,-9.018178,-0.355831),(-5.060821,-8.861959,-0.352587),(-4.313641,-9.882765,-0.332029),(-3.222519,-10.558628,-0.306303),(-3.596486,-10.936077,-0.31015),(-7.404896,6.961531,0.300152),(-7.40499,6.961629,0.000152),(-7.448856,6.911018,0.298777),(-7.44895,6.911116,-0.001223),(-7.665966,7.188727,0.308328),(-7.66606,7.188825,0.008328),(-6.319361,5.70983,0.25656),(-6.319456,5.709928,-0.04344),(-6.066987,7.312443,0.006385),(-5.667177,6.914951,-0.006789),(-5.130636,8.187667,0.030649),(-4.672957,7.756329,0.017082),(-2.111102,8.940054,0.05047),(-4.404767,10.936175,0.107884),(-4.404672,10.936077,0.407884),(-5.588221,8.618907,0.344216),(-5.130542,8.187569,0.330649),(-4.672863,7.756231,0.317082),(-2.111008,8.939955,0.35047),(-0.051038,7.147213,0.298905),(-3.4744,6.525209,0.279936),(-5.416194,4.303837,0.213808),(-0.051132,7.147311,-0.001095),(-5.416289,4.303935,-0.086192),(-3.474494,6.525307,-0.020064),(0.379235,6.772757,0.288135),(-2.588961,5.559078,0.251576),(-5.267845,4.012506,0.205457),(0.37914,6.772855,-0.011865),(-5.267939,4.012604,-0.094543),(-2.589055,5.559176,-0.048424),(3.336338,4.199261,0.214114),(-1.531693,4.281158,0.215529),(-4.574498,2.140109,0.154409),(3.336244,4.199359,-0.085886),(-4.574592,2.140207,-0.145591),(-1.531787,4.281256,-0.084471),(-0.091969,2.497805,0.165659),(0.435142,1.825925,0.147057),(7.245692,0.797044,0.116256),(-4.266964,0.167286,0.10345),(-1.992795,1.489811,0.137994),(-2.294792,2.072354,0.153665),(7.245598,0.797142,-0.183744),(0.435048,1.826023,-0.152943),(-1.992889,1.489909,-0.162006),(-4.267058,0.167384,-0.19655),(7.658805,0.437522,0.105915),(1.59464,0.348824,0.106161),(-1.334164,0.214595,0.103698),(-4.258972,-0.006554,0.099021),(7.65871,0.43762,-0.194085),(1.594546,0.348922,-0.193839),(-1.334258,0.214693,-0.196302),(-4.259067,-0.006456,-0.200979),(7.66606,0.431208,0.105733),(1.701758,0.213156,0.102404),(-4.258861,-0.009552,0.098945),(-1.277631,0.100638,0.100642),(1.703599,0.210828,0.102339),(7.665966,0.431306,-0.194266),(-4.258955,-0.009454,-0.201055),(1.701664,0.213254,-0.197596),(1.703505,0.210926,-0.197661),(-1.277725,0.100736,-0.199358),(7.659343,0.424377,0.105663),(1.701948,0.208371,0.102303),(-4.258751,-0.01255,0.098869),(-1.279227,0.096682,0.100567),(1.700296,0.205914,0.102266),(7.659248,0.424475,-0.194337),(-4.258845,-0.012452,-0.201131),(1.701853,0.208469,-0.197697),(1.700202,0.206012,-0.197734),(-1.279322,0.09678,-0.199433),(4.1889,-3.078384,0.069955),(3.366059,-1.225235,0.084792),(2.087028,-1.174351,0.083283),(0.807997,-1.123467,0.081774),(1.535514,-1.891792,0.073367),(0.361848,-1.788158,0.071528),(-0.084301,-2.452848,0.061282),(-0.811818,-1.684524,0.06969),(-2.220902,-2.140081,0.056946),(-1.985483,-1.58089,0.067851),(-3.159149,-1.477256,0.066013),(-3.029096,-0.970815,0.077248),(-4.357503,-1.827313,0.052609),(-1.750065,-1.021699,0.078757),(-0.471034,-1.072583,0.080265),(2.709179,-1.995426,0.075205),(4.188806,-3.078286,-0.230045),(-2.899137,-0.464277,-0.211517),(-3.02919,-0.970717,-0.222752),(-4.357597,-1.827215,-0.247391),(-3.159243,-1.477158,-0.233987),(-2.220996,-2.139983,-0.243054),(-1.985578,-1.580792,-0.232149),(-0.811912,-1.684426,-0.23031),(-0.471128,-1.072485,-0.219735),(0.807903,-1.123369,-0.218226),(1.254052,-0.458679,-0.20798),(2.638449,-0.456813,-0.206801),(4.022845,-0.454947,-0.205622),(3.365965,-1.225137,-0.215208),(2.709085,-1.995328,-0.224795),(-0.084396,-2.45275,-0.238718),(1.535419,-1.891694,-0.226633),(0.361754,-1.78806,-0.228472),(2.086934,-1.174253,-0.216717),(-0.130344,-0.460545,-0.209159),(-1.51474,-0.462411,-0.210338),(-1.750159,-1.021601,-0.221243),(2.766809,-4.513718,0.055323),(1.496861,-3.417923,0.057183),(0.506364,-3.228858,0.054455),(-0.484134,-3.039794,0.051727),(-0.883966,-3.62674,0.042171),(-1.474631,-2.85073,0.048998),(-2.709353,-3.183252,0.035595),(-2.465128,-2.661666,0.04627),(-3.455625,-2.472602,0.043542),(-4.53474,-2.739763,0.029019),(2.766715,-4.51362,-0.244677),(-4.534835,-2.739665,-0.270981),(-2.465222,-2.661568,-0.25373),(-1.474725,-2.850632,-0.251001),(-0.484228,-3.039696,-0.248273),(0.506269,-3.22876,-0.245545),(-0.88406,-3.626642,-0.257829),(1.496766,-3.417824,-0.242817),(-2.709447,-3.183154,-0.264405),(2.762492,-4.518075,0.055278),(-0.885222,-3.628558,0.042141),(-4.535449,-2.742678,0.028943),(-2.710964,-3.186527,0.035527),(-0.886479,-3.630377,0.042111),(2.762398,-4.517977,-0.244722),(-4.535543,-2.74258,-0.271057),(-0.885316,-3.62846,-0.257859),(-0.886573,-3.630278,-0.257889),(-2.711058,-3.186429,-0.264473),(2.758177,-4.522431,0.055234),(-0.887735,-3.632194,0.042081),(-4.536159,-2.745593,0.028867),(-2.712575,-3.189802,0.035459),(-0.888991,-3.634012,0.042051),(2.758082,-4.522333,-0.244766),(-4.536253,-2.745495,-0.271133),(-0.887829,-3.632096,-0.257919),(-0.889085,-3.633914,-0.257949),(-2.712669,-3.189704,-0.264541),(1.314693,-5.979357,0.040381),(0.354993,-4.75189,0.039703),(-1.326449,-4.252887,0.031598),(-2.16717,-4.003385,0.027546),(-1.545178,-4.562325,0.026372),(-2.350363,-4.299125,0.021942),(-1.763907,-4.871762,0.021146),(-3.303207,-4.317965,0.011529),(-3.155549,-4.035925,0.017511),(-3.960734,-3.772724,0.013081),(-3.848612,-3.504382,0.019441),(-4.842506,-3.764168,0.001911),(-3.007891,-3.753884,0.023494),(0.065193,-5.088725,0.035233),(1.314598,-5.979259,-0.259619),(-4.842601,-3.76407,-0.298089),(-3.848706,-3.504284,-0.280559),(-3.007985,-3.753786,-0.276506),(-2.167264,-4.003287,-0.272454),(-3.155643,-4.035826,-0.282489),(-2.350458,-4.299027,-0.278058),(-3.303301,-4.317867,-0.288471),(-1.764001,-4.871664,-0.278854),(-1.545272,-4.562227,-0.273628),(-0.740087,-4.825427,-0.269197),(-0.485822,-4.502291,-0.264349),(0.354899,-4.751792,-0.260297),(-1.326543,-4.252789,-0.268402),(0.065099,-5.088627,-0.264767),(-3.960828,-3.772626,-0.286919),(0.090852,-7.214594,0.027789),(-0.731343,-6.003397,0.022899),(-2.165459,-5.409819,0.011714),(-2.882517,-5.11303,0.006121),(-2.366235,-5.678848,0.006998),(-3.056997,-5.372113,0.001013),(-2.567011,-5.947876,0.002282),(-3.747759,-5.065379,-0.004972),(-5.224874,-4.681158,-0.023225),(-4.43852,-4.758645,-0.010956),(-4.316632,-4.519452,-0.005064),(-3.599575,-4.816241,0.000529),(-0.984711,-6.292316,0.018967),(0.090758,-7.214496,-0.272211),(-5.224969,-4.681059,-0.323225),(-4.316727,-4.519354,-0.305064),(-3.599669,-4.816143,-0.299471),(-2.882611,-5.112932,-0.293879),(-3.747853,-5.065281,-0.304971),(-3.057091,-5.372015,-0.298987),(-2.567105,-5.947778,-0.297718),(-2.366329,-5.678749,-0.293002),(-0.984806,-6.292218,-0.281033),(-0.731437,-6.003299,-0.2771),(-2.165553,-5.409721,-0.288286),(-4.438615,-4.758546,-0.310956),(-1.064166,-8.380368,0.015904),(-1.730932,-7.129013,0.007404),(-2.975207,-6.460546,-0.007039),(-3.597344,-6.126312,-0.014261),(-3.179305,-6.71688,-0.0117),(-3.780278,-6.373869,-0.019344),(-3.383402,-6.973215,-0.01636),(-4.381251,-6.030858,-0.026988),(-5.702639,-5.566063,-0.048625),(-4.982225,-5.687847,-0.034631),(-4.841619,-5.457844,-0.028704),(-4.219482,-5.792078,-0.021482),(-1.977358,-7.402903,0.003588),(-1.06426,-8.38027,-0.284096),(-4.057806,-5.553199,-0.315977),(-4.701108,-5.227742,-0.322776),(-4.841714,-5.457746,-0.328704),(-4.219576,-5.79198,-0.321482),(-3.414505,-5.878656,-0.309178),(-3.597439,-6.126214,-0.314261),(-2.771203,-6.204113,-0.302379),(-2.975301,-6.460448,-0.307039),(-1.4846,-6.855026,-0.28878),(-1.731026,-7.128915,-0.292596),(-1.977452,-7.402805,-0.296412),(-3.383497,-6.973117,-0.31636),(-3.179399,-6.716782,-0.3117),(-3.780372,-6.373771,-0.319344),(-4.381346,-6.03076,-0.326988),(-5.702734,-5.565964,-0.348625),(-4.982319,-5.687749,-0.334631),(-5.948226,-6.960354,-0.069835),(-5.783147,-6.751853,-0.06398),(-5.618068,-6.543353,-0.058125),(-5.452988,-6.334852,-0.05227),(-5.083131,-6.922481,-0.048739),(-4.903094,-6.704867,-0.043324),(-4.548195,-7.30161,-0.039353),(-4.3532,-7.074882,-0.034378),(-4.013258,-7.680738,-0.029967),(-3.803306,-7.444897,-0.025432),(-2.943386,-8.438995,-0.011195),(-2.703518,-8.184927,-0.007539),(-6.113305,-7.168854,-0.075691),(-5.623241,-7.575323,-0.064985),(-5.133178,-7.981792,-0.054279),(-4.643114,-8.388261,-0.043574),(-4.938183,-7.755065,-0.049304),(-4.433162,-8.15242,-0.039038),(-4.22321,-7.916579,-0.034503),(-4.743189,-7.528337,-0.044328),(-3.662987,-9.201199,-0.022162),(-3.42312,-8.947131,-0.018507),(-3.183253,-8.693063,-0.014851),(-5.443205,-7.357709,-0.05957),(-5.263168,-7.140095,-0.054154),(-5.783241,-6.751755,-0.36398),(-6.113399,-7.168756,-0.375691),(-5.623336,-7.575225,-0.364985),(-5.133272,-7.981694,-0.354279),(-4.643209,-8.388163,-0.343574),(-4.223305,-7.916481,-0.334503),(-3.183347,-8.692965,-0.314851),(-2.94348,-8.438897,-0.311195),(-2.703613,-8.184829,-0.307539),(-2.463746,-7.930762,-0.303884),(-3.803401,-7.444799,-0.325431),(-3.593449,-7.208958,-0.320896),(-4.353295,-7.074784,-0.334378),(-4.1583,-6.848057,-0.329402),(-4.903189,-6.704769,-0.343324),(-4.723152,-6.487155,-0.337908),(-5.453083,-6.334754,-0.35227),(-5.288003,-6.126253,-0.346414),(-5.618162,-6.543255,-0.358125),(-5.083225,-6.922383,-0.348739),(-5.263262,-7.139997,-0.354154),(-4.548289,-7.301512,-0.339353),(-4.743283,-7.528239,-0.344328),(-4.013353,-7.68064,-0.329967),(-3.663081,-9.201101,-0.322162)),$);
#2645= IFCTRIANGULATEDFACESET(#2644,$,$,((1,2,3),(3,2,4),(2,1,5),(5,1,6),(5,6,7),(7,6,8),(7,8,9),(9,8,10),(10,11,9),(9,11,12),(13,6,14),(14,6,1),(14,1,15),(15,1,3),(14,15,16),(16,15,17),(16,17,18),(18,17,19),(18,19,13),(18,13,16),(16,13,14),(3,4,15),(15,4,20),(4,2,20),(20,2,21),(20,21,22),(22,21,23),(22,23,24),(24,23,25),(24,25,26),(5,23,2),(2,23,21),(24,26,22),(22,26,20),(27,28,29),(29,28,30),(31,32,27),(27,32,28),(29,30,33),(33,30,34),(30,28,34),(34,28,35),(34,35,36),(36,35,37),(36,37,38),(38,37,39),(38,39,34),(32,40,28),(28,40,37),(28,37,35),(40,39,37),(38,34,36),(32,31,40),(40,31,41),(17,15,26),(26,15,20),(31,27,42),(42,27,29),(42,29,43),(43,29,33),(43,33,44),(44,33,45),(44,45,43),(43,45,41),(43,41,42),(42,41,31),(41,45,40),(40,45,39),(46,45,47),(47,45,33),(47,33,48),(48,46,47),(45,46,39),(39,46,49),(50,34,51),(51,34,39),(51,39,49),(49,50,51),(33,34,48),(48,34,50),(52,46,53),(53,46,48),(53,48,54),(54,52,53),(46,52,49),(49,52,55),(56,50,57),(57,50,49),(57,49,55),(55,56,57),(48,50,54),(54,50,56),(58,52,59),(59,52,54),(59,54,60),(60,58,59),(52,58,55),(55,58,61),(62,56,63),(63,56,55),(63,55,61),(61,62,63),(54,56,60),(60,56,62),(60,64,58),(58,64,65),(58,65,66),(66,65,67),(67,65,68),(67,68,60),(60,68,69),(60,69,64),(64,69,65),(68,65,69),(58,66,61),(61,66,70),(61,71,62),(62,71,72),(62,72,73),(73,72,71),(73,71,70),(70,71,61),(60,62,67),(67,62,73),(74,66,75),(75,66,67),(75,67,76),(76,67,77),(76,77,75),(75,77,74),(66,74,70),(70,74,78),(70,79,73),(73,79,80),(73,80,81),(81,80,79),(81,79,78),(78,79,70),(67,73,77),(77,73,81),(82,74,83),(83,74,77),(83,77,84),(84,85,83),(83,85,86),(83,86,82),(74,82,78),(78,82,87),(88,81,89),(89,81,78),(89,78,87),(87,90,89),(89,90,91),(89,91,88),(77,81,84),(84,81,88),(92,82,93),(93,82,86),(93,86,85),(85,84,93),(93,84,94),(93,94,95),(95,96,93),(93,96,92),(82,92,87),(87,92,97),(98,88,99),(99,88,91),(99,91,90),(90,87,99),(99,87,97),(99,97,100),(100,101,99),(99,101,98),(84,88,94),(94,88,98),(102,92,103),(103,92,96),(103,96,104),(104,96,105),(104,105,106),(106,105,107),(106,107,108),(108,107,109),(108,109,110),(110,109,111),(110,111,112),(112,111,113),(112,113,114),(114,113,94),(94,113,95),(95,113,115),(95,115,116),(116,115,109),(116,109,107),(105,96,116),(116,96,95),(114,110,112),(106,108,117),(117,108,102),(117,102,103),(109,115,111),(111,115,113),(107,105,116),(117,103,104),(117,104,106),(92,102,97),(97,102,118),(101,119,98),(98,119,120),(98,120,121),(121,120,122),(121,122,123),(123,122,124),(123,124,125),(125,124,126),(125,126,127),(127,126,128),(127,128,129),(129,128,100),(129,100,130),(130,100,97),(130,97,131),(131,97,118),(131,118,132),(132,118,133),(132,133,134),(134,133,135),(134,135,136),(136,135,127),(136,127,129),(100,137,101),(101,137,138),(101,138,119),(119,138,120),(135,133,125),(125,133,123),(136,129,130),(137,100,128),(128,126,137),(137,126,139),(137,139,138),(138,139,120),(120,139,122),(122,139,124),(127,135,125),(139,126,124),(131,132,134),(131,134,136),(131,136,130),(94,98,114),(114,98,121),(140,102,141),(141,102,108),(141,108,142),(142,108,143),(142,143,144),(144,143,145),(144,145,146),(146,145,147),(146,147,148),(148,147,110),(148,110,114),(143,108,145),(145,108,110),(145,110,147),(114,149,148),(148,149,146),(142,144,141),(141,144,140),(102,140,118),(118,140,150),(151,121,152),(152,121,123),(152,123,153),(153,123,133),(153,133,154),(154,133,155),(154,155,156),(156,155,157),(156,157,150),(150,157,118),(118,157,133),(133,157,155),(154,156,153),(153,156,158),(153,158,152),(152,158,151),(114,121,149),(149,121,151),(159,140,160),(160,140,144),(160,144,146),(146,149,160),(160,149,161),(160,161,162),(162,163,160),(160,163,159),(140,159,150),(150,159,164),(165,151,166),(166,151,158),(166,158,156),(156,150,166),(166,150,164),(166,164,167),(167,168,166),(166,168,165),(149,151,161),(161,151,165),(169,159,170),(170,159,163),(170,163,162),(162,161,170),(170,161,171),(170,171,172),(172,173,170),(170,173,169),(159,169,164),(164,169,174),(175,165,176),(176,165,168),(176,168,167),(167,164,176),(176,164,174),(176,174,177),(177,178,176),(176,178,175),(161,165,171),(171,165,175),(179,169,180),(180,169,173),(180,173,181),(181,173,182),(181,182,183),(183,182,184),(183,184,185),(185,184,186),(186,184,187),(186,187,188),(188,187,189),(188,189,190),(190,189,171),(171,189,172),(172,189,191),(172,191,182),(182,191,184),(173,172,182),(190,186,188),(183,185,192),(192,185,179),(192,179,180),(184,191,187),(187,191,189),(192,180,181),(192,181,183),(169,179,174),(174,179,193),(194,175,195),(195,175,178),(195,178,196),(196,178,197),(196,197,198),(198,197,199),(198,199,200),(200,199,201),(201,199,202),(201,202,203),(203,202,204),(203,204,205),(205,204,177),(205,177,174),(178,177,197),(197,177,206),(197,206,199),(199,206,202),(174,193,205),(205,193,207),(205,207,203),(203,207,201),(193,201,207),(198,200,208),(208,200,194),(208,194,195),(206,177,204),(202,206,204),(208,195,196),(208,196,198),(171,175,190),(190,175,194),(209,179,210),(210,179,185),(210,185,211),(211,185,212),(211,212,213),(213,212,214),(213,214,215),(215,214,216),(215,216,217),(217,216,218),(217,218,219),(219,218,216),(219,216,220),(220,216,214),(220,214,212),(185,186,212),(212,186,220),(220,186,219),(219,186,190),(219,190,217),(213,215,221),(221,215,209),(221,209,210),(221,210,211),(221,211,213),(179,209,193),(193,209,222),(223,194,224),(224,194,200),(224,200,225),(225,200,226),(225,226,227),(227,226,228),(227,228,229),(229,228,230),(229,230,231),(231,230,232),(231,232,222),(222,232,193),(193,232,201),(201,232,233),(201,233,226),(226,233,228),(200,201,226),(222,229,231),(229,223,227),(227,223,234),(227,234,225),(225,234,224),(234,223,224),(228,233,230),(230,233,232),(190,194,217),(217,194,223),(235,209,236),(236,209,215),(236,215,237),(237,215,238),(237,238,239),(239,238,240),(239,240,241),(241,240,242),(241,242,243),(243,242,244),(243,244,245),(245,244,242),(245,242,246),(246,242,240),(246,240,238),(238,215,246),(246,215,217),(246,217,245),(245,217,243),(239,241,247),(247,241,235),(247,235,236),(247,236,237),(247,237,239),(209,235,222),(222,235,248),(229,249,223),(223,249,250),(223,250,251),(251,250,249),(251,249,252),(252,249,253),(252,253,254),(254,253,255),(254,255,256),(256,255,257),(256,257,258),(258,257,222),(258,222,248),(222,257,229),(229,257,255),(229,255,253),(258,248,259),(259,248,260),(259,260,261),(261,260,262),(261,262,256),(256,262,254),(262,260,263),(263,260,264),(263,264,265),(265,264,251),(265,251,252),(264,223,251),(249,229,253),(254,262,263),(254,263,252),(252,263,265),(258,259,261),(258,261,256),(217,223,243),(243,223,264),(8,266,10),(10,266,267),(10,267,11),(11,267,268),(11,268,269),(269,268,270),(269,270,271),(271,270,272),(271,272,273),(273,272,274),(273,274,275),(275,274,276),(275,276,277),(277,276,235),(277,235,241),(266,8,278),(278,8,6),(278,6,279),(279,6,13),(279,13,280),(280,13,281),(280,281,282),(282,281,283),(282,283,285),(285,283,284),(285,284,272),(272,284,274),(281,13,286),(286,13,19),(286,19,287),(287,19,288),(287,288,284),(284,288,274),(19,235,288),(288,235,276),(288,276,274),(243,271,241),(241,271,273),(241,273,275),(271,243,269),(269,243,11),(266,289,267),(267,289,290),(267,290,268),(268,290,270),(289,282,290),(290,282,285),(290,285,270),(270,285,272),(278,279,266),(266,279,289),(279,280,289),(289,280,282),(286,287,283),(283,287,284),(286,283,281),(277,241,275),(235,19,248),(248,19,25),(12,291,9),(9,291,292),(9,292,7),(7,292,5),(5,292,293),(5,293,23),(23,293,294),(23,294,295),(295,294,296),(295,296,297),(297,296,298),(297,298,248),(248,298,299),(248,299,300),(300,299,301),(300,301,302),(302,301,303),(302,303,304),(304,303,305),(304,305,306),(306,305,307),(306,307,308),(308,307,264),(308,264,306),(306,264,260),(306,260,304),(304,260,302),(264,307,12),(12,307,309),(12,309,291),(291,309,310),(291,310,311),(311,310,313),(313,310,312),(313,312,296),(296,312,314),(296,314,298),(298,314,299),(302,260,300),(300,260,248),(248,25,297),(297,25,315),(297,315,295),(295,315,23),(25,23,315),(293,292,311),(311,292,291),(294,293,313),(313,293,311),(313,296,294),(303,301,314),(314,312,303),(309,307,305),(305,303,312),(312,310,305),(310,309,305),(314,301,299),(12,11,264),(264,11,243),(19,17,25),(25,17,26)),$);
#2646= IFCSHAPEREPRESENTATION(#178,'Body','Tessellation',(#2645));
#2647= IFCPRODUCTDEFINITIONSHAPE($,$,(#2646));
#2648= IFCCARTESIANPOINT((505263.72586,1707687.968175,368.753058));
#2649= IFCAXIS2PLACEMENT3D(#2648,$,$);
#2650= IFCLOCALPLACEMENT(#5,#2649);
#2651= IFCBUILTELEMENT('3bqe6kDkHEOQUFrGY$9MwN',$,'CP\X2\0110\X0\D lo\X2\1EA1\X0\i I',$,$,#2650,#2647,'6115B');
#2652= IFCSTYLEDITEM(#2645,(#1809),'CP\X2\0110\X0\D lo\X2\1EA1\X0\i I');
#2653= IFCPROPERTYSINGLEVALUE('Area',$,IFCREAL(334.761793877168),$);
#2654= IFCPROPERTYSINGLEVALUE('Bounds',$,IFCLABEL('((505256.0385090067,1707677.0318658422,368.33936844508963),(505271.39201308315,1707698.9045180753,369.16197294999284))'),$);
#2655= IFCPROPERTYSET('0D0snbLWEl9zLJj$i0pcpi',$,'Properties',$,(#39,#40,#41,#42,#43,#44,#47,#48,#49,#50,#51,#52,#53,#54,#55,#56,#57,#59,#60,#193,#194,#195,#196,#197,#198,#199,#2653,#2654));
#2656= IFCRELDEFINESBYPROPERTIES('3jUPyd4SzITrD7gdj_HEgC',$,$,$,(#2651),#2655);
#2657= IFCPROPERTYSET('06PFizGTGYXfFG0rAsFV_M',$,'Misc',$,(#85,#87,#88,#203));
#2658= IFCRELDEFINESBYPROPERTIES('2b_eXTqzL2rXLRwFG4UQzG',$,$,$,(#2651),#2657);
#2659= IFCPROPERTYSET('2QSiGuXRiZSC37goc$8hwp',$,'3D Visualization',$,(#91,#92,#93));
#2660= IFCRELDEFINESBYPROPERTIES('01ThyLiJh7ndHbEMvSdNxZ',$,$,$,(#2651),#2659);
#2661= IFCPROPERTYSET('3$lfHPUFtEINj2SYXIAyAb',$,'General',$,(#72,#74,#75,#76,#77,#1820));
#2662= IFCRELDEFINESBYPROPERTIES('2TdYxKUh51PIEg21MlCcqm',$,$,$,(#2651),#2661);
#2663= IFCPROPERTYSET('1rtCYEQneeHiW_heKrdJwa',$,'Geometry',$,(#82));
#2664= IFCRELDEFINESBYPROPERTIES('26mtm4IS5dDCWDM9eVCdHr',$,$,$,(#2651),#2663);
#2665= IFCPROPERTYSET('2_I3Hot3xz8Di_RDFJ758m',$,'Corridor Identity',$,(#221,#224,#456,#457,#458,#461,#509,#1219,#1264,#1265,#1266,#1267));
#2666= IFCRELDEFINESBYPROPERTIES('2uqwJUkfFQSETuizUDzb0I',$,$,$,(#2651),#2665);
#2667= IFCPROPERTYSET('1k6Xljw0CX66GJ7ZXy_aAK',$,'Corridor Model Information',$,(#1227,#1270,#1271,#1272,#1273));
#2668= IFCRELDEFINESBYPROPERTIES('1BYVfqqIlM5QCN_G8ZPdWQ',$,$,$,(#2651),#2667);
#2669= IFCPROPERTYSINGLEVALUE('Volume',$,IFCVOLUMEMEASURE(47.56891864463),$);
#2670= IFCPROPERTYSET('0tktA_Rml7NBs4SiczSV9s',$,'Corridor Shape Information',$,(#235,#472,#473,#518,#1829,#2669));
#2671= IFCRELDEFINESBYPROPERTIES('0EiuSENnsnmwVuY_EYJPfv',$,$,$,(#2651),#2670);
#2672= IFCPROPERTYSINGLEVALUE('Kh\X2\1ED1\X0\i l\X2\01B0\X0\\X2\1EE3\X0\ng (m3)',$,IFCREAL(47.5689186458857),$);
#2673= IFCPROPERTYSET('0TiWKFl7RmYPsoz_f27J8v',$,'Thong_tin_BIM',$,(#252,#479,#523,#524,#1833,#1834,#1835,#1837,#1838,#1839,#1840,#2672));
#2674= IFCRELDEFINESBYPROPERTIES('2J3352$QfqgeAr9gxFUuAG',$,$,$,(#2651),#2673);
#2675= IFCCARTESIANPOINTLIST3D(((0.469314,-3.07822,-0.214577),(0.468945,-3.077854,-0.214566),(0.469409,-3.078318,0.085423),(0.469039,-3.077952,0.085434),(1.181562,-2.358601,-0.207234),(1.181657,-2.358699,0.092766),(1.181932,-2.358967,-0.207245),(1.182026,-2.359065,0.092755),(1.677111,-1.859176,-0.20215),(-1.87475,1.65989,-0.099883),(-3.282394,0.239137,-0.114367),(0.269467,-3.279928,-0.216633),(0.269562,-3.280026,0.083367),(-0.268116,3.281293,0.216647),(3.283746,-0.237773,0.114381),(-0.26821,3.281391,-0.083353),(3.283652,-0.237675,-0.185619),(-3.283652,0.237675,0.185619),(-3.283746,0.237773,-0.114381),(0.26821,-3.281391,0.083353),(0.268116,-3.281293,-0.216647),(-0.467012,3.080544,0.214601),(3.08485,-0.438521,0.112334),(3.084755,-0.438423,-0.187666),(-0.467106,3.080642,-0.085399),(-0.895105,2.648464,0.210196),(2.656756,-0.870601,0.107929),(2.656662,-0.870503,-0.192071),(-0.8952,2.648562,-0.089804),(-1.874656,1.659792,0.200117),(1.677206,-1.859274,0.09785),(-3.2823,0.239039,0.185633)),$);
#2676= IFCTRIANGULATEDFACESET(#2675,$,$,((1,2,3),(3,2,4),(2,5,4),(4,5,6),(7,8,5),(5,8,6),(7,5,9),(9,5,10),(10,5,11),(11,5,2),(11,2,12),(12,2,1),(3,13,1),(1,13,12),(14,15,16),(16,15,17),(18,19,20),(20,19,21),(14,22,15),(15,22,23),(15,23,17),(17,23,24),(16,17,25),(25,17,24),(14,16,22),(22,16,25),(22,26,23),(23,26,27),(23,27,24),(24,27,28),(25,24,29),(29,24,28),(22,25,26),(26,25,29),(26,30,27),(27,30,31),(27,31,28),(28,31,9),(29,28,10),(10,28,9),(26,29,30),(30,29,10),(8,31,6),(6,31,30),(6,30,32),(6,32,4),(4,32,13),(4,13,3),(7,9,8),(8,9,31),(30,10,32),(32,10,11),(32,18,13),(13,18,20),(13,20,12),(12,20,21),(11,12,19),(19,12,21),(32,11,18),(18,11,19)),$);
#2677= IFCSHAPEREPRESENTATION(#178,'Body','Tessellation',(#2676));
#2678= IFCPRODUCTDEFINITIONSHAPE($,$,(#2677));
#2679= IFCCARTESIANPOINT((505263.41312,1707676.794326,368.557288));
#2680= IFCAXIS2PLACEMENT3D(#2679,$,$);
#2681= IFCLOCALPLACEMENT(#5,#2680);
#2682= IFCBUILTELEMENT('2SkmuEfPH5Huyn1I7iiFzh',$,'CP\X2\0110\X0\D lo\X2\1EA1\X0\i I',$,$,#2681,#2678,'6116B');
#2683= IFCSTYLEDITEM(#2676,(#1809),'CP\X2\0110\X0\D lo\X2\1EA1\X0\i I');
#2684= IFCPROPERTYSINGLEVALUE('Area',$,IFCREAL(48.4248087443924),$);
#2685= IFCPROPERTYSINGLEVALUE('Bounds',$,IFCLABEL('((505260.12934258184,1707673.5128917836,368.33969316654844),(505266.6968975204,1707680.075759366,368.7748823997177))'),$);
#2686= IFCPROPERTYSET('0lrGq4DhjcjxX0sjdSWsdm',$,'Properties',$,(#39,#40,#41,#42,#43,#44,#47,#48,#49,#50,#51,#52,#53,#54,#55,#56,#57,#59,#60,#193,#194,#195,#196,#197,#198,#199,#2684,#2685));
#2687= IFCRELDEFINESBYPROPERTIES('0OsaA_cLijIXNAe27jDmCn',$,$,$,(#2682),#2686);
#2688= IFCPROPERTYSET('2O6qtdw8PF9lIj_dQv0pog',$,'Misc',$,(#85,#87,#88,#203));
#2689= IFCRELDEFINESBYPROPERTIES('2HFlN5V3KOvXXLIGGK03Y5',$,$,$,(#2682),#2688);
#2690= IFCPROPERTYSET('29UDOddWubE6E2q8IuLm6M',$,'3D Visualization',$,(#91,#92,#93));
#2691= IFCRELDEFINESBYPROPERTIES('3tjvkgIWLT95fjJ1wsnO8c',$,$,$,(#2682),#2690);
#2692= IFCPROPERTYSET('3osV7BRTdopV6aApYmnGSJ',$,'General',$,(#72,#74,#75,#76,#77,#1820));
#2693= IFCRELDEFINESBYPROPERTIES('13Q2r$iAeKbvKepdPqtmgi',$,$,$,(#2682),#2692);
#2694= IFCPROPERTYSET('0jpbUJx_ExFn6m6VmDHrw6',$,'Geometry',$,(#82));
#2695= IFCRELDEFINESBYPROPERTIES('2BNDJHkcpLK$4ksWBEJFrq',$,$,$,(#2682),#2694);
#2696= IFCPROPERTYSET('0svQzs0n4QPgYLMQrSxrLO',$,'Corridor Identity',$,(#218,#221,#224,#744,#745,#1219,#1303,#1304,#1305,#1306,#1307,#1308));
#2697= IFCRELDEFINESBYPROPERTIES('2xMu4mYk30FU2lX8FybnEL',$,$,$,(#2682),#2696);
#2698= IFCPROPERTYSET('2siO_HmojmS2sl5vQByIId',$,'Corridor Model Information',$,(#1227,#1311,#1312,#1313,#1314));
#2699= IFCRELDEFINESBYPROPERTIES('0UugoISOGxyMh7AHD3fGKu',$,$,$,(#2682),#2698);
#2700= IFCPROPERTYSINGLEVALUE('Volume',$,IFCVOLUMEMEASURE(6.426614975718),$);
#2701= IFCPROPERTYSET('1v0AxiOizAWup6XL4q8mbe',$,'Corridor Shape Information',$,(#235,#754,#1317,#1318,#1829,#2700));
#2702= IFCRELDEFINESBYPROPERTIES('25CJJEHKrzi2$KXdHn7To3',$,$,$,(#2682),#2701);
#2703= IFCPROPERTYSINGLEVALUE('Kh\X2\1ED1\X0\i l\X2\01B0\X0\\X2\1EE3\X0\ng (m3)',$,IFCREAL(6.42661497595332),$);
#2704= IFCPROPERTYSET('3VWWQawDt4n9kucP8gmp_R',$,'Thong_tin_BIM',$,(#252,#1323,#1324,#1325,#1833,#1834,#1835,#1837,#1838,#1839,#1840,#2703));
#2705= IFCRELDEFINESBYPROPERTIES('3HliajiqKggJL86ywTfwwn',$,$,$,(#2682),#2704);
#2706= IFCCARTESIANPOINTLIST3D(((1.743226,5.311365,0.237342),(5.295088,1.7923,0.135076),(1.743132,5.311463,-0.062657),(5.294994,1.792398,-0.164924),(-5.294994,-1.792398,0.164924),(-5.295088,-1.7923,-0.135076),(-1.743132,-5.311463,0.062657),(-1.743226,-5.311365,-0.237342),(1.014324,4.575675,0.229843),(4.566185,1.056609,0.127576),(4.566091,1.056707,-0.172424),(1.01423,4.575773,-0.070157),(0.336934,3.891977,0.222873),(3.888796,0.372911,0.120606),(3.888701,0.37301,-0.179394),(0.33684,3.892075,-0.077127),(-1.07071,2.471224,0.208389),(2.481152,-1.047841,0.106123),(2.481057,-1.047743,-0.193877),(-1.070804,2.471322,-0.091611),(-2.279457,1.25122,0.195952),(1.272404,-2.267845,0.093685),(1.27231,-2.267747,-0.206315),(-2.279552,1.251318,-0.104048),(-2.281569,1.249089,0.19593),(1.270292,-2.269976,0.093664),(1.270198,-2.269878,-0.206336),(-2.281663,1.249187,-0.10407),(-2.478354,1.050472,0.193905),(1.073508,-2.468594,0.091639),(1.073413,-2.468496,-0.208361),(-2.478448,1.05057,-0.106095),(-3.885998,-0.370281,0.179422),(-0.334136,-3.889346,0.077155),(-0.334231,-3.889248,-0.222845),(-3.886092,-0.370183,-0.120578),(-5.293642,-1.791033,0.164938),(-1.74178,-5.310099,0.062671),(-1.741875,-5.310001,-0.237329),(-5.293736,-1.790935,-0.135062)),$);
#2707= IFCTRIANGULATEDFACESET(#2706,$,$,((1,2,3),(3,2,4),(5,6,7),(7,6,8),(1,9,2),(2,9,10),(2,10,4),(4,10,11),(3,4,12),(12,4,11),(1,3,9),(9,3,12),(9,13,10),(10,13,14),(10,14,11),(11,14,15),(12,11,16),(16,11,15),(9,12,13),(13,12,16),(13,17,14),(14,17,18),(14,18,15),(15,18,19),(16,15,20),(20,15,19),(13,16,17),(17,16,20),(17,21,18),(18,21,22),(18,22,19),(19,22,23),(20,19,24),(24,19,23),(17,20,21),(21,20,24),(21,25,22),(22,25,26),(22,26,23),(23,26,27),(24,23,28),(28,23,27),(21,24,25),(25,24,28),(25,29,26),(26,29,30),(26,30,27),(27,30,31),(28,27,32),(32,27,31),(25,28,29),(29,28,32),(29,33,30),(30,33,34),(30,34,31),(31,34,35),(32,31,36),(36,31,35),(29,32,33),(33,32,36),(33,37,34),(34,37,38),(34,38,35),(35,38,39),(36,35,40),(40,35,39),(33,36,37),(37,36,40),(37,5,38),(38,5,7),(38,7,39),(39,7,8),(40,39,6),(6,39,8),(37,40,5),(5,40,6)),$);
#2708= IFCSHAPEREPRESENTATION(#178,'Body','Tessellation',(#2707));
#2709= IFCPRODUCTDEFINITIONSHAPE($,$,(#2708));
#2710= IFCCARTESIANPOINT((505258.386242,1707671.720635,368.505565));
#2711= IFCAXIS2PLACEMENT3D(#2710,$,$);
#2712= IFCLOCALPLACEMENT(#5,#2711);
#2713= IFCBUILTELEMENT('3Jn914WVn5IOzH_NQXT4A8',$,'CP\X2\0110\X0\D lo\X2\1EA1\X0\i I',$,$,#2712,#2709,'61179');
#2714= IFCSTYLEDITEM(#2707,(#1809),'CP\X2\0110\X0\D lo\X2\1EA1\X0\i I');
#2715= IFCPROPERTYSINGLEVALUE('Area',$,IFCREAL(109.022611643491),$);
#2716= IFCPROPERTYSINGLEVALUE('Bounds',$,IFCLABEL('((505253.0911227032,1707666.4091155452,368.26601067983034),(505263.6813614601,1707677.0321548823,368.74511848893354))'),$);
#2717= IFCPROPERTYSET('3csaemcb3K0$7jppF8RzHp',$,'Properties',$,(#39,#40,#41,#42,#43,#44,#45,#46,#47,#48,#49,#50,#51,#52,#53,#54,#55,#56,#57,#59,#60,#193,#197,#299,#300,#301,#2715,#2716));
#2718= IFCRELDEFINESBYPROPERTIES('3PycVefbIPLN8$uKjafWey',$,$,$,(#2713),#2717);
#2719= IFCPROPERTYSET('17UCUZlUXrMQIJ5Gh7yzuA',$,'Misc',$,(#85,#87,#88,#203));
#2720= IFCRELDEFINESBYPROPERTIES('28SK0CnZn6rOmM2oj9Xs0m',$,$,$,(#2713),#2719);
#2721= IFCPROPERTYSET('22YixinPt609alGflryX2B',$,'3D Visualization',$,(#91,#92,#93));
#2722= IFCRELDEFINESBYPROPERTIES('0x0gn3JOdGP_L3YhAFfCFJ',$,$,$,(#2713),#2721);
#2723= IFCPROPERTYSET('0EM8R6u$aLW_GjqYA0MbGC',$,'General',$,(#72,#74,#75,#76,#77,#1820));
#2724= IFCRELDEFINESBYPROPERTIES('270XuaEF6RUICtz50$HG3$',$,$,$,(#2713),#2723);
#2725= IFCPROPERTYSET('3pQbL8$61iskN$8aVLm_5A',$,'Geometry',$,(#82));
#2726= IFCRELDEFINESBYPROPERTIES('0pIFv_mzN$MnJUHDHL1dz$',$,$,$,(#2713),#2725);
#2727= IFCPROPERTYSET('3jQqZt54aMcA5GCNbvH8GT',$,'Corridor Identity',$,(#216,#217,#218,#221,#224,#1219,#1303,#1304,#1305,#1349,#1350,#1351));
#2728= IFCRELDEFINESBYPROPERTIES('3BUQiutzgTzCPUi68CP2CY',$,$,$,(#2713),#2727);
#2729= IFCPROPERTYSET('2nNSJ8aphPtcGxBv_Th60F',$,'Corridor Model Information',$,(#1227,#1311,#1312,#1313,#1354));
#2730= IFCRELDEFINESBYPROPERTIES('2q9RyenC$lGD2$1mvD2_Xt',$,$,$,(#2713),#2729);
#2731= IFCPROPERTYSINGLEVALUE('Volume',$,IFCVOLUMEMEASURE(15.0000000004746),$);
#2732= IFCPROPERTYSET('1F767eKgQgwn7jcEbvmsLV',$,'Corridor Shape Information',$,(#235,#236,#1357,#1358,#1829,#2731));
#2733= IFCRELDEFINESBYPROPERTIES('0oym5$sFGEVCeq0_8lWEi_',$,$,$,(#2713),#2732);
#2734= IFCPROPERTYSINGLEVALUE('Kh\X2\1ED1\X0\i l\X2\01B0\X0\\X2\1EE3\X0\ng (m3)',$,IFCREAL(15.0000000004593),$);
#2735= IFCPROPERTYSET('09k_kGgwgzRKiMbLwKfJza',$,'Thong_tin_BIM',$,(#252,#616,#1363,#1364,#1833,#1834,#1835,#1837,#1838,#1839,#1840,#2734));
#2736= IFCRELDEFINESBYPROPERTIES('1irusIzzTWMNOeOi5dulYs',$,$,$,(#2713),#2735);
#2737= IFCCARTESIANPOINTLIST3D(((5.295119,1.792267,0.235076),(5.295025,1.792365,-0.064924),(1.743195,5.311398,0.137343),(1.743101,5.311496,-0.162657),(-1.743101,-5.311496,0.162657),(-5.295025,-1.792365,0.064924),(-1.743195,-5.311398,-0.137343),(-5.295119,-1.792267,-0.235076),(4.566217,1.056577,0.227576),(1.014293,4.575708,0.129843),(1.014198,4.575806,-0.170157),(4.566123,1.056675,-0.072424),(3.888827,0.372879,0.220606),(0.336903,3.89201,0.122873),(0.336809,3.892108,-0.177127),(3.888733,0.372977,-0.079394),(2.481183,-1.047874,0.206123),(-1.070741,2.471257,0.108389),(-1.070835,2.471355,-0.191611),(2.481089,-1.047776,-0.093877),(1.272435,-2.267878,0.193685),(-2.279489,1.251253,0.095952),(-2.279583,1.251351,-0.204048),(1.272341,-2.26778,-0.106315),(1.270324,-2.270009,0.193664),(-2.2816,1.249122,0.09593),(-2.281695,1.24922,-0.20407),(1.27023,-2.269911,-0.106336),(1.073539,-2.468626,0.191639),(-2.478385,1.050505,0.093905),(-2.478479,1.050603,-0.206095),(1.073445,-2.468528,-0.108361),(-0.334105,-3.889379,0.177155),(-3.886029,-0.370248,0.079422),(-3.886123,-0.37015,-0.220578),(-0.334199,-3.889281,-0.122845),(-1.741749,-5.310131,0.162671),(-5.293673,-1.791001,0.064938),(-5.293767,-1.790902,-0.235062),(-1.741843,-5.310033,-0.137329)),$);
#2738= IFCTRIANGULATEDFACESET(#2737,$,$,((1,2,3),(3,2,4),(5,6,7),(7,6,8),(1,3,9),(9,3,10),(3,4,10),(10,4,11),(2,12,4),(4,12,11),(1,9,2),(2,9,12),(9,10,13),(13,10,14),(10,11,14),(14,11,15),(12,16,11),(11,16,15),(9,13,12),(12,13,16),(13,14,17),(17,14,18),(14,15,18),(18,15,19),(16,20,15),(15,20,19),(13,17,16),(16,17,20),(17,18,21),(21,18,22),(18,19,22),(22,19,23),(20,24,19),(19,24,23),(17,21,20),(20,21,24),(21,22,25),(25,22,26),(22,23,26),(26,23,27),(24,28,23),(23,28,27),(21,25,24),(24,25,28),(25,26,29),(29,26,30),(26,27,30),(30,27,31),(28,32,27),(27,32,31),(25,29,28),(28,29,32),(29,30,33),(33,30,34),(30,31,34),(34,31,35),(32,36,31),(31,36,35),(29,33,32),(32,33,36),(33,34,37),(37,34,38),(34,35,38),(38,35,39),(36,40,35),(35,40,39),(33,37,36),(36,37,40),(37,38,5),(5,38,6),(38,39,6),(6,39,8),(40,7,39),(39,7,8),(37,5,40),(40,5,7)),$);
#2739= IFCSHAPEREPRESENTATION(#178,'Body','Tessellation',(#2738));
#2740= IFCPRODUCTDEFINITIONSHAPE($,$,(#2739));
#2741= IFCCARTESIANPOINT((505254.834349,1707675.239733,368.507831));
#2742= IFCAXIS2PLACEMENT3D(#2741,$,$);
#2743= IFCLOCALPLACEMENT(#5,#2742);
#2744= IFCBUILTELEMENT('0ldwcPxNf1$vdptFxTN9Nq',$,'CP\X2\0110\X0\D lo\X2\1EA1\X0\i I',$,$,#2743,#2740,'61182');
#2745= IFCSTYLEDITEM(#2738,(#1809),'CP\X2\0110\X0\D lo\X2\1EA1\X0\i I');
#2746= IFCPROPERTYSINGLEVALUE('Area',$,IFCREAL(109.022611642533),$);
#2747= IFCPROPERTYSINGLEVALUE('Bounds',$,IFCLABEL('((505249.53922986716,1707669.928213746,368.26827714550706),(505260.129468624,1707680.551253083,368.74738495461025))'),$);
#2748= IFCPROPERTYSET('1StH3xMU3AxPxC41TIy22b',$,'Properties',$,(#39,#40,#41,#42,#43,#44,#45,#46,#47,#48,#49,#50,#51,#52,#53,#54,#55,#56,#57,#59,#60,#193,#197,#299,#300,#301,#2746,#2747));
#2749= IFCRELDEFINESBYPROPERTIES('3H2FS2kQM56QUXTRvYTfV3',$,$,$,(#2744),#2748);
#2750= IFCPROPERTYSET('3INGl0EoOt7Wa66mb057dA',$,'Misc',$,(#85,#87,#88,#203));
#2751= IFCRELDEFINESBYPROPERTIES('0$KYCIU8od5SOoFjDGhf7f',$,$,$,(#2744),#2750);
#2752= IFCPROPERTYSET('0uxFLAyU2fFDqUReviWbgH',$,'3D Visualization',$,(#91,#92,#93));
#2753= IFCRELDEFINESBYPROPERTIES('3Gk8vnS6WazkWEU_DutOy5',$,$,$,(#2744),#2752);
#2754= IFCPROPERTYSET('3hsB_gYikp6_dZSNYeB$9y',$,'General',$,(#72,#74,#75,#76,#77,#1820));
#2755= IFCRELDEFINESBYPROPERTIES('2UL8r7cDgPdkS$Tgw1Qwmk',$,$,$,(#2744),#2754);
#2756= IFCPROPERTYSET('01vS8HukWyE_zdxTKlU166',$,'Geometry',$,(#82));
#2757= IFCRELDEFINESBYPROPERTIES('02fBiVQTG9QLBIUPMf8wAw',$,$,$,(#2744),#2756);
#2758= IFCPROPERTYSET('2Xv_LodW8QSzM_t$Gyg6cu',$,'Corridor Identity',$,(#216,#218,#221,#224,#277,#1219,#1303,#1304,#1305,#1349,#1350,#1351));
#2759= IFCRELDEFINESBYPROPERTIES('3Z_QTYOiN3jHtG3SyCcdLH',$,$,$,(#2744),#2758);
#2760= IFCPROPERTYSET('0OKTbqXe7LktsWZ8x4RGxe',$,'Corridor Model Information',$,(#1227,#1311,#1312,#1313,#1354));
#2761= IFCRELDEFINESBYPROPERTIES('1YKXyYt6n$VGNNZ24suybq',$,$,$,(#2744),#2760);
#2762= IFCPROPERTYSINGLEVALUE('Volume',$,IFCVOLUMEMEASURE(15.0000000003872),$);
#2763= IFCPROPERTYSET('2ifxP6Qy2rz9DhJM1bf4kV',$,'Corridor Shape Information',$,(#236,#282,#1357,#1358,#1829,#2762));
#2764= IFCRELDEFINESBYPROPERTIES('3BRkRKSrhbhOvoDMNQhuw_',$,$,$,(#2744),#2763);
#2765= IFCPROPERTYSINGLEVALUE('Kh\X2\1ED1\X0\i l\X2\01B0\X0\\X2\1EE3\X0\ng (m3)',$,IFCREAL(15.0000000003912),$);
#2766= IFCPROPERTYSET('2w8AoEuSkS2hgtxhPF3nQT',$,'Thong_tin_BIM',$,(#252,#616,#1363,#1364,#1833,#1834,#1835,#1837,#1838,#1839,#1840,#2765));
#2767= IFCRELDEFINESBYPROPERTIES('3Vwj8FR4ABlGmkhCxroqhC',$,$,$,(#2744),#2766);
#2768= IFCCARTESIANPOINTLIST3D(((-5.412817,1.396478,0.29431),(-2.130425,5.168208,0.194512),(-5.412911,1.396576,-0.00569),(-2.130519,5.168306,-0.105488),(2.130519,-5.168306,0.105488),(2.130425,-5.168208,-0.194512),(5.412911,-1.396576,0.00569),(5.412817,-1.396478,-0.29431),(-5.109234,1.132278,0.286711),(-1.826843,4.904008,0.186913),(-1.826937,4.904106,-0.113087),(-5.109329,1.132376,-0.013289),(-3.600567,-0.180679,0.248947),(-0.318176,3.591051,0.149148),(-0.31827,3.591149,-0.150852),(-3.600661,-0.180581,-0.051053),(-2.745622,-0.924717,0.227546),(0.53677,2.847013,0.127748),(0.536675,2.847111,-0.172252),(-2.745716,-0.924619,-0.072454),(-2.0919,-1.493636,0.211182),(1.190492,2.278094,0.111384),(1.190397,2.278192,-0.188616),(-2.091994,-1.493538,-0.088818),(-0.583233,-2.806593,0.173418),(2.699159,0.965137,0.073619),(2.699064,0.965235,-0.226381),(-0.583327,-2.806495,-0.126582),(0.925434,-4.11955,0.135653),(4.207826,-0.34782,0.035855),(4.207732,-0.347722,-0.264145),(0.92534,-4.119452,-0.164347)),$);
#2769= IFCTRIANGULATEDFACESET(#2768,$,$,((1,2,3),(3,2,4),(5,6,7),(7,6,8),(1,9,2),(2,9,10),(2,10,4),(4,10,11),(3,4,12),(12,4,11),(1,3,9),(9,3,12),(9,13,10),(10,13,14),(10,14,11),(11,14,15),(12,11,16),(16,11,15),(9,12,13),(13,12,16),(13,17,14),(14,17,18),(14,18,15),(15,18,19),(16,15,20),(20,15,19),(13,16,17),(17,16,20),(17,21,18),(18,21,22),(18,22,19),(19,22,23),(20,19,24),(24,19,23),(17,20,21),(21,20,24),(21,25,22),(22,25,26),(22,26,23),(23,26,27),(24,23,28),(28,23,27),(21,24,25),(25,24,28),(25,29,26),(26,29,30),(26,30,27),(27,30,31),(28,27,32),(32,27,31),(25,28,29),(29,28,32),(29,5,30),(30,5,7),(30,7,31),(31,7,8),(32,31,6),(6,31,8),(29,32,5),(5,32,6)),$);
#2770= IFCSHAPEREPRESENTATION(#178,'Body','Tessellation',(#2769));
#2771= IFCPRODUCTDEFINITIONSHAPE($,$,(#2770));
#2772= IFCCARTESIANPOINT((505257.190668,1707704.072559,369.055454));
#2773= IFCAXIS2PLACEMENT3D(#2772,$,$);
#2774= IFCLOCALPLACEMENT(#5,#2773);
#2775= IFCBUILTELEMENT('3gNpwUw453TORzXnxpaq7A',$,'CP\X2\0110\X0\D lo\X2\1EA1\X0\i I',$,$,#2774,#2771,'6118B');
#2776= IFCSTYLEDITEM(#2769,(#1809),'CP\X2\0110\X0\D lo\X2\1EA1\X0\i I');
#2777= IFCPROPERTYSINGLEVALUE('Bounds',$,IFCLABEL('((505251.7776675762,1707698.904191806,368.7599103049179),(505262.60366856627,1707709.240925745,369.3509968906765))'),$);
#2778= IFCPROPERTYSET('1MN8ZaTyJH3Xy3Q_EvxmQq',$,'Properties',$,(#39,#40,#41,#42,#43,#44,#45,#46,#47,#48,#49,#50,#51,#52,#53,#54,#55,#56,#57,#59,#60,#193,#197,#299,#300,#301,#2159,#2777));
#2779= IFCRELDEFINESBYPROPERTIES('1VQdo_JHdTdtu9mpmLk58L',$,$,$,(#2775),#2778);
#2780= IFCPROPERTYSET('1GKXV54PhZuiq6gaGPYCiz',$,'Misc',$,(#85,#87,#88,#203));
#2781= IFCRELDEFINESBYPROPERTIES('1saKMr2ge4trcQj0khsorQ',$,$,$,(#2775),#2780);
#2782= IFCPROPERTYSET('1jZzem60QdcqB1bXlYomlr',$,'3D Visualization',$,(#91,#92,#93));
#2783= IFCRELDEFINESBYPROPERTIES('0rbrMniLhwcMD2q1X60yCn',$,$,$,(#2775),#2782);
#2784= IFCPROPERTYSET('3ZVt7Jp1nXQD0WN2WHdAJk',$,'General',$,(#72,#74,#75,#76,#77,#1820));
#2785= IFCRELDEFINESBYPROPERTIES('0_mUaNexdbHBkjqkLkqbVS',$,$,$,(#2775),#2784);
#2786= IFCPROPERTYSET('2CzwZDGAmowVix4BI03UwT',$,'Geometry',$,(#82));
#2787= IFCRELDEFINESBYPROPERTIES('0eYt8I98Y_P8PwlfNKurWE',$,$,$,(#2775),#2786);
#2788= IFCPROPERTYSET('1luaMYxGd686COa_UUxK1A',$,'Corridor Identity',$,(#214,#215,#216,#217,#218,#221,#224,#1219,#1418,#1419,#1420,#1421));
#2789= IFCRELDEFINESBYPROPERTIES('2IG6z4E0vJYIc6pyfdXaoH',$,$,$,(#2775),#2788);
#2790= IFCPROPERTYSET('26k1QLziAsMOSwfSdJ4qsp',$,'Corridor Model Information',$,(#229,#230,#1227,#1424,#1425));
#2791= IFCRELDEFINESBYPROPERTIES('1_3WnvlriTZveJemH3UFhg',$,$,$,(#2775),#2790);
#2792= IFCPROPERTYSINGLEVALUE('Volume',$,IFCVOLUMEMEASURE(15.0000000003266),$);
#2793= IFCPROPERTYSET('3GT$iUnBczj7ncw9O8hXQl',$,'Corridor Shape Information',$,(#235,#236,#1428,#1429,#1829,#2792));
#2794= IFCRELDEFINESBYPROPERTIES('02MJx2uWlH5VXWdC4$vUPt',$,$,$,(#2775),#2793);
#2795= IFCPROPERTYSINGLEVALUE('Kh\X2\1ED1\X0\i l\X2\01B0\X0\\X2\1EE3\X0\ng (m3)',$,IFCREAL(15.000000000097),$);
#2796= IFCPROPERTYSET('0FsKZ1FkEq8ergDywoc9Ax',$,'Thong_tin_BIM',$,(#252,#616,#1434,#1435,#1833,#1834,#1835,#1837,#1838,#1839,#1840,#2795));
#2797= IFCRELDEFINESBYPROPERTIES('1JcsY6aB6F4VUh1IxPHfG1',$,$,$,(#2775),#2796);
#2798= IFCCARTESIANPOINTLIST3D(((1.627701,-4.742852,-0.282252),(1.648855,-4.718544,-0.281606),(1.627795,-4.74295,0.017748),(1.648949,-4.718642,0.018394),(2.151555,-5.156018,-0.294189),(2.151649,-5.156116,0.005811),(0.925309,-4.131576,-0.26467),(0.925403,-4.131674,0.03533),(4.207857,-0.36001,0.135532),(5.412942,-1.408766,0.105367),(-2.130394,5.156018,0.294189),(-2.130488,5.156116,-0.005811),(-5.412848,1.384354,0.193987),(-5.412942,1.384452,-0.106013),(5.412848,-1.408668,-0.194633),(-1.826811,4.891818,0.28659),(-5.109266,1.120153,0.186388),(-5.10936,1.120251,-0.113612),(-1.826906,4.891916,-0.01341),(-0.318144,3.578861,0.248825),(-3.600599,-0.192804,0.148624),(-3.600693,-0.192706,-0.151376),(-0.318239,3.578959,-0.051175),(0.536801,2.834822,0.227425),(-2.745653,-0.936842,0.127223),(-2.745747,-0.936744,-0.172777),(0.536707,2.834921,-0.072575),(1.190523,2.265904,0.211061),(-2.091931,-1.505761,0.110859),(-2.092026,-1.505663,-0.189141),(1.190429,2.266002,-0.088939),(2.69919,0.952947,0.173296),(-0.583264,-2.818718,0.073095),(-0.583358,-2.818619,-0.226905),(2.699096,0.953045,-0.126704),(4.207763,-0.359912,-0.164468)),$);
#2799= IFCTRIANGULATEDFACESET(#2798,$,$,((1,2,3),(3,2,4),(5,6,2),(2,6,4),(1,3,7),(7,3,8),(3,4,8),(8,4,9),(9,4,10),(10,4,6),(11,12,13),(13,12,14),(5,15,6),(6,15,10),(11,13,16),(16,13,17),(13,14,17),(17,14,18),(12,19,14),(14,19,18),(11,16,12),(12,16,19),(16,17,20),(20,17,21),(17,18,21),(21,18,22),(19,23,18),(18,23,22),(16,20,19),(19,20,23),(20,21,24),(24,21,25),(21,22,25),(25,22,26),(23,27,22),(22,27,26),(20,24,23),(23,24,27),(24,25,28),(28,25,29),(25,26,29),(29,26,30),(27,31,26),(26,31,30),(24,28,27),(27,28,31),(28,29,32),(32,29,33),(29,30,33),(33,30,34),(31,35,30),(30,35,34),(28,32,31),(31,32,35),(32,33,9),(9,33,8),(33,34,8),(8,34,7),(35,36,34),(34,36,7),(32,9,35),(35,9,36),(1,7,2),(2,7,36),(2,36,15),(15,5,2),(9,10,36),(36,10,15)),$);
#2800= IFCSHAPEREPRESENTATION(#178,'Body','Tessellation',(#2799));
#2801= IFCPRODUCTDEFINITIONSHAPE($,$,(#2800));
#2802= IFCCARTESIANPOINT((505253.908245,1707700.313019,369.055575));
#2803= IFCAXIS2PLACEMENT3D(#2802,$,$);
#2804= IFCLOCALPLACEMENT(#5,#2803);
#2805= IFCBUILTELEMENT('3AHUQ8oTT0dO2iWb_nRVMe',$,'CP\X2\0110\X0\D lo\X2\1EA1\X0\i I',$,$,#2804,#2801,'61194');
#2806= IFCSTYLEDITEM(#2799,(#1809),'CP\X2\0110\X0\D lo\X2\1EA1\X0\i I');
#2807= IFCPROPERTYSINGLEVALUE('Area',$,IFCREAL(108.994004200153),$);
#2808= IFCPROPERTYSINGLEVALUE('Bounds',$,IFCLABEL('((505248.495244939,1707695.1568095244,368.7603612330652),(505259.3212457252,1707705.46922827,369.35079520035055))'),$);
#2809= IFCPROPERTYSET('2Y0tPjV1ybA8n$0CTgnQ6d',$,'Properties',$,(#39,#40,#41,#42,#43,#44,#47,#48,#49,#50,#51,#52,#53,#54,#55,#56,#57,#59,#60,#193,#194,#195,#196,#197,#198,#199,#2807,#2808));
#2810= IFCRELDEFINESBYPROPERTIES('3jvNikAFKBvBfl9LmIDfZf',$,$,$,(#2805),#2809);
#2811= IFCPROPERTYSET('3TMWsy1xIXhIQz045$Q2UY',$,'Misc',$,(#85,#87,#88,#203));
#2812= IFCRELDEFINESBYPROPERTIES('0FErurfwbkRk_WbaoV7DTj',$,$,$,(#2805),#2811);
#2813= IFCPROPERTYSET('0sq0vFQcmF5DpaV9pfhoUl',$,'3D Visualization',$,(#91,#92,#93));
#2814= IFCRELDEFINESBYPROPERTIES('1eb04gc1E21zZ47qvBUP5I',$,$,$,(#2805),#2813);
#2815= IFCPROPERTYSET('1MyovtkbXfqEX6nWly1vre',$,'General',$,(#72,#74,#75,#76,#77,#1820));
#2816= IFCRELDEFINESBYPROPERTIES('2Cpf4Gi9C0e6J8tZX91egM',$,$,$,(#2805),#2815);
#2817= IFCPROPERTYSET('21jAraeAMBNznlfSVWFoy8',$,'Geometry',$,(#82));
#2818= IFCRELDEFINESBYPROPERTIES('2NupS684mp_QL30JMSzP4t',$,$,$,(#2805),#2817);
#2819= IFCPROPERTYSET('3mD5IXw3IMGMmwhsXebiNc',$,'Corridor Identity',$,(#214,#215,#216,#218,#221,#224,#277,#1219,#1418,#1419,#1420,#1421));
#2820= IFCRELDEFINESBYPROPERTIES('3Z618NQaDgCRLtwygndYlL',$,$,$,(#2805),#2819);
#2821= IFCPROPERTYSET('2Ko8LgARx3YnVNEQZtPZvO',$,'Corridor Model Information',$,(#229,#230,#1227,#1424,#1425));
#2822= IFCRELDEFINESBYPROPERTIES('1t1fp7oV9fBEOs7BsYhHvg',$,$,$,(#2805),#2821);
#2823= IFCPROPERTYSINGLEVALUE('Volume',$,IFCVOLUMEMEASURE(14.9935568106146),$);
#2824= IFCPROPERTYSET('3j12TC6OvIvyiyOSUBoe60',$,'Corridor Shape Information',$,(#236,#282,#1428,#1429,#1829,#2823));
#2825= IFCRELDEFINESBYPROPERTIES('2IbAtXZ5$_vdHff6sYcmnt',$,$,$,(#2805),#2824);
#2826= IFCPROPERTYSINGLEVALUE('Kh\X2\1ED1\X0\i l\X2\01B0\X0\\X2\1EE3\X0\ng (m3)',$,IFCREAL(14.9935568104035),$);
#2827= IFCPROPERTYSET('1fn5wfdqOxVkN_2IKtLKi_',$,'Thong_tin_BIM',$,(#252,#616,#1434,#1435,#1833,#1834,#1835,#1837,#1838,#1839,#1840,#2826));
#2828= IFCRELDEFINESBYPROPERTIES('0VmVM3LaqVqG6aFIEddbrU',$,$,$,(#2805),#2827);
#2829= IFCCARTESIANPOINTLIST3D(((8.975197,-4.496733,-0.383483),(8.901146,-4.58183,-0.381231),(8.975291,-4.496831,-0.083483),(8.90124,-4.581928,-0.081231),(8.140973,-3.920327,-0.362203),(8.141067,-3.920425,-0.062203),(8.214056,-3.83433,-0.36443),(8.21415,-3.834428,-0.06443),(8.085288,-3.722266,-0.361207),(4.802896,-7.493996,-0.261408),(6.311563,-8.806953,-0.299173),(9.593955,-5.035223,-0.398971),(9.594049,-5.035321,-0.098971),(-12.095931,7.212633,0.4616),(-8.81354,10.984363,0.361801),(-12.096025,7.212731,0.1616),(-8.813634,10.984461,0.061801),(8.813634,-10.984461,-0.061801),(8.81354,-10.984363,-0.361801),(12.096025,-7.212731,-0.1616),(12.095931,-7.212633,-0.4616),(-11.792349,6.948432,0.454001),(-8.509957,10.720162,0.354202),(-8.510052,10.72026,0.054202),(-11.792443,6.94853,0.154001),(-10.283682,5.635475,0.416236),(-7.00129,9.407205,0.316438),(-7.001384,9.407304,0.016438),(-10.283776,5.635574,0.116236),(-8.775014,4.322519,0.378472),(-5.492623,8.094249,0.278673),(-5.492717,8.094347,-0.021327),(-8.775109,4.322617,0.078472),(-7.266347,3.009562,0.340707),(-3.983956,6.781292,0.240909),(-3.98405,6.78139,-0.059091),(-7.266441,3.00966,0.040707),(-5.75768,1.696605,0.302943),(-2.475289,5.468335,0.203144),(-2.475383,5.468433,-0.096856),(-5.757774,1.696703,0.002943),(-4.249013,0.383648,0.265178),(-0.966621,4.155378,0.16538),(-0.966716,4.155476,-0.13462),(-4.249107,0.383746,-0.034822),(-2.740346,-0.929309,0.227414),(0.542046,2.842421,0.127616),(0.541952,2.842519,-0.172384),(-2.74044,-0.929211,-0.072586),(-1.231678,-2.242266,0.189649),(2.050713,1.529464,0.089851),(2.050619,1.529562,-0.210149),(-1.231773,-2.242168,-0.110351),(0.276989,-3.555223,0.151885),(3.55938,0.216507,0.052087),(3.559286,0.216605,-0.247913),(0.276894,-3.555125,-0.148115),(1.785656,-4.86818,0.114121),(5.068047,-1.09645,0.014322),(5.067953,-1.096352,-0.285678),(1.785562,-4.868082,-0.185879),(3.294323,-6.181137,0.076356),(6.576715,-2.409407,-0.023442),(6.57662,-2.409309,-0.323442),(3.294229,-6.181039,-0.223644),(4.80299,-7.494094,0.038592),(8.085382,-3.722364,-0.061207),(6.311658,-8.807051,0.000827),(7.820325,-10.120008,-0.036937),(11.102716,-6.348278,-0.136736),(11.102622,-6.34818,-0.436736),(7.82023,-10.11991,-0.336937)),$);
#2830= IFCTRIANGULATEDFACESET(#2829,$,$,((1,2,3),(3,2,4),(2,5,4),(4,5,6),(7,8,5),(5,8,6),(7,5,9),(9,5,10),(10,5,2),(10,2,11),(11,2,12),(12,2,1),(3,13,1),(1,13,12),(14,15,16),(16,15,17),(18,19,20),(20,19,21),(14,22,15),(15,22,23),(15,23,17),(17,23,24),(16,17,25),(25,17,24),(14,16,22),(22,16,25),(22,26,23),(23,26,27),(23,27,24),(24,27,28),(25,24,29),(29,24,28),(22,25,26),(26,25,29),(26,30,27),(27,30,31),(27,31,28),(28,31,32),(29,28,33),(33,28,32),(26,29,30),(30,29,33),(30,34,31),(31,34,35),(31,35,32),(32,35,36),(33,32,37),(37,32,36),(30,33,34),(34,33,37),(34,38,35),(35,38,39),(35,39,36),(36,39,40),(37,36,41),(41,36,40),(34,37,38),(38,37,41),(38,42,39),(39,42,43),(39,43,40),(40,43,44),(41,40,45),(45,40,44),(38,41,42),(42,41,45),(42,46,43),(43,46,47),(43,47,44),(44,47,48),(45,44,49),(49,44,48),(42,45,46),(46,45,49),(46,50,47),(47,50,51),(47,51,48),(48,51,52),(49,48,53),(53,48,52),(46,49,50),(50,49,53),(50,54,51),(51,54,55),(51,55,52),(52,55,56),(53,52,57),(57,52,56),(50,53,54),(54,53,57),(54,58,55),(55,58,59),(55,59,56),(56,59,60),(57,56,61),(61,56,60),(54,57,58),(58,57,61),(58,62,59),(59,62,63),(59,63,60),(60,63,64),(61,60,65),(65,60,64),(58,61,62),(62,61,65),(62,66,63),(63,66,67),(63,67,64),(64,67,9),(65,64,10),(10,64,9),(62,65,66),(66,65,10),(8,67,6),(6,67,66),(6,66,4),(4,66,68),(4,68,13),(13,3,4),(7,9,8),(8,9,67),(66,10,68),(68,10,11),(68,69,13),(13,69,70),(13,70,12),(12,70,71),(11,12,72),(72,12,71),(68,11,69),(69,11,72),(69,18,70),(70,18,20),(70,20,71),(71,20,21),(72,71,19),(19,71,21),(69,72,18),(18,72,19)),$);
#2831= IFCSHAPEREPRESENTATION(#178,'Body','Tessellation',(#2830));
#2832= IFCPRODUCTDEFINITIONSHAPE($,$,(#2831));
#2833= IFCCARTESIANPOINT((505271.417119,1707691.69162,368.699342));
#2834= IFCAXIS2PLACEMENT3D(#2833,$,$);
#2835= IFCLOCALPLACEMENT(#5,#2834);
#2836= IFCBUILTELEMENT('241_PMXf13w8sULUleUk6z',$,'CP\X2\0110\X0\D lo\X2\1EA1\X0\i I',$,$,#2835,#2832,'611A2');
#2837= IFCSTYLEDITEM(#2830,(#1809),'CP\X2\0110\X0\D lo\X2\1EA1\X0\i I');
#2838= IFCPROPERTYSINGLEVALUE('Area',$,IFCREAL(296.766273583298),$);
#2839= IFCPROPERTYSINGLEVALUE('Bounds',$,IFCLABEL('((505259.32090034336,1707680.7069907598,368.23650910323346),(505283.5133367585,1707702.6762485676,369.16217464031894))'),$);
#2840= IFCPROPERTYSET('1WnOGHlhIlCNFxNqJjvlqq',$,'Properties',$,(#39,#40,#41,#42,#43,#44,#47,#48,#49,#50,#51,#52,#53,#54,#55,#56,#57,#59,#60,#193,#194,#195,#196,#197,#198,#199,#2838,#2839));
#2841= IFCRELDEFINESBYPROPERTIES('0Lb0RT9zBeAzuhJr$tHsRO',$,$,$,(#2836),#2840);
#2842= IFCPROPERTYSET('2NP1qcTQ9ITr7Rm08$$2UF',$,'Misc',$,(#85,#87,#88,#203));
#2843= IFCRELDEFINESBYPROPERTIES('29lgiz4LufpMRytmOvEIN0',$,$,$,(#2836),#2842);
#2844= IFCPROPERTYSET('3fe1kEnHNGp3qkljlwb5qA',$,'3D Visualization',$,(#91,#92,#93));
#2845= IFCRELDEFINESBYPROPERTIES('368Ly7TtqBQcttnbis6pha',$,$,$,(#2836),#2844);
#2846= IFCPROPERTYSET('0$SOWYBG8BFsBFtDQSYpq8',$,'General',$,(#72,#74,#75,#76,#77,#1820));
#2847= IFCRELDEFINESBYPROPERTIES('0FvhGVVctE3rhXkUty0EgZ',$,$,$,(#2836),#2846);
#2848= IFCPROPERTYSET('2eZIOOH4Pd2fP3AY$2oqO_',$,'Geometry',$,(#82));
#2849= IFCRELDEFINESBYPROPERTIES('2n6u5Fuyv4CXF5W8rmjoGW',$,$,$,(#2836),#2848);
#2850= IFCPROPERTYSET('2nzu7PxgXzsgDeGj$nvoVw',$,'Corridor Identity',$,(#214,#215,#218,#221,#224,#744,#745,#1219,#1418,#1490,#1491,#1492));
#2851= IFCRELDEFINESBYPROPERTIES('1$aNubS5mTqWnhE1yiDFWM',$,$,$,(#2836),#2850);
#2852= IFCPROPERTYSET('2bew4q3p88H2cJCZiXqNb2',$,'Corridor Model Information',$,(#229,#230,#1227,#1424,#1495));
#2853= IFCRELDEFINESBYPROPERTIES('2K1MtK0NslompowVX9GmTL',$,$,$,(#2836),#2852);
#2854= IFCPROPERTYSINGLEVALUE('Volume',$,IFCVOLUMEMEASURE(41.5447505652079),$);
#2855= IFCPROPERTYSET('3vvSWH4FCkaqCLYLT40T68',$,'Corridor Shape Information',$,(#235,#754,#1498,#1499,#1829,#2854));
#2856= IFCRELDEFINESBYPROPERTIES('1tvu5m3EB0H7QIruUJbHyD',$,$,$,(#2836),#2855);
#2857= IFCPROPERTYSINGLEVALUE('Kh\X2\1ED1\X0\i l\X2\01B0\X0\\X2\1EE3\X0\ng (m3)',$,IFCREAL(41.5447505654033),$);
#2858= IFCPROPERTYSET('1El86kxSmdjVdOL3V4PaBH',$,'Thong_tin_BIM',$,(#252,#1504,#1505,#1506,#1833,#1834,#1835,#1837,#1838,#1839,#1840,#2857));
#2859= IFCRELDEFINESBYPROPERTIES('2vpNcvIZtGZyTemCIHa9FF',$,$,$,(#2836),#2858);
#2860= IFCCARTESIANPOINTLIST3D(((-2.112607,-1.475615,0.211701),(1.169784,2.296115,0.111902),(-2.112701,-1.475517,-0.088299),(1.16969,2.296213,-0.188098),(-1.16969,-2.296213,0.188098),(-1.169784,-2.296115,-0.111902),(2.112701,1.475517,0.088299),(2.112607,1.475615,-0.211701),(-1.597249,-1.924119,0.1988),(1.685142,1.847611,0.099002),(1.685048,1.847709,-0.200998),(-1.597343,-1.924021,-0.1012),(-1.440589,-2.060456,0.194879),(1.841802,1.711274,0.095081),(1.841708,1.711372,-0.204919),(-1.440684,-2.060358,-0.105121)),$);
#2861= IFCTRIANGULATEDFACESET(#2860,$,$,((1,2,3),(3,2,4),(5,6,7),(7,6,8),(1,9,2),(2,9,10),(2,10,4),(4,10,11),(3,4,12),(12,4,11),(1,3,9),(9,3,12),(9,13,10),(10,13,14),(10,14,11),(11,14,15),(12,11,16),(16,11,15),(9,12,13),(13,12,16),(13,5,14),(14,5,7),(14,7,15),(15,7,8),(16,15,6),(6,15,8),(13,16,5),(5,16,6)),$);
#2862= IFCSHAPEREPRESENTATION(#178,'Body','Tessellation',(#2861));
#2863= IFCPRODUCTDEFINITIONSHAPE($,$,(#2862));
#2864= IFCCARTESIANPOINT((505282.34336,1707682.182774,368.42584));
#2865= IFCAXIS2PLACEMENT3D(#2864,$,$);
#2866= IFCLOCALPLACEMENT(#5,#2865);
#2867= IFCBUILTELEMENT('1fRE2seDT2Exxc6OLasWfN',$,'CP\X2\0110\X0\D lo\X2\1EA1\X0\i I',$,$,#2866,#2863,'611B0');
#2868= IFCSTYLEDITEM(#2861,(#1809),'CP\X2\0110\X0\D lo\X2\1EA1\X0\i I');
#2869= IFCPROPERTYSINGLEVALUE('Area',$,IFCREAL(16.254622188261),$);
#2870= IFCPROPERTYSINGLEVALUE('Bounds',$,IFCLABEL('((505280.23061950115,1707679.8865531916,368.21290632194115),(505284.4560995814,1707684.4789944612,368.6387734386346))'),$);
#2871= IFCPROPERTYSET('1JuxASjdl6Mhr5KKc4l9aI',$,'Properties',$,(#39,#40,#41,#42,#43,#44,#45,#46,#47,#48,#49,#50,#51,#52,#53,#54,#55,#56,#57,#59,#60,#193,#197,#299,#300,#301,#2869,#2870));
#2872= IFCRELDEFINESBYPROPERTIES('2R3hr5xIcGIFZf8Aqibra1',$,$,$,(#2867),#2871);
#2873= IFCPROPERTYSET('2ZxuA2dp8wbJ7$Rs4LVSz1',$,'Misc',$,(#85,#87,#88,#203));
#2874= IFCRELDEFINESBYPROPERTIES('27lfkr_r77nVkUqd_y$KOu',$,$,$,(#2867),#2873);
#2875= IFCPROPERTYSET('3WpDr6QIo6TZdqkUBtYN8i',$,'3D Visualization',$,(#91,#92,#93));
#2876= IFCRELDEFINESBYPROPERTIES('1SPffkWexZTRgzQd9Z7Ymh',$,$,$,(#2867),#2875);
#2877= IFCPROPERTYSET('2VBz_gHdnAA3NQjxdbd0fj',$,'General',$,(#72,#74,#75,#76,#77,#1820));
#2878= IFCRELDEFINESBYPROPERTIES('1SJuDSpqL9tOAO5rpDLGtr',$,$,$,(#2867),#2877);
#2879= IFCPROPERTYSET('23bDgtqrX9mkAxpx05ETwB',$,'Geometry',$,(#82));
#2880= IFCRELDEFINESBYPROPERTIES('1hGIWZ$KtNLhH2nviD_Jo3',$,$,$,(#2867),#2879);
#2881= IFCPROPERTYSET('0MLzmMPoWnzOYH8sNBmQPn',$,'Corridor Identity',$,(#214,#215,#216,#217,#218,#221,#224,#1219,#1418,#1530,#1531,#1532));
#2882= IFCRELDEFINESBYPROPERTIES('3FkNwzMEJ00_ONNx5PDTK_',$,$,$,(#2867),#2881);
#2883= IFCPROPERTYSET('3FCjr0vgjQu8jlEsMfMGE0',$,'Corridor Model Information',$,(#229,#230,#1227,#1424,#1535));
#2884= IFCRELDEFINESBYPROPERTIES('28XeBC2CWgsQF7$LKhQd83',$,$,$,(#2867),#2883);
#2885= IFCPROPERTYSINGLEVALUE('Volume',$,IFCVOLUMEMEASURE(1.87499999992121),$);
#2886= IFCPROPERTYSET('3Z1fK9IfQQeYdn$BtarnCV',$,'Corridor Shape Information',$,(#235,#236,#1538,#1539,#1829,#2885));
#2887= IFCRELDEFINESBYPROPERTIES('2dtvxD3akh6g135omjpw$f',$,$,$,(#2867),#2886);
#2888= IFCPROPERTYSINGLEVALUE('Kh\X2\1ED1\X0\i l\X2\01B0\X0\\X2\1EE3\X0\ng (m3)',$,IFCREAL(1.87499999996677),$);
#2889= IFCPROPERTYSET('3cCo$D1W6v4iG7XLeWLYpu',$,'Thong_tin_BIM',$,(#252,#1544,#1545,#1546,#1833,#1834,#1835,#1837,#1838,#1839,#1840,#2888));
#2890= IFCRELDEFINESBYPROPERTIES('0l5vcLIqina8S0dsIkz_63',$,$,$,(#2867),#2889);
#2891= IFCCARTESIANPOINTLIST3D(((1.169816,2.296082,0.211902),(1.169722,2.29618,-0.088098),(-2.112638,-1.475582,0.111701),(-2.112733,-1.475484,-0.188299),(2.112733,1.475484,0.188299),(-1.169722,-2.29618,0.088098),(2.112638,1.475582,-0.111701),(-1.169816,-2.296082,-0.211902),(1.685174,1.847579,0.199002),(-1.59728,-1.924086,0.0988),(-1.597375,-1.923988,-0.2012),(1.68508,1.847677,-0.100998),(1.841833,1.711241,0.19508),(-1.440621,-2.060423,0.094879),(-1.440715,-2.060325,-0.205121),(1.841739,1.71134,-0.104919)),$);
#2892= IFCTRIANGULATEDFACESET(#2891,$,$,((1,2,3),(3,2,4),(5,6,7),(7,6,8),(1,3,9),(9,3,10),(3,4,10),(10,4,11),(2,12,4),(4,12,11),(1,9,2),(2,9,12),(9,10,13),(13,10,14),(10,11,14),(14,11,15),(12,16,11),(11,16,15),(9,13,12),(12,13,16),(13,14,5),(5,14,6),(14,15,6),(6,15,8),(16,7,15),(15,7,8),(13,5,16),(16,5,7)),$);
#2893= IFCSHAPEREPRESENTATION(#178,'Body','Tessellation',(#2892));
#2894= IFCPRODUCTDEFINITIONSHAPE($,$,(#2893));
#2895= IFCCARTESIANPOINT((505279.060937,1707678.411077,368.425638));
#2896= IFCAXIS2PLACEMENT3D(#2895,$,$);
#2897= IFCLOCALPLACEMENT(#5,#2896);
#2898= IFCBUILTELEMENT('1PNKRho718WBZGBRucO9ti',$,'CP\X2\0110\X0\D lo\X2\1EA1\X0\i I',$,$,#2897,#2894,'611B9');
#2899= IFCSTYLEDITEM(#2892,(#1809),'CP\X2\0110\X0\D lo\X2\1EA1\X0\i I');
#2900= IFCPROPERTYSINGLEVALUE('Area',$,IFCREAL(16.2546221884898),$);
#2901= IFCPROPERTYSINGLEVALUE('Bounds',$,IFCLABEL('((505276.94819666,1707676.1148559272,368.21270463161505),(505281.17367674044,1707680.707297197,368.6385717483087))'),$);
#2902= IFCPROPERTYSET('0uv86Se6pnjjwCIkoiF7Mo',$,'Properties',$,(#39,#40,#41,#42,#43,#44,#45,#46,#47,#48,#49,#50,#51,#52,#53,#54,#55,#56,#57,#59,#60,#193,#197,#299,#300,#301,#2900,#2901));
#2903= IFCRELDEFINESBYPROPERTIES('0KbvvxIVaHp7ZS_07Wv2db',$,$,$,(#2898),#2902);
#2904= IFCPROPERTYSET('3uUw8LInQqkQEtMMV_Za8f',$,'Misc',$,(#85,#87,#88,#203));
#2905= IFCRELDEFINESBYPROPERTIES('2p3Cjmmj$vQh53DpGGfXHb',$,$,$,(#2898),#2904);
#2906= IFCPROPERTYSET('01UUUjyT8derMM0G7Zz_dO',$,'3D Visualization',$,(#91,#92,#93));
#2907= IFCRELDEFINESBYPROPERTIES('27JukqG8Cd_Nov9wzMKCAc',$,$,$,(#2898),#2906);
#2908= IFCPROPERTYSET('1Pt0jQJj05$UGmJnC28siM',$,'General',$,(#72,#74,#75,#76,#77,#1820));
#2909= IFCRELDEFINESBYPROPERTIES('0tWHBHm0P3GTY29BqX$JOq',$,$,$,(#2898),#2908);
#2910= IFCPROPERTYSET('1Q0WxH2YpKlO75EZn9Docf',$,'Geometry',$,(#82));
#2911= IFCRELDEFINESBYPROPERTIES('0UD8Vt4H4pGmHuvF7qxJIY',$,$,$,(#2898),#2910);
#2912= IFCPROPERTYSET('2jYdVaXjJrdbO5bvZ22ChI',$,'Corridor Identity',$,(#214,#215,#216,#218,#221,#224,#277,#1219,#1418,#1530,#1531,#1532));
#2913= IFCRELDEFINESBYPROPERTIES('22Ff3iqO6ErVTTkCjFGtPP',$,$,$,(#2898),#2912);
#2914= IFCPROPERTYSET('3bbP3XxIC3dixTfRBnWxGv',$,'Corridor Model Information',$,(#229,#230,#1227,#1424,#1535));
#2915= IFCRELDEFINESBYPROPERTIES('3dvOLavZmX5CSX9FvCZ5I5',$,$,$,(#2898),#2914);
#2916= IFCPROPERTYSINGLEVALUE('Volume',$,IFCVOLUMEMEASURE(1.87499999988779),$);
#2917= IFCPROPERTYSET('0HWxB8t36773AroNlCLids',$,'Corridor Shape Information',$,(#236,#282,#1538,#1539,#1829,#2916));
#2918= IFCRELDEFINESBYPROPERTIES('3Gl6j31TrOdQUloTN1K9fQ',$,$,$,(#2898),#2917);
#2919= IFCPROPERTYSINGLEVALUE('Kh\X2\1ED1\X0\i l\X2\01B0\X0\\X2\1EE3\X0\ng (m3)',$,IFCREAL(1.87499999990733),$);
#2920= IFCPROPERTYSET('2iuv0YVlCWKee4fhq8TdPU',$,'Thong_tin_BIM',$,(#252,#1544,#1545,#1546,#1833,#1834,#1835,#1837,#1838,#1839,#1840,#2919));
#2921= IFCRELDEFINESBYPROPERTIES('0_mS_u6vckChyLjykSXgQ8',$,$,$,(#2898),#2920);
#2922= IFCCARTESIANPOINTLIST3D(((-55.531627,-53.561984,-0.96016),(-55.531724,-53.561888,-1.26016),(-53.045513,-56.02552,-1.03175),(-53.04561,-56.025425,-1.33175),(-49.405176,-52.351115,-1.254906),(-51.891479,-49.887769,-1.183319),(-51.891385,-49.887868,-0.883319),(53.045421,56.025422,1.33175),(55.531724,53.562076,1.260164),(53.045326,56.02552,1.03175),(55.531629,53.562175,0.960164),(36.086663,38.908855,0.973774),(38.572966,36.44551,0.902188),(38.572871,36.445608,0.602188),(36.086568,38.908953,0.673775),(18.491053,21.149511,0.602356),(20.977356,18.686165,0.530769),(20.977262,18.686263,0.230769),(18.490959,21.149609,0.302356),(0.895444,3.390166,0.230937),(3.381747,0.92682,0.15935),(3.381652,0.926918,-0.140649),(0.895349,3.390264,-0.069063),(-16.700166,-14.369178,-0.140482),(-14.213863,-16.832524,-0.212068),(-14.213957,-16.832426,-0.512068),(-16.70026,-14.36908,-0.440482),(-19.807974,-17.505906,-0.206083),(-17.321671,-19.969252,-0.27767),(-17.321766,-19.969154,-0.57767),(-19.808069,-17.505808,-0.506083),(-34.295775,-32.128523,-0.5119),(-31.809472,-34.591869,-0.583487),(-31.809567,-34.591771,-0.883487),(-34.29587,-32.128425,-0.8119),(-49.405082,-52.351213,-0.954906)),$);
#2923= IFCTRIANGULATEDFACESET(#2922,$,$,((1,2,3),(3,2,4),(4,2,5),(5,2,6),(2,1,6),(6,1,7),(8,9,10),(10,9,11),(8,12,9),(9,12,13),(9,13,11),(11,13,14),(10,11,15),(15,11,14),(8,10,12),(12,10,15),(12,16,13),(13,16,17),(13,17,14),(14,17,18),(15,14,19),(19,14,18),(12,15,16),(16,15,19),(16,20,17),(17,20,21),(17,21,18),(18,21,22),(19,18,23),(23,18,22),(16,19,20),(20,19,23),(20,24,21),(21,24,25),(21,25,22),(22,25,26),(23,22,27),(27,22,26),(20,23,24),(24,23,27),(24,28,25),(25,28,29),(25,29,26),(26,29,30),(27,26,31),(31,26,30),(24,27,28),(28,27,31),(28,32,29),(29,32,33),(29,33,30),(30,33,34),(31,30,35),(35,30,34),(28,31,32),(32,31,35),(32,7,33),(33,7,36),(33,36,34),(34,36,5),(35,34,6),(6,34,5),(32,35,7),(7,35,6),(3,36,1),(1,36,7),(4,5,3),(3,5,36)),$);
#2924= IFCSHAPEREPRESENTATION(#178,'Body','Tessellation',(#2923));
#2925= IFCPRODUCTDEFINITIONSHAPE($,$,(#2924));
#2926= IFCCARTESIANPOINT((505111.294546,1707691.26933,369.365479));
#2927= IFCAXIS2PLACEMENT3D(#2926,$,$);
#2928= IFCLOCALPLACEMENT(#5,#2927);
#2929= IFCBUILTELEMENT('1IuZlIGXzD6x7sKpG5scCh',$,'CP\X2\0110\X0\D lo\X2\1EA1\X0\i I',$,$,#2928,#2925,'611C2');
#2930= IFCSTYLEDITEM(#2923,(#1809),'CP\X2\0110\X0\D lo\X2\1EA1\X0\i I');
#2931= IFCPROPERTYSINGLEVALUE('Area',$,IFCREAL(1174.86701024693),$);
#2932= IFCPROPERTYSINGLEVALUE('Bounds',$,IFCLABEL('((505055.7628005091,1707635.2430360345,367.99961402843377),(505166.82629185036,1707747.2956225455,370.7313442193691))'),$);
#2933= IFCPROPERTYSET('20PS3BO1NLywnoKC5Sxuh$',$,'Properties',$,(#39,#40,#41,#42,#43,#44,#47,#48,#49,#50,#51,#52,#53,#54,#55,#56,#57,#59,#60,#193,#194,#195,#196,#197,#198,#199,#2931,#2932));
#2934= IFCRELDEFINESBYPROPERTIES('2DFCsEjSuB_SXeROULlgQS',$,$,$,(#2929),#2933);
#2935= IFCPROPERTYSET('0FNCX6nvURTbNX9i7jUkGN',$,'Misc',$,(#85,#87,#88,#203));
#2936= IFCRELDEFINESBYPROPERTIES('1jyx1wCahizU4hPvbeilUn',$,$,$,(#2929),#2935);
#2937= IFCPROPERTYSET('3sFOaV7BePrb2bTf90AtQl',$,'3D Visualization',$,(#91,#92,#93));
#2938= IFCRELDEFINESBYPROPERTIES('1x2WwXQXOGvIEdNuUbCvKt',$,$,$,(#2929),#2937);
#2939= IFCPROPERTYSET('1GOdSdiaf7FxsByBj0aAjn',$,'General',$,(#72,#74,#75,#76,#77,#1820));
#2940= IFCRELDEFINESBYPROPERTIES('3YvuiNQ$k_5iroWsdTD92m',$,$,$,(#2929),#2939);
#2941= IFCPROPERTYSET('1hWKVEg_lp_PEO$TOV3Q6R',$,'Geometry',$,(#82));
#2942= IFCRELDEFINESBYPROPERTIES('3xuWhE9TdPGMaC4lWNkmY6',$,$,$,(#2929),#2941);
#2943= IFCPROPERTYSET('2_zPTStzTL4tWT90CI$Dj8',$,'Corridor Identity',$,(#218,#221,#224,#548,#549,#597,#598,#1601,#1602,#1603,#1604,#1605));
#2944= IFCRELDEFINESBYPROPERTIES('0VTya9jSTqIQKHP9qy48aK',$,$,$,(#2929),#2943);
#2945= IFCPROPERTYSET('1Wk_IkDRYTetGHmMXzWWQa',$,'Corridor Model Information',$,(#559,#560,#1608,#1609,#1610));
#2946= IFCRELDEFINESBYPROPERTIES('28Q5ttr5YdsOez_qMarmBF',$,$,$,(#2929),#2945);
#2947= IFCPROPERTYSINGLEVALUE('Volume',$,IFCVOLUMEMEASURE(161.980749180251),$);
#2948= IFCPROPERTYSET('1gXfoIMkxpfWehTi1pF8lR',$,'Corridor Shape Information',$,(#235,#607,#1613,#1614,#1829,#2947));
#2949= IFCRELDEFINESBYPROPERTIES('30wOrsWMvq2VrpQkUpT5jj',$,$,$,(#2929),#2948);
#2950= IFCPROPERTYSINGLEVALUE('Kh\X2\1ED1\X0\i l\X2\01B0\X0\\X2\1EE3\X0\ng (m3)',$,IFCREAL(161.980749175172),$);
#2951= IFCPROPERTYSET('2utXmPXyd_0shPkWQ_NHOR',$,'Thong_tin_BIM',$,(#252,#1619,#1620,#1621,#1833,#1834,#1835,#1837,#1838,#1839,#1840,#2950));
#2952= IFCRELDEFINESBYPROPERTIES('3xQsNAOpnP0dE1XOq5PWUW',$,$,$,(#2929),#2951);
#2953= IFCCARTESIANPOINTLIST3D(((-53.045396,-56.025448,-0.96175),(-55.531555,-53.561866,-1.03016),(-53.045493,-56.025352,-1.26175),(-55.531651,-53.561771,-1.33016),(-51.891595,-49.887842,-1.253323),(-49.405248,-52.351234,-1.18491),(-51.891501,-49.88794,-0.953323),(55.531651,53.561958,1.33016),(55.531557,53.562056,1.03016),(53.045305,56.02535,1.261746),(53.04521,56.025448,0.961746),(38.572893,36.445391,0.972184),(36.086547,38.908783,0.903771),(36.086452,38.908881,0.603771),(38.572799,36.445489,0.672184),(20.977284,18.686047,0.600765),(18.490937,21.149438,0.532352),(18.490843,21.149536,0.232352),(20.97719,18.686145,0.300765),(3.381674,0.926702,0.229346),(0.895327,3.390094,0.160933),(0.895233,3.390192,-0.139067),(3.38158,0.9268,-0.070653),(-14.213935,-16.832643,-0.142072),(-16.700282,-14.369251,-0.210486),(-16.700376,-14.369153,-0.510486),(-14.214029,-16.832544,-0.442072),(-17.321743,-19.969371,-0.207674),(-19.80809,-17.505979,-0.276087),(-19.808185,-17.505881,-0.576087),(-17.321838,-19.969272,-0.507674),(-31.809545,-34.591987,-0.513491),(-34.295892,-32.128596,-0.581904),(-34.295986,-32.128497,-0.881904),(-31.809639,-34.591889,-0.813491),(-49.405154,-52.351332,-0.88491)),$);
#2954= IFCTRIANGULATEDFACESET(#2953,$,$,((1,2,3),(3,2,4),(4,5,3),(3,5,6),(4,2,5),(5,2,7),(8,9,10),(10,9,11),(8,10,12),(12,10,13),(10,11,13),(13,11,14),(9,15,11),(11,15,14),(8,12,9),(9,12,15),(12,13,16),(16,13,17),(13,14,17),(17,14,18),(15,19,14),(14,19,18),(12,16,15),(15,16,19),(16,17,20),(20,17,21),(17,18,21),(21,18,22),(19,23,18),(18,23,22),(16,20,19),(19,20,23),(20,21,24),(24,21,25),(21,22,25),(25,22,26),(23,27,22),(22,27,26),(20,24,23),(23,24,27),(24,25,28),(28,25,29),(25,26,29),(29,26,30),(27,31,26),(26,31,30),(24,28,27),(27,28,31),(28,29,32),(32,29,33),(29,30,33),(33,30,34),(31,35,30),(30,35,34),(28,32,31),(31,32,35),(32,33,36),(36,33,7),(33,34,7),(7,34,5),(35,6,34),(34,6,5),(32,36,35),(35,36,6),(2,1,7),(7,1,36),(3,6,1),(1,6,36)),$);
#2955= IFCSHAPEREPRESENTATION(#178,'Body','Tessellation',(#2954));
#2956= IFCPRODUCTDEFINITIONSHAPE($,$,(#2955));
#2957= IFCCARTESIANPOINT((505108.808315,1707693.732795,369.36707));
#2958= IFCAXIS2PLACEMENT3D(#2957,$,$);
#2959= IFCLOCALPLACEMENT(#5,#2958);
#2960= IFCBUILTELEMENT('1D6yq_mnf4sxlNZEuj1GqG',$,'CP\X2\0110\X0\D lo\X2\1EA1\X0\i I',$,$,#2959,#2956,'611D0');
#2961= IFCSTYLEDITEM(#2954,(#1809),'CP\X2\0110\X0\D lo\X2\1EA1\X0\i I');
#2962= IFCPROPERTYSINGLEVALUE('Area',$,IFCREAL(1174.86497268895),$);
#2963= IFCPROPERTYSINGLEVALUE('Bounds',$,IFCLABEL('((505053.2766636215,1707637.706595723,368.001208574794),(505164.33996686514,1707749.7589912831,370.7329306862429))'),$);
#2964= IFCPROPERTYSET('2d7A7JThM6eVn60snTYBfF',$,'Properties',$,(#39,#40,#41,#42,#43,#44,#47,#48,#49,#50,#51,#52,#53,#54,#55,#56,#57,#59,#60,#193,#194,#195,#196,#197,#198,#199,#2962,#2963));
#2965= IFCRELDEFINESBYPROPERTIES('1hf_Tt$ckO$dWEyigSmCWg',$,$,$,(#2960),#2964);
#2966= IFCPROPERTYSET('2yZqNYVUgRkI5xMsUx33cQ',$,'Misc',$,(#85,#87,#88,#203));
#2967= IFCRELDEFINESBYPROPERTIES('08qBeRwujB1mZgoYuBv0e1',$,$,$,(#2960),#2966);
#2968= IFCPROPERTYSET('0XAX2ORTEaQO2TbBRtR927',$,'3D Visualization',$,(#91,#92,#93));
#2969= IFCRELDEFINESBYPROPERTIES('2Vo1efHnuzt0Q71YISXGsP',$,$,$,(#2960),#2968);
#2970= IFCPROPERTYSET('2NUo0fVE4rpZwXDOVINygN',$,'General',$,(#72,#74,#75,#76,#77,#1820));
#2971= IFCRELDEFINESBYPROPERTIES('3fRBzorhUr_GrWnSWTrS3Y',$,$,$,(#2960),#2970);
#2972= IFCPROPERTYSET('0ri863qAjV$iwHqL5DgX4m',$,'Geometry',$,(#82));
#2973= IFCRELDEFINESBYPROPERTIES('2jRtusUmsNOO0BYvEVh_i7',$,$,$,(#2960),#2972);
#2974= IFCPROPERTYSET('2UdEVcGEhtFxvHv24igpvd',$,'Corridor Identity',$,(#218,#221,#224,#548,#549,#597,#640,#1601,#1602,#1603,#1604,#1605));
#2975= IFCRELDEFINESBYPROPERTIES('3aD8q2mGi4bMk4P7Ma72Nb',$,$,$,(#2960),#2974);
#2976= IFCPROPERTYSET('0Ofk$1NXIgchPYg9HaDumq',$,'Corridor Model Information',$,(#559,#560,#1608,#1609,#1610));
#2977= IFCRELDEFINESBYPROPERTIES('31L5i0_8dA_QZuaPqdZTTe',$,$,$,(#2960),#2976);
#2978= IFCPROPERTYSINGLEVALUE('Volume',$,IFCVOLUMEMEASURE(161.980467755783),$);
#2979= IFCPROPERTYSET('3GMQdY3DB9iyr5HyTggdLj',$,'Corridor Shape Information',$,(#282,#607,#1613,#1614,#1829,#2978));
#2980= IFCRELDEFINESBYPROPERTIES('00eujfIG0YrEKT3$_bEClT',$,$,$,(#2960),#2979);
#2981= IFCPROPERTYSINGLEVALUE('Kh\X2\1ED1\X0\i l\X2\01B0\X0\\X2\1EE3\X0\ng (m3)',$,IFCREAL(161.980467742109),$);
#2982= IFCPROPERTYSET('0U7C$8wY09GOwjTiHzrU5L',$,'Thong_tin_BIM',$,(#252,#1619,#1620,#1621,#1833,#1834,#1835,#1837,#1838,#1839,#1840,#2981));
#2983= IFCRELDEFINESBYPROPERTIES('2ascW$iS$3kHe37fgaKNjc',$,$,$,(#2960),#2982);
#2984= IFCCARTESIANPOINTLIST3D(((-56.52671,-54.566605,-0.697474),(-56.526807,-54.566509,-0.997474),(-54.040408,-57.029951,-0.76906),(-54.040505,-57.029855,-1.06906),(-48.409915,-51.346852,-0.9791),(-50.896218,-48.883506,-0.907514),(-50.896124,-48.883605,-0.607514),(54.040504,57.029853,1.06906),(56.526807,54.566507,0.997474),(54.04041,57.029951,0.76906),(56.526713,54.566605,0.697474),(37.081782,39.913266,0.798111),(39.568085,37.44992,0.726524),(39.56799,37.450018,0.426524),(37.081687,39.913364,0.498111),(19.4862,22.153892,0.516986),(21.972503,19.690546,0.445399),(21.972409,19.690644,0.145399),(19.486106,22.15399,0.216986),(1.890619,4.394518,0.235861),(4.376922,1.931172,0.164274),(4.376828,1.93127,-0.135726),(1.890525,4.394616,-0.064139),(-15.704962,-13.364856,-0.045264),(-13.218659,-15.828202,-0.116851),(-13.218753,-15.828104,-0.416851),(-15.705056,-13.364758,-0.345264),(-33.300543,-31.12423,-0.326389),(-30.81424,-33.587576,-0.397975),(-30.814334,-33.587478,-0.697975),(-33.300637,-31.124132,-0.626389),(-48.409821,-51.34695,-0.6791)),$);
#2985= IFCTRIANGULATEDFACESET(#2984,$,$,((1,2,3),(3,2,4),(4,2,5),(5,2,6),(2,1,6),(6,1,7),(8,9,10),(10,9,11),(8,12,9),(9,12,13),(9,13,11),(11,13,14),(10,11,15),(15,11,14),(8,10,12),(12,10,15),(12,16,13),(13,16,17),(13,17,14),(14,17,18),(15,14,19),(19,14,18),(12,15,16),(16,15,19),(16,20,17),(17,20,21),(17,21,18),(18,21,22),(19,18,23),(23,18,22),(16,19,20),(20,19,23),(20,24,21),(21,24,25),(21,25,22),(22,25,26),(23,22,27),(27,22,26),(20,23,24),(24,23,27),(24,28,25),(25,28,29),(25,29,26),(26,29,30),(27,26,31),(31,26,30),(24,27,28),(28,27,31),(28,7,29),(29,7,32),(29,32,30),(30,32,5),(31,30,6),(6,30,5),(28,31,7),(7,31,6),(3,32,1),(1,32,7),(4,5,3),(3,5,32)),$);
#2986= IFCSHAPEREPRESENTATION(#178,'Body','Tessellation',(#2985));
#2987= IFCPRODUCTDEFINITIONSHAPE($,$,(#2986));
#2988= IFCCARTESIANPOINT((505153.386429,1707652.767337,368.699238));
#2989= IFCAXIS2PLACEMENT3D(#2988,$,$);
#2990= IFCLOCALPLACEMENT(#5,#2989);
#2991= IFCBUILTELEMENT('2Z_UI2n2v9RB25Ecjaqtjc',$,'CP\X2\0110\X0\D lo\X2\1EA1\X0\i I',$,$,#2990,#2987,'611DE');
#2992= IFCSTYLEDITEM(#2985,(#1809),'CP\X2\0110\X0\D lo\X2\1EA1\X0\i I');
#2993= IFCPROPERTYSINGLEVALUE('Area',$,IFCREAL(1196.3123965129),$);
#2994= IFCPROPERTYSINGLEVALUE('Bounds',$,IFCLABEL('((505096.8596003059,1707595.7367835236,367.59543706486585),(505209.91325844644,1707709.7978877355,369.80303807518413))'),$);
#2995= IFCPROPERTYSET('0jkHa3yJxQu9b5UUZj4piG',$,'Properties',$,(#39,#40,#41,#42,#43,#44,#47,#48,#49,#50,#51,#52,#53,#54,#55,#56,#57,#59,#60,#193,#194,#195,#196,#197,#198,#199,#2993,#2994));
#2996= IFCRELDEFINESBYPROPERTIES('2Yf2ZUkJ8K8ZTMcVcmhZEP',$,$,$,(#2991),#2995);
#2997= IFCPROPERTYSET('0HD1quzHkXWqvf7yyAB2f4',$,'Misc',$,(#85,#87,#88,#203));
#2998= IFCRELDEFINESBYPROPERTIES('3fzk1RK4n$ffnbYI5a7UKG',$,$,$,(#2991),#2997);
#2999= IFCPROPERTYSET('387M4wBLWT27vjFwzgik4q',$,'3D Visualization',$,(#91,#92,#93));
#3000= IFCRELDEFINESBYPROPERTIES('3pda6o_43n$hXM2E_nNPtl',$,$,$,(#2991),#2999);
#3001= IFCPROPERTYSET('3dKNYiBB2mVg5kkCqBIiTC',$,'General',$,(#72,#74,#75,#76,#77,#1820));
#3002= IFCRELDEFINESBYPROPERTIES('3ePYz4_DABhENVGX_JYSFY',$,$,$,(#2991),#3001);
#3003= IFCPROPERTYSET('2$8PbGAYgwRbDcWgw6X5ka',$,'Geometry',$,(#82));
#3004= IFCRELDEFINESBYPROPERTIES('1R_WtFeIM3dBZkiGp_7gct',$,$,$,(#2991),#3003);
#3005= IFCPROPERTYSET('1cljkV52JoFLsskfO_Hw2V',$,'Corridor Identity',$,(#218,#221,#224,#597,#598,#936,#937,#1604,#1676,#1677,#1678,#1679));
#3006= IFCRELDEFINESBYPROPERTIES('2jvi3h51zOgYb7cWWF9uqD',$,$,$,(#2991),#3005);
#3007= IFCPROPERTYSET('29XLnvwZxHUcvLBSwX_HoY',$,'Corridor Model Information',$,(#943,#944,#1682,#1683,#1684));
#3008= IFCRELDEFINESBYPROPERTIES('30vHg0LSuh0k79kF1vAEco',$,$,$,(#2991),#3007);
#3009= IFCPROPERTYSINGLEVALUE('Volume',$,IFCVOLUMEMEASURE(164.949903632002),$);
#3010= IFCPROPERTYSET('1_aOd_CMvXQWNgqnW5Dd0F',$,'Corridor Shape Information',$,(#235,#607,#1613,#1687,#1829,#3009));
#3011= IFCRELDEFINESBYPROPERTIES('0RLMYJ7klePIJg3W6S$4l3',$,$,$,(#2991),#3010);
#3012= IFCPROPERTYSINGLEVALUE('Kh\X2\1ED1\X0\i l\X2\01B0\X0\\X2\1EE3\X0\ng (m3)',$,IFCREAL(164.949903629346),$);
#3013= IFCPROPERTYSET('3hG8TtkxhhWHCXETcw7$oN',$,'Thong_tin_BIM',$,(#252,#1619,#1692,#1693,#1833,#1834,#1835,#1837,#1838,#1839,#1840,#3012));
#3014= IFCRELDEFINESBYPROPERTIES('32mnyPwaYNJydz9XpxC4f3',$,$,$,(#2991),#3013);
#3015= IFCCARTESIANPOINTLIST3D(((-54.040385,-57.029974,-0.69906),(-56.526733,-54.566582,-0.767474),(-54.040482,-57.029878,-0.99906),(-56.526829,-54.566487,-1.067474),(-50.89624,-48.883484,-0.977514),(-48.409893,-51.346876,-0.9091),(-50.896146,-48.883582,-0.677514),(56.526829,54.566484,1.067474),(56.526735,54.566582,0.767474),(54.040482,57.029876,0.99906),(54.040388,57.029974,0.69906),(39.568107,37.449897,0.796524),(37.08176,39.913289,0.728111),(37.081666,39.913387,0.428111),(39.568013,37.449995,0.496524),(21.972526,19.690523,0.515399),(19.486179,22.153914,0.446986),(19.486084,22.154013,0.146986),(21.972431,19.690621,0.215399),(4.376945,1.931149,0.234274),(1.890598,4.39454,0.165861),(1.890503,4.394638,-0.134139),(4.37685,1.931247,-0.065726),(-13.218637,-15.828225,-0.046851),(-15.704984,-13.364834,-0.115264),(-15.705078,-13.364736,-0.415264),(-13.218731,-15.828127,-0.346851),(-30.814218,-33.587599,-0.327975),(-33.300565,-31.124208,-0.396389),(-33.300659,-31.12411,-0.696389),(-30.814312,-33.587501,-0.627975),(-48.409799,-51.346974,-0.6091)),$);
#3016= IFCTRIANGULATEDFACESET(#3015,$,$,((1,2,3),(3,2,4),(4,5,3),(3,5,6),(4,2,5),(5,2,7),(8,9,10),(10,9,11),(8,10,12),(12,10,13),(10,11,13),(13,11,14),(9,15,11),(11,15,14),(8,12,9),(9,12,15),(12,13,16),(16,13,17),(13,14,17),(17,14,18),(15,19,14),(14,19,18),(12,16,15),(15,16,19),(16,17,20),(20,17,21),(17,18,21),(21,18,22),(19,23,18),(18,23,22),(16,20,19),(19,20,23),(20,21,24),(24,21,25),(21,22,25),(25,22,26),(23,27,22),(22,27,26),(20,24,23),(23,24,27),(24,25,28),(28,25,29),(25,26,29),(29,26,30),(27,31,26),(26,31,30),(24,28,27),(27,28,31),(28,29,32),(32,29,7),(29,30,7),(7,30,5),(31,6,30),(30,6,5),(28,32,31),(31,32,6),(2,1,7),(7,1,32),(3,6,1),(1,6,32)),$);
#3017= IFCSHAPEREPRESENTATION(#178,'Body','Tessellation',(#3016));
#3018= IFCPRODUCTDEFINITIONSHAPE($,$,(#3017));
#3019= IFCCARTESIANPOINT((505150.900104,1707655.230706,368.700824));
#3020= IFCAXIS2PLACEMENT3D(#3019,$,$);
#3021= IFCLOCALPLACEMENT(#5,#3020);
#3022= IFCBUILTELEMENT('3vuuTTmvz2nR_BgatL5WR5',$,'CP\X2\0110\X0\D lo\X2\1EA1\X0\i I',$,$,#3021,#3018,'611EC');
#3023= IFCSTYLEDITEM(#3016,(#1809),'CP\X2\0110\X0\D lo\X2\1EA1\X0\i I');
#3024= IFCPROPERTYSINGLEVALUE('Area',$,IFCREAL(1196.31239644628),$);
#3025= IFCPROPERTYSINGLEVALUE('Bounds',$,IFCLABEL('((505094.37327478017,1707598.200152822,367.5970235912194),(505207.42693346116,1707712.261256476,369.8046246013276))'),$);
#3026= IFCPROPERTYSET('37$wicVF53zl37fXDFDgLj',$,'Properties',$,(#39,#40,#41,#42,#43,#44,#47,#48,#49,#50,#51,#52,#53,#54,#55,#56,#57,#59,#60,#193,#194,#195,#196,#197,#198,#199,#3024,#3025));
#3027= IFCRELDEFINESBYPROPERTIES('31dTHWBs0cTfqKXdvtQE0E',$,$,$,(#3022),#3026);
#3028= IFCPROPERTYSET('0ppOdf9qIfnhDvMbOa3GT1',$,'Misc',$,(#85,#87,#88,#203));
#3029= IFCRELDEFINESBYPROPERTIES('00axOwSjyrmQkoUhcmn2rk',$,$,$,(#3022),#3028);
#3030= IFCPROPERTYSET('3vifmcPxnC9qTYerig7102',$,'3D Visualization',$,(#91,#92,#93));
#3031= IFCRELDEFINESBYPROPERTIES('1vMUAMJ$ViZ$jNfpfjMNio',$,$,$,(#3022),#3030);
#3032= IFCPROPERTYSET('0KrnLJcr6$G$V3NGXPANiq',$,'General',$,(#72,#74,#75,#76,#77,#1820));
#3033= IFCRELDEFINESBYPROPERTIES('23isSQe0UGLvDE9d1fcVL2',$,$,$,(#3022),#3032);
#3034= IFCPROPERTYSET('23d71SUviJKwzgG5Fv7MN9',$,'Geometry',$,(#82));
#3035= IFCRELDEFINESBYPROPERTIES('3Fbc1GwCoQPccmu5uIljkz',$,$,$,(#3022),#3034);
#3036= IFCPROPERTYSET('1TrCzGF_$IL7OAC0tNitxv',$,'Corridor Identity',$,(#218,#221,#224,#597,#640,#936,#937,#1604,#1676,#1677,#1678,#1679));
#3037= IFCRELDEFINESBYPROPERTIES('2GJ5PO9pREAIth3yBeeOHr',$,$,$,(#3022),#3036);
#3038= IFCPROPERTYSET('3jN9DdJcyTQEMh9G_goUu7',$,'Corridor Model Information',$,(#943,#944,#1682,#1683,#1684));
#3039= IFCRELDEFINESBYPROPERTIES('06suqPYBvDfb12d2Y051t4',$,$,$,(#3022),#3038);
#3040= IFCPROPERTYSINGLEVALUE('Volume',$,IFCVOLUMEMEASURE(164.949903623127),$);
#3041= IFCPROPERTYSET('0pE1BAokPN1S1t_gAN3Ec0',$,'Corridor Shape Information',$,(#282,#607,#1613,#1687,#1829,#3040));
#3042= IFCRELDEFINESBYPROPERTIES('0w8jBKkr$lR_RkOBW_n0HE',$,$,$,(#3022),#3041);
#3043= IFCPROPERTYSINGLEVALUE('Kh\X2\1ED1\X0\i l\X2\01B0\X0\\X2\1EE3\X0\ng (m3)',$,IFCREAL(164.94990361545),$);
#3044= IFCPROPERTYSET('1wpXeo_uZGMf3NQkyxE27U',$,'Thong_tin_BIM',$,(#252,#1619,#1692,#1693,#1833,#1834,#1835,#1837,#1838,#1839,#1840,#3043));
#3045= IFCRELDEFINESBYPROPERTIES('2YODWZeZLWrbYdcxBfg6hG',$,$,$,(#3022),#3044);
#3046= IFCCARTESIANPOINTLIST3D(((-35.524726,-39.407452,-0.584931),(-35.525095,-39.407086,-0.584921),(-35.524631,-39.40755,-0.284931),(-35.525001,-39.407184,-0.284921),(-34.812478,-38.687832,-0.577588),(-34.812383,-38.68793,-0.277588),(-34.812108,-38.688198,-0.577599),(-34.812014,-38.688296,-0.277599),(-27.982531,-31.795021,-0.507327),(-31.534392,-28.275955,-0.405061),(-49.129942,-46.035362,-0.586107),(-45.57808,-49.554428,-0.688374),(-45.577986,-49.554526,-0.388374),(-15.113896,-18.806548,-0.374918),(-15.114257,-18.806174,-0.374907),(-15.113802,-18.806646,-0.074918),(-15.114163,-18.806272,-0.074907),(-14.40164,-18.08692,-0.367575),(-14.401546,-18.087018,-0.067575),(-14.401271,-18.087286,-0.367585),(-14.401176,-18.087384,-0.067585),(-10.386981,-14.035614,-0.326281),(-13.938843,-10.516549,-0.224014),(-27.982437,-31.795119,-0.207327),(6.000772,2.504748,-0.157662),(6.000402,2.505114,-0.157651),(6.000866,2.50465,0.142338),(6.000496,2.505016,0.142349),(6.71302,3.224368,-0.150319),(6.713114,3.22427,0.149681),(6.713389,3.224002,-0.15033),(6.713483,3.223904,0.14967),(7.208569,3.723793,-0.145235),(3.656707,7.242858,-0.042968),(-10.386887,-14.035712,-0.026281),(25.708201,22.395702,0.045114),(25.707762,22.396137,0.045127),(25.708295,22.395604,0.345114),(25.707856,22.396039,0.345127),(26.420379,23.11539,0.052459),(26.420474,23.115292,0.352459),(26.420819,23.114955,0.052447),(26.420913,23.114857,0.352447),(42.399668,39.242606,0.216858),(38.847807,42.761672,0.319125),(21.252257,25.002265,0.138078),(24.804118,21.4832,0.035812),(24.804213,21.483101,0.335812),(46.118625,42.996196,0.255124),(46.118256,42.996562,0.255134),(46.118719,42.996098,0.555124),(46.11835,42.996464,0.555134),(46.830873,43.715815,0.262467),(46.830967,43.715717,0.562467),(46.831242,43.715449,0.262456),(46.831337,43.715351,0.562456),(59.358351,56.359216,0.391352),(55.80649,59.878282,0.493618),(42.399762,39.242508,0.516858),(55.806584,59.878183,0.793618),(59.358446,56.359118,0.691352),(-59.358351,-56.359216,-0.391352),(-59.358446,-56.359118,-0.691352),(-55.80649,-59.878282,-0.493618),(-55.806584,-59.878183,-0.793618),(38.847901,42.761574,0.619125),(21.252351,25.002167,0.438078),(3.656801,7.24276,0.257032),(7.208663,3.723695,0.154765),(-13.938748,-10.516647,0.075986),(-31.534298,-28.276053,-0.105061),(-49.129848,-46.03546,-0.286107),(-58.996834,-55.994332,-0.387632),(-55.444972,-59.513398,-0.489898),(-55.445067,-59.513299,-0.789898),(-58.996928,-55.994234,-0.687632),(-59.251033,-56.250899,-0.390247),(-55.699172,-59.769964,-0.492514),(-55.699266,-59.769866,-0.792514),(-59.251128,-56.250801,-0.690247)),$);
#3047= IFCTRIANGULATEDFACESET(#3046,$,$,((1,2,3),(3,2,4),(2,5,4),(4,5,6),(7,8,5),(5,8,6),(7,5,9),(9,5,10),(10,5,2),(10,2,11),(11,2,12),(12,2,1),(3,13,1),(1,13,12),(14,15,16),(16,15,17),(15,18,17),(17,18,19),(20,21,18),(18,21,19),(20,18,22),(22,18,23),(23,18,15),(23,15,10),(10,15,9),(9,15,14),(16,24,14),(14,24,9),(25,26,27),(27,26,28),(26,29,28),(28,29,30),(31,32,29),(29,32,30),(31,29,33),(33,29,34),(34,29,26),(34,26,23),(23,26,22),(22,26,25),(27,35,25),(25,35,22),(36,37,38),(38,37,39),(37,40,39),(39,40,41),(42,43,40),(40,43,41),(42,40,44),(44,40,45),(45,40,46),(46,40,37),(46,37,47),(47,37,36),(38,48,36),(36,48,47),(49,50,51),(51,50,52),(50,53,52),(52,53,54),(55,56,53),(53,56,54),(55,53,57),(57,53,58),(58,53,45),(45,53,50),(45,50,44),(44,50,49),(51,59,49),(49,59,44),(60,61,58),(58,61,57),(62,63,64),(64,63,65),(56,61,54),(54,61,60),(54,60,66),(54,66,52),(52,66,59),(52,59,51),(55,57,56),(56,57,61),(60,58,66),(66,58,45),(43,59,41),(41,59,66),(41,66,67),(41,67,39),(39,67,48),(39,48,38),(42,44,43),(43,44,59),(66,45,67),(67,45,46),(67,68,48),(48,68,69),(48,69,47),(47,69,33),(46,47,34),(34,47,33),(67,46,68),(68,46,34),(32,69,30),(30,69,68),(30,68,28),(28,68,70),(28,70,35),(35,27,28),(31,33,32),(32,33,69),(68,34,70),(70,34,23),(21,35,19),(19,35,70),(19,70,17),(17,70,71),(17,71,24),(24,16,17),(20,22,21),(21,22,35),(70,23,71),(71,23,10),(8,24,6),(6,24,71),(6,71,4),(4,71,72),(4,72,13),(13,3,4),(7,9,8),(8,9,24),(71,10,72),(72,10,11),(72,73,13),(13,73,74),(13,74,12),(12,74,75),(11,12,76),(76,12,75),(72,11,73),(73,11,76),(73,77,74),(74,77,78),(74,78,75),(75,78,79),(76,75,80),(80,75,79),(73,76,77),(77,76,80),(77,62,78),(78,62,64),(78,64,79),(79,64,65),(80,79,63),(63,79,65),(77,80,62),(62,80,63)),$);
#3048= IFCSHAPEREPRESENTATION(#178,'Body','Tessellation',(#3047));
#3049= IFCPRODUCTDEFINITIONSHAPE($,$,(#3048));
#3050= IFCCARTESIANPOINT((505197.352972,1707610.118998,367.877573));
#3051= IFCAXIS2PLACEMENT3D(#3050,$,$);
#3052= IFCLOCALPLACEMENT(#5,#3051);
#3053= IFCBUILTELEMENT('0XeSvmj8X9uwJsPd0I70TT',$,'CP\X2\0110\X0\D lo\X2\1EA1\X0\i I',$,$,#3052,#3049,'611FA');
#3054= IFCSTYLEDITEM(#3047,(#1809),'CP\X2\0110\X0\D lo\X2\1EA1\X0\i I');
#3055= IFCPROPERTYSINGLEVALUE('Area',$,IFCREAL(1737.82220417124),$);
#3056= IFCPROPERTYSINGLEVALUE('Bounds',$,IFCLABEL('((505137.9944947298,1707550.2402964514,367.0477701685922),(505256.7114489606,1707669.9976987964,368.707376266547))'),$);
#3057= IFCPROPERTYSET('2IUlCq9HLLKlhNokUA0Ouf',$,'Properties',$,(#39,#40,#41,#42,#43,#44,#47,#48,#49,#50,#51,#52,#53,#54,#55,#56,#57,#59,#60,#193,#194,#195,#196,#197,#198,#199,#3055,#3056));
#3058= IFCRELDEFINESBYPROPERTIES('2PZSW1HKaX9fVqbCrLo2BQ',$,$,$,(#3053),#3057);
#3059= IFCPROPERTYSET('2gNURRBbbPAI57AVIKEQla',$,'Misc',$,(#85,#87,#88,#203));
#3060= IFCRELDEFINESBYPROPERTIES('2Z2da2b88nq9zJTpqTf42B',$,$,$,(#3053),#3059);
#3061= IFCPROPERTYSET('3TBkkgI5iDqaIi8l0DQh2H',$,'3D Visualization',$,(#91,#92,#93));
#3062= IFCRELDEFINESBYPROPERTIES('0ohHo5sMXZhSsthOWikB0g',$,$,$,(#3053),#3061);
#3063= IFCPROPERTYSET('3IZqdRivQeIl3_9uACq__3',$,'General',$,(#72,#74,#75,#76,#77,#1820));
#3064= IFCRELDEFINESBYPROPERTIES('3LyYGwJ4294zO_lCSlBIY$',$,$,$,(#3053),#3063);
#3065= IFCPROPERTYSET('2jSk95riSZ6uT9o9rdom4T',$,'Geometry',$,(#82));
#3066= IFCRELDEFINESBYPROPERTIES('07MHm_TuA$wL1Kaj2zCn$F',$,$,$,(#3053),#3065);
#3067= IFCPROPERTYSET('0ViamW7R1ROYrwM0Ys2dmD',$,'Corridor Identity',$,(#216,#217,#218,#221,#224,#1303,#1304,#1604,#1748,#1749,#1750,#1751));
#3068= IFCRELDEFINESBYPROPERTIES('0IZdy9qAOE4DQ0c2JNTb2J',$,$,$,(#3053),#3067);
#3069= IFCPROPERTYSET('3DMtf0DRi1WyUM1JAnSku4',$,'Corridor Model Information',$,(#1312,#1313,#1754,#1755,#1756));
#3070= IFCRELDEFINESBYPROPERTIES('1F8UofUxQVhq5spbQBTxu0',$,$,$,(#3053),#3069);
#3071= IFCPROPERTYSINGLEVALUE('Volume',$,IFCVOLUMEMEASURE(245.441076296708),$);
#3072= IFCPROPERTYSET('38Y5j505MajSEyaYPQjbAk',$,'Corridor Shape Information',$,(#235,#236,#1613,#1759,#1829,#3071));
#3073= IFCRELDEFINESBYPROPERTIES('0KeV9f0NRmD0B33HbA9CRx',$,$,$,(#3053),#3072);
#3074= IFCPROPERTYSINGLEVALUE('Kh\X2\1ED1\X0\i l\X2\01B0\X0\\X2\1EE3\X0\ng (m3)',$,IFCREAL(245.441076295179),$);
#3075= IFCPROPERTYSET('1lvE0PjnxIqo_DbX1VF2mz',$,'Thong_tin_BIM',$,(#252,#1619,#1764,#1765,#1833,#1834,#1835,#1837,#1838,#1839,#1840,#3074));
#3076= IFCRELDEFINESBYPROPERTIES('38JhYjfJ3PqSbXBOzNA0lt',$,$,$,(#3053),#3075);
#3077= IFCCARTESIANPOINTLIST3D(((59.358477,56.359085,0.791352),(59.358383,56.359183,0.491352),(55.806553,59.878216,0.693618),(55.806458,59.878314,0.393618),(-55.806458,-59.878314,-0.393618),(-59.358383,-56.359183,-0.491352),(-55.806553,-59.878216,-0.693618),(-59.358477,-56.359085,-0.791352),(42.399794,39.242476,0.616858),(38.847869,42.761607,0.519125),(38.847775,42.761705,0.219125),(42.399699,39.242574,0.316858),(24.804244,21.483069,0.435812),(21.25232,25.0022,0.338078),(21.252225,25.002298,0.038078),(24.80415,21.483167,0.135812),(7.208694,3.723662,0.254765),(3.65677,7.242793,0.157032),(3.656676,7.242891,-0.142968),(7.2086,3.72376,-0.045235),(-10.386855,-14.035745,0.073719),(-13.93878,-10.516614,-0.024014),(-13.938874,-10.516516,-0.324014),(-10.38695,-14.035647,-0.226281),(-27.982405,-31.795152,-0.107327),(-31.534329,-28.276021,-0.205061),(-31.534424,-28.275923,-0.505061),(-27.982499,-31.795054,-0.407327),(-45.577955,-49.554558,-0.288374),(-49.129879,-46.035428,-0.386107),(-49.129973,-46.03533,-0.686107),(-45.578049,-49.55446,-0.588374),(-55.444941,-59.51343,-0.389898),(-58.996865,-55.994299,-0.487632),(-58.99696,-55.994201,-0.787632),(-55.445035,-59.513332,-0.689898),(-55.69914,-59.769997,-0.392514),(-59.251065,-56.250866,-0.490247),(-59.251159,-56.250768,-0.790247),(-55.699235,-59.769899,-0.692514)),$);
#3078= IFCTRIANGULATEDFACESET(#3077,$,$,((1,2,3),(3,2,4),(5,6,7),(7,6,8),(1,3,9),(9,3,10),(3,4,10),(10,4,11),(2,12,4),(4,12,11),(1,9,2),(2,9,12),(9,10,13),(13,10,14),(10,11,14),(14,11,15),(12,16,11),(11,16,15),(9,13,12),(12,13,16),(13,14,17),(17,14,18),(14,15,18),(18,15,19),(16,20,15),(15,20,19),(13,17,16),(16,17,20),(17,18,21),(21,18,22),(18,19,22),(22,19,23),(20,24,19),(19,24,23),(17,21,20),(20,21,24),(21,22,25),(25,22,26),(22,23,26),(26,23,27),(24,28,23),(23,28,27),(21,25,24),(24,25,28),(25,26,29),(29,26,30),(26,27,30),(30,27,31),(28,32,27),(27,32,31),(25,29,28),(28,29,32),(29,30,33),(33,30,34),(30,31,34),(34,31,35),(32,36,31),(31,36,35),(29,33,32),(32,33,36),(33,34,37),(37,34,38),(34,35,38),(38,35,39),(36,40,35),(35,40,39),(33,37,36),(36,37,40),(37,38,5),(5,38,6),(38,39,6),(6,39,8),(40,7,39),(39,7,8),(37,5,40),(40,5,7)),$);
#3079= IFCSHAPEREPRESENTATION(#178,'Body','Tessellation',(#3078));
#3080= IFCPRODUCTDEFINITIONSHAPE($,$,(#3079));
#3081= IFCCARTESIANPOINT((505193.801079,1707613.638096,367.87984));
#3082= IFCAXIS2PLACEMENT3D(#3081,$,$);
#3083= IFCLOCALPLACEMENT(#5,#3082);
#3084= IFCBUILTELEMENT('0gZZpUYP9BIgWd9uWcqU2Z',$,'CP\X2\0110\X0\D lo\X2\1EA1\X0\i I',$,$,#3083,#3080,'61210');
#3085= IFCSTYLEDITEM(#3078,(#1809),'CP\X2\0110\X0\D lo\X2\1EA1\X0\i I');
#3086= IFCPROPERTYSINGLEVALUE('Area',$,IFCREAL(1737.82605349925),$);
#3087= IFCPROPERTYSINGLEVALUE('Bounds',$,IFCLABEL('((505134.44260189385,1707553.759394652,367.0500366342689),(505253.1595561246,1707673.5167969968,368.7096427322237))'),$);
#3088= IFCPROPERTYSET('3xSE1W7Z8yDUtAGG0blzTn',$,'Properties',$,(#39,#40,#41,#42,#43,#44,#45,#46,#47,#48,#49,#50,#51,#52,#53,#54,#55,#56,#57,#59,#60,#193,#197,#299,#300,#301,#3086,#3087));
#3089= IFCRELDEFINESBYPROPERTIES('3MPSF7cNhEa5Kza127I8i1',$,$,$,(#3084),#3088);
#3090= IFCPROPERTYSET('3Hv5Xv7DrPwJQqX8YOsmBa',$,'Misc',$,(#85,#87,#88,#203));
#3091= IFCRELDEFINESBYPROPERTIES('1PklRZ5unxfn392jMGHg7O',$,$,$,(#3084),#3090);
#3092= IFCPROPERTYSET('3XQyR9jGhMiOh8g3hN5voz',$,'3D Visualization',$,(#91,#92,#93));
#3093= IFCRELDEFINESBYPROPERTIES('2mnqokXnl8$9CyPtZ_Hi58',$,$,$,(#3084),#3092);
#3094= IFCPROPERTYSET('3C7TsI_$av9IIOF2S2RVl3',$,'General',$,(#72,#74,#75,#76,#77,#1820));
#3095= IFCRELDEFINESBYPROPERTIES('3M03y3CUg$5rUB0NbQSZSd',$,$,$,(#3084),#3094);
#3096= IFCPROPERTYSET('3AkHywcAeb1GbRlezAIcqq',$,'Geometry',$,(#82));
#3097= IFCRELDEFINESBYPROPERTIES('3o5OyWe0rNtEKQlrRDHgTH',$,$,$,(#3084),#3096);
#3098= IFCPROPERTYSET('0l1bE0mT55h4lR4FN51pAG',$,'Corridor Identity',$,(#216,#218,#221,#224,#277,#1303,#1304,#1604,#1748,#1749,#1750,#1751));
#3099= IFCRELDEFINESBYPROPERTIES('3$nei56McLE1Hb283guDiF',$,$,$,(#3084),#3098);
#3100= IFCPROPERTYSET('1NTcmzOZXna7hprOHOaNAC',$,'Corridor Model Information',$,(#1312,#1313,#1754,#1755,#1756));
#3101= IFCRELDEFINESBYPROPERTIES('1ZWvB1Y0T1aIQxHjrkqBV0',$,$,$,(#3084),#3100);
#3102= IFCPROPERTYSINGLEVALUE('Volume',$,IFCVOLUMEMEASURE(245.441895836879),$);
#3103= IFCPROPERTYSET('1AxOa$CgaJn_L$p1jC6I9S',$,'Corridor Shape Information',$,(#236,#282,#1613,#1759,#1829,#3102));
#3104= IFCRELDEFINESBYPROPERTIES('2X71XLjsrL3wGtkcnkGQYM',$,$,$,(#3084),#3103);
#3105= IFCPROPERTYSINGLEVALUE('Kh\X2\1ED1\X0\i l\X2\01B0\X0\\X2\1EE3\X0\ng (m3)',$,IFCREAL(245.441895841451),$);
#3106= IFCPROPERTYSET('3MA4kEX02eEu6WcVo9FWBX',$,'Thong_tin_BIM',$,(#252,#1619,#1764,#1765,#1833,#1834,#1835,#1837,#1838,#1839,#1840,#3105));
#3107= IFCRELDEFINESBYPROPERTIES('37v6R6tLXLwxLGLgOoWQiE',$,$,$,(#3084),#3106);
#3108= IFCCARTESIANPOINTLIST3D(((-13.467182,8.405994,0.595925),(-10.18479,12.177724,0.496127),(-13.467339,8.406158,0.095925),(-10.184947,12.177888,-0.003873),(10.184947,-12.177888,0.003873),(10.18479,-12.177724,-0.496127),(13.467339,-8.406158,-0.095925),(13.467182,-8.405994,-0.595925),(5.391158,-8.005967,0.12387),(8.67355,-4.234238,0.024071),(8.673392,-4.234074,-0.475929),(5.391001,-8.005804,-0.37613)),$);
#3109= IFCTRIANGULATEDFACESET(#3108,$,$,((1,2,3),(3,2,4),(5,6,7),(7,6,8),(1,9,2),(2,9,10),(2,10,4),(4,10,11),(3,4,12),(12,4,11),(1,3,9),(9,3,12),(9,5,10),(10,5,7),(10,7,11),(11,7,8),(12,11,6),(6,11,8),(9,12,5),(5,12,6)),$);
#3110= IFCSHAPEREPRESENTATION(#178,'Body','Tessellation',(#3109));
#3111= IFCPRODUCTDEFINITIONSHAPE($,$,(#3110));
#3112= IFCCARTESIANPOINT((505153.907149,1707793.957753,371.240809));
#3113= IFCAXIS2PLACEMENT3D(#3112,$,$);
#3114= IFCLOCALPLACEMENT(#5,#3113);
#3115= IFCBUILTELEMENT('0mKgXyeNv62RD321FE7N_M',$,'\X2\0110\X0\\X2\1EA5\X0\t n\X2\1EC1\X0\n',$,$,#3114,#3111,'61219');
#3116= IFCSTYLEDITEM(#3109,(#133),'\X2\0110\X0\\X2\1EA5\X0\t n\X2\1EC1\X0\n');
#3117= IFCPROPERTYSINGLEVALUE('Area',$,IFCREAL(350.020932716046),$);
#3118= IFCPROPERTYSINGLEVALUE('Bounds',$,IFCLABEL('((505140.4395959225,1707781.7796755335,370.6436505942748),(505167.3747017956,1707806.1358308103,371.83796705750325))'),$);
#3119= IFCPROPERTYSET('3526DeKVLNkUYVkRbkFjGX',$,'Properties',$,(#39,#40,#41,#42,#43,#44,#45,#46,#47,#48,#49,#50,#51,#52,#53,#54,#55,#56,#57,#59,#60,#193,#197,#299,#300,#301,#3117,#3118));
#3120= IFCRELDEFINESBYPROPERTIES('2kPJe82jFuhRv63Hjuf_QE',$,$,$,(#3115),#3119);
#3121= IFCPROPERTYSET('214KhNoiO9yUsicqaDXBEW',$,'Misc',$,(#85,#87,#88,#203));
#3122= IFCRELDEFINESBYPROPERTIES('36eZ0utw16LbB1zIjhXT7S',$,$,$,(#3115),#3121);
#3123= IFCPROPERTYSET('1y1vTybA8HhAx3SlyEMHjh',$,'3D Visualization',$,(#91,#92,#93));
#3124= IFCRELDEFINESBYPROPERTIES('0vt27ZRN6ks5k4f3SBM_Gu',$,$,$,(#3115),#3123);
#3125= IFCPROPERTYSET('1NMpL8EUDUimwbpU6K5AE2',$,'General',$,(#72,#74,#75,#76,#77,#171));
#3126= IFCRELDEFINESBYPROPERTIES('0XIBIeoD7Dhkj6tymqFMS9',$,$,$,(#3115),#3125);
#3127= IFCPROPERTYSET('3CbHXpnzWCZRBOB1gDuvbR',$,'Geometry',$,(#82));
#3128= IFCRELDEFINESBYPROPERTIES('1H0Cmu1cLKh5RwZCneNb1K',$,$,$,(#3115),#3127);
#3129= IFCPROPERTYSET('2jMXEe3eUiwjWcAmtqZuF4',$,'Corridor Identity',$,(#213,#214,#215,#216,#217,#218,#219,#220,#221,#222,#223,#224));
#3130= IFCRELDEFINESBYPROPERTIES('13_EfrdzlOGSjVFB8VWHta',$,$,$,(#3115),#3129);
#3131= IFCPROPERTYSET('3PDZekR52u1Kl9xK$aBYAg',$,'Corridor Model Information',$,(#227,#228,#229,#230,#231));
#3132= IFCRELDEFINESBYPROPERTIES('1G$Kzw_ubaRRKFUTz6P9V7',$,$,$,(#3115),#3131);
#3133= IFCPROPERTYSINGLEVALUE('CodeName',$,IFCLABEL('K98'),$);
#3134= IFCPROPERTYSINGLEVALUE('Volume',$,IFCVOLUMEMEASURE(78.38749766999),$);
#3135= IFCPROPERTYSET('3Gr$N$L0scCnLWQAhkQAVa',$,'Corridor Shape Information',$,(#235,#236,#237,#238,#3133,#3134));
#3136= IFCRELDEFINESBYPROPERTIES('04LraA50Ivq4hcoWjhc19U',$,$,$,(#3115),#3135);
#3137= IFCPROPERTYSINGLEVALUE('V\X2\1EAD\X0\t li\X2\1EC7\X0\u',$,IFCLABEL('\X2\0110\X0\\X2\1EA5\X0\t n\X2\1EC1\X0\n'),$);
#3138= IFCPROPERTYSINGLEVALUE('M\X2\00E3\X0\ hi\X2\1EC7\X0\u',$,IFCLABEL('N5_KCAD_L3_A03'),$);
#3139= IFCPROPERTYSINGLEVALUE('Ghi ch\X2\00FA\X0\',$,IFCLABEL('\X2\0110\X0\\X2\1EA5\X0\t n\X2\1EC1\X0\n ch\X2\1EB7\X0\t K=>0,95'),$);
#3140= IFCPROPERTYSINGLEVALUE('Kh\X2\1ED1\X0\i l\X2\01B0\X0\\X2\1EE3\X0\ng (m3)',$,IFCREAL(78.3874976669529),$);
#3141= IFCPROPERTYSINGLEVALUE('Th\X2\00E0\X0\nh ph\X2\1EA7\X0\n v\X2\1EAD\X0\t li\X2\1EC7\X0\u',$,IFCLABEL('\X2\0110\X0\\X2\1EA5\X0\t h\X2\1EA1\X0\t m\X2\1ECB\X0\n \X2\0111\X0\\X2\1EBF\X0\n h\X2\1EA1\X0\t trung, ph\X2\00F9\X0\ h\X2\1EE3\X0\p \X2\0111\X0\\X2\1EAF\X0\p n\X2\1EC1\X0\n \X2\0111\X0\\X2\01B0\X0\\X2\1EDD\X0\ng; lo\X2\1EA1\X0\i b\X2\1ECF\X0\ \X2\0111\X0\\X2\1EA5\X0\t h\X2\1EEF\X0\u c\X2\01A1\X0\ v\X2\00E0\X0\ \X2\0111\X0\\X2\1EA5\X0\t kh\X2\00F4\X0\ng th\X2\00ED\X0\ch h\X2\1EE3\X0\p tr\X2\01B0\X0\\X2\1EDB\X0\c khi thi c\X2\00F4\X0\ng; thi c\X2\00F4\X0\ng \X2\0111\X0\\X2\1EAF\X0\p t\X2\1EEB\X0\ng l\X2\1EDB\X0\p d\X2\00E0\X0\y 30cm v\X2\00E0\X0\ \X2\0111\X0\\X2\1EA7\X0\m ch\X2\1EB7\X0\t \X2\0111\X0\\X2\1EA1\X0\t K\X2\2265\X0\0,98'),$);
#3142= IFCPROPERTYSINGLEVALUE('C\X2\01B0\X0\\X2\1EDD\X0\ng \X2\0111\X0\\X2\1ED9\X0\ v\X2\1EAD\X0\t li\X2\1EC7\X0\u (MPa)',$,IFCLABEL('K\X2\2265\X0\0,98; CBR y\X2\00EA\X0\u c\X2\1EA7\X0\u > 5'),$);
#3143= IFCPROPERTYSINGLEVALUE('T\X2\00EA\X0\n \X2\0111\X0\\X2\1ED1\X0\i t\X2\01B0\X0\\X2\1EE3\X0\ng',$,IFCLABEL('KCAD l\X2\1EDB\X0\p 3'),$);
#3144= IFCPROPERTYSET('3s6H1T9PUckSCAZcAVease',$,'Thong_tin_BIM',$,(#246,#247,#248,#252,#1840,#3137,#3138,#3139,#3140,#3141,#3142,#3143));
#3145= IFCRELDEFINESBYPROPERTIES('3kSo5kLV$4oVsT$BQ1Qss8',$,$,$,(#3115),#3144);
#3146= IFCCARTESIANPOINTLIST3D(((-10.184759,12.177691,0.596127),(-10.184916,12.177855,0.096127),(-13.467213,8.406027,0.495925),(-13.46737,8.40619,-0.004075),(13.46737,-8.40619,0.004075),(10.184916,-12.177855,-0.096127),(13.467213,-8.406027,-0.495925),(10.184759,-12.177691,-0.596127),(8.673581,-4.23427,0.124071),(5.391127,-8.005935,0.02387),(5.39097,-8.005771,-0.47613),(8.673424,-4.234107,-0.375929)),$);
#3147= IFCTRIANGULATEDFACESET(#3146,$,$,((1,2,3),(3,2,4),(5,6,7),(7,6,8),(1,3,9),(9,3,10),(3,4,10),(10,4,11),(2,12,4),(4,12,11),(1,9,2),(2,9,12),(9,10,5),(5,10,6),(10,11,6),(6,11,8),(12,7,11),(11,7,8),(9,5,12),(12,5,7)),$);
#3148= IFCSHAPEREPRESENTATION(#178,'Body','Tessellation',(#3147));
#3149= IFCPRODUCTDEFINITIONSHAPE($,$,(#3148));
#3150= IFCCARTESIANPOINT((505150.624726,1707790.186056,371.240607));
#3151= IFCAXIS2PLACEMENT3D(#3150,$,$);
#3152= IFCLOCALPLACEMENT(#5,#3151);
#3153= IFCBUILTELEMENT('01Yx5qXwLE2BDyV6OdjW4w',$,'\X2\0110\X0\\X2\1EA5\X0\t n\X2\1EC1\X0\n',$,$,#3152,#3149,'61222');
#3154= IFCSTYLEDITEM(#3147,(#133),'\X2\0110\X0\\X2\1EA5\X0\t n\X2\1EC1\X0\n');
#3155= IFCPROPERTYSINGLEVALUE('Area',$,IFCREAL(350.020932716043),$);
#3156= IFCPROPERTYSINGLEVALUE('Bounds',$,IFCLABEL('((505137.15717308153,1707778.0079782694,370.6434489039488),(505164.0922789546,1707802.3641335461,371.83776536717727))'),$);
#3157= IFCPROPERTYSET('25nUQAK9WIXa3m6Qj9ioTE',$,'Properties',$,(#39,#40,#41,#42,#43,#44,#45,#46,#47,#48,#49,#50,#51,#52,#53,#54,#55,#56,#57,#59,#60,#193,#197,#299,#300,#301,#3155,#3156));
#3158= IFCRELDEFINESBYPROPERTIES('2AHeQ8l5dGAi8$2VFKUBf6',$,$,$,(#3153),#3157);
#3159= IFCPROPERTYSET('1tynbLMshA1ZH2YHQik6d0',$,'Misc',$,(#85,#87,#88,#203));
#3160= IFCRELDEFINESBYPROPERTIES('0uTwPEv0AhNgQN$C8dqhL7',$,$,$,(#3153),#3159);
#3161= IFCPROPERTYSET('2lXy4BbXQSXY9EvgOrxQvS',$,'3D Visualization',$,(#91,#92,#93));
#3162= IFCRELDEFINESBYPROPERTIES('3HGSSICSyGnlDvleuzTc6j',$,$,$,(#3153),#3161);
#3163= IFCPROPERTYSET('3k1Z6BUpCAJVHwU51voNjm',$,'General',$,(#72,#74,#75,#76,#77,#171));
#3164= IFCRELDEFINESBYPROPERTIES('1XJfxlVqKv22Lkge$33W8q',$,$,$,(#3153),#3163);
#3165= IFCPROPERTYSET('2hyCpC9lEQDDUbFFDanaY_',$,'Geometry',$,(#82));
#3166= IFCRELDEFINESBYPROPERTIES('03WypeKdS1lwkw4ILEQyBE',$,$,$,(#3153),#3165);
#3167= IFCPROPERTYSET('3Ycky8V6kZ0Gjds2$Syl0_',$,'Corridor Identity',$,(#213,#214,#215,#216,#218,#219,#220,#221,#222,#223,#224,#277));
#3168= IFCRELDEFINESBYPROPERTIES('0x8FfCKE78$d80nI3IQjVv',$,$,$,(#3153),#3167);
#3169= IFCPROPERTYSET('02o98FBj1ITBmGNSlc$frK',$,'Corridor Model Information',$,(#227,#228,#229,#230,#231));
#3170= IFCRELDEFINESBYPROPERTIES('14kN1doT8YHeLLYg917Jhg',$,$,$,(#3153),#3169);
#3171= IFCPROPERTYSET('3dxdN$bLTQQWLLrqRUBM0f',$,'Corridor Shape Information',$,(#236,#237,#238,#282,#3133,#3134));
#3172= IFCRELDEFINESBYPROPERTIES('3hU_P6LHPWBDt9VxD$qKIc',$,$,$,(#3153),#3171);
#3173= IFCPROPERTYSINGLEVALUE('Kh\X2\1ED1\X0\i l\X2\01B0\X0\\X2\1EE3\X0\ng (m3)',$,IFCREAL(78.3874976682101),$);
#3174= IFCPROPERTYSET('0K1xJ0LhggLJHAe_wGu4xB',$,'Thong_tin_BIM',$,(#246,#247,#248,#252,#1840,#3137,#3138,#3139,#3141,#3142,#3143,#3173));
#3175= IFCRELDEFINESBYPROPERTIES('14red3UyfZ99EVF$8O5knB',$,$,$,(#3153),#3174);
#3176= IFCCARTESIANPOINTLIST3D(((-5.436444,1.417036,0.394902),(-2.154053,5.188765,0.295104),(-5.436601,1.417199,-0.105097),(-2.15421,5.188929,-0.204896),(2.15421,-5.188929,0.204896),(2.154053,-5.188765,-0.295104),(5.436601,-1.417199,0.105097),(5.436444,-1.417036,-0.394902)),$);
#3177= IFCTRIANGULATEDFACESET(#3176,$,$,((1,2,3),(3,2,4),(5,6,7),(7,6,8),(1,5,2),(2,5,7),(2,7,4),(4,7,8),(3,4,6),(6,4,8),(1,3,5),(5,3,6)),$);
#3178= IFCSHAPEREPRESENTATION(#178,'Body','Tessellation',(#3177));
#3179= IFCPRODUCTDEFINITIONSHAPE($,$,(#3178));
#3180= IFCCARTESIANPOINT((505205.024806,1707749.47128,369.961249));
#3181= IFCAXIS2PLACEMENT3D(#3180,$,$);
#3182= IFCLOCALPLACEMENT(#5,#3181);
#3183= IFCBUILTELEMENT('2Zwi31s8L4mfHu$cVF6KcC',$,'\X2\0110\X0\\X2\1EA5\X0\t n\X2\1EC1\X0\n',$,$,#3182,#3179,'6122B');
#3184= IFCSTYLEDITEM(#3177,(#133),'\X2\0110\X0\\X2\1EA5\X0\t n\X2\1EC1\X0\n');
#3185= IFCPROPERTYSINGLEVALUE('Area',$,IFCREAL(115.727222351421),$);
#3186= IFCPROPERTYSINGLEVALUE('Bounds',$,IFCLABEL('((505199.5881146307,1707744.282290515,369.56511330728205),(505210.46149736503,1707754.6602704714,370.3573843250827))'),$);
#3187= IFCPROPERTYSET('1SVGh4igAG1uWz7hclxuGu',$,'Properties',$,(#39,#40,#41,#42,#43,#44,#45,#46,#47,#48,#49,#50,#51,#52,#53,#54,#55,#56,#57,#59,#60,#193,#197,#299,#300,#301,#3185,#3186));
#3188= IFCRELDEFINESBYPROPERTIES('2tynxBQ72zPUBLlVbXhmOa',$,$,$,(#3183),#3187);
#3189= IFCPROPERTYSET('0YhwFG9RT4cUTSwMrwlB8k',$,'Misc',$,(#85,#87,#88,#203));
#3190= IFCRELDEFINESBYPROPERTIES('1HjcmaXIb2pOhdLPZjBBNj',$,$,$,(#3183),#3189);
#3191= IFCPROPERTYSET('3nSHOjnaJ34WSZ4bn4C4PS',$,'3D Visualization',$,(#91,#92,#93));
#3192= IFCRELDEFINESBYPROPERTIES('22qZq$iuSa3kD9P2TDuiq_',$,$,$,(#3183),#3191);
#3193= IFCPROPERTYSET('2yc4Zz1YKRFP0nC0zzTp2l',$,'General',$,(#72,#74,#75,#76,#77,#171));
#3194= IFCRELDEFINESBYPROPERTIES('3_Oy1Z63WSQIHY5Gk_Z_Q$',$,$,$,(#3183),#3193);
#3195= IFCPROPERTYSET('3LgPMnsaKadRjvliDILOLO',$,'Geometry',$,(#82));
#3196= IFCRELDEFINESBYPROPERTIES('2gUe_tcIyE6zJaADRz9qcO',$,$,$,(#3183),#3195);
#3197= IFCPROPERTYSET('3efIfZgKG1B1DaxJnhPZGV',$,'Corridor Identity',$,(#213,#214,#215,#216,#217,#218,#219,#221,#224,#313,#314,#315));
#3198= IFCRELDEFINESBYPROPERTIES('0fHB$OoQVkgpYZ7ixsftQ6',$,$,$,(#3183),#3197);
#3199= IFCPROPERTYSET('3a1P89FG2M2BFCUsVEJqVv',$,'Corridor Model Information',$,(#227,#228,#229,#230,#318));
#3200= IFCRELDEFINESBYPROPERTIES('0jnIJmmfLzSX$pWNAT7vyR',$,$,$,(#3183),#3199);
#3201= IFCPROPERTYSINGLEVALUE('Volume',$,IFCVOLUMEMEASURE(25.1568211115345),$);
#3202= IFCPROPERTYSET('1yO2$tgY2nuYlcmvUXH3xd',$,'Corridor Shape Information',$,(#235,#236,#321,#322,#3133,#3201));
#3203= IFCRELDEFINESBYPROPERTIES('0VoXw0idRfjpflZO9bfzJd',$,$,$,(#3183),#3202);
#3204= IFCPROPERTYSINGLEVALUE('Kh\X2\1ED1\X0\i l\X2\01B0\X0\\X2\1EE3\X0\ng (m3)',$,IFCREAL(25.1568211112372),$);
#3205= IFCPROPERTYSET('1fyvBQUhcQXxk0RRvEGEu6',$,'Thong_tin_BIM',$,(#252,#327,#328,#329,#1840,#3137,#3138,#3139,#3141,#3142,#3143,#3204));
#3206= IFCRELDEFINESBYPROPERTIES('3KVUPMw9L9A_b0JuPlYzya',$,$,$,(#3183),#3205);
#3207= IFCCARTESIANPOINTLIST3D(((-2.154021,5.188733,0.395104),(-2.154178,5.188896,-0.104896),(-5.436476,1.417068,0.294902),(-5.436633,1.417232,-0.205097),(5.436633,-1.417232,0.205097),(2.154178,-5.188896,0.104896),(5.436476,-1.417068,-0.294902),(2.154021,-5.188733,-0.395104)),$);
#3208= IFCTRIANGULATEDFACESET(#3207,$,$,((1,2,3),(3,2,4),(5,6,7),(7,6,8),(1,3,5),(5,3,6),(3,4,6),(6,4,8),(2,7,4),(4,7,8),(1,5,2),(2,5,7)),$);
#3209= IFCSHAPEREPRESENTATION(#178,'Body','Tessellation',(#3208));
#3210= IFCPRODUCTDEFINITIONSHAPE($,$,(#3209));
#3211= IFCCARTESIANPOINT((505201.742383,1707745.699583,369.961047));
#3212= IFCAXIS2PLACEMENT3D(#3211,$,$);
#3213= IFCLOCALPLACEMENT(#5,#3212);
#3214= IFCBUILTELEMENT('3AXdFeceHEmh7W0gzORa6Q',$,'\X2\0110\X0\\X2\1EA5\X0\t n\X2\1EC1\X0\n',$,$,#3213,#3210,'61234');
#3215= IFCSTYLEDITEM(#3208,(#133),'\X2\0110\X0\\X2\1EA5\X0\t n\X2\1EC1\X0\n');
#3216= IFCPROPERTYSINGLEVALUE('Area',$,IFCREAL(115.72722235142),$);
#3217= IFCPROPERTYSINGLEVALUE('Bounds',$,IFCLABEL('((505196.3056917898,1707740.5105932509,369.56491161695595),(505207.179074524,1707750.8885732072,370.3571826347567))'),$);
#3218= IFCPROPERTYSET('3k3jhhV6vxykiMF8PK3kCy',$,'Properties',$,(#39,#40,#41,#42,#43,#44,#45,#46,#47,#48,#49,#50,#51,#52,#53,#54,#55,#56,#57,#59,#60,#193,#197,#299,#300,#301,#3216,#3217));
#3219= IFCRELDEFINESBYPROPERTIES('36h4ClJFNTVKA_innihvy6',$,$,$,(#3214),#3218);
#3220= IFCPROPERTYSET('2pa7DJ3PoLVkiyOA6_8qIE',$,'Misc',$,(#85,#87,#88,#203));
#3221= IFCRELDEFINESBYPROPERTIES('0MrfT0kcSNGc_H3kZdkC67',$,$,$,(#3214),#3220);
#3222= IFCPROPERTYSET('3hrqh6idLx8o1KpnuT$1$Y',$,'3D Visualization',$,(#91,#92,#93));
#3223= IFCRELDEFINESBYPROPERTIES('24PXRgYY6JPytj7c7z5buh',$,$,$,(#3214),#3222);
#3224= IFCPROPERTYSET('0dd21IKvPKU0NJ0dEcI9VN',$,'General',$,(#72,#74,#75,#76,#77,#171));
#3225= IFCRELDEFINESBYPROPERTIES('1JBXsM3jGNW4BJu3XcmG50',$,$,$,(#3214),#3224);
#3226= IFCPROPERTYSET('2F7Q93Mj2nTT9kV2tm5Dj3',$,'Geometry',$,(#82));
#3227= IFCRELDEFINESBYPROPERTIES('0IBVJbayQxLuVtbjlvJhKm',$,$,$,(#3214),#3226);
#3228= IFCPROPERTYSET('2ZW2cfAYsdizKj75038sLH',$,'Corridor Identity',$,(#213,#214,#215,#216,#218,#219,#221,#224,#277,#313,#314,#315));
#3229= IFCRELDEFINESBYPROPERTIES('2Svl1piJpZuW09jjsccSsm',$,$,$,(#3214),#3228);
#3230= IFCPROPERTYSET('0PyunUZKqFnzKbIl0e2IAR',$,'Corridor Model Information',$,(#227,#228,#229,#230,#318));
#3231= IFCRELDEFINESBYPROPERTIES('1SoAXAHJm41UfPDREj9Wum',$,$,$,(#3214),#3230);
#3232= IFCPROPERTYSET('0hlJ8nV3JBeO8B6nqV$rmM',$,'Corridor Shape Information',$,(#236,#282,#321,#322,#3133,#3201));
#3233= IFCRELDEFINESBYPROPERTIES('0$NPgwZf42OimfLvguGzA0',$,$,$,(#3214),#3232);
#3234= IFCPROPERTYSINGLEVALUE('Kh\X2\1ED1\X0\i l\X2\01B0\X0\\X2\1EE3\X0\ng (m3)',$,IFCREAL(25.1568211107915),$);
#3235= IFCPROPERTYSET('2Le1Qzbc35ym3qY9CpWZE7',$,'Thong_tin_BIM',$,(#252,#327,#328,#329,#1840,#3137,#3138,#3139,#3141,#3142,#3143,#3234));
#3236= IFCRELDEFINESBYPROPERTIES('35WmXLjnmWOhV2jw_R85Mf',$,$,$,(#3214),#3235);
#3237= IFCCARTESIANPOINTLIST3D(((-6.759288,2.568275,0.428015),(-3.476897,6.340005,0.328217),(-6.759445,2.568438,-0.071984),(-3.477054,6.340168,-0.171783),(3.477054,-6.340168,0.171783),(3.476897,-6.340005,-0.328217),(6.759445,-2.568438,0.071984),(6.759288,-2.568275,-0.428015)),$);
#3238= IFCTRIANGULATEDFACESET(#3237,$,$,((1,2,3),(3,2,4),(5,6,7),(7,6,8),(1,5,2),(2,5,7),(2,7,4),(4,7,8),(3,4,6),(6,4,8),(1,3,5),(5,3,6)),$);
#3239= IFCSHAPEREPRESENTATION(#178,'Body','Tessellation',(#3238));
#3240= IFCPRODUCTDEFINITIONSHAPE($,$,(#3239));
#3241= IFCCARTESIANPOINT((505249.43457,1707710.822527,368.849599));
#3242= IFCAXIS2PLACEMENT3D(#3241,$,$);
#3243= IFCLOCALPLACEMENT(#5,#3242);
#3244= IFCBUILTELEMENT('0Xk9JTijTEMwmNodWA6b5B',$,'\X2\0110\X0\\X2\1EA5\X0\t n\X2\1EC1\X0\n',$,$,#3243,#3240,'6123D');
#3245= IFCSTYLEDITEM(#3238,(#133),'\X2\0110\X0\\X2\1EA5\X0\t n\X2\1EC1\X0\n');
#3246= IFCPROPERTYSINGLEVALUE('Area',$,IFCREAL(154.320693061138),$);
#3247= IFCPROPERTYSINGLEVALUE('Bounds',$,IFCLABEL('((505242.67501379136,1707704.482276172,368.4203500464926),(505256.1941254295,1707717.1627776043,369.2788470380845))'),$);
#3248= IFCPROPERTYSET('25hm2iIQR$SDbpxnYw4$Mc',$,'Properties',$,(#39,#40,#41,#42,#43,#44,#45,#46,#47,#48,#49,#50,#51,#52,#53,#54,#55,#56,#57,#59,#60,#193,#197,#299,#300,#301,#3246,#3247));
#3249= IFCRELDEFINESBYPROPERTIES('07QtKhf1UCRhX_MD_dUUKN',$,$,$,(#3244),#3248);
#3250= IFCPROPERTYSET('2TMw0Zq0kNh$GVRrL9R8xS',$,'Misc',$,(#85,#87,#88,#203));
#3251= IFCRELDEFINESBYPROPERTIES('1mgv$dBRgBQE6Ub72NVmeQ',$,$,$,(#3244),#3250);
#3252= IFCPROPERTYSET('1vqg1lUv8OU3xwlGHsWvAY',$,'3D Visualization',$,(#91,#92,#93));
#3253= IFCRELDEFINESBYPROPERTIES('08b0cN$FcHSPGc$FJy6XHT',$,$,$,(#3244),#3252);
#3254= IFCPROPERTYSET('12UK$4UfExrixVHq78S2H6',$,'General',$,(#72,#74,#75,#76,#77,#171));
#3255= IFCRELDEFINESBYPROPERTIES('3VSRkXORcCrD$T_rCXDR6s',$,$,$,(#3244),#3254);
#3256= IFCPROPERTYSET('2c8ZUsliqABiCBg1u1cmX9',$,'Geometry',$,(#82));
#3257= IFCRELDEFINESBYPROPERTIES('0C74um8qszwU37jiMPCStV',$,$,$,(#3244),#3256);
#3258= IFCPROPERTYSET('3jLdnqLwC9W60abRNC2w0J',$,'Corridor Identity',$,(#213,#214,#215,#216,#217,#218,#219,#221,#224,#383,#384,#385));
#3259= IFCRELDEFINESBYPROPERTIES('1qnzZXtrJwjgCEqiYMJOxc',$,$,$,(#3244),#3258);
#3260= IFCPROPERTYSET('2P7__hYpvbq1mfjX4jc7J$',$,'Corridor Model Information',$,(#227,#228,#229,#230,#388));
#3261= IFCRELDEFINESBYPROPERTIES('2HAOwO9RRyyOUrovKiMKqV',$,$,$,(#3244),#3260);
#3262= IFCPROPERTYSINGLEVALUE('Volume',$,IFCVOLUMEMEASURE(33.9251169117932),$);
#3263= IFCPROPERTYSET('2ARhMTr09BUY6MFlXwknJq',$,'Corridor Shape Information',$,(#235,#236,#391,#392,#3133,#3262));
#3264= IFCRELDEFINESBYPROPERTIES('3aB2gLPlIDyj7CH3b02V3H',$,$,$,(#3244),#3263);
#3265= IFCPROPERTYSINGLEVALUE('Kh\X2\1ED1\X0\i l\X2\01B0\X0\\X2\1EE3\X0\ng (m3)',$,IFCREAL(33.9251169121194),$);
#3266= IFCPROPERTYSET('316aGQUlH0EvFC5$wHnSMt',$,'Thong_tin_BIM',$,(#252,#397,#398,#399,#1840,#3137,#3138,#3139,#3141,#3142,#3143,#3265));
#3267= IFCRELDEFINESBYPROPERTIES('0Td6Ns8cLl3Udlnezt2hSz',$,$,$,(#3244),#3266);
#3268= IFCCARTESIANPOINTLIST3D(((-3.476865,6.339972,0.428217),(-3.477023,6.340136,-0.071783),(-6.75932,2.568308,0.328015),(-6.759477,2.568471,-0.171984),(6.759477,-2.568471,0.171984),(3.477023,-6.340136,0.071783),(6.75932,-2.568308,-0.328015),(3.476865,-6.339972,-0.428217)),$);
#3269= IFCTRIANGULATEDFACESET(#3268,$,$,((1,2,3),(3,2,4),(5,6,7),(7,6,8),(1,3,5),(5,3,6),(3,4,6),(6,4,8),(2,7,4),(4,7,8),(1,5,2),(2,5,7)),$);
#3270= IFCSHAPEREPRESENTATION(#178,'Body','Tessellation',(#3269));
#3271= IFCPRODUCTDEFINITIONSHAPE($,$,(#3270));
#3272= IFCCARTESIANPOINT((505246.152147,1707707.05083,368.849397));
#3273= IFCAXIS2PLACEMENT3D(#3272,$,$);
#3274= IFCLOCALPLACEMENT(#5,#3273);
#3275= IFCBUILTELEMENT('1tWBQIgQHBCP6_H_eb5byu',$,'\X2\0110\X0\\X2\1EA5\X0\t n\X2\1EC1\X0\n',$,$,#3274,#3271,'61246');
#3276= IFCSTYLEDITEM(#3269,(#133),'\X2\0110\X0\\X2\1EA5\X0\t n\X2\1EC1\X0\n');
#3277= IFCPROPERTYSINGLEVALUE('Area',$,IFCREAL(154.320693061137),$);
#3278= IFCPROPERTYSINGLEVALUE('Bounds',$,IFCLABEL('((505239.3925909504,1707700.7105789077,368.4201483561665),(505252.91170258855,1707713.39108034,369.2786453477584))'),$);
#3279= IFCPROPERTYSET('32WXoOXucTyWxaPxkrTf5f',$,'Properties',$,(#39,#40,#41,#42,#43,#44,#45,#46,#47,#48,#49,#50,#51,#52,#53,#54,#55,#56,#57,#59,#60,#193,#197,#299,#300,#301,#3277,#3278));
#3280= IFCRELDEFINESBYPROPERTIES('0ehPgz_O3Uabdk7iaVA07a',$,$,$,(#3275),#3279);
#3281= IFCPROPERTYSET('2Ue7W5Qp05u8odbvK5uXq4',$,'Misc',$,(#85,#87,#88,#203));
#3282= IFCRELDEFINESBYPROPERTIES('0ApPMeB9Bk13acJh1ONBy9',$,$,$,(#3275),#3281);
#3283= IFCPROPERTYSET('31yS15zp6tHvZkGiJQdQib',$,'3D Visualization',$,(#91,#92,#93));
#3284= IFCRELDEFINESBYPROPERTIES('3pL4nF9s6k00cIKkUNxrnd',$,$,$,(#3275),#3283);
#3285= IFCPROPERTYSET('0pQqgUQp$wtwBoh33y5PaI',$,'General',$,(#72,#74,#75,#76,#77,#171));
#3286= IFCRELDEFINESBYPROPERTIES('2TM3FQHzhiTNQ9$wXqegiV',$,$,$,(#3275),#3285);
#3287= IFCPROPERTYSET('3fB1tKV7QGT_GTLfT6v$Y2',$,'Geometry',$,(#82));
#3288= IFCRELDEFINESBYPROPERTIES('3GM6pY6TR1bDQBJ2ldJ6Nn',$,$,$,(#3275),#3287);
#3289= IFCPROPERTYSET('1ZNjqQM$_aSnnpcZBTrkw5',$,'Corridor Identity',$,(#213,#214,#215,#216,#218,#219,#221,#224,#277,#383,#384,#385));
#3290= IFCRELDEFINESBYPROPERTIES('1geRV3WswLkLWsvEajcjyY',$,$,$,(#3275),#3289);
#3291= IFCPROPERTYSET('1uXTIGLX1G7S4Otk9n0m$6',$,'Corridor Model Information',$,(#227,#228,#229,#230,#388));
#3292= IFCRELDEFINESBYPROPERTIES('0k_KILByJ1AVt_Z9aItLyA',$,$,$,(#3275),#3291);
#3293= IFCPROPERTYSET('1xfMNKysGbHQcJ8u$dYPk8',$,'Corridor Shape Information',$,(#236,#282,#391,#392,#3133,#3262));
#3294= IFCRELDEFINESBYPROPERTIES('1En$NYwe7QaatyZ9FkS46s',$,$,$,(#3275),#3293);
#3295= IFCPROPERTYSINGLEVALUE('Kh\X2\1ED1\X0\i l\X2\01B0\X0\\X2\1EE3\X0\ng (m3)',$,IFCREAL(33.9251169113167),$);
#3296= IFCPROPERTYSET('20PaA0XsCnP0dWvXGfp3Ms',$,'Thong_tin_BIM',$,(#252,#397,#398,#399,#1840,#3137,#3138,#3139,#3141,#3142,#3143,#3295));
#3297= IFCRELDEFINESBYPROPERTIES('00xHy5tYPAyINjwNbuSqyw',$,$,$,(#3275),#3296);
#3298= IFCCARTESIANPOINTLIST3D(((-7.232462,-6.26029,-0.363267),(-7.232305,-6.260454,0.136733),(-9.718765,-3.796944,-0.291681),(-9.718608,-3.797108,0.208319),(9.718765,-1.983574,0.181542),(6.436311,-5.755239,0.08134),(9.718608,-1.983411,-0.318458),(6.436153,-5.755075,-0.41866),(-8.23812,-4.794939,0.174889),(-8.843568,-4.159973,0.194449),(-9.179423,-3.252906,0.219701),(-6.822144,-5.86929,0.134802),(-7.632672,-5.429906,0.155328),(-9.17958,-3.252743,-0.280299),(-8.238277,-4.794776,-0.325111),(-7.632829,-5.429742,-0.344672),(-6.822301,-5.869127,-0.365198),(-8.843725,-4.15981,-0.305551),(-7.796432,-4.372183,0.179237),(-8.374687,-3.69825,0.201859),(-8.15927,-3.489497,0.205242),(-7.592081,-4.183268,0.181222),(-7.218178,-5.046116,0.156614),(-7.024893,-4.877039,0.157202),(-6.093265,-5.272329,0.131561),(-8.273494,-2.338546,0.238824),(-7.38773,-3.994353,0.183207),(-6.831608,-4.707961,0.157789),(-7.943853,-3.280744,0.208625),(-8.273651,-2.338383,-0.261176),(-7.79659,-4.37202,-0.320763),(-7.218335,-5.045953,-0.343386),(-7.02505,-4.876875,-0.342798),(-7.592239,-4.183104,-0.318778),(-8.374844,-3.698086,-0.298141),(-8.159427,-3.489334,-0.294758),(-6.093423,-5.272166,-0.368439),(-7.387888,-3.994189,-0.316793),(-7.94401,-3.280581,-0.291375),(-6.831765,-4.707798,-0.342211),(-8.270577,-2.335602,0.238885),(-7.182048,-3.804254,0.185205),(-6.090857,-5.27054,0.13155),(-8.270734,-2.335439,-0.261115),(-6.091014,-5.270377,-0.36845),(-7.182205,-3.804091,-0.314795),(-8.26766,-2.332659,0.238947),(-7.179386,-3.801888,0.185231),(-6.088449,-5.268752,0.13154),(-8.267817,-2.332495,-0.261053),(-6.088606,-5.268588,-0.36846),(-7.179543,-3.801725,-0.314769),(-6.960268,-3.61099,0.18733),(-7.495182,-2.851937,0.215646),(-7.792532,-1.853109,0.248976),(-5.69243,-4.989442,0.129857),(-6.425354,-4.370044,0.159014),(-7.792689,-1.852946,-0.251024),(-6.960425,-3.610827,-0.31267),(-6.425511,-4.36988,-0.340986),(-5.692587,-4.989279,-0.370143),(-7.495339,-2.851774,-0.284354),(-6.501679,-3.230628,0.191735),(-6.260876,-3.039981,0.194053),(-6.020074,-2.849334,0.196371),(-5.756442,-3.897243,0.161073),(-5.525935,-3.743185,0.161792),(-5.295428,-3.589127,0.16251),(-3.93074,-4.049693,0.122804),(-5.064921,-3.435069,0.163228),(-4.834415,-3.281011,0.163946),(-5.297667,-2.277392,0.203325),(-5.701383,0.257499,0.293117),(-5.779271,-2.658686,0.198689),(-5.538469,-2.468039,0.201007),(-5.986949,-4.051301,0.160355),(-5.70154,0.257662,-0.206883),(-6.261033,-3.039818,-0.305947),(-5.756599,-3.897079,-0.338927),(-5.526092,-3.743021,-0.338208),(-6.020231,-2.84917,-0.303629),(-5.779429,-2.658523,-0.301311),(-5.538626,-2.467876,-0.298993),(-5.297824,-2.277228,-0.296675),(-4.834572,-3.280847,-0.336054),(-3.930897,-4.049529,-0.377196),(-5.065079,-3.434905,-0.336772),(-5.295585,-3.588963,-0.33749),(-3.218193,2.763796,0.345534),(-3.716946,-1.126767,0.219259),(-2.017468,-3.47867,0.115583),(-3.218351,2.763959,-0.154466),(-2.017625,-3.478506,-0.384417),(-3.717103,-1.126603,-0.28074),(-2.127093,-0.032198,0.236204),(-1.636355,0.293041,0.241849),(-0.81188,5.192501,0.396328),(-1.145617,0.618279,0.247494),(-0.654879,0.943518,0.25314),(-1.011696,-1.365244,0.179427),(-0.497878,-3.305466,0.109951),(-1.447014,-1.549514,0.177308),(-1.882331,-1.733783,0.175189),(-0.812037,5.192665,-0.103672),(-1.636512,0.293204,-0.258151),(-1.447171,-1.54935,-0.322692),(-0.498035,-3.305302,-0.390049),(-1.011853,-1.36508,-0.320573),(-0.655036,0.943681,-0.24686),(-1.145774,0.618443,-0.252506),(0.064636,6.077173,0.41483),(-0.346062,3.400553,0.331454),(-0.318503,1.166268,0.25733),(-0.290943,-1.068017,0.183205),(0.017873,1.389018,0.26152),(-0.005508,-0.95506,0.184865),(-0.028889,-3.299138,0.10821),(0.064479,6.077337,-0.08517),(-0.029046,-3.298975,-0.39179),(-0.2911,-1.067854,-0.316795),(-0.31866,1.166431,-0.24267),(-0.346219,3.400716,-0.168546),(0.017716,1.389181,-0.23848),(-0.005665,-0.954897,-0.315135),(0.240089,6.254259,0.418533),(0.11815,3.799343,0.339522),(0.083937,1.432969,0.262363),(0.049724,-0.933404,0.185204),(0.032617,-2.116591,0.146624),(0.059911,-3.300417,0.107879),(0.239932,6.254422,-0.081467),(0.059754,-3.300254,-0.392121),(0.049567,-0.933241,-0.314796),(0.117992,3.799506,-0.160478),(0.08378,1.433133,-0.237637),(0.246064,6.26029,0.41866),(0.152243,1.478414,0.263235),(0.062907,-3.300474,0.107868),(0.245907,6.260454,-0.08134),(0.062749,-3.300311,-0.392132),(0.152086,1.478578,-0.236765),(0.251844,6.25526,0.418515),(0.156681,1.478636,0.263225),(0.06591,-3.300532,0.107857),(0.251687,6.255423,-0.081485),(0.065753,-3.300369,-0.392143),(0.156524,1.478799,-0.236775),(0.794394,1.102655,0.252297),(1.429911,0.727947,0.241409),(3.446171,3.475314,0.338556),(2.065427,0.353238,0.23052),(1.955717,-3.518255,0.100707),(1.774346,-1.555293,0.166507),(1.220362,-1.340723,0.172845),(0.666378,-1.126154,0.179183),(3.446014,3.475477,-0.161444),(1.429754,0.72811,-0.258591),(1.220205,-1.34056,-0.327155),(1.95556,-3.518092,-0.399292),(1.774189,-1.55513,-0.333493),(2.06527,0.353402,-0.26948),(3.590076,3.350077,0.334953),(2.76081,-0.057993,0.218639),(2.051276,-3.539108,0.100338),(3.589919,3.35024,-0.165047),(2.051119,-3.538945,-0.399662),(2.760653,-0.05783,-0.281361),(3.594466,3.346257,0.334843),(2.822505,-0.095634,0.217615),(2.054204,-3.539762,0.100326),(3.594309,3.34642,-0.165156),(2.054047,-3.539599,-0.399674),(3.598854,3.342438,0.334734),(2.826164,-0.097871,0.217555),(2.057131,-3.540418,0.100315),(3.598697,3.342601,-0.165266),(2.056974,-3.540254,-0.399685),(6.141796,1.129376,0.27108),(3.913753,-0.798972,0.199808),(3.857231,-4.127285,0.093104),(6.141639,1.12954,-0.22892),(3.857074,-4.127122,-0.406896),(3.913596,-0.798809,-0.300192),(5.513709,-1.87871,0.173714),(6.124121,-0.632589,0.214978),(6.400854,-0.856489,0.209174),(5.770807,-2.068587,0.169525),(4.903297,-3.12483,0.13245),(5.140759,-3.280686,0.129876),(5.378221,-3.436541,0.127302),(5.599845,-5.101948,0.085431),(5.615684,-3.592396,0.124728),(5.853146,-3.748251,0.122154),(6.5421,-2.638221,0.156959),(7.056295,-3.017976,0.148581),(7.231054,-1.52819,0.191763),(8.512745,-0.934004,0.211731),(6.954321,-1.30429,0.197567),(6.677587,-1.080389,0.203371),(6.027904,-2.258465,0.165336),(6.285002,-2.448343,0.161147),(8.512588,-0.93384,-0.288269),(5.256454,-1.688669,-0.322097),(4.665677,-2.968812,-0.364976),(4.90314,-3.124667,-0.36755),(5.513552,-1.878546,-0.326286),(5.847231,-0.408526,-0.279218),(6.123964,-0.632426,-0.285022),(6.400697,-0.856326,-0.290825),(6.67743,-1.080226,-0.296629),(6.027747,-2.258302,-0.334664),(6.541943,-2.638057,-0.343041),(5.852989,-3.748088,-0.377846),(7.056138,-3.017812,-0.351419),(5.599688,-5.101784,-0.414569),(7.230897,-1.528026,-0.308237),(5.378064,-3.436377,-0.372698),(5.140602,-3.280522,-0.370124),(5.77065,-2.068424,-0.330475),(8.341336,-2.45124,0.168324),(7.566916,-3.443691,0.140011),(6.792497,-4.436142,0.111698),(7.822227,-3.656549,0.135726),(7.024711,-4.624232,0.109045),(8.619743,-2.688865,0.162408),(6.560127,-4.247889,-0.385648),(6.79234,-4.435979,-0.388302),(7.024554,-4.624069,-0.390955),(7.82207,-3.656385,-0.364274),(7.566759,-3.443528,-0.359989),(8.341179,-2.451077,-0.331676),(8.062771,-2.213452,-0.32576),(7.311449,-3.23067,-0.355704),(8.619586,-2.688702,-0.337592)),$);
#3299= IFCTRIANGULATEDFACESET(#3298,$,$,((1,2,3),(3,2,4),(5,6,7),(7,6,8),(2,9,4),(4,9,10),(4,10,11),(11,10,9),(11,9,12),(12,9,13),(12,13,2),(2,13,9),(3,4,14),(14,4,11),(3,15,1),(1,15,16),(1,16,17),(17,16,15),(17,15,14),(14,15,18),(14,18,3),(3,18,15),(2,1,12),(12,1,17),(12,19,11),(11,19,20),(11,20,21),(21,20,19),(21,19,22),(22,19,23),(22,23,24),(24,23,12),(24,12,25),(26,27,25),(25,27,28),(25,28,24),(24,28,27),(24,27,22),(22,27,29),(22,29,21),(21,29,26),(21,26,11),(23,19,12),(29,27,26),(14,11,30),(30,11,26),(14,31,17),(17,31,32),(17,32,33),(33,32,31),(33,31,34),(34,31,35),(34,35,36),(36,35,14),(36,14,30),(37,38,30),(30,38,39),(30,39,36),(36,39,38),(36,38,34),(34,38,40),(34,40,33),(33,40,37),(33,37,17),(35,31,14),(40,38,37),(12,17,25),(25,17,37),(41,26,42),(42,26,25),(42,25,43),(43,41,42),(30,26,44),(44,26,41),(45,37,46),(46,37,30),(46,30,44),(44,45,46),(25,37,43),(43,37,45),(47,41,48),(48,41,43),(48,43,49),(49,47,48),(44,41,50),(50,41,47),(51,45,52),(52,45,44),(52,44,50),(50,51,52),(43,45,49),(49,45,51),(49,53,47),(47,53,54),(47,54,55),(55,54,53),(55,53,56),(56,53,57),(56,57,49),(49,57,53),(50,47,58),(58,47,55),(50,59,51),(51,59,60),(51,60,61),(61,60,59),(61,59,58),(58,59,62),(58,62,50),(50,62,59),(49,51,56),(56,51,61),(56,63,55),(55,63,64),(55,64,65),(65,64,66),(65,66,67),(67,66,56),(67,56,68),(68,56,69),(68,69,70),(70,69,71),(70,71,72),(72,71,69),(72,69,73),(55,74,73),(73,74,75),(73,75,72),(72,75,70),(63,56,76),(76,56,66),(76,66,64),(74,55,65),(63,76,64),(74,65,67),(75,74,68),(68,74,67),(70,75,68),(58,55,77),(77,55,73),(58,78,61),(61,78,79),(61,79,80),(80,79,78),(80,78,81),(81,78,58),(81,58,82),(82,58,77),(82,77,83),(83,77,84),(83,84,85),(85,84,86),(85,86,87),(87,86,88),(87,88,82),(82,88,81),(77,86,84),(86,61,88),(88,61,80),(88,80,81),(87,82,83),(87,83,85),(56,61,69),(69,61,86),(89,73,90),(90,73,69),(90,69,91),(91,89,90),(77,73,92),(92,73,89),(93,86,94),(94,86,77),(94,77,92),(92,93,94),(69,86,91),(91,86,93),(91,95,89),(89,95,96),(89,96,97),(97,96,98),(97,98,99),(99,98,100),(99,100,101),(101,100,102),(101,102,91),(91,102,103),(91,103,95),(95,103,96),(102,100,98),(98,96,102),(102,96,103),(92,89,104),(104,89,97),(92,105,93),(93,105,106),(93,106,107),(107,106,108),(107,108,109),(109,108,110),(109,110,104),(104,110,105),(104,105,92),(108,106,105),(110,108,105),(91,93,101),(101,93,107),(111,97,112),(112,97,99),(112,99,113),(113,99,114),(113,114,115),(115,114,116),(116,114,117),(117,114,101),(101,114,99),(113,115,112),(112,115,111),(104,97,118),(118,97,111),(119,107,120),(120,107,109),(120,109,121),(121,109,122),(121,122,123),(123,122,118),(118,122,104),(104,122,109),(123,124,121),(121,124,120),(124,119,120),(101,107,117),(117,107,119),(125,111,126),(126,111,115),(126,115,127),(127,115,116),(127,116,128),(128,116,129),(128,129,130),(130,129,117),(117,129,116),(128,130,127),(127,130,125),(127,125,126),(118,111,131),(131,111,125),(132,119,133),(133,119,124),(133,124,123),(118,134,123),(123,134,135),(123,135,133),(133,135,132),(118,131,134),(134,131,135),(131,132,135),(117,119,130),(130,119,132),(136,125,137),(137,125,130),(137,130,138),(138,136,137),(131,125,139),(139,125,136),(140,132,141),(141,132,131),(141,131,139),(139,140,141),(130,132,138),(138,132,140),(142,136,143),(143,136,138),(143,138,144),(144,142,143),(136,142,139),(139,142,145),(146,140,147),(147,140,139),(147,139,145),(145,146,147),(138,140,144),(144,140,146),(144,148,142),(142,148,149),(142,149,150),(150,149,151),(150,151,152),(152,151,153),(152,153,154),(154,153,151),(154,151,149),(152,154,144),(144,154,155),(144,155,148),(148,155,149),(154,149,155),(142,150,145),(145,150,156),(145,157,146),(146,157,158),(146,158,159),(159,158,160),(159,160,161),(161,160,157),(161,157,156),(156,157,145),(156,159,161),(160,158,157),(144,146,152),(152,146,159),(162,150,163),(163,150,152),(163,152,164),(164,162,163),(150,162,156),(156,162,165),(166,159,167),(167,159,156),(167,156,165),(165,166,167),(152,159,164),(164,159,166),(168,162,169),(169,162,164),(169,164,170),(170,168,169),(162,168,165),(165,168,171),(166,165,172),(172,165,171),(164,166,170),(170,166,172),(173,168,174),(174,168,170),(174,170,175),(175,173,174),(168,173,171),(171,173,176),(172,171,177),(177,171,176),(170,172,175),(175,172,177),(178,173,179),(179,173,175),(179,175,180),(180,178,179),(173,178,176),(176,178,181),(182,177,183),(183,177,176),(183,176,181),(181,182,183),(175,177,180),(180,177,182),(180,184,178),(178,184,185),(178,185,186),(186,185,184),(186,184,187),(187,184,188),(187,188,189),(189,188,180),(189,180,190),(190,180,191),(190,191,192),(192,191,193),(192,193,194),(194,193,195),(194,195,196),(196,195,197),(196,197,198),(198,197,199),(198,199,200),(200,199,187),(200,187,189),(191,195,193),(197,178,199),(199,178,186),(199,186,187),(200,189,190),(188,184,180),(194,196,201),(201,196,198),(201,198,200),(201,200,190),(194,201,192),(192,201,190),(178,197,181),(181,197,202),(181,203,182),(182,203,204),(182,204,205),(205,204,203),(205,203,206),(206,203,207),(206,207,208),(208,207,181),(208,181,209),(209,181,210),(209,210,211),(211,210,212),(211,212,213),(213,212,214),(213,214,215),(181,202,210),(210,202,216),(210,216,212),(212,216,214),(202,214,216),(213,215,217),(217,215,182),(217,182,218),(218,182,205),(218,205,206),(207,203,181),(206,208,219),(219,208,209),(219,209,211),(217,218,219),(219,218,206),(217,219,211),(213,217,211),(180,182,191),(191,182,215),(5,197,220),(220,197,195),(220,195,221),(221,195,222),(221,222,223),(223,222,224),(223,224,6),(6,224,222),(6,222,191),(191,222,195),(6,5,223),(223,5,225),(223,225,221),(221,225,220),(225,5,220),(197,5,202),(202,5,7),(214,226,215),(215,226,227),(215,227,8),(8,227,228),(8,228,229),(229,228,230),(229,230,231),(231,230,232),(231,232,202),(202,232,214),(214,232,233),(214,233,226),(226,233,227),(202,7,231),(231,7,234),(231,234,229),(229,234,7),(229,7,8),(227,233,230),(230,233,232),(227,230,228),(191,215,6),(6,215,8)),$);
#3300= IFCSHAPEREPRESENTATION(#178,'Body','Tessellation',(#3299));
#3301= IFCPRODUCTDEFINITIONSHAPE($,$,(#3300));
#3302= IFCCARTESIANPOINT((505182.326261,1707759.436675,370.363431));
#3303= IFCAXIS2PLACEMENT3D(#3302,$,$);
#3304= IFCLOCALPLACEMENT(#5,#3303);
#3305= IFCBUILTELEMENT('11vPfcnmPAHuWVj2X4Subo',$,'\X2\0110\X0\\X2\1EA5\X0\t n\X2\1EC1\X0\n',$,$,#3304,#3301,'6124F');
#3306= IFCSTYLEDITEM(#3299,(#133),'\X2\0110\X0\\X2\1EA5\X0\t n\X2\1EC1\X0\n');
#3307= IFCPROPERTYSINGLEVALUE('Area',$,IFCREAL(254.858570223525),$);
#3308= IFCPROPERTYSINGLEVALUE('Bounds',$,IFCLABEL('((505172.6074579603,1707753.1761294806,369.9435754124451),(505192.04509893234,1707765.6972372318,370.7852218908204))'),$);
#3309= IFCPROPERTYSET('3LZe_Lp0sdHFm3om$jCD41',$,'Properties',$,(#39,#40,#41,#42,#43,#44,#45,#46,#47,#48,#49,#50,#51,#52,#53,#54,#55,#56,#57,#59,#60,#193,#197,#299,#300,#301,#3307,#3308));
#3310= IFCRELDEFINESBYPROPERTIES('3n1Rd3_HfeQrFTXUjkrwgx',$,$,$,(#3305),#3309);
#3311= IFCPROPERTYSET('3nSnlCpdZE45BVtsmibsgS',$,'Misc',$,(#85,#87,#88,#203));
#3312= IFCRELDEFINESBYPROPERTIES('1w$DSkR1hOBWCIDYcQ6tCy',$,$,$,(#3305),#3311);
#3313= IFCPROPERTYSET('1iqzz5aL6ZkB1g_GWP6Ck1',$,'3D Visualization',$,(#91,#92,#93));
#3314= IFCRELDEFINESBYPROPERTIES('2ry5pICLqWJ3XrwFkJ8YOb',$,$,$,(#3305),#3313);
#3315= IFCPROPERTYSET('1rdmrKt_db8fpT6EUhNkkA',$,'General',$,(#72,#74,#75,#76,#77,#171));
#3316= IFCRELDEFINESBYPROPERTIES('071CeG0snE$EQSELaS2Lw1',$,$,$,(#3305),#3315);
#3317= IFCPROPERTYSET('0OoyrdFZo7spqom9wD8p4B',$,'Geometry',$,(#82));
#3318= IFCRELDEFINESBYPROPERTIES('0_gsqX5grzBVIFm1$j_Kxc',$,$,$,(#3305),#3317);
#3319= IFCPROPERTYSET('0C3aemYIzae284MwwzO3DO',$,'Corridor Identity',$,(#221,#224,#453,#454,#455,#456,#457,#458,#459,#460,#461,#462));
#3320= IFCRELDEFINESBYPROPERTIES('37qb4ZApQ5O379JjWs9DqP',$,$,$,(#3305),#3319);
#3321= IFCPROPERTYSET('3zS7KQKtiNd_56SBSVMx_5',$,'Corridor Model Information',$,(#465,#466,#467,#468,#469));
#3322= IFCRELDEFINESBYPROPERTIES('2hFeHuy4ab45e2XIixXBbD',$,$,$,(#3305),#3321);
#3323= IFCPROPERTYSINGLEVALUE('Volume',$,IFCVOLUMEMEASURE(57.4016650051539),$);
#3324= IFCPROPERTYSET('0AQgsvkEyxZRS5c8wlTpEx',$,'Corridor Shape Information',$,(#235,#472,#473,#474,#3133,#3323));
#3325= IFCRELDEFINESBYPROPERTIES('2UvN$rkzUie2aneadS0bgh',$,$,$,(#3305),#3324);
#3326= IFCPROPERTYSINGLEVALUE('Kh\X2\1ED1\X0\i l\X2\01B0\X0\\X2\1EE3\X0\ng (m3)',$,IFCREAL(57.4016650052134),$);
#3327= IFCPROPERTYSET('1KA$Dz_BQQb$j2vudAqYLY',$,'Thong_tin_BIM',$,(#252,#479,#480,#481,#1840,#3137,#3138,#3139,#3141,#3142,#3143,#3326));
#3328= IFCRELDEFINESBYPROPERTIES('06htNqsc6SASnJ0l5PcRi1',$,$,$,(#3305),#3327);
#3329= IFCCARTESIANPOINTLIST3D(((-6.472115,-7.848592,-0.035155),(-6.472272,-7.848429,-0.535155),(-6.475478,-7.84526,-0.035243),(-6.475635,-7.845096,-0.535243),(-6.319957,-7.694699,-0.528824),(-6.3198,-7.694862,-0.028824),(-5.759647,-7.129182,-0.504613),(-5.75949,-7.129346,-0.004613),(-5.823089,-7.066334,-0.005752),(-5.823246,-7.066171,-0.505752),(-5.815378,-8.422365,-0.017401),(-5.182308,-9.027735,-0.000692),(-3.747882,-10.068625,0.03628),(-4.549238,-9.633106,0.016018),(-4.084453,-10.408328,0.029175),(-6.5708,-7.944936,-0.039238),(-6.570957,-7.944773,-0.539238),(-5.815535,-8.422201,-0.517401),(-5.182465,-9.027572,-0.500692),(-3.748039,-10.068462,-0.46372),(-4.549395,-9.632942,-0.483982),(-4.08461,-10.408164,-0.470825),(-6.167969,5.817002,0.405001),(-6.168126,5.817166,-0.094999),(-6.250179,5.722537,0.402096),(-6.250336,5.722701,-0.097904),(-6.936857,6.486127,0.432733),(-6.951919,6.46882,0.432259),(-6.937014,6.48629,-0.067267),(-6.952076,6.468983,-0.067741),(-6.55257,6.151728,-0.081196),(-6.552413,6.151565,0.418804),(-5.741985,5.182083,-0.119755),(-5.089706,6.387105,-0.079749),(-4.095486,7.228483,-0.05444),(-4.553164,7.65982,-0.039914),(-3.616813,8.535044,-0.014692),(-3.874587,8.767636,-0.007472),(-3.827294,10.408328,0.039238),(-4.13236,9.000228,-0.000252),(-4.390134,9.23282,0.006968),(-5.010843,8.091158,-0.025388),(-5.239682,8.306827,-0.018126),(-5.889325,7.182088,-0.050525),(-6.08923,7.380834,-0.043219),(-7.109748,6.636663,-0.060964),(-5.489516,6.784597,-0.065137),(-5.68942,6.983342,-0.057831),(-1.533629,8.412206,-0.018176),(-3.101266,8.06986,-0.029131),(-4.782003,7.875489,-0.032651),(-7.109591,6.6365,0.439036),(-5.741828,5.18192,0.380245),(-3.827137,10.408164,0.539238),(-5.289454,6.585688,0.427557),(-5.489358,6.784433,0.434863),(-5.689263,6.983179,0.442169),(-5.889168,7.181925,0.449475),(-4.781846,7.875326,0.467349),(-5.010686,8.090994,0.474612),(-3.87443,8.767472,0.492528),(-4.132203,9.000064,0.499748),(-5.089549,6.386942,0.420251),(-4.095329,7.228319,0.44556),(-1.533472,8.412043,0.481824),(-3.101108,8.069696,0.470869),(-3.358882,8.302288,0.478089),(-4.324168,7.443988,0.452823),(-4.553007,7.659657,0.460086),(-3.616656,8.53488,0.485308),(-3.194931,6.313916,0.415896),(-2.752211,5.830852,0.400758),(0.95677,6.244845,0.419489),(-2.309492,5.347787,0.385619),(-4.690314,3.484599,0.321473),(0.956613,6.245008,-0.080511),(-2.752368,5.831015,-0.099242),(-3.984298,5.082219,-0.124192),(-4.690471,3.484762,-0.178527),(-3.631499,4.628521,-0.139107),(-2.309649,5.34795,-0.114381),(3.913874,3.671348,0.345468),(-0.95416,3.753249,0.337297),(-3.99697,1.612204,0.262757),(3.913717,3.671512,-0.154532),(-3.997127,1.612368,-0.237243),(-0.954317,3.753412,-0.162703),(4.78232,2.91556,0.323729),(0.204234,2.330064,0.294979),(-3.882289,1.121142,0.247963),(4.782163,2.915724,-0.176271),(-3.882447,1.121306,-0.252036),(0.204076,2.330227,-0.205021),(7.103184,0.895768,0.265634),(1.072821,1.222493,0.262699),(-3.71193,-0.042499,0.213471),(7.103027,0.895931,-0.234366),(-3.712087,-0.042336,-0.286529),(1.072664,1.222656,-0.237301),(7.109748,0.890055,0.26547),(1.697333,0.424459,0.239489),(-3.711671,-0.045488,0.213383),(7.109591,0.890219,-0.23453),(-3.711828,-0.045324,-0.286617),(1.697176,0.424622,-0.26051),(7.10296,0.883189,0.265326),(1.697406,0.41982,0.239369),(-3.711413,-0.048477,0.213295),(7.102803,0.883352,-0.234674),(-3.71157,-0.048313,-0.286705),(1.697249,0.419983,-0.260631),(1.530134,0.166595,0.233407),(4.145413,0.352166,0.245754),(6.418426,0.192285,0.250876),(0.222494,0.07381,0.227233),(-1.085146,-0.018976,0.221059),(-2.392786,-0.111761,0.214886),(-3.689438,-0.360617,0.204129),(6.418269,0.192449,-0.249124),(0.222337,0.073973,-0.272767),(-1.085303,-0.018812,-0.27894),(-3.689595,-0.360453,-0.295871),(1.529977,0.166759,-0.266593),(4.145256,0.352329,-0.254246),(1.274866,-0.220884,0.224272),(3.754993,-0.106806,0.23564),(6.051812,-0.17774,0.243138),(1.185238,-0.357603,0.221041),(0.034803,-0.277924,0.218588),(-1.20526,-0.334963,0.212905),(-2.445323,-0.392002,0.207221),(-1.248048,-0.447534,0.209993),(-3.681335,-0.537465,0.198945),(6.051655,-0.177577,-0.256862),(0.034646,-0.27776,-0.281412),(-1.205417,-0.334799,-0.287095),(-3.681492,-0.537302,-0.301055),(-1.248205,-0.447371,-0.290007),(1.185081,-0.357439,-0.278959),(1.274709,-0.220721,-0.275728),(3.754836,-0.106643,-0.26436),(3.025583,-0.973518,0.216371),(2.43264,-1.679365,0.200652),(2.922333,-3.33634,0.177079),(1.839698,-2.385212,0.184933),(-0.428823,-2.845777,0.161349),(-0.025308,-2.223733,0.176272),(-0.95781,-2.142994,0.171942),(-0.649009,-1.562852,0.186467),(-1.676225,-1.524015,0.181739),(-1.462137,-0.985774,0.195866),(-2.584066,-0.988838,0.19074),(-0.340207,-0.98271,0.200992),(0.781723,-0.979646,0.206118),(-2.703441,-1.485177,0.17701),(-3.77998,-2.355213,0.145619),(-2.822816,-1.981515,0.163281),(-2.104401,-2.600495,0.153484),(-1.890313,-2.062255,0.167611),(0.378208,-1.60169,0.191195),(2.922176,-3.336177,-0.322921),(-2.584223,-0.988675,-0.30926),(-2.703598,-1.485013,-0.32299),(-3.780137,-2.35505,-0.354381),(-2.822973,-1.981352,-0.336719),(-2.104558,-2.600331,-0.346516),(-1.89047,-2.062091,-0.332389),(-0.025465,-2.22357,-0.323728),(0.378051,-1.601526,-0.308805),(2.432483,-1.679202,-0.299348),(3.025426,-0.973355,-0.283629),(0.781566,-0.979483,-0.293882),(-1.462294,-0.985611,-0.304134),(-1.676382,-1.523851,-0.318261),(1.839541,-2.385048,-0.315067),(-0.42898,-2.845613,-0.338651),(0.731418,-3.701649,0.155328),(0.47375,-4.006945,0.148385),(0.216081,-4.31224,0.141442),(-1.004786,-3.698474,0.140167),(-1.196773,-3.982707,0.133106),(-2.483321,-3.390003,0.131949),(-2.609628,-3.653173,0.124771),(-3.222589,-3.235768,0.12784),(-3.129123,-2.98313,0.135078),(-2.357015,-3.126834,0.139128),(-0.812798,-3.414242,0.147228),(-3.316055,-3.488406,0.120603),(-4.264985,-4.292066,0.087252),(-3.409521,-3.741044,0.113366),(-3.502988,-3.993682,0.106129),(-2.862241,-4.179512,0.110414),(-1.964724,-5.119636,0.104864),(0.335538,-5.947207,0.122475),(-0.299256,-4.922831,0.127556),(-1.580749,-4.551171,0.118985),(-2.735935,-3.916342,0.117593),(-0.041587,-4.617536,0.134499),(-1.388761,-4.266939,0.126046),(0.335381,-5.947044,-0.377525),(-3.12928,-2.982967,-0.364922),(-3.222746,-3.235605,-0.372159),(-3.316212,-3.488243,-0.379397),(-2.483478,-3.38984,-0.368051),(-2.609785,-3.653009,-0.375229),(-1.004943,-3.698311,-0.359833),(-1.196931,-3.982543,-0.366894),(0.473592,-4.006781,-0.351615),(0.731261,-3.701486,-0.344672),(-0.812955,-3.414078,-0.352772),(-2.357172,-3.12667,-0.360872),(0.215924,-4.312077,-0.358558),(-0.299413,-4.922667,-0.372444),(-1.964881,-5.119473,-0.395136),(-1.580906,-4.551008,-0.381015),(-2.862398,-4.179349,-0.389585),(-4.265142,-4.291902,-0.412748),(-3.503145,-3.993519,-0.393871),(-1.269785,-6.051209,0.101558),(-1.497381,-6.310103,0.095502),(-1.724977,-6.568997,0.089446),(-2.527433,-5.86266,0.085477),(-2.715003,-6.110335,0.079014),(-3.557484,-5.415218,0.075451),(-3.705028,-5.651673,0.068582),(-5.125121,-6.093958,0.029047),(-3.409941,-5.178762,0.08232),(-2.339863,-5.614986,0.091939),(-3.465281,-7.101034,0.053165),(-4.000114,-6.124584,0.054844),(-3.852571,-5.888129,0.061713),(-2.902572,-6.35801,0.072552),(-1.952573,-6.82789,0.083391),(-1.805442,-8.10811,0.077282),(-2.18017,-7.086784,0.077335),(-3.090142,-6.605684,0.066089),(-1.805599,-8.107946,-0.422718),(-3.262555,-4.942143,-0.410811),(-3.410098,-5.178599,-0.41768),(-3.557642,-5.415054,-0.424549),(-2.34002,-5.614822,-0.408061),(-2.52759,-5.862497,-0.414523),(-1.269942,-6.051046,-0.398442),(-1.497538,-6.30994,-0.404498),(-1.725134,-6.568833,-0.410554),(-1.952731,-6.827727,-0.416609),(-2.180327,-7.086621,-0.422665),(-3.090299,-6.605521,-0.433911),(-3.465438,-7.10087,-0.446835),(-4.000272,-6.124421,-0.445156),(-5.125278,-6.093794,-0.470953),(-3.852728,-5.887965,-0.438287),(-3.705185,-5.65151,-0.431418),(-2.71516,-6.110172,-0.420986),(-1.042346,-5.792152,-0.392386),(-2.152451,-5.367148,-0.401599),(-2.902729,-6.357846,-0.427448),(-1.916354,-8.220054,0.074941),(-2.684195,-7.658338,0.063943),(-3.507492,-7.152593,0.051775),(-4.330788,-6.646849,0.039607),(-3.549702,-7.204153,0.050386),(-5.18305,-6.188252,0.025831),(-1.916511,-8.219891,-0.425059),(-5.183207,-6.188089,-0.474169),(-4.330946,-6.646686,-0.460393),(-3.507649,-7.15243,-0.448225),(-2.684352,-7.658174,-0.436057),(-3.549859,-7.20399,-0.449614),(-2.474649,-8.783544,0.063156),(-2.981371,-7.982308,0.056193),(-3.767241,-7.462818,0.043337),(-4.553111,-6.943327,0.030481),(-5.494911,-6.65942,0.009419),(-2.474806,-8.78338,-0.436844),(-5.495068,-6.659257,-0.490581),(-4.553268,-6.943163,-0.469519),(-3.767398,-7.462654,-0.456663),(-2.981528,-7.982145,-0.443807),(-2.477581,-8.786503,0.063094),(-3.985944,-7.722835,0.036251),(-5.496637,-6.661874,0.009332),(-2.477738,-8.78634,-0.436906),(-5.496794,-6.661711,-0.490668),(-3.986101,-7.722672,-0.463749),(-2.480513,-8.789462,0.063032),(-3.988274,-7.725542,0.036176),(-5.498364,-6.664327,0.009245),(-2.48067,-8.789299,-0.436968),(-5.498521,-6.664164,-0.490755),(-3.988431,-7.725378,-0.463824),(-5.447132,-8.011862,-0.003828),(-5.212722,-7.739778,0.005012),(-4.978311,-7.467695,0.013852),(-4.513214,-8.302867,0.019894),(-4.251326,-8.014881,0.028016),(-3.813705,-8.865955,0.034775),(-3.52434,-8.562067,0.04218),(-4.775101,-8.590853,0.011771),(-4.10307,-9.169843,0.027369),(-4.978468,-7.467531,-0.486148),(-5.212879,-7.739615,-0.494988),(-5.447289,-8.011698,-0.503828),(-4.513371,-8.302703,-0.480106),(-4.775258,-8.590689,-0.488229),(-3.813863,-8.865792,-0.465225),(-4.103227,-9.16968,-0.472631),(-4.251483,-8.014717,-0.471984),(-3.524498,-8.561903,-0.45782)),$);
#3330= IFCTRIANGULATEDFACESET(#3329,$,$,((1,2,3),(3,2,4),(2,1,5),(5,1,6),(5,6,7),(7,6,8),(8,9,7),(7,9,10),(1,11,6),(6,11,12),(6,12,13),(13,12,14),(13,14,15),(15,14,12),(15,12,16),(16,12,11),(16,11,1),(1,3,16),(3,4,16),(16,4,17),(4,2,17),(17,2,18),(17,18,19),(19,18,5),(19,5,20),(2,5,18),(19,20,21),(21,20,22),(21,22,19),(19,22,17),(23,24,25),(25,24,26),(27,28,29),(29,28,30),(24,23,31),(31,23,32),(31,32,29),(29,32,27),(26,24,33),(33,24,34),(33,34,35),(35,34,36),(35,36,37),(37,36,38),(37,38,39),(39,38,40),(39,40,41),(41,40,42),(41,42,43),(43,42,44),(43,44,45),(45,44,29),(45,29,46),(46,29,30),(34,24,47),(47,24,31),(47,31,48),(48,31,44),(48,44,42),(31,29,44),(45,46,43),(43,46,39),(43,39,41),(39,49,37),(37,49,50),(37,50,35),(35,50,49),(35,49,33),(34,47,36),(36,47,51),(36,51,38),(38,51,40),(48,42,51),(51,42,40),(47,48,51),(30,28,46),(46,28,52),(25,26,53),(53,26,33),(46,52,39),(39,52,54),(15,16,22),(22,16,17),(25,55,23),(23,55,56),(23,56,32),(32,56,57),(32,57,58),(58,57,59),(58,59,60),(60,59,61),(60,61,62),(62,61,54),(62,54,60),(60,54,52),(60,52,58),(58,52,27),(58,27,32),(55,25,63),(63,25,53),(63,53,64),(64,53,65),(64,65,66),(66,65,67),(66,67,68),(68,67,69),(68,69,56),(56,69,57),(67,65,70),(70,65,54),(70,54,61),(52,28,27),(69,67,70),(56,55,68),(68,55,64),(68,64,66),(63,64,55),(61,59,70),(70,59,69),(59,57,69),(54,65,39),(39,65,49),(53,71,65),(65,71,72),(65,72,73),(73,72,74),(73,74,75),(75,74,72),(75,72,53),(53,72,71),(65,73,49),(49,73,76),(49,77,33),(33,77,78),(33,78,79),(79,78,80),(79,80,81),(81,80,77),(81,77,76),(76,77,49),(76,79,81),(80,78,77),(53,33,75),(75,33,79),(82,73,83),(83,73,75),(83,75,84),(84,82,83),(73,82,76),(76,82,85),(86,79,87),(87,79,76),(87,76,85),(85,86,87),(75,79,84),(84,79,86),(88,82,89),(89,82,84),(89,84,90),(90,88,89),(82,88,85),(85,88,91),(92,86,93),(93,86,85),(93,85,91),(91,92,93),(84,86,90),(90,86,92),(94,88,95),(95,88,90),(95,90,96),(96,94,95),(88,94,91),(91,94,97),(98,92,99),(99,92,91),(99,91,97),(97,98,99),(90,92,96),(96,92,98),(100,94,101),(101,94,96),(101,96,102),(102,100,101),(94,100,97),(97,100,103),(104,98,105),(105,98,97),(105,97,103),(103,104,105),(96,98,102),(102,98,104),(106,100,107),(107,100,102),(107,102,108),(108,106,107),(100,106,103),(103,106,109),(110,104,111),(111,104,103),(111,103,109),(109,110,111),(102,104,108),(108,104,110),(108,112,106),(106,112,113),(106,113,114),(114,113,112),(114,112,115),(115,112,108),(115,108,116),(116,108,117),(116,117,118),(118,117,108),(116,118,115),(115,118,114),(106,114,109),(109,114,119),(109,120,110),(110,120,121),(110,121,122),(122,121,120),(122,120,123),(123,120,109),(123,109,124),(124,109,119),(124,119,123),(123,119,122),(108,110,118),(118,110,122),(118,125,114),(114,125,126),(114,126,127),(127,126,128),(128,126,125),(128,125,129),(129,125,118),(129,118,130),(130,118,131),(130,131,132),(132,131,133),(133,131,118),(130,132,129),(129,132,128),(114,127,119),(119,127,134),(119,135,122),(122,135,136),(122,136,137),(137,136,138),(138,136,135),(138,135,139),(139,135,140),(139,140,141),(141,140,119),(141,119,134),(134,139,141),(135,119,140),(118,122,133),(133,122,137),(128,142,127),(127,142,143),(127,143,144),(144,143,145),(144,145,146),(146,145,147),(146,147,148),(148,147,149),(148,149,150),(150,149,151),(150,151,152),(152,151,132),(152,132,133),(132,153,128),(128,153,154),(128,154,142),(142,154,143),(152,133,155),(155,133,156),(155,156,157),(157,156,158),(157,158,159),(159,158,148),(159,148,150),(158,146,148),(153,132,151),(151,149,153),(153,149,160),(153,160,154),(154,160,143),(143,160,145),(145,160,147),(160,149,147),(155,157,159),(155,159,150),(155,150,152),(127,144,134),(134,144,161),(138,162,137),(137,162,163),(137,163,164),(164,163,165),(164,165,166),(166,165,167),(166,167,168),(168,167,169),(168,169,170),(170,169,171),(170,171,134),(134,171,139),(139,171,172),(139,172,173),(173,172,174),(173,174,163),(163,174,165),(162,138,173),(173,138,139),(134,161,170),(170,161,175),(170,175,168),(168,175,176),(168,176,166),(161,176,175),(173,163,162),(174,172,169),(169,172,171),(169,167,174),(174,167,165),(133,137,156),(156,137,164),(146,177,144),(144,177,178),(144,178,179),(179,178,180),(179,180,181),(181,180,182),(182,183,181),(183,182,184),(184,182,185),(184,185,156),(156,185,158),(158,185,186),(158,186,187),(187,186,180),(187,180,178),(177,146,187),(187,146,158),(184,156,188),(188,156,189),(188,189,190),(190,189,191),(190,191,192),(192,191,189),(192,189,193),(194,195,193),(193,195,196),(193,196,192),(192,196,197),(192,197,190),(190,197,188),(144,179,194),(194,179,198),(194,198,195),(195,198,199),(195,199,196),(196,199,197),(187,178,177),(183,184,188),(180,186,182),(182,186,185),(181,183,199),(199,183,197),(198,179,181),(199,198,181),(197,183,188),(144,194,161),(161,194,200),(166,201,164),(164,201,202),(164,202,203),(203,202,204),(203,204,205),(205,204,207),(207,204,206),(207,206,208),(208,206,209),(208,209,161),(161,209,176),(176,209,210),(176,210,211),(211,210,204),(211,204,202),(201,166,211),(211,166,176),(208,161,212),(212,161,200),(212,200,213),(213,200,214),(213,214,215),(215,214,216),(215,216,207),(207,216,205),(214,217,216),(216,217,218),(216,218,205),(205,218,203),(218,217,203),(203,217,164),(211,202,201),(204,210,206),(206,210,209),(212,213,215),(212,215,207),(212,207,208),(156,164,189),(189,164,217),(193,219,194),(194,219,220),(194,220,221),(221,220,222),(221,222,223),(223,222,224),(223,224,225),(225,224,189),(225,189,226),(189,227,193),(193,227,228),(193,228,219),(219,228,220),(229,230,226),(226,230,231),(226,231,225),(225,231,232),(225,232,223),(223,232,233),(223,233,221),(221,233,234),(221,234,194),(234,235,229),(229,235,236),(229,236,230),(230,236,231),(235,234,233),(227,189,224),(224,222,227),(227,222,228),(222,220,228),(233,232,235),(235,232,236),(232,231,236),(194,234,200),(200,234,237),(214,238,217),(217,238,239),(217,239,240),(240,239,241),(240,241,242),(242,241,243),(242,243,244),(244,243,200),(244,200,245),(245,200,237),(245,237,246),(246,237,247),(246,247,248),(248,247,249),(248,249,250),(250,249,251),(250,251,252),(252,251,253),(252,253,254),(254,253,242),(254,242,244),(200,255,214),(214,255,256),(214,256,238),(238,256,239),(237,249,247),(251,217,253),(253,217,240),(253,240,242),(255,200,243),(254,244,245),(243,241,255),(255,241,256),(241,239,256),(248,250,257),(257,250,252),(257,252,254),(257,254,245),(248,257,246),(246,257,245),(189,217,226),(226,217,251),(258,234,259),(259,234,229),(259,229,260),(260,229,261),(260,261,262),(262,261,263),(263,261,226),(226,261,229),(260,262,259),(259,262,258),(234,258,237),(237,258,264),(265,251,266),(266,251,249),(266,249,267),(267,249,268),(267,268,269),(269,268,264),(264,268,237),(237,268,249),(267,269,266),(266,269,265),(226,251,263),(263,251,265),(270,258,271),(271,258,262),(271,262,272),(272,262,273),(272,273,274),(274,273,263),(263,273,262),(274,270,272),(272,270,271),(258,270,264),(264,270,275),(276,265,277),(277,265,269),(277,269,278),(278,269,279),(278,279,275),(275,279,264),(264,279,269),(275,276,278),(278,276,277),(263,265,274),(274,265,276),(280,270,281),(281,270,274),(281,274,282),(282,280,281),(270,280,275),(275,280,283),(284,276,285),(285,276,275),(285,275,283),(283,284,285),(274,276,282),(282,276,284),(286,280,287),(287,280,282),(287,282,288),(288,286,287),(280,286,283),(283,286,289),(290,284,291),(291,284,283),(291,283,289),(289,290,291),(282,284,288),(288,284,290),(6,292,8),(8,292,293),(8,293,294),(294,293,295),(294,295,296),(296,295,297),(296,297,298),(298,297,286),(298,286,296),(296,286,288),(296,288,294),(294,288,9),(294,9,8),(292,6,299),(299,6,13),(299,13,300),(300,13,297),(300,297,295),(13,286,297),(292,299,293),(293,299,295),(299,300,295),(286,13,289),(289,13,20),(10,301,7),(7,301,302),(7,302,303),(303,302,304),(303,304,305),(305,304,306),(305,306,307),(307,306,20),(307,20,305),(305,20,5),(305,5,303),(303,5,7),(10,290,301),(301,290,308),(301,308,302),(302,308,304),(290,289,308),(308,289,309),(308,309,304),(304,309,306),(309,289,306),(306,289,20),(10,9,290),(290,9,288),(13,15,20),(20,15,22)),$);
#3331= IFCSHAPEREPRESENTATION(#178,'Body','Tessellation',(#3330));
#3332= IFCPRODUCTDEFINITIONSHAPE($,$,(#3331));
#3333= IFCCARTESIANPOINT((505175.462569,1707764.806917,370.516622));
#3334= IFCAXIS2PLACEMENT3D(#3333,$,$);
#3335= IFCLOCALPLACEMENT(#5,#3334);
#3336= IFCBUILTELEMENT('0Djdpt$796owSGRS7g8DBb',$,'\X2\0110\X0\\X2\1EA5\X0\t n\X2\1EC1\X0\n',$,$,#3335,#3332,'61258');
#3337= IFCSTYLEDITEM(#3330,(#133),'\X2\0110\X0\\X2\1EA5\X0\t n\X2\1EC1\X0\n');
#3338= IFCPROPERTYSINGLEVALUE('Area',$,IFCREAL(297.0968133041),$);
#3339= IFCPROPERTYSINGLEVALUE('Bounds',$,IFCLABEL('((505168.3526713371,1707754.398423954,369.97227971576837),(505182.57240202744,1707775.2154324981,371.0568909684294))'),$);
#3340= IFCPROPERTYSET('2jb9X995KkMxI40Nc8Lb1O',$,'Properties',$,(#39,#40,#41,#42,#43,#44,#47,#48,#49,#50,#51,#52,#53,#54,#55,#56,#57,#59,#60,#193,#194,#195,#196,#197,#198,#199,#3338,#3339));
#3341= IFCRELDEFINESBYPROPERTIES('3VtcxnhZiC9Idrd78j5GzY',$,$,$,(#3336),#3340);
#3342= IFCPROPERTYSET('270WvZm1WGP8EPyjLQFIYa',$,'Misc',$,(#85,#87,#88,#203));
#3343= IFCRELDEFINESBYPROPERTIES('3aLazkkgRSNk4Q6H6JxhG5',$,$,$,(#3336),#3342);
#3344= IFCPROPERTYSET('3EXwa8wm0DUIeX54IYrb6$',$,'3D Visualization',$,(#91,#92,#93));
#3345= IFCRELDEFINESBYPROPERTIES('1bFtY5VNMcFxBhH8YcyYrA',$,$,$,(#3336),#3344);
#3346= IFCPROPERTYSET('0KpP1h2l4mggyye3n_QL9f',$,'General',$,(#72,#74,#75,#76,#77,#171));
#3347= IFCRELDEFINESBYPROPERTIES('28Y9lWl8YvqFtn7fRKx6fO',$,$,$,(#3336),#3346);
#3348= IFCPROPERTYSET('3Wiw4ENtnKstJe2NokuzLj',$,'Geometry',$,(#82));
#3349= IFCRELDEFINESBYPROPERTIES('1OXh9zJ4hRcGapVUxpgpFo',$,$,$,(#3336),#3348);
#3350= IFCPROPERTYSET('1nU5VcBVQL2rmSIg1BF_C5',$,'Corridor Identity',$,(#221,#224,#453,#456,#457,#458,#461,#505,#506,#507,#508,#509));
#3351= IFCRELDEFINESBYPROPERTIES('1wyNiQ4Rs2I5Aa7D3$x4eb',$,$,$,(#3336),#3350);
#3352= IFCPROPERTYSET('3RCJ$$cL9tvFSMrDYMiWIL',$,'Corridor Model Information',$,(#465,#512,#513,#514,#515));
#3353= IFCRELDEFINESBYPROPERTIES('3LFiPGByNpvNTYpx9CqpIB',$,$,$,(#3336),#3352);
#3354= IFCPROPERTYSINGLEVALUE('Volume',$,IFCVOLUMEMEASURE(67.3154038106878),$);
#3355= IFCPROPERTYSET('3HpjQxPlYrhJj3SB_iv5wU',$,'Corridor Shape Information',$,(#235,#472,#473,#518,#3133,#3354));
#3356= IFCRELDEFINESBYPROPERTIES('106_fZE6K3F8ZBc3HROaPf',$,$,$,(#3336),#3355);
#3357= IFCPROPERTYSINGLEVALUE('Kh\X2\1ED1\X0\i l\X2\01B0\X0\\X2\1EE3\X0\ng (m3)',$,IFCREAL(67.3154038113281),$);
#3358= IFCPROPERTYSET('2llQTyKq82tvSSumG65PQ9',$,'Thong_tin_BIM',$,(#252,#479,#523,#524,#1840,#3137,#3138,#3139,#3141,#3142,#3143,#3357));
#3359= IFCRELDEFINESBYPROPERTIES('3BLS7vDIcxBpAWND$$R9bn',$,$,$,(#3336),#3358);
#3360= IFCCARTESIANPOINTLIST3D(((-0.628304,1.85208,0.29877),(1.857999,-0.611265,0.227184),(-0.628462,1.852244,-0.20123),(1.857841,-0.611102,-0.272816),(-1.857841,0.611102,0.272816),(-1.857999,0.611265,-0.227184),(0.628462,-1.852244,0.20123),(0.628304,-1.85208,-0.29877)),$);
#3361= IFCTRIANGULATEDFACESET(#3360,$,$,((1,2,3),(3,2,4),(5,6,7),(7,6,8),(1,5,2),(2,5,7),(2,7,4),(4,7,8),(3,4,6),(6,4,8),(1,3,5),(5,3,6)),$);
#3362= IFCSHAPEREPRESENTATION(#178,'Body','Tessellation',(#3361));
#3363= IFCPRODUCTDEFINITIONSHAPE($,$,(#3362));
#3364= IFCCARTESIANPOINT((505173.235958,1707753.787487,370.272981));
#3365= IFCAXIS2PLACEMENT3D(#3364,$,$);
#3366= IFCLOCALPLACEMENT(#5,#3365);
#3367= IFCBUILTELEMENT('1jGJ1T3snFp8jscUL1ZeHj',$,'\X2\0110\X0\\X2\1EA5\X0\t n\X2\1EC1\X0\n',$,$,#3366,#3363,'61268');
#3368= IFCSTYLEDITEM(#3361,(#133),'\X2\0110\X0\\X2\1EA5\X0\t n\X2\1EC1\X0\n');
#3369= IFCPROPERTYSINGLEVALUE('Area',$,IFCREAL(17.4792904256448),$);
#3370= IFCPROPERTYSINGLEVALUE('Bounds',$,IFCLABEL('((505171.3779370613,1707751.935211313,369.973824084313),(505175.0939784006,1707755.6397620102,370.5721370011882))'),$);
#3371= IFCPROPERTYSET('3BZAHRnkUcZQD7fxs3Ee6R',$,'Properties',$,(#39,#40,#41,#42,#43,#44,#45,#46,#47,#48,#49,#50,#51,#52,#53,#54,#55,#56,#57,#59,#60,#193,#197,#299,#300,#301,#3369,#3370));
#3372= IFCRELDEFINESBYPROPERTIES('2btHVuxXwlnBHZFUqHJ71R',$,$,$,(#3367),#3371);
#3373= IFCPROPERTYSET('0uqgIUyzHPlVOT52pFEmB8',$,'Misc',$,(#85,#87,#88,#203));
#3374= IFCRELDEFINESBYPROPERTIES('0_qBo_w_SXyCSZMrto8fLc',$,$,$,(#3367),#3373);
#3375= IFCPROPERTYSET('3VYdQaEBGGam9yE3a21ssh',$,'3D Visualization',$,(#91,#92,#93));
#3376= IFCRELDEFINESBYPROPERTIES('1X1gkAKtutZTK3uoOpRcNe',$,$,$,(#3367),#3375);
#3377= IFCPROPERTYSET('3QLwLtIapMA$$dc6xnOsn1',$,'General',$,(#72,#74,#75,#76,#77,#171));
#3378= IFCRELDEFINESBYPROPERTIES('3AieWGEYIORSxWsyr6_SUv',$,$,$,(#3367),#3377);
#3379= IFCPROPERTYSET('1CHZVkM5ZRQo3tQFz6f27s',$,'Geometry',$,(#82));
#3380= IFCRELDEFINESBYPROPERTIES('1UrQ$yVmuWB71MXMtRG2$6',$,$,$,(#3367),#3379);
#3381= IFCPROPERTYSET('2tu$0mOUZyjph8KmXxgBTs',$,'Corridor Identity',$,(#218,#221,#224,#453,#548,#549,#550,#551,#552,#553,#554,#555));
#3382= IFCRELDEFINESBYPROPERTIES('1c_uJWd8RIwgUl_oRjJWka',$,$,$,(#3367),#3381);
#3383= IFCPROPERTYSET('3XLgpc5pT6SRRfGt$6nRin',$,'Corridor Model Information',$,(#465,#558,#559,#560,#561));
#3384= IFCRELDEFINESBYPROPERTIES('1YvvAffJNenEb1QC4zlAuN',$,$,$,(#3367),#3383);
#3385= IFCPROPERTYSINGLEVALUE('Volume',$,IFCVOLUMEMEASURE(3.05714013361582),$);
#3386= IFCPROPERTYSET('1MpYhyC$CAUU8g3nRX1vB8',$,'Corridor Shape Information',$,(#235,#564,#565,#566,#3133,#3385));
#3387= IFCRELDEFINESBYPROPERTIES('2vN1ut6rKlO7rRE3vYOQji',$,$,$,(#3367),#3386);
#3388= IFCPROPERTYSINGLEVALUE('Kh\X2\1ED1\X0\i l\X2\01B0\X0\\X2\1EE3\X0\ng (m3)',$,IFCREAL(3.05714013378923),$);
#3389= IFCPROPERTYSET('0a_c8CNknTZ3_G1NWOh2YG',$,'Thong_tin_BIM',$,(#252,#571,#572,#573,#1840,#3137,#3138,#3139,#3141,#3142,#3143,#3388));
#3390= IFCRELDEFINESBYPROPERTIES('3mTQKE$H5kjyWXszilTHNY',$,$,$,(#3367),#3389);
#3391= IFCCARTESIANPOINTLIST3D(((2.276049,4.78346,0.360077),(4.762352,2.320114,0.28849),(2.275892,4.783624,-0.139923),(4.762195,2.320278,-0.211509),(-4.762195,-2.320278,0.211509),(-4.762352,-2.320114,-0.28849),(-2.275892,-4.783624,0.139923),(-2.276049,-4.78346,-0.360077),(2.209076,4.715864,0.358663),(4.695379,2.252518,0.287077),(4.695222,2.252682,-0.212923),(2.208919,4.716027,-0.141337),(1.303765,3.802129,0.339553),(3.790068,1.338783,0.267967),(3.789911,1.338947,-0.232033),(1.303608,3.802292,-0.160447),(0.801427,3.295116,0.32895),(3.28773,0.831771,0.257363),(3.287573,0.831934,-0.242637),(0.80127,3.29528,-0.17105),(-0.606221,1.874369,0.299236),(1.880082,-0.588977,0.22765),(1.879924,-0.588813,-0.27235),(-0.606379,1.874532,-0.200764),(-2.01387,0.453621,0.269523),(0.472433,-2.009725,0.197936),(0.472276,-2.009561,-0.302064),(-2.014027,0.453785,-0.230477),(-3.421519,-0.967126,0.239809),(-0.935216,-3.430472,0.168223),(-0.935373,-3.430309,-0.331777),(-3.421676,-0.966963,-0.260191),(-3.532658,-1.079299,0.237463),(-1.046355,-3.542645,0.165877),(-1.046512,-3.542482,-0.334123),(-3.532815,-1.079136,-0.262537),(-3.534769,-1.08143,0.237419),(-1.048466,-3.544776,0.165832),(-1.048623,-3.544613,-0.334168),(-3.534926,-1.081267,-0.262581)),$);
#3392= IFCTRIANGULATEDFACESET(#3391,$,$,((1,2,3),(3,2,4),(5,6,7),(7,6,8),(1,9,2),(2,9,10),(2,10,4),(4,10,11),(3,4,12),(12,4,11),(1,3,9),(9,3,12),(9,13,10),(10,13,14),(10,14,11),(11,14,15),(12,11,16),(16,11,15),(9,12,13),(13,12,16),(13,17,14),(14,17,18),(14,18,15),(15,18,19),(16,15,20),(20,15,19),(13,16,17),(17,16,20),(17,21,18),(18,21,22),(18,22,19),(19,22,23),(20,19,24),(24,19,23),(17,20,21),(21,20,24),(21,25,22),(22,25,26),(22,26,23),(23,26,27),(24,23,28),(28,23,27),(21,24,25),(25,24,28),(25,29,26),(26,29,30),(26,30,27),(27,30,31),(28,27,32),(32,27,31),(25,28,29),(29,28,32),(29,33,30),(30,33,34),(30,34,31),(31,34,35),(32,31,36),(36,31,35),(29,32,33),(33,32,36),(33,37,34),(34,37,38),(34,38,35),(35,38,39),(36,35,40),(40,35,39),(33,36,37),(37,36,40),(37,5,38),(38,5,7),(38,7,39),(39,7,8),(40,39,6),(6,39,8),(37,40,5),(5,40,6)),$);
#3393= IFCSHAPEREPRESENTATION(#178,'Body','Tessellation',(#3392));
#3394= IFCPRODUCTDEFINITIONSHAPE($,$,(#3393));
#3395= IFCCARTESIANPOINT((505169.102067,1707749.615129,370.18572));
#3396= IFCAXIS2PLACEMENT3D(#3395,$,$);
#3397= IFCLOCALPLACEMENT(#5,#3396);
#3398= IFCBUILTELEMENT('2TUg8touf2meKlFYa5Yhvw',$,'\X2\0110\X0\\X2\1EA5\X0\t n\X2\1EC1\X0\n',$,$,#3397,#3394,'61271');
#3399= IFCSTYLEDITEM(#3392,(#133),'\X2\0110\X0\\X2\1EA5\X0\t n\X2\1EC1\X0\n');
#3400= IFCPROPERTYSINGLEVALUE('Area',$,IFCREAL(83.521710410846),$);
#3401= IFCPROPERTYSINGLEVALUE('Bounds',$,IFCLABEL('((505164.3396932566,1707744.8314334252,369.8234314923848),(505173.86444139463,1707754.3988236631,370.54800828593415))'),$);
#3402= IFCPROPERTYSET('0MiPCwfjhUBJGuS94Gf33i',$,'Properties',$,(#39,#40,#41,#42,#43,#44,#45,#46,#47,#48,#49,#50,#51,#52,#53,#54,#55,#56,#57,#59,#60,#193,#197,#299,#300,#301,#3400,#3401));
#3403= IFCRELDEFINESBYPROPERTIES('02ltnNsfw87TetuFgu5BhB',$,$,$,(#3398),#3402);
#3404= IFCPROPERTYSET('2A5Kc9LWntP_hyebSXusdy',$,'Misc',$,(#85,#87,#88,#203));
#3405= IFCRELDEFINESBYPROPERTIES('3DEhhBVkBSbmwWryP7MqdH',$,$,$,(#3398),#3404);
#3406= IFCPROPERTYSET('1oGO4Xyh4R5y0l_52zRX7W',$,'3D Visualization',$,(#91,#92,#93));
#3407= IFCRELDEFINESBYPROPERTIES('1Syvc1vbX8U8f8oiVhnb1y',$,$,$,(#3398),#3406);
#3408= IFCPROPERTYSET('1EYVCcVKmhe3Un3mto_qJS',$,'General',$,(#72,#74,#75,#76,#77,#171));
#3409= IFCRELDEFINESBYPROPERTIES('1z5m6kqqnf1PZtGbogSvtk',$,$,$,(#3398),#3408);
#3410= IFCPROPERTYSET('16Y9myxePIzZQ0rqdi743h',$,'Geometry',$,(#82));
#3411= IFCRELDEFINESBYPROPERTIES('0kdrvw13ZYRL$M5UUVJR1N',$,$,$,(#3398),#3410);
#3412= IFCPROPERTYSET('1MluScUx2gphnANKChFas0',$,'Corridor Identity',$,(#218,#221,#224,#453,#548,#549,#552,#597,#598,#599,#600,#601));
#3413= IFCRELDEFINESBYPROPERTIES('1Dgj1BJZyMSqKh_adUjelI',$,$,$,(#3398),#3412);
#3414= IFCPROPERTYSET('1ibp7n9C7lqSTLOjk3PPyk',$,'Corridor Model Information',$,(#465,#558,#559,#560,#604));
#3415= IFCRELDEFINESBYPROPERTIES('2fPXx2aO5HTuU4VDanhTmv',$,$,$,(#3398),#3414);
#3416= IFCPROPERTYSINGLEVALUE('Volume',$,IFCVOLUMEMEASURE(17.5000000007668),$);
#3417= IFCPROPERTYSET('0K6DOZtdiO0TZIzCydGUZR',$,'Corridor Shape Information',$,(#235,#607,#608,#609,#3133,#3416));
#3418= IFCRELDEFINESBYPROPERTIES('1b_ENeUO5iDyoYxmgB3udK',$,$,$,(#3398),#3417);
#3419= IFCPROPERTYSINGLEVALUE('Kh\X2\1ED1\X0\i l\X2\01B0\X0\\X2\1EE3\X0\ng (m3)',$,IFCREAL(17.5000000002869),$);
#3420= IFCPROPERTYSET('3qmAvWGjNrYuol5WL_4yHy',$,'Thong_tin_BIM',$,(#252,#614,#615,#616,#1840,#3137,#3138,#3139,#3141,#3142,#3143,#3419));
#3421= IFCRELDEFINESBYPROPERTIES('1IzNae_DOLG6sG5YR6MOaU',$,$,$,(#3398),#3420);
#3422= IFCCARTESIANPOINTLIST3D(((4.762374,2.320091,0.35849),(4.762217,2.320255,-0.141509),(2.276027,4.783483,0.290077),(2.27587,4.783646,-0.209923),(-2.27587,-4.783646,0.209923),(-4.762217,-2.320255,0.141509),(-2.276027,-4.783483,-0.290077),(-4.762374,-2.320091,-0.35849),(4.695401,2.252495,0.357077),(2.209054,4.715887,0.288663),(2.208897,4.71605,-0.211337),(4.695244,2.252659,-0.142923),(3.79009,1.33876,0.337967),(1.303743,3.802152,0.269553),(1.303586,3.802315,-0.230447),(3.789933,1.338924,-0.162033),(3.287752,0.831748,0.327363),(0.801405,3.295139,0.25895),(0.801248,3.295303,-0.24105),(3.287595,0.831911,-0.172637),(1.880104,-0.589,0.29765),(-0.606243,1.874392,0.229236),(-0.606401,1.874555,-0.270764),(1.879946,-0.588836,-0.20235),(0.472455,-2.009747,0.267936),(-2.013892,0.453644,0.199523),(-2.014049,0.453808,-0.300477),(0.472298,-2.009584,-0.232064),(-0.935194,-3.430495,0.238223),(-3.421541,-0.967103,0.169809),(-3.421698,-0.96694,-0.330191),(-0.935351,-3.430332,-0.261777),(-1.046333,-3.542668,0.235877),(-3.53268,-1.079276,0.167463),(-3.532837,-1.079113,-0.332537),(-1.04649,-3.542505,-0.264123),(-1.048444,-3.544799,0.235832),(-3.534791,-1.081408,0.167419),(-3.534948,-1.081244,-0.332581),(-1.048601,-3.544636,-0.264168)),$);
#3423= IFCTRIANGULATEDFACESET(#3422,$,$,((1,2,3),(3,2,4),(5,6,7),(7,6,8),(1,3,9),(9,3,10),(3,4,10),(10,4,11),(2,12,4),(4,12,11),(1,9,2),(2,9,12),(9,10,13),(13,10,14),(10,11,14),(14,11,15),(12,16,11),(11,16,15),(9,13,12),(12,13,16),(13,14,17),(17,14,18),(14,15,18),(18,15,19),(16,20,15),(15,20,19),(13,17,16),(16,17,20),(17,18,21),(21,18,22),(18,19,22),(22,19,23),(20,24,19),(19,24,23),(17,21,20),(20,21,24),(21,22,25),(25,22,26),(22,23,26),(26,23,27),(24,28,23),(23,28,27),(21,25,24),(24,25,28),(25,26,29),(29,26,30),(26,27,30),(30,27,31),(28,32,27),(27,32,31),(25,29,28),(28,29,32),(29,30,33),(33,30,34),(30,31,34),(34,31,35),(32,36,31),(31,36,35),(29,33,32),(32,33,36),(33,34,37),(37,34,38),(34,35,38),(38,35,39),(36,40,35),(35,40,39),(33,37,36),(36,37,40),(37,38,5),(5,38,6),(38,39,6),(6,39,8),(40,7,39),(39,7,8),(37,5,40),(40,5,7)),$);
#3424= IFCSHAPEREPRESENTATION(#178,'Body','Tessellation',(#3423));
#3425= IFCPRODUCTDEFINITIONSHAPE($,$,(#3424));
#3426= IFCCARTESIANPOINT((505166.615742,1707752.078497,370.187306));
#3427= IFCAXIS2PLACEMENT3D(#3426,$,$);
#3428= IFCLOCALPLACEMENT(#5,#3427);
#3429= IFCBUILTELEMENT('3WIeZBNqPDUfOdINxesIki',$,'\X2\0110\X0\\X2\1EA5\X0\t n\X2\1EC1\X0\n',$,$,#3428,#3425,'6127A');
#3430= IFCSTYLEDITEM(#3423,(#133),'\X2\0110\X0\\X2\1EA5\X0\t n\X2\1EC1\X0\n');
#3431= IFCPROPERTYSINGLEVALUE('Area',$,IFCREAL(83.5217104110437),$);
#3432= IFCPROPERTYSINGLEVALUE('Bounds',$,IFCLABEL('((505161.8533682713,1707747.2948021658,369.82501801835855),(505171.37811640935,1707756.8621924035,370.54959481190787))'),$);
#3433= IFCPROPERTYSET('0muePObfh$Vw5ro3mQnZNA',$,'Properties',$,(#39,#40,#41,#42,#43,#44,#45,#46,#47,#48,#49,#50,#51,#52,#53,#54,#55,#56,#57,#59,#60,#193,#197,#299,#300,#301,#3431,#3432));
#3434= IFCRELDEFINESBYPROPERTIES('0dwFmeyZfZr7CXLZdJMJrC',$,$,$,(#3429),#3433);
#3435= IFCPROPERTYSET('3Xr9517n3QwRcYn9X_ecP5',$,'Misc',$,(#85,#87,#88,#203));
#3436= IFCRELDEFINESBYPROPERTIES('1PJ5zwOqV7a7xva7lY3w8C',$,$,$,(#3429),#3435);
#3437= IFCPROPERTYSET('3ZH5caleIO8f7bz7zdqu8K',$,'3D Visualization',$,(#91,#92,#93));
#3438= IFCRELDEFINESBYPROPERTIES('0$WTdgees55QpG901h_nV9',$,$,$,(#3429),#3437);
#3439= IFCPROPERTYSET('37W44kIARFqLZ$9$1glvbA',$,'General',$,(#72,#74,#75,#76,#77,#171));
#3440= IFCRELDEFINESBYPROPERTIES('27cFiANIUzkhEqos68HwMt',$,$,$,(#3429),#3439);
#3441= IFCPROPERTYSET('0Cw$c28I58b0DhvN13MntL',$,'Geometry',$,(#82));
#3442= IFCRELDEFINESBYPROPERTIES('19X9LBOMW2SufmciKAuULg',$,$,$,(#3429),#3441);
#3443= IFCPROPERTYSET('1Va2i5Ueq6twc6YlmaIDoI',$,'Corridor Identity',$,(#218,#221,#224,#453,#548,#549,#552,#597,#599,#600,#601,#640));
#3444= IFCRELDEFINESBYPROPERTIES('2Td8_HnP_p_joDPeAtWqQs',$,$,$,(#3429),#3443);
#3445= IFCPROPERTYSET('0Q7HBES5pJF8NJPM_$LnAF',$,'Corridor Model Information',$,(#465,#558,#559,#560,#604));
#3446= IFCRELDEFINESBYPROPERTIES('06_G86Q9Xd1Gf7DMykjLDB',$,$,$,(#3429),#3445);
#3447= IFCPROPERTYSINGLEVALUE('Volume',$,IFCVOLUMEMEASURE(17.5000000008211),$);
#3448= IFCPROPERTYSET('19Q6tE51hBmSiqk2l9polX',$,'Corridor Shape Information',$,(#282,#607,#608,#609,#3133,#3447));
#3449= IFCRELDEFINESBYPROPERTIES('1XzrdmJ9pp2_bJeW$D1B7S',$,$,$,(#3429),#3448);
#3450= IFCPROPERTYSINGLEVALUE('Kh\X2\1ED1\X0\i l\X2\01B0\X0\\X2\1EE3\X0\ng (m3)',$,IFCREAL(17.5000000001735),$);
#3451= IFCPROPERTYSET('3GVR6dcTog8X_rLQJdCNfY',$,'Thong_tin_BIM',$,(#252,#614,#615,#616,#1840,#3137,#3138,#3139,#3141,#3142,#3143,#3450));
#3452= IFCRELDEFINESBYPROPERTIES('1bnmFhqyC4CgnApWquKzK6',$,$,$,(#3429),#3451);
#3453= IFCCARTESIANPOINTLIST3D(((-5.412785,1.396446,0.39431),(-2.130394,5.168176,0.294512),(-5.412942,1.396609,-0.10569),(-2.130551,5.168339,-0.205488),(2.130551,-5.168339,0.205488),(2.130394,-5.168176,-0.294512),(5.412942,-1.396609,0.10569),(5.412785,-1.396446,-0.39431),(-4.926239,0.973016,0.382131),(-1.643848,4.744746,0.282333),(-1.644005,4.74491,-0.217667),(-4.926396,0.97318,-0.117869),(-3.590757,-0.189222,0.348702),(-0.308365,3.582508,0.248904),(-0.308522,3.582671,-0.251096),(-3.590914,-0.189059,-0.151298),(-3.417572,-0.339941,0.344367),(-0.135181,3.431789,0.244568),(-0.135338,3.431953,-0.255432),(-3.417729,-0.339777,-0.155633),(-1.908905,-1.652897,0.306602),(1.373487,2.118832,0.206804),(1.373329,2.118996,-0.293196),(-1.909062,-1.652734,-0.193398),(-0.85557,-2.56959,0.280236),(2.426822,1.20214,0.180437),(2.426665,1.202304,-0.319563),(-0.855727,-2.569426,-0.219764),(-0.400238,-2.965854,0.268838),(2.882154,0.805876,0.16904),(2.881997,0.806039,-0.33096),(-0.400395,-2.965691,-0.231162),(1.10843,-4.278811,0.231073),(4.390821,-0.507081,0.131275),(4.390664,-0.506918,-0.368725),(1.108272,-4.278648,-0.268927)),$);
#3454= IFCTRIANGULATEDFACESET(#3453,$,$,((1,2,3),(3,2,4),(5,6,7),(7,6,8),(1,9,2),(2,9,10),(2,10,4),(4,10,11),(3,4,12),(12,4,11),(1,3,9),(9,3,12),(9,13,10),(10,13,14),(10,14,11),(11,14,15),(12,11,16),(16,11,15),(9,12,13),(13,12,16),(13,17,14),(14,17,18),(14,18,15),(15,18,19),(16,15,20),(20,15,19),(13,16,17),(17,16,20),(17,21,18),(18,21,22),(18,22,19),(19,22,23),(20,19,24),(24,19,23),(17,20,21),(21,20,24),(21,25,22),(22,25,26),(22,26,23),(23,26,27),(24,23,28),(28,23,27),(21,24,25),(25,24,28),(25,29,26),(26,29,30),(26,30,27),(27,30,31),(28,27,32),(32,27,31),(25,28,29),(29,28,32),(29,33,30),(30,33,34),(30,34,31),(31,34,35),(32,31,36),(36,31,35),(29,32,33),(33,32,36),(33,5,34),(34,5,7),(34,7,35),(35,7,8),(36,35,6),(6,35,8),(33,36,5),(5,36,6)),$);
#3455= IFCSHAPEREPRESENTATION(#178,'Body','Tessellation',(#3454));
#3456= IFCPRODUCTDEFINITIONSHAPE($,$,(#3455));
#3457= IFCCARTESIANPOINT((505169.504881,1707780.38342,370.850372));
#3458= IFCAXIS2PLACEMENT3D(#3457,$,$);
#3459= IFCLOCALPLACEMENT(#5,#3458);
#3460= IFCBUILTELEMENT('02Q5XykyvD48uKAJCo4GXZ',$,'\X2\0110\X0\\X2\1EA5\X0\t n\X2\1EC1\X0\n',$,$,#3459,#3456,'61283');
#3461= IFCSTYLEDITEM(#3454,(#133),'\X2\0110\X0\\X2\1EA5\X0\t n\X2\1EC1\X0\n');
#3462= IFCPROPERTYSINGLEVALUE('Area',$,IFCREAL(115.03697750885),$);
#3463= IFCPROPERTYSINGLEVALUE('Bounds',$,IFCLABEL('((505164.09184955544,1707775.215020403,370.4548283439156),(505174.91791338584,1707785.5518197257,371.2459149091131))'),$);
#3464= IFCPROPERTYSET('11BSNZIo9EQN674HBl4skx',$,'Properties',$,(#39,#40,#41,#42,#43,#44,#45,#46,#47,#48,#49,#50,#51,#52,#53,#54,#55,#56,#57,#59,#60,#193,#197,#299,#300,#301,#3462,#3463));
#3465= IFCRELDEFINESBYPROPERTIES('091ryrOKnp$IATA6zwq4e9',$,$,$,(#3460),#3464);
#3466= IFCPROPERTYSET('3TJa4T3Rwv60H9knd1655z',$,'Misc',$,(#85,#87,#88,#203));
#3467= IFCRELDEFINESBYPROPERTIES('0q06wVyLX9wQkiPojXuOev',$,$,$,(#3460),#3466);
#3468= IFCPROPERTYSET('2qrSLTfxUNIl6hIkP8L1s7',$,'3D Visualization',$,(#91,#92,#93));
#3469= IFCRELDEFINESBYPROPERTIES('0PXVwGNzll8HI3adKk31Bx',$,$,$,(#3460),#3468);
#3470= IFCPROPERTYSET('0pA1ulUbAd1yeDeFT_cx_K',$,'General',$,(#72,#74,#75,#76,#77,#171));
#3471= IFCRELDEFINESBYPROPERTIES('2z4XbkFxbGD4GAyxEWCbyu',$,$,$,(#3460),#3470);
#3472= IFCPROPERTYSET('0vDBtxCkA5rSg4Sg5PpM9t',$,'Geometry',$,(#82));
#3473= IFCRELDEFINESBYPROPERTIES('2prphDcid9AwoGh6pUecP2',$,$,$,(#3460),#3472);
#3474= IFCPROPERTYSET('0hRCNH0sh_H5eJfQ7GRTod',$,'Corridor Identity',$,(#214,#215,#216,#217,#218,#221,#224,#453,#672,#673,#674,#675));
#3475= IFCRELDEFINESBYPROPERTIES('2NnChDndDovjHgtJODsIfs',$,$,$,(#3460),#3474);
#3476= IFCPROPERTYSET('3lPYY4N2APEVy$VLS_pYO7',$,'Corridor Model Information',$,(#229,#230,#465,#678,#679));
#3477= IFCRELDEFINESBYPROPERTIES('2Agn4h9l2WJa4PSF8WUweR',$,$,$,(#3460),#3476);
#3478= IFCPROPERTYSINGLEVALUE('Volume',$,IFCVOLUMEMEASURE(25.0000000005353),$);
#3479= IFCPROPERTYSET('0jEN6AEq7cwFnyho43iJ1N',$,'Corridor Shape Information',$,(#235,#236,#682,#683,#3133,#3478));
#3480= IFCRELDEFINESBYPROPERTIES('3EI1FfXjsr3iJP8ELtqrqg',$,$,$,(#3460),#3479);
#3481= IFCPROPERTYSINGLEVALUE('Kh\X2\1ED1\X0\i l\X2\01B0\X0\\X2\1EE3\X0\ng (m3)',$,IFCREAL(25.0000000004091),$);
#3482= IFCPROPERTYSET('2DlUKR10fVrIVCe6cgeX7x',$,'Thong_tin_BIM',$,(#252,#616,#688,#689,#1840,#3137,#3138,#3139,#3141,#3142,#3143,#3481));
#3483= IFCRELDEFINESBYPROPERTIES('2EHgdI4Ay7kt9LxPOFOFm_',$,$,$,(#3460),#3482);
#3484= IFCCARTESIANPOINTLIST3D(((-2.130362,5.168143,0.394512),(-2.130519,5.168306,-0.105488),(-5.412817,1.396478,0.29431),(-5.412974,1.396642,-0.20569),(5.412974,-1.396642,0.20569),(2.130519,-5.168306,0.105488),(5.412817,-1.396478,-0.29431),(2.130362,-5.168143,-0.394512),(-1.643816,4.744714,0.382333),(-4.926271,0.973049,0.282131),(-4.926428,0.973213,-0.217869),(-1.643974,4.744877,-0.117667),(-0.308334,3.582475,0.348904),(-3.590788,-0.18919,0.248702),(-3.590945,-0.189026,-0.251298),(-0.308491,3.582638,-0.151096),(-0.135149,3.431757,0.344568),(-3.417603,-0.339908,0.244367),(-3.417761,-0.339744,-0.255633),(-0.135306,3.43192,-0.155432),(1.373518,2.1188,0.306804),(-1.908936,-1.652865,0.206602),(-1.909093,-1.652701,-0.293398),(1.373361,2.118963,-0.193196),(2.426853,1.202107,0.280437),(-0.855601,-2.569557,0.180236),(-0.855758,-2.569394,-0.319764),(2.426696,1.202271,-0.219563),(2.882185,0.805843,0.26904),(-0.400269,-2.965822,0.168838),(-0.400426,-2.965658,-0.331162),(2.882028,0.806006,-0.23096),(4.390852,-0.507114,0.231275),(1.108398,-4.278779,0.131073),(1.108241,-4.278615,-0.368927),(4.390695,-0.506951,-0.268725)),$);
#3485= IFCTRIANGULATEDFACESET(#3484,$,$,((1,2,3),(3,2,4),(5,6,7),(7,6,8),(1,3,9),(9,3,10),(3,4,10),(10,4,11),(2,12,4),(4,12,11),(1,9,2),(2,9,12),(9,10,13),(13,10,14),(10,11,14),(14,11,15),(12,16,11),(11,16,15),(9,13,12),(12,13,16),(13,14,17),(17,14,18),(14,15,18),(18,15,19),(16,20,15),(15,20,19),(13,17,16),(16,17,20),(17,18,21),(21,18,22),(18,19,22),(22,19,23),(20,24,19),(19,24,23),(17,21,20),(20,21,24),(21,22,25),(25,22,26),(22,23,26),(26,23,27),(24,28,23),(23,28,27),(21,25,24),(24,25,28),(25,26,29),(29,26,30),(26,27,30),(30,27,31),(28,32,27),(27,32,31),(25,29,28),(28,29,32),(29,30,33),(33,30,34),(30,31,34),(34,31,35),(32,36,31),(31,36,35),(29,33,32),(32,33,36),(33,34,5),(5,34,6),(34,35,6),(6,35,8),(36,7,35),(35,7,8),(33,5,36),(36,5,7)),$);
#3486= IFCSHAPEREPRESENTATION(#178,'Body','Tessellation',(#3485));
#3487= IFCPRODUCTDEFINITIONSHAPE($,$,(#3486));
#3488= IFCCARTESIANPOINT((505166.222459,1707776.611723,370.85017));
#3489= IFCAXIS2PLACEMENT3D(#3488,$,$);
#3490= IFCLOCALPLACEMENT(#5,#3489);
#3491= IFCBUILTELEMENT('2Lr3vVs3T7HBSIPWBHFJBB',$,'\X2\0110\X0\\X2\1EA5\X0\t n\X2\1EC1\X0\n',$,$,#3490,#3487,'6128C');
#3492= IFCSTYLEDITEM(#3485,(#133),'\X2\0110\X0\\X2\1EA5\X0\t n\X2\1EC1\X0\n');
#3493= IFCPROPERTYSINGLEVALUE('Area',$,IFCREAL(115.036977509102),$);
#3494= IFCPROPERTYSINGLEVALUE('Bounds',$,IFCLABEL('((505160.80942671443,1707771.4433231386,370.4546266535911),(505171.6354905448,1707781.7801224615,371.245713218787))'),$);
#3495= IFCPROPERTYSET('3qt45qb$35LVS36NCGjPJ6',$,'Properties',$,(#39,#40,#41,#42,#43,#44,#45,#46,#47,#48,#49,#50,#51,#52,#53,#54,#55,#56,#57,#59,#60,#193,#197,#299,#300,#301,#3493,#3494));
#3496= IFCRELDEFINESBYPROPERTIES('1O2eJQIxaMbRLP7qBldulC',$,$,$,(#3491),#3495);
#3497= IFCPROPERTYSET('2pRdT5Iy_peG46LC3bhX2U',$,'Misc',$,(#85,#87,#88,#203));
#3498= IFCRELDEFINESBYPROPERTIES('1QrUOW85pd1dMRlL6mckE0',$,$,$,(#3491),#3497);
#3499= IFCPROPERTYSET('06abFS5XqteF_yBPQ8ZOzm',$,'3D Visualization',$,(#91,#92,#93));
#3500= IFCRELDEFINESBYPROPERTIES('0UMg8d6E_HidYLg6V8r2gu',$,$,$,(#3491),#3499);
#3501= IFCPROPERTYSET('3yeKN2M96PpGskyga$bxDl',$,'General',$,(#72,#74,#75,#76,#77,#171));
#3502= IFCRELDEFINESBYPROPERTIES('07Zv9IfELWuh6EYh$SWNFS',$,$,$,(#3491),#3501);
#3503= IFCPROPERTYSET('0oHVRepdLZbZ7b4iOm8JAc',$,'Geometry',$,(#82));
#3504= IFCRELDEFINESBYPROPERTIES('1OaXFevX0wI_VPDGD4RDom',$,$,$,(#3491),#3503);
#3505= IFCPROPERTYSET('1FuY9QhFoIJfHfDqxUdv14',$,'Corridor Identity',$,(#214,#215,#216,#218,#221,#224,#277,#453,#672,#673,#674,#675));
#3506= IFCRELDEFINESBYPROPERTIES('03rfe_msaPjwVWSe_NwN10',$,$,$,(#3491),#3505);
#3507= IFCPROPERTYSET('1t7I380RQAmtQaPdGx7dvF',$,'Corridor Model Information',$,(#229,#230,#465,#678,#679));
#3508= IFCRELDEFINESBYPROPERTIES('3G21iUhHCp2k$BeD5YM24V',$,$,$,(#3491),#3507);
#3509= IFCPROPERTYSINGLEVALUE('Volume',$,IFCVOLUMEMEASURE(25.0000000005493),$);
#3510= IFCPROPERTYSET('1JlbniFSSqRId4YwtCO$ih',$,'Corridor Shape Information',$,(#236,#282,#682,#683,#3133,#3509));
#3511= IFCRELDEFINESBYPROPERTIES('0_HL8Xr62Jz5aoc66kKXtu',$,$,$,(#3491),#3510);
#3512= IFCPROPERTYSINGLEVALUE('Kh\X2\1ED1\X0\i l\X2\01B0\X0\\X2\1EE3\X0\ng (m3)',$,IFCREAL(24.9999999999099),$);
#3513= IFCPROPERTYSET('34Jl5biCvggiESec2Pzssr',$,'Thong_tin_BIM',$,(#252,#616,#688,#689,#1840,#3137,#3138,#3139,#3141,#3142,#3143,#3512));
#3514= IFCRELDEFINESBYPROPERTIES('2EmeMSYsuPltZgpBKoZY5E',$,$,$,(#3491),#3513);
#3515= IFCCARTESIANPOINTLIST3D(((-11.845914,6.995043,0.555342),(-8.563522,10.766773,0.455544),(-11.846071,6.995207,0.055342),(-8.56368,10.766937,-0.044456),(8.56368,-10.766937,0.044456),(8.563522,-10.766773,-0.455544),(11.846071,-6.995207,-0.055342),(11.845914,-6.995043,-0.555342),(-11.359368,6.571614,0.543163),(-8.076977,10.343344,0.443365),(-8.077134,10.343508,-0.056635),(-11.359525,6.571778,0.043163),(-9.850701,5.258657,0.505399),(-6.568309,9.030387,0.4056),(-6.568467,9.030551,-0.0944),(-9.850858,5.258821,0.005399),(-8.342034,3.9457,0.467634),(-5.059642,7.71743,0.367836),(-5.059799,7.717594,-0.132164),(-8.342191,3.945864,-0.032366),(-6.833366,2.632743,0.42987),(-3.550975,6.404473,0.330071),(-3.551132,6.404637,-0.169928),(-6.833524,2.632907,-0.07013),(-5.324699,1.319787,0.392105),(-2.042308,5.091517,0.292307),(-2.042465,5.09168,-0.207693),(-5.324856,1.31995,-0.107895),(-3.816032,0.00683,0.354341),(-0.533641,3.77856,0.254543),(-0.533798,3.778723,-0.245457),(-3.816189,0.006993,-0.145659),(-2.307365,-1.306127,0.316576),(0.975027,2.465603,0.216778),(0.974869,2.465766,-0.283222),(-2.307522,-1.305964,-0.183424),(-0.798698,-2.619084,0.278812),(2.483694,1.152646,0.179014),(2.483537,1.152809,-0.320986),(-0.798855,-2.618921,-0.221188),(0.70997,-3.932041,0.241048),(3.992361,-0.160311,0.141249),(3.992204,-0.160148,-0.358751),(0.709812,-3.931878,-0.258952),(2.218637,-5.244998,0.203283),(5.501028,-1.473268,0.103485),(5.500871,-1.473105,-0.396515),(2.21848,-5.244835,-0.296717),(3.727304,-6.557955,0.165519),(7.009695,-2.786225,0.06572),(7.009538,-2.786062,-0.43428),(3.727147,-6.557792,-0.334481),(5.235971,-7.870912,0.127754),(8.518363,-4.099182,0.027956),(8.518205,-4.099019,-0.472044),(5.235814,-7.870748,-0.372246),(6.744638,-9.183869,0.08999),(10.02703,-5.412139,-0.009809),(10.026873,-5.411975,-0.509809),(6.744481,-9.183705,-0.41001),(8.253306,-10.496826,0.052225),(11.535697,-6.725096,-0.047573),(11.53554,-6.724932,-0.547573),(8.253148,-10.496662,-0.447775)),$);
#3516= IFCTRIANGULATEDFACESET(#3515,$,$,((1,2,3),(3,2,4),(5,6,7),(7,6,8),(1,9,2),(2,9,10),(2,10,4),(4,10,11),(3,4,12),(12,4,11),(1,3,9),(9,3,12),(9,13,10),(10,13,14),(10,14,11),(11,14,15),(12,11,16),(16,11,15),(9,12,13),(13,12,16),(13,17,14),(14,17,18),(14,18,15),(15,18,19),(16,15,20),(20,15,19),(13,16,17),(17,16,20),(17,21,18),(18,21,22),(18,22,19),(19,22,23),(20,19,24),(24,19,23),(17,20,21),(21,20,24),(21,25,22),(22,25,26),(22,26,23),(23,26,27),(24,23,28),(28,23,27),(21,24,25),(25,24,28),(25,29,26),(26,29,30),(26,30,27),(27,30,31),(28,27,32),(32,27,31),(25,28,29),(29,28,32),(29,33,30),(30,33,34),(30,34,31),(31,34,35),(32,31,36),(36,31,35),(29,32,33),(33,32,36),(33,37,34),(34,37,38),(34,38,35),(35,38,39),(36,35,40),(40,35,39),(33,36,37),(37,36,40),(37,41,38),(38,41,42),(38,42,39),(39,42,43),(40,39,44),(44,39,43),(37,40,41),(41,40,44),(41,45,42),(42,45,46),(42,46,43),(43,46,47),(44,43,48),(48,43,47),(41,44,45),(45,44,48),(45,49,46),(46,49,50),(46,50,47),(47,50,51),(48,47,52),(52,47,51),(45,48,49),(49,48,52),(49,53,50),(50,53,54),(50,54,51),(51,54,55),(52,51,56),(56,51,55),(49,52,53),(53,52,56),(53,57,54),(54,57,58),(54,58,55),(55,58,59),(56,55,60),(60,55,59),(53,56,57),(57,56,60),(57,61,58),(58,61,62),(58,62,59),(59,62,63),(60,59,64),(64,59,63),(57,60,61),(61,60,64),(61,5,62),(62,5,7),(62,7,63),(63,7,8),(64,63,6),(6,63,8),(61,64,5),(5,64,6)),$);
#3517= IFCSHAPEREPRESENTATION(#178,'Body','Tessellation',(#3516));
#3518= IFCPRODUCTDEFINITIONSHAPE($,$,(#3517));
#3519= IFCCARTESIANPOINT((505183.481346,1707768.220038,370.500517));
#3520= IFCAXIS2PLACEMENT3D(#3519,$,$);
#3521= IFCLOCALPLACEMENT(#5,#3520);
#3522= IFCBUILTELEMENT('39n0yS_Bb2$e5h9Wjv6Xv6',$,'\X2\0110\X0\\X2\1EA5\X0\t n\X2\1EC1\X0\n',$,$,#3521,#3518,'61295');
#3523= IFCSTYLEDITEM(#3516,(#133),'\X2\0110\X0\\X2\1EA5\X0\t n\X2\1EC1\X0\n');
#3524= IFCPROPERTYSINGLEVALUE('Area',$,IFCREAL(302.721059635023),$);
#3525= IFCPROPERTYSINGLEVALUE('Bounds',$,IFCLABEL('((505171.6350861831,1707757.4529365923,369.9439422606013),(505195.3276062234,1707778.987138529,371.0570926587554))'),$);
#3526= IFCPROPERTYSET('22kTEhrCGtUN6CNM7qW0vb',$,'Properties',$,(#39,#40,#41,#42,#43,#44,#45,#46,#47,#48,#49,#50,#51,#52,#53,#54,#55,#56,#57,#59,#60,#193,#197,#299,#300,#301,#3524,#3525));
#3527= IFCRELDEFINESBYPROPERTIES('2FbaQGqyNtaN4pNMRtKN_e',$,$,$,(#3522),#3526);
#3528= IFCPROPERTYSET('0NR1Vl3mr5jm8XkmTEsYRu',$,'Misc',$,(#85,#87,#88,#203));
#3529= IFCRELDEFINESBYPROPERTIES('0y$Gtyo35G27gT512H6wVO',$,$,$,(#3522),#3528);
#3530= IFCPROPERTYSET('1VbnYiOB6W9SVtW33ZHkrQ',$,'3D Visualization',$,(#91,#92,#93));
#3531= IFCRELDEFINESBYPROPERTIES('1kOcZ87znPllsYe_6Cce0n',$,$,$,(#3522),#3530);
#3532= IFCPROPERTYSET('0AU1uMiL5Y8A5HYXCR08uE',$,'General',$,(#72,#74,#75,#76,#77,#171));
#3533= IFCRELDEFINESBYPROPERTIES('2fC3ADG_XaovMnKpfpEoHx',$,$,$,(#3522),#3532);
#3534= IFCPROPERTYSET('3Tilkg5vaWiKJATgBUzG0j',$,'Geometry',$,(#82));
#3535= IFCRELDEFINESBYPROPERTIES('2ykasHyv7TD9HiF8TjKTuQ',$,$,$,(#3522),#3534);
#3536= IFCPROPERTYSET('3NC$hKowu3OvoU2c13PZ$0',$,'Corridor Identity',$,(#214,#215,#218,#221,#224,#453,#672,#744,#745,#746,#747,#748));
#3537= IFCRELDEFINESBYPROPERTIES('13PAcUbYCFxPUBQqKU3Wtz',$,$,$,(#3522),#3536);
#3538= IFCPROPERTYSET('2WBtdf8UyUZ73twQL0dswW',$,'Corridor Model Information',$,(#229,#230,#465,#678,#751));
#3539= IFCRELDEFINESBYPROPERTIES('2zGCyNr2DEVxNp0zrJ_ZGV',$,$,$,(#3522),#3538);
#3540= IFCPROPERTYSINGLEVALUE('Volume',$,IFCVOLUMEMEASURE(67.6411390021376),$);
#3541= IFCPROPERTYSET('34WwyUPEKNQnFh9Oct8C$6',$,'Corridor Shape Information',$,(#235,#754,#755,#756,#3133,#3540));
#3542= IFCRELDEFINESBYPROPERTIES('13TvWXckDga_BLQh9jgUb7',$,$,$,(#3522),#3541);
#3543= IFCPROPERTYSINGLEVALUE('Kh\X2\1ED1\X0\i l\X2\01B0\X0\\X2\1EE3\X0\ng (m3)',$,IFCREAL(67.6411390019667),$);
#3544= IFCPROPERTYSET('1vsmMKZUfSIaWNYBRViCX$',$,'Thong_tin_BIM',$,(#252,#761,#762,#763,#1840,#3137,#3138,#3139,#3141,#3142,#3143,#3543));
#3545= IFCRELDEFINESBYPROPERTIES('0VNjN4cP9uy5jr7NeHrbWF',$,$,$,(#3522),#3544);
#3546= IFCCARTESIANPOINTLIST3D(((-5.412785,1.396446,0.39431),(-2.130394,5.168176,0.294512),(-5.412942,1.396609,-0.10569),(-2.130551,5.168339,-0.205488),(2.130551,-5.168339,0.205488),(2.130394,-5.168176,-0.294512),(5.412942,-1.396609,0.10569),(5.412785,-1.396446,-0.39431),(-4.214492,0.3536,0.364315),(-0.932101,4.12533,0.264517),(-0.932258,4.125493,-0.235483),(-4.214649,0.353763,-0.135685),(-2.705825,-0.959357,0.326551),(0.576567,2.812373,0.226752),(0.576409,2.812536,-0.273248),(-2.705982,-0.959194,-0.173449),(-1.197158,-2.272314,0.288786),(2.085234,1.499416,0.188988),(2.085077,1.499579,-0.311012),(-1.197315,-2.272151,-0.211214),(0.31151,-3.585271,0.251022),(3.593901,0.186459,0.151223),(3.593744,0.186622,-0.348777),(0.311352,-3.585108,-0.248978),(1.820177,-4.898228,0.213257),(5.102568,-1.126498,0.113459),(5.102411,-1.126334,-0.386541),(1.82002,-4.898064,-0.286743)),$);
#3547= IFCTRIANGULATEDFACESET(#3546,$,$,((1,2,3),(3,2,4),(5,6,7),(7,6,8),(1,9,2),(2,9,10),(2,10,4),(4,10,11),(3,4,12),(12,4,11),(1,3,9),(9,3,12),(9,13,10),(10,13,14),(10,14,11),(11,14,15),(12,11,16),(16,11,15),(9,12,13),(13,12,16),(13,17,14),(14,17,18),(14,18,15),(15,18,19),(16,15,20),(20,15,19),(13,16,17),(17,16,20),(17,21,18),(18,21,22),(18,22,19),(19,22,23),(20,19,24),(24,19,23),(17,20,21),(21,20,24),(21,25,22),(22,25,26),(22,26,23),(23,26,27),(24,23,28),(28,23,27),(21,24,25),(25,24,28),(25,5,26),(26,5,7),(26,7,27),(27,7,8),(28,27,6),(6,27,8),(25,28,5),(5,28,6)),$);
#3548= IFCSHAPEREPRESENTATION(#178,'Body','Tessellation',(#3547));
#3549= IFCPRODUCTDEFINITIONSHAPE($,$,(#3548));
#3550= IFCCARTESIANPOINT((505197.457811,1707756.056655,370.150663));
#3551= IFCAXIS2PLACEMENT3D(#3550,$,$);
#3552= IFCLOCALPLACEMENT(#5,#3551);
#3553= IFCBUILTELEMENT('3Ulg$c0_P7nOXPamD0wBq1',$,'\X2\0110\X0\\X2\1EA5\X0\t n\X2\1EC1\X0\n',$,$,#3552,#3549,'6129E');
#3554= IFCSTYLEDITEM(#3547,(#133),'\X2\0110\X0\\X2\1EA5\X0\t n\X2\1EC1\X0\n');
#3555= IFCPROPERTYSINGLEVALUE('Bounds',$,IFCLABEL('((505192.04477902065,1707750.8882553957,369.7551200102434),(505202.87084285106,1707761.2250547183,370.5462065754405))'),$);
#3556= IFCPROPERTYSET('37wuzFger1rGKR7op0elcM',$,'Properties',$,(#39,#40,#41,#42,#43,#44,#45,#46,#47,#48,#49,#50,#51,#52,#53,#54,#55,#56,#57,#59,#60,#193,#197,#299,#300,#301,#3462,#3555));
#3557= IFCRELDEFINESBYPROPERTIES('3XpdFtXKhx$eSLeYfNYE8j',$,$,$,(#3553),#3556);
#3558= IFCPROPERTYSET('2VMkLvFq5xFsklCw4u$Hci',$,'Misc',$,(#85,#87,#88,#203));
#3559= IFCRELDEFINESBYPROPERTIES('37i0ZNTkX02XGCN$zFg9y1',$,$,$,(#3553),#3558);
#3560= IFCPROPERTYSET('0wUmASybr22F5g$3pjbML7',$,'3D Visualization',$,(#91,#92,#93));
#3561= IFCRELDEFINESBYPROPERTIES('0dPAScIuYhiH53Lly255aV',$,$,$,(#3553),#3560);
#3562= IFCPROPERTYSET('3c1ByA0bYOXsoBMW2jykX1',$,'General',$,(#72,#74,#75,#76,#77,#171));
#3563= IFCRELDEFINESBYPROPERTIES('0EOWYGmppbdRD3J$9L8d1e',$,$,$,(#3553),#3562);
#3564= IFCPROPERTYSET('0qDvgDtHshgmgcGvXdWuYY',$,'Geometry',$,(#82));
#3565= IFCRELDEFINESBYPROPERTIES('2yY96QgP1uhgZ6zzofwPNx',$,$,$,(#3553),#3564);
#3566= IFCPROPERTYSET('0CIsZxgqjo9kUcb67mHRFD',$,'Corridor Identity',$,(#214,#215,#216,#217,#218,#221,#224,#453,#672,#786,#787,#788));
#3567= IFCRELDEFINESBYPROPERTIES('08Mcphfs82d1pR57RGrkdt',$,$,$,(#3553),#3566);
#3568= IFCPROPERTYSET('070rZsKEFrvJhC4BfZA4LG',$,'Corridor Model Information',$,(#229,#230,#465,#678,#791));
#3569= IFCRELDEFINESBYPROPERTIES('2EGGO7TIYqM84Yv4f4S2BJ',$,$,$,(#3553),#3568);
#3570= IFCPROPERTYSINGLEVALUE('Volume',$,IFCVOLUMEMEASURE(25.0000000005341),$);
#3571= IFCPROPERTYSET('1KhMpLa4BiquDWK6RGV$C8',$,'Corridor Shape Information',$,(#235,#236,#794,#795,#3133,#3570));
#3572= IFCRELDEFINESBYPROPERTIES('2MQWBFbVf2ZzeGussItqt3',$,$,$,(#3553),#3571);
#3573= IFCPROPERTYSINGLEVALUE('Kh\X2\1ED1\X0\i l\X2\01B0\X0\\X2\1EE3\X0\ng (m3)',$,IFCREAL(24.9999999999465),$);
#3574= IFCPROPERTYSET('1ZWI5xHowmexOkan4RZggz',$,'Thong_tin_BIM',$,(#252,#616,#800,#801,#1840,#3137,#3138,#3139,#3141,#3142,#3143,#3573));
#3575= IFCRELDEFINESBYPROPERTIES('1A6BeuG7vGojYrAp_JdjcO',$,$,$,(#3553),#3574);
#3576= IFCCARTESIANPOINTLIST3D(((-4.725829,0.798665,-0.222889),(-4.725672,0.798501,0.277111),(-5.047847,1.078881,-0.214829),(-5.04769,1.078717,0.285171),(-4.725843,0.798648,-0.22289),(-4.725686,0.798485,0.27711),(-4.214523,0.353633,0.264315),(-4.214681,0.353796,-0.235685),(-5.412974,1.396642,-0.20569),(-5.412817,1.396478,0.29431),(-2.130362,5.168143,0.394512),(-0.932069,4.125297,0.364517),(-2.130519,5.168306,-0.105488),(5.412974,-1.396642,0.20569),(2.130519,-5.168306,0.105488),(5.412817,-1.396478,-0.29431),(2.130362,-5.168143,-0.394512),(-0.932226,4.125461,-0.135483),(0.576598,2.81234,0.326752),(-2.705856,-0.959324,0.226551),(-2.706013,-0.959161,-0.273449),(0.576441,2.812504,-0.173248),(2.085265,1.499383,0.288988),(-1.197189,-2.272281,0.188786),(-1.197346,-2.272118,-0.311214),(2.085108,1.499547,-0.211012),(3.593932,0.186426,0.251223),(0.311478,-3.585238,0.151022),(0.311321,-3.585075,-0.348978),(3.593775,0.18659,-0.248777),(5.1026,-1.126531,0.213459),(1.820145,-4.898195,0.113257),(1.819988,-4.898032,-0.386743),(5.102442,-1.126367,-0.286541)),$);
#3577= IFCTRIANGULATEDFACESET(#3576,$,$,((1,2,3),(3,2,4),(5,6,1),(1,6,2),(6,5,7),(7,5,8),(3,4,9),(9,4,10),(10,4,11),(11,4,2),(11,2,12),(12,2,7),(7,2,6),(11,13,10),(10,13,9),(14,15,16),(16,15,17),(3,13,1),(1,13,18),(1,18,8),(3,9,13),(8,5,1),(11,12,13),(13,12,18),(12,7,19),(19,7,20),(7,8,20),(20,8,21),(18,22,8),(8,22,21),(12,19,18),(18,19,22),(19,20,23),(23,20,24),(20,21,24),(24,21,25),(22,26,21),(21,26,25),(19,23,22),(22,23,26),(23,24,27),(27,24,28),(24,25,28),(28,25,29),(26,30,25),(25,30,29),(23,27,26),(26,27,30),(27,28,31),(31,28,32),(28,29,32),(32,29,33),(30,34,29),(29,34,33),(27,31,30),(30,31,34),(31,32,14),(14,32,15),(32,33,15),(15,33,17),(34,16,33),(33,16,17),(31,14,34),(34,14,16)),$);
#3578= IFCSHAPEREPRESENTATION(#178,'Body','Tessellation',(#3577));
#3579= IFCPRODUCTDEFINITIONSHAPE($,$,(#3578));
#3580= IFCCARTESIANPOINT((505194.175388,1707752.284958,370.150462));
#3581= IFCAXIS2PLACEMENT3D(#3580,$,$);
#3582= IFCLOCALPLACEMENT(#5,#3581);
#3583= IFCBUILTELEMENT('1s4O3Dz6jF38qjXd1nDapN',$,'\X2\0110\X0\\X2\1EA5\X0\t n\X2\1EC1\X0\n',$,$,#3582,#3579,'612A7');
#3584= IFCSTYLEDITEM(#3577,(#133),'\X2\0110\X0\\X2\1EA5\X0\t n\X2\1EC1\X0\n');
#3585= IFCPROPERTYSINGLEVALUE('Area',$,IFCREAL(115.036978970965),$);
#3586= IFCPROPERTYSINGLEVALUE('Bounds',$,IFCLABEL('((505188.76235617965,1707747.1165581315,369.75491831991786),(505199.58842001,1707757.453357454,370.5460048851144))'),$);
#3587= IFCPROPERTYSET('0XHiWT1cZp$XJsVlen8kjB',$,'Properties',$,(#39,#40,#41,#42,#43,#44,#47,#48,#49,#50,#51,#52,#53,#54,#55,#56,#57,#59,#60,#193,#194,#195,#196,#197,#198,#199,#3585,#3586));
#3588= IFCRELDEFINESBYPROPERTIES('1pjaaCaJGyQbAO7nPZ00J8',$,$,$,(#3583),#3587);
#3589= IFCPROPERTYSET('3mwKaM$SelNtLwjMnsOU1i',$,'Misc',$,(#85,#87,#88,#203));
#3590= IFCRELDEFINESBYPROPERTIES('0_spKTbrl4NqGNhBO4V3tq',$,$,$,(#3583),#3589);
#3591= IFCPROPERTYSET('1gkT0f1UnV$nVwIOolpK7x',$,'3D Visualization',$,(#91,#92,#93));
#3592= IFCRELDEFINESBYPROPERTIES('30Yu7eYMRWYYXCIF3cfB$x',$,$,$,(#3583),#3591);
#3593= IFCPROPERTYSET('0oqdODP9HK0jmqMJ6Lemkh',$,'General',$,(#72,#74,#75,#76,#77,#171));
#3594= IFCRELDEFINESBYPROPERTIES('0KO5a0H7BOiSOYgfS5LwDp',$,$,$,(#3583),#3593);
#3595= IFCPROPERTYSET('2JDdDa_YHeH4hSwLMviAF2',$,'Geometry',$,(#82));
#3596= IFCRELDEFINESBYPROPERTIES('1gxrjruSh6gnnd4D57YLRs',$,$,$,(#3583),#3595);
#3597= IFCPROPERTYSET('2kF7xsu2LC1EiUVEoimPMW',$,'Corridor Identity',$,(#214,#215,#216,#218,#221,#224,#277,#453,#672,#786,#787,#788));
#3598= IFCRELDEFINESBYPROPERTIES('3MSZtLzyPCD_Bty3dyLFyI',$,$,$,(#3583),#3597);
#3599= IFCPROPERTYSET('1D2qqUb_dOc6_BBVKZGpZK',$,'Corridor Model Information',$,(#229,#230,#465,#678,#791));
#3600= IFCRELDEFINESBYPROPERTIES('3lfh73y5uGxMN5azNa8ZkG',$,$,$,(#3583),#3599);
#3601= IFCPROPERTYSINGLEVALUE('Volume',$,IFCVOLUMEMEASURE(24.9999976700511),$);
#3602= IFCPROPERTYSET('1Fsb3Cl6mkEe5CWL07iv4x',$,'Corridor Shape Information',$,(#236,#282,#794,#795,#3133,#3601));
#3603= IFCRELDEFINESBYPROPERTIES('3nJMydY7SMBCvIGNTHZc4O',$,$,$,(#3583),#3602);
#3604= IFCPROPERTYSINGLEVALUE('Kh\X2\1ED1\X0\i l\X2\01B0\X0\\X2\1EE3\X0\ng (m3)',$,IFCREAL(24.9999976699163),$);
#3605= IFCPROPERTYSET('2g8FLCPea1CI5vOnuZpwAF',$,'Thong_tin_BIM',$,(#252,#616,#800,#801,#1840,#3137,#3138,#3139,#3141,#3142,#3143,#3604));
#3606= IFCRELDEFINESBYPROPERTIES('3ML3h4pmYO6jb__EpAXjTI',$,$,$,(#3583),#3605);
#3607= IFCCARTESIANPOINTLIST3D(((6.01469,-5.345508,0.061116),(6.014533,-5.345345,-0.438884),(5.973021,-5.39339,0.059769),(5.972864,-5.393226,-0.440231),(5.650713,-5.02873,-0.432954),(5.65087,-5.028894,0.067045),(5.250762,-4.680672,-0.424498),(5.250919,-4.680836,0.075502),(5.118666,-4.832804,0.071013),(5.118509,-4.83264,-0.428987),(6.792481,-4.436116,0.08651),(7.5669,-3.443665,0.113878),(8.512728,-0.933977,0.183709),(9.718748,-1.983547,0.15352),(6.436294,-5.755212,0.053318),(6.436137,-5.755049,-0.446681),(6.792324,-4.435953,-0.41349),(7.566743,-3.443502,-0.386122),(8.512571,-0.933814,-0.316291),(9.718591,-1.983384,-0.34648),(-7.232445,-6.260298,-0.28411),(-7.232288,-6.260462,0.215889),(-9.718748,-3.796953,-0.212524),(-9.718591,-3.797116,0.287476),(-8.249411,-4.805835,0.252314),(-8.855562,-4.171842,0.271947),(-9.204837,-3.27858,0.295684),(-6.841927,-5.887184,0.210207),(-7.643259,-5.439829,0.232681),(-9.204995,-3.278417,-0.204316),(-8.249568,-4.805672,-0.247686),(-7.643416,-5.439666,-0.267319),(-6.842084,-5.88702,-0.289793),(-8.85572,-4.171678,-0.228053),(-9.201979,-3.275695,0.29573),(-8.022112,-4.581657,0.252949),(-6.839703,-5.88517,0.210175),(-9.202136,-3.275531,-0.20427),(-6.83986,-5.885006,-0.289825),(-8.022269,-4.581494,-0.247051),(-9.19912,-3.272809,0.295776),(-8.01957,-4.579208,0.252956),(-6.837479,-5.883157,0.210143),(-9.199277,-3.272646,-0.204224),(-6.837636,-5.882993,-0.289857),(-8.019727,-4.579044,-0.247044),(-7.806933,-4.382509,0.253545),(-8.38588,-3.709422,0.276532),(-8.16305,-3.493448,0.278696),(-7.595568,-4.187035,0.25413),(-7.227987,-5.055596,0.230558),(-7.028085,-4.880623,0.229564),(-6.083727,-5.265264,0.199852),(-8.261945,-2.326911,0.310749),(-7.384202,-3.991561,0.254715),(-6.828183,-4.705649,0.22857),(-7.94022,-3.277473,0.28086),(-8.262102,-2.326747,-0.189251),(-7.807091,-4.382346,-0.246455),(-7.228144,-5.055433,-0.269442),(-7.028242,-4.880459,-0.270436),(-7.595725,-4.186872,-0.24587),(-8.386037,-3.709258,-0.223468),(-8.163207,-3.493284,-0.221304),(-6.083884,-5.2651,-0.300148),(-7.384359,-3.991398,-0.245285),(-7.940377,-3.27731,-0.21914),(-6.82834,-4.705486,-0.27143),(-6.957652,-3.608684,0.255908),(-7.492442,-2.849348,0.285203),(-7.792518,-1.853114,0.318249),(-6.742468,-3.42128,0.256516),(-6.422862,-4.368019,0.226613),(-5.692418,-4.989446,0.194782),(-7.792675,-1.852951,-0.181751),(-6.957809,-3.60852,-0.244092),(-6.423019,-4.367856,-0.273387),(-5.692575,-4.989282,-0.305218),(-6.742625,-3.421117,-0.243484),(-7.492599,-2.849185,-0.214797),(-7.016396,-2.40996,0.289849),(-6.765298,-2.182723,0.292316),(-6.514201,-1.955486,0.294783),(-6.260864,-3.039984,0.258031),(-6.020062,-2.849337,0.258789),(-5.75643,-3.897246,0.223746),(-5.525924,-3.743187,0.222795),(-5.295418,-3.589129,0.221843),(-3.930732,-4.049692,0.173497),(-5.064911,-3.43507,0.220892),(-4.834405,-3.281012,0.219941),(-5.297656,-2.277393,0.261063),(-5.701373,0.257497,0.351659),(-5.986937,-4.051304,0.224698),(-6.501666,-3.230632,0.257273),(-6.263103,-1.728249,0.29725),(-6.012005,-1.501012,0.299718),(-5.760908,-1.273774,0.302185),(-5.538458,-2.468041,0.260305),(-5.77926,-2.658689,0.259547),(-5.70153,0.257661,-0.148341),(-5.987094,-4.051141,-0.275302),(-5.756587,-3.897082,-0.276254),(-5.526081,-3.743024,-0.277205),(-6.261021,-3.039821,-0.241969),(-6.020219,-2.849173,-0.241211),(-6.765455,-2.182559,-0.207684),(-6.514358,-1.955322,-0.205217),(-6.26326,-1.728085,-0.202749),(-6.012163,-1.500848,-0.200282),(-5.761065,-1.273611,-0.197815),(-5.297814,-2.27723,-0.238937),(-3.930889,-4.049528,-0.326503),(-7.016553,-2.409797,-0.210151),(-6.501823,-3.230469,-0.242726),(-5.295575,-3.588965,-0.278157),(-5.065068,-3.434907,-0.279108),(-4.834562,-3.280848,-0.280059),(-5.538616,-2.467877,-0.239695),(-5.779417,-2.658525,-0.240453),(-3.218187,2.763798,0.391333),(-3.716939,-1.126765,0.267133),(-2.017464,-3.478664,0.152044),(-3.218344,2.763962,-0.108667),(-2.017621,-3.478501,-0.347956),(-3.717096,-1.126602,-0.232867),(-2.127089,-0.032193,0.274429),(-1.636352,0.293046,0.277169),(-0.811877,5.192508,0.429779),(-0.497878,-3.305456,0.135519),(-1.447011,-1.549507,0.210475),(-1.882328,-1.733778,0.211171),(-0.812034,5.192671,-0.070221),(-1.636509,0.29321,-0.222831),(-1.447168,-1.549343,-0.289525),(-0.498035,-3.305293,-0.364481),(-0.318502,1.166276,0.28488),(-0.346061,3.400561,0.36083),(0.064637,6.077182,0.443783),(-0.02889,-3.299128,0.130439),(-0.290943,-1.068008,0.208929),(0.06448,6.077345,-0.056217),(-0.318659,1.16644,-0.21512),(-0.2911,-1.067844,-0.291071),(-0.029047,-3.298964,-0.369561),(-0.346218,3.400724,-0.13917),(0.08394,1.432981,0.287571),(0.118154,3.799355,0.366378),(0.240098,6.254276,0.446586),(0.059914,-3.300407,0.129477),(0.049726,-0.933393,0.208765),(0.239941,6.254439,-0.053414),(0.083783,1.433144,-0.212429),(0.049569,-0.93323,-0.291235),(0.059757,-3.300243,-0.370523),(0.117996,3.799518,-0.133622),(0.246065,6.260298,0.446681),(0.152246,1.478426,0.288047),(0.0858,-2.105368,0.169099),(0.080077,-2.404142,0.159185),(0.074353,-2.702916,0.149271),(0.068629,-3.00169,0.139358),(0.062905,-3.300464,0.129444),(0.097248,-1.507821,0.188926),(0.108695,-0.910273,0.208753),(0.13159,0.284822,0.248408),(0.154485,1.479917,0.288063),(0.200275,3.870108,0.367372),(0.245908,6.260462,-0.053318),(0.062748,-3.3003,-0.370556),(0.152088,1.478589,-0.211953),(0.200118,3.870271,-0.132628),(0.154328,1.480081,-0.211937),(0.131433,0.284986,-0.251592),(0.108538,-0.91011,-0.291246),(0.097091,-1.507657,-0.311074),(0.085643,-2.105205,-0.330901),(0.079919,-2.403979,-0.340815),(0.074196,-2.702752,-0.350728),(0.068472,-3.001526,-0.360642),(0.251836,6.25528,0.390493),(0.202815,3.868219,0.346297),(0.15668,1.478648,0.274007),(0.135634,0.282904,0.227317),(0.110544,-0.910922,0.201718),(0.112394,-0.911571,0.194682),(0.100773,-1.508809,0.178364),(0.087477,-2.105707,0.165573),(0.089153,-2.106046,0.162047),(0.08171,-2.404404,0.156537),(0.083343,-2.404665,0.153888),(0.075943,-2.7031,0.1475),(0.077533,-2.703284,0.145729),(0.073059,-2.852448,0.142982),(0.071723,-3.001903,0.13757),(0.070176,-3.001796,0.138464),(0.067293,-3.151144,0.133946),(0.065851,-3.225818,0.131687),(0.065913,-3.300522,0.129412),(0.158874,1.477379,0.259952),(0.205355,3.866329,0.325222),(0.251678,6.255443,-0.109507),(0.067135,-3.150981,-0.366054),(0.065694,-3.225655,-0.368313),(0.065756,-3.300358,-0.370588),(0.071566,-3.001739,-0.36243),(0.070019,-3.001633,-0.361536),(0.072902,-2.852285,-0.357018),(0.075786,-2.702937,-0.3525),(0.081553,-2.40424,-0.343463),(0.08732,-2.105544,-0.334427),(0.110387,-0.910759,-0.298282),(0.156523,1.478812,-0.225992),(0.135477,0.283067,-0.272683),(0.112236,-0.911408,-0.305318),(0.100616,-1.508645,-0.321636),(0.202658,3.868382,-0.153703),(0.158717,1.477543,-0.240048),(0.205198,3.866493,-0.174778),(0.088996,-2.105883,-0.337953),(0.083186,-2.404502,-0.346112),(0.077376,-2.703121,-0.354271),(2.348268,4.430805,0.338016),(1.140151,3.170367,0.303924),(0.980251,0.997692,0.243593),(0.820351,-1.174983,0.183262),(1.254988,-3.394796,0.116452),(1.39094,0.757848,0.235413),(1.174329,-1.30669,0.177553),(1.60755,2.822386,0.293274),(2.348111,4.430968,-0.161984),(1.254831,-3.394632,-0.383548),(1.174172,-1.306526,-0.322447),(0.466215,-1.043114,-0.311028),(0.820194,-1.17482,-0.316738),(0.980094,0.997855,-0.256407),(1.390782,0.758012,-0.264587),(1.139994,3.17053,-0.196076),(1.607393,2.822549,-0.206726),(0.569406,1.237699,-0.248227),(0.672596,3.518512,-0.185427),(2.25128,0.248277,0.218427),(2.574246,2.100675,0.271351),(3.446154,3.475341,0.310534),(1.955712,-3.51824,0.108705),(1.928315,-1.60412,0.165503),(3.445997,3.475504,-0.189466),(2.251123,0.248441,-0.281573),(1.928158,-1.603957,-0.334497),(1.955555,-3.518077,-0.391295),(2.574089,2.100838,-0.228649),(6.141779,1.129403,0.243058),(3.850217,-0.760191,0.187292),(3.857221,-4.127265,0.08687),(6.141622,1.129566,-0.256942),(3.857064,-4.127102,-0.41313),(3.850059,-0.760027,-0.312708),(6.02789,-2.258441,0.14465),(6.027733,-2.258277,-0.35535)),$);
#3608= IFCTRIANGULATEDFACESET(#3607,$,$,((1,2,3),(3,2,4),(2,1,5),(5,1,6),(5,6,7),(7,6,8),(8,9,7),(7,9,10),(1,11,6),(6,11,12),(6,12,13),(13,12,14),(14,12,15),(15,12,11),(15,11,1),(1,3,15),(3,4,15),(15,4,16),(4,2,16),(16,2,17),(16,17,18),(18,17,5),(18,5,19),(2,5,17),(19,20,18),(18,20,16),(21,22,23),(23,22,24),(14,15,20),(20,15,16),(22,25,24),(24,25,26),(24,26,27),(27,26,25),(27,25,28),(28,25,29),(28,29,22),(22,29,25),(23,24,30),(30,24,27),(23,31,21),(21,31,32),(21,32,33),(33,32,31),(33,31,30),(30,31,34),(30,34,23),(23,34,31),(22,21,28),(28,21,33),(35,27,36),(36,27,28),(36,28,37),(37,35,36),(30,27,38),(38,27,35),(39,33,40),(40,33,30),(40,30,38),(38,39,40),(28,33,37),(37,33,39),(41,35,42),(42,35,37),(42,37,43),(43,41,42),(38,35,44),(44,35,41),(45,39,46),(46,39,38),(46,38,44),(44,45,46),(37,39,43),(43,39,45),(43,47,41),(41,47,48),(41,48,49),(49,48,47),(49,47,50),(50,47,51),(50,51,52),(52,51,43),(52,43,53),(54,55,53),(53,55,56),(53,56,52),(52,56,55),(52,55,50),(50,55,57),(50,57,49),(49,57,54),(49,54,41),(51,47,43),(57,55,54),(44,41,58),(58,41,54),(44,59,45),(45,59,60),(45,60,61),(61,60,59),(61,59,62),(62,59,63),(62,63,64),(64,63,44),(64,44,58),(65,66,58),(58,66,67),(58,67,64),(64,67,66),(64,66,62),(62,66,68),(62,68,61),(61,68,65),(61,65,45),(63,59,44),(68,66,65),(43,45,53),(53,45,65),(53,69,54),(54,69,70),(54,70,71),(71,70,72),(72,70,69),(72,69,73),(73,69,53),(73,53,74),(74,72,73),(58,54,75),(75,54,71),(58,76,65),(65,76,77),(65,77,78),(78,77,79),(79,77,76),(79,76,80),(80,76,58),(80,58,75),(75,79,80),(53,65,74),(74,65,78),(72,81,71),(71,81,82),(71,82,83),(83,82,84),(83,84,85),(85,84,86),(85,86,87),(87,86,74),(87,74,88),(88,74,89),(88,89,90),(90,89,91),(90,91,92),(92,91,89),(92,89,93),(74,94,72),(72,94,95),(72,95,81),(81,95,82),(71,96,93),(93,96,97),(93,97,98),(98,97,99),(98,99,92),(92,99,90),(94,74,86),(86,84,94),(94,84,95),(96,71,83),(84,82,95),(98,92,93),(96,83,85),(85,87,100),(100,87,88),(100,88,99),(99,88,90),(97,96,100),(100,96,85),(97,100,99),(75,71,101),(101,71,93),(79,102,78),(78,102,103),(78,103,104),(104,103,105),(104,105,106),(106,105,107),(106,107,108),(108,107,75),(108,75,109),(109,75,101),(109,101,110),(110,101,111),(110,111,112),(112,111,101),(112,101,113),(75,114,79),(79,114,115),(79,115,102),(102,115,103),(78,116,113),(113,116,117),(113,117,118),(118,117,119),(118,119,112),(112,119,110),(114,75,107),(107,105,114),(114,105,115),(116,78,104),(105,103,115),(118,112,113),(116,104,106),(106,108,120),(120,108,109),(120,109,119),(119,109,110),(117,116,120),(120,116,106),(117,120,119),(74,78,89),(89,78,113),(121,93,122),(122,93,89),(122,89,123),(123,121,122),(101,93,124),(124,93,121),(125,113,126),(126,113,101),(126,101,124),(124,125,126),(89,113,123),(123,113,125),(123,127,121),(121,127,128),(121,128,129),(129,128,130),(130,128,131),(130,131,123),(123,131,132),(123,132,127),(127,132,128),(131,128,132),(124,121,133),(133,121,129),(124,134,125),(125,134,135),(125,135,136),(136,135,134),(136,134,133),(133,134,124),(123,125,130),(130,125,136),(130,137,129),(129,137,138),(129,138,139),(139,138,137),(139,137,140),(140,137,141),(140,141,130),(130,141,137),(133,129,142),(142,129,139),(133,143,136),(136,143,144),(136,144,145),(145,144,143),(145,143,142),(142,143,146),(142,146,133),(133,146,143),(130,136,140),(140,136,145),(140,147,139),(139,147,148),(139,148,149),(149,148,147),(149,147,150),(150,147,151),(150,151,140),(140,151,147),(142,139,152),(152,139,149),(142,153,145),(145,153,154),(145,154,155),(155,154,153),(155,153,152),(152,153,156),(152,156,142),(142,156,153),(140,145,150),(150,145,155),(157,149,158),(158,149,150),(158,150,159),(159,150,160),(160,150,161),(161,150,162),(162,150,163),(159,164,158),(158,164,165),(158,165,166),(166,167,158),(158,167,168),(158,168,157),(152,149,169),(169,149,157),(170,155,171),(171,155,152),(171,152,172),(172,152,169),(172,173,171),(171,173,174),(171,174,175),(175,176,171),(171,176,177),(171,177,178),(178,179,171),(171,179,180),(171,180,170),(150,155,163),(163,155,170),(181,157,182),(182,157,168),(182,168,167),(182,167,183),(183,167,166),(183,166,184),(184,166,185),(184,185,186),(186,185,187),(187,185,188),(187,188,189),(189,188,190),(189,190,191),(191,190,192),(191,192,193),(193,192,194),(193,194,195),(195,194,196),(195,196,197),(197,196,162),(197,162,163),(166,165,185),(185,165,164),(185,164,188),(188,164,159),(188,159,160),(188,160,190),(190,160,161),(190,161,192),(192,161,194),(161,162,194),(194,162,196),(197,163,198),(198,163,199),(198,199,197),(197,199,195),(184,200,183),(183,200,201),(183,201,182),(182,201,181),(157,181,169),(169,181,202),(180,203,170),(170,203,204),(170,204,205),(205,204,203),(205,203,206),(206,203,207),(206,207,208),(208,207,180),(208,180,179),(208,179,209),(209,179,178),(209,178,210),(210,178,177),(210,177,211),(211,177,176),(211,176,212),(212,176,175),(212,175,174),(173,213,174),(174,213,214),(174,214,212),(212,214,215),(212,215,216),(173,172,213),(213,172,217),(213,217,218),(218,217,219),(219,217,202),(202,217,169),(169,217,172),(218,214,213),(212,216,211),(211,216,220),(211,220,221),(211,221,210),(210,221,222),(210,222,209),(209,222,208),(222,206,208),(203,180,207),(163,170,199),(199,170,205),(223,181,224),(224,181,201),(224,201,200),(224,200,225),(225,200,184),(225,184,226),(226,184,186),(226,186,187),(187,189,226),(226,189,191),(226,191,193),(193,195,226),(226,195,199),(226,199,227),(223,228,227),(227,228,229),(227,229,226),(226,229,228),(226,228,225),(225,228,230),(225,230,224),(224,230,223),(228,223,230),(181,223,202),(202,223,231),(205,206,232),(232,206,222),(232,222,221),(232,221,233),(233,221,220),(233,220,216),(215,234,216),(216,234,235),(216,235,233),(233,235,236),(233,236,237),(237,236,238),(237,238,239),(239,238,231),(239,231,237),(237,231,232),(237,232,233),(215,214,234),(234,214,240),(234,240,235),(235,240,236),(214,218,240),(240,218,219),(240,219,241),(241,219,202),(241,202,238),(238,202,231),(236,240,241),(238,236,241),(199,205,227),(227,205,232),(227,242,223),(223,242,243),(223,243,244),(244,243,242),(244,242,245),(245,242,246),(245,246,227),(227,246,242),(223,244,231),(231,244,247),(231,248,232),(232,248,249),(232,249,250),(250,249,248),(250,248,247),(247,248,251),(247,251,231),(231,251,248),(227,232,245),(245,232,250),(252,244,253),(253,244,245),(253,245,254),(254,252,253),(244,252,247),(247,252,255),(256,250,257),(257,250,247),(257,247,255),(255,256,257),(245,250,254),(254,250,256),(6,13,8),(8,13,258),(8,258,9),(9,258,254),(254,258,252),(252,258,13),(252,13,255),(255,13,19),(5,7,259),(259,7,10),(259,10,256),(256,255,259),(259,255,19),(259,19,5),(10,9,256),(256,9,254),(13,14,19),(19,14,20)),$);
#3609= IFCSHAPEREPRESENTATION(#178,'Body','Tessellation',(#3608));
#3610= IFCPRODUCTDEFINITIONSHAPE($,$,(#3609));
#3611= IFCCARTESIANPOINT((505225.413197,1707721.939134,369.312916));
#3612= IFCAXIS2PLACEMENT3D(#3611,$,$);
#3613= IFCLOCALPLACEMENT(#5,#3612);
#3614= IFCBUILTELEMENT('0CaHaWWOT2T8lDDHynf3DT',$,'\X2\0110\X0\\X2\1EA5\X0\t n\X2\1EC1\X0\n',$,$,#3613,#3610,'612B5');
#3615= IFCSTYLEDITEM(#3608,(#133),'\X2\0110\X0\\X2\1EA5\X0\t n\X2\1EC1\X0\n');
#3616= IFCPROPERTYSINGLEVALUE('Area',$,IFCREAL(255.155807461922),$);
#3617= IFCPROPERTYSINGLEVALUE('Bounds',$,IFCLABEL('((505215.6943775498,1707715.6785970232,368.8650381254461),(505235.1320361309,1707728.199723096,369.7627284566798))'),$);
#3618= IFCPROPERTYSET('1ABZKr$1ARVxAk0lpP66Y1',$,'Properties',$,(#39,#40,#41,#42,#43,#44,#47,#48,#49,#50,#51,#52,#53,#54,#55,#56,#57,#59,#60,#193,#194,#195,#196,#197,#198,#199,#3616,#3617));
#3619= IFCRELDEFINESBYPROPERTIES('0vFcuzlm7i1R1F0I7JMech',$,$,$,(#3614),#3618);
#3620= IFCPROPERTYSET('0IJ57cyVrCTZ8gusObm9Qq',$,'Misc',$,(#85,#87,#88,#203));
#3621= IFCRELDEFINESBYPROPERTIES('0lIi4mi3tMvPc9$H4ui9GF',$,$,$,(#3614),#3620);
#3622= IFCPROPERTYSET('23F7DpZsRTJ1JlAJfCiUXb',$,'3D Visualization',$,(#91,#92,#93));
#3623= IFCRELDEFINESBYPROPERTIES('1oWJ01lKyoIkQEPbdylsRN',$,$,$,(#3614),#3622);
#3624= IFCPROPERTYSET('3GiPB$dHvE_wVvHD4_PrHa',$,'General',$,(#72,#74,#75,#76,#77,#171));
#3625= IFCRELDEFINESBYPROPERTIES('0qXDw2lBeZicw6S9JsHfzM',$,$,$,(#3614),#3624);
#3626= IFCPROPERTYSET('2N5TVgS4G5MDF0uHYnbAKu',$,'Geometry',$,(#82));
#3627= IFCRELDEFINESBYPROPERTIES('1bbkIhQrl5sTxzTrsfl1VM',$,$,$,(#3614),#3626);
#3628= IFCPROPERTYSET('3e7m77Z738beJ5HAsqIA57',$,'Corridor Identity',$,(#221,#224,#456,#457,#458,#461,#462,#856,#857,#858,#859,#860));
#3629= IFCRELDEFINESBYPROPERTIES('0GGjN3GoMvsbo3Aw9$qu5W',$,$,$,(#3614),#3628);
#3630= IFCPROPERTYSET('1I8QfEH_D9$T$i7QLz4CeH',$,'Corridor Model Information',$,(#863,#864,#865,#866,#867));
#3631= IFCRELDEFINESBYPROPERTIES('2NyN8EVQmdlEICigcHUHaJ',$,$,$,(#3614),#3630);
#3632= IFCPROPERTYSINGLEVALUE('Volume',$,IFCVOLUMEMEASURE(57.3295394323423),$);
#3633= IFCPROPERTYSET('2bBKUzf1YYFi7dWZOKAfxN',$,'Corridor Shape Information',$,(#235,#472,#473,#474,#3133,#3632));
#3634= IFCRELDEFINESBYPROPERTIES('2V4nWdiTlcX4ez$IowXPcl',$,$,$,(#3614),#3633);
#3635= IFCPROPERTYSINGLEVALUE('Kh\X2\1ED1\X0\i l\X2\01B0\X0\\X2\1EE3\X0\ng (m3)',$,IFCREAL(57.3295394325212),$);
#3636= IFCPROPERTYSET('0u_BnSIX2a9CKO8dIayFBk',$,'Thong_tin_BIM',$,(#252,#479,#480,#481,#1840,#3137,#3138,#3139,#3141,#3142,#3143,#3635));
#3637= IFCRELDEFINESBYPROPERTIES('3y5dDkW7zagPE_8kUmoqGf',$,$,$,(#3614),#3636);
#3638= IFCCARTESIANPOINTLIST3D(((-5.707592,-6.931629,0.047511),(-5.70775,-6.931465,-0.452489),(-5.919329,-7.150253,0.040231),(-5.919486,-7.15009,-0.459769),(-5.734315,-6.905153,0.047021),(-5.734472,-6.90499,-0.452979),(-4.996263,-7.451797,0.061983),(-4.824953,-7.243755,0.067029),(-4.653643,-7.035714,0.072074),(-4.066418,-7.782168,0.081501),(-3.872312,-7.56283,0.086141),(-3.307883,-8.32058,0.095973),(-3.090981,-8.089946,0.100208),(-1.830252,-8.133202,0.121934),(-2.874078,-7.859312,0.104443),(-3.678205,-7.343492,0.090781),(-5.167573,-7.659839,0.056938),(-5.338883,-7.86788,0.051893),(-6.326056,-7.68907,0.025304),(-4.648737,-8.440181,0.06758),(-3.747843,-10.068643,0.091297),(-3.958591,-9.012482,0.083268),(-3.741688,-8.781848,0.087503),(-4.454631,-8.220843,0.072221),(-4.260524,-8.001505,0.076861),(-3.524786,-8.551214,0.091738),(-5.137946,-6.115107,0.068908),(-4.482333,-6.827672,0.077119),(-6.326214,-7.688907,-0.474696),(-7.109744,6.636682,-0.117708),(-7.109587,6.636518,0.382292),(-3.82729,10.408346,-0.017506),(-3.827133,10.408183,0.482494),(-4.084413,-10.408346,0.085919),(-6.57076,-7.944955,0.017506),(-4.08457,-10.408183,-0.414081),(-6.570917,-7.944791,-0.482494),(-1.533468,8.412061,0.42508),(-4.553002,7.659674,0.406811),(-5.74182,5.181934,0.33738),(-1.533625,8.412225,-0.07492),(-5.741977,5.182097,-0.16262),(-4.553159,7.659838,-0.093189),(0.956774,6.244863,0.362745),(-2.752204,5.830867,0.354423),(-4.690301,3.484608,0.292487),(0.956617,6.245027,-0.137255),(-4.690458,3.484772,-0.207513),(-2.752361,5.83103,-0.145577),(-1.410457,4.308999,0.312759),(-0.954151,3.753262,0.297901),(3.913878,3.671367,0.288724),(-0.497844,3.197525,0.283044),(-3.996953,1.612209,0.24765),(-2.334067,2.638917,0.270951),(-2.648889,3.150835,0.283985),(-2.963711,3.662754,0.297018),(3.913721,3.67153,-0.211276),(-0.954308,3.753425,-0.202099),(-2.649046,3.150999,-0.216015),(-3.99711,1.612372,-0.25235),(-2.334224,2.63908,-0.229049),(-0.498001,3.197688,-0.216956),(5.077766,2.658462,0.25959),(0.286057,2.225754,0.257166),(-1.818825,1.756174,0.24867),(-3.850463,0.960979,0.2327),(5.077609,2.658626,-0.24041),(0.2859,2.225918,-0.242834),(-1.818983,1.756338,-0.25133),(-3.85062,0.961143,-0.2673),(7.10318,0.895793,0.20889),(1.154644,1.118185,0.227802),(-1.313271,0.788714,0.224584),(-3.711909,-0.042494,0.210029),(7.103023,0.895957,-0.29111),(1.154486,1.118349,-0.272198),(-1.313428,0.788877,-0.275416),(-3.712067,-0.042331,-0.289971),(7.109744,0.890081,0.208726),(1.697341,0.424474,0.209402),(-2.358976,0.071462,0.209808),(-2.697145,0.042226,0.209846),(-3.035313,0.01299,0.209885),(-3.373482,-0.016247,0.209924),(-3.542566,-0.030865,0.209943),(-3.711651,-0.045483,0.209962),(-1.682639,0.129935,0.20973),(-1.006302,0.188408,0.209653),(-0.329965,0.246881,0.209576),(0.346372,0.305353,0.209499),(1.699047,0.422299,0.209344),(3.051721,0.539244,0.209189),(4.404396,0.65619,0.209035),(7.109587,0.890244,-0.291274),(-3.711808,-0.04532,-0.290038),(1.697184,0.424638,-0.290598),(4.404238,0.656353,-0.290965),(3.051564,0.539408,-0.29081),(1.69889,0.422462,-0.290656),(0.346215,0.305517,-0.290501),(-0.330122,0.247044,-0.290424),(-1.006459,0.188571,-0.290347),(-1.682796,0.130099,-0.290269),(-2.359133,0.071626,-0.290192),(-2.697302,0.042389,-0.290154),(-3.035471,0.013153,-0.290115),(-3.373639,-0.016083,-0.290076),(-3.542723,-0.030702,-0.290057),(7.10299,0.883197,0.264661),(4.401895,0.653235,0.230002),(1.697423,0.419831,0.223311),(3.047596,0.533821,0.244124),(4.399394,0.65028,0.250969),(0.344001,0.300904,0.230432),(1.695798,0.417363,0.237278),(-1.00705,0.186427,0.21662),(-1.007797,0.184445,0.223587),(-1.683696,0.126216,0.220164),(-2.359286,0.069724,0.213274),(-2.359595,0.067987,0.216741),(-2.697345,0.040549,0.212438),(-2.697544,0.038872,0.21503),(-3.035404,0.011373,0.211602),(-3.035494,0.009757,0.213318),(-3.204433,-0.003214,0.211183),(-3.373443,-0.019357,0.211607),(-3.373463,-0.017802,0.210765),(-3.542492,-0.03239,0.210347),(-3.627007,-0.039684,0.210138),(-3.711393,-0.048472,0.209895),(-3.542418,-0.033915,0.210751),(7.102832,0.883361,-0.235339),(-3.71155,-0.048309,-0.290105),(-3.627164,-0.03952,-0.289862),(-3.542649,-0.032226,-0.289653),(-3.37362,-0.017639,-0.289235),(-3.20459,-0.003051,-0.288817),(-3.3736,-0.019194,-0.288393),(-3.035651,0.009921,-0.286682),(-3.035561,0.011537,-0.288398),(-2.697502,0.040712,-0.287562),(-2.359443,0.069888,-0.286726),(-1.007207,0.18659,-0.28338),(0.343844,0.301067,-0.269568),(1.697266,0.419994,-0.276689),(4.401738,0.653398,-0.269998),(3.047439,0.533985,-0.255876),(1.695641,0.417526,-0.262722),(4.399237,0.650443,-0.249031),(-1.007954,0.184609,-0.276413),(-1.683853,0.126379,-0.279836),(-2.359752,0.06815,-0.283259),(-2.697701,0.039035,-0.28497),(-3.542575,-0.033751,-0.289249),(6.418449,0.192284,0.253724),(4.145438,0.352169,0.245994),(1.530157,0.166598,0.232795),(-1.085124,-0.018973,0.219597),(-2.392764,-0.111759,0.212997),(-3.689417,-0.360616,0.202901),(6.418292,0.192448,-0.246276),(-3.689574,-0.360453,-0.297099),(-1.085281,-0.01881,-0.280403),(1.53,0.166762,-0.267205),(4.145281,0.352333,-0.254006),(1.274889,-0.220885,0.225859),(3.755015,-0.106807,0.238327),(6.051835,-0.177742,0.247866),(1.185261,-0.357604,0.223406),(-1.205238,-0.334963,0.213391),(-2.445302,-0.392002,0.207157),(-3.681313,-0.537465,0.198945),(-1.248026,-0.447535,0.211175),(6.051678,-0.177578,-0.252134),(1.274731,-0.220721,-0.274141),(-1.205395,-0.334799,-0.286609),(-3.68147,-0.537302,-0.301055),(-1.248183,-0.447371,-0.288825),(1.185104,-0.35744,-0.276594),(3.754858,-0.106643,-0.261673),(3.025607,-0.973521,0.223719),(2.432666,-1.679369,0.211802),(2.922362,-3.336347,0.197867),(1.839724,-2.385217,0.199885),(-0.428796,-2.845782,0.178068),(-0.025282,-2.223738,0.189403),(-1.890288,-2.062258,0.17892),(-1.6762,-1.524017,0.189672),(-2.703417,-1.485179,0.18414),(-2.584043,-0.98884,0.1946),(-1.462113,-0.985776,0.200424),(0.781747,-0.979648,0.212071),(0.378233,-1.601693,0.200737),(-3.779954,-2.355217,0.15827),(-2.822791,-1.981519,0.173679),(-2.104375,-2.6005,0.168169),(2.922205,-3.336184,-0.302133),(-2.5842,-0.988676,-0.3054),(-2.703574,-1.485016,-0.31586),(-3.780111,-2.355054,-0.34173),(-2.822948,-1.981355,-0.32632),(-2.104532,-2.600336,-0.331831),(-1.890445,-2.062095,-0.321079),(-0.025439,-2.223574,-0.310597),(0.378075,-1.601529,-0.299263),(2.432508,-1.679205,-0.288198),(3.02545,-0.973357,-0.276281),(0.78159,-0.979485,-0.287929),(-1.46227,-0.985612,-0.299576),(-1.676358,-1.523854,-0.310328),(1.839567,-2.385053,-0.300115),(-0.428953,-2.845619,-0.321932),(0.731447,-3.701657,0.177438),(0.473779,-4.006953,0.172173),(0.216111,-4.312248,0.166908),(-1.004757,-3.698481,0.161977),(-1.196744,-3.982714,0.156614),(-2.483293,-3.39001,0.151782),(-2.609599,-3.65318,0.14632),(-4.264955,-4.292074,0.113781),(-0.81277,-3.414248,0.167341),(-2.356987,-3.12684,0.157244),(-1.964692,-5.119646,0.13516),(-2.862212,-4.17952,0.135395),(-2.735905,-3.91635,0.140857),(-1.388731,-4.266947,0.15125),(-0.041557,-4.617544,0.161643),(0.33557,-5.947218,0.156538),(-0.299225,-4.92284,0.156378),(-1.580718,-4.55118,0.145887),(0.335413,-5.947055,-0.343462),(-2.357144,-3.126676,-0.342756),(-2.48345,-3.389846,-0.348218),(-2.609756,-3.653017,-0.35368),(-1.004914,-3.698318,-0.338023),(-1.196901,-3.982551,-0.343386),(0.473622,-4.006789,-0.327827),(0.215954,-4.312085,-0.333092),(-0.812927,-3.414085,-0.332659),(0.73129,-3.701493,-0.322562),(-0.299382,-4.922677,-0.343622),(-1.96485,-5.119483,-0.36484),(-1.580875,-4.551017,-0.354113),(-2.862369,-4.179357,-0.364605),(-4.265112,-4.291911,-0.386219),(-1.178729,-5.950122,0.138481),(-1.542898,-6.366811,0.131114),(-1.388519,-7.687357,0.128992),(-1.724982,-6.575156,0.12743),(-1.907066,-6.783501,0.123746),(-2.707978,-6.115507,0.115539),(-2.856635,-6.314679,0.111615),(-3.690974,-5.655858,0.103647),(-3.806204,-5.845858,0.099483),(-4.919379,-5.73869,0.078541),(-3.153949,-6.713023,0.103766),(-3.345284,-5.085859,0.116141),(-2.262007,-5.517991,0.127311),(-3.575744,-5.465858,0.107812),(-2.559321,-5.916335,0.119463),(-1.388677,-7.687194,-0.371008),(-3.345441,-5.085696,-0.383859),(-3.575901,-5.465695,-0.392188),(-4.919536,-5.738526,-0.421459),(-3.806361,-5.845694,-0.400517),(-3.154106,-6.71286,-0.396234),(-2.856792,-6.314516,-0.388385),(-1.907223,-6.783337,-0.376254),(-1.543055,-6.366648,-0.368886),(-1.178886,-5.949958,-0.361519),(-2.262164,-5.517827,-0.372689),(-2.559478,-5.916171,-0.380537),(-1.805406,-8.108124,0.122331),(-2.45328,-7.402388,0.112746),(-3.309598,-6.907036,0.09983),(-4.165915,-6.411683,0.086914),(-3.465246,-7.101048,0.095893),(-5.125086,-6.093971,0.069455),(-1.805563,-8.107961,-0.377669),(-5.125243,-6.093807,-0.430545),(-4.166072,-6.411519,-0.413086),(-3.309755,-6.906872,-0.40017),(-2.453437,-7.402225,-0.387254),(-3.465403,-7.100884,-0.404107),(-1.824229,-8.127123,0.12203),(-3.472386,-7.109801,0.095714),(-5.134823,-6.109984,0.069041),(-1.824386,-8.126959,-0.37797),(-5.13498,-6.109821,-0.430959),(-3.472543,-7.109637,-0.404286),(-1.827241,-8.130162,0.121982),(-3.480669,-7.119954,0.095507),(-5.136384,-6.112546,0.068974),(-1.827398,-8.129999,-0.378018),(-5.136541,-6.112382,-0.431026),(-3.480826,-7.11979,-0.404493),(-3.482956,-7.122754,0.09545),(-1.830409,-8.133038,-0.378066),(-5.138103,-6.114944,-0.431092),(-3.483113,-7.122591,-0.40455),(-3.748,-10.06848,-0.408703),(-4.99642,-7.451634,-0.438017),(-5.16773,-7.659675,-0.443062),(-5.33904,-7.867717,-0.448107),(-4.648894,-8.440018,-0.432419),(-3.958748,-9.012318,-0.416732),(-3.741846,-8.781684,-0.412497),(-4.454788,-8.22068,-0.427779),(-4.6538,-7.03555,-0.427926),(-4.82511,-7.243592,-0.432971),(-4.066575,-7.782004,-0.418499),(-4.260681,-8.001342,-0.423139),(-3.30804,-8.320416,-0.404027),(-3.524943,-8.55105,-0.408262),(-3.678363,-7.343329,-0.409219),(-4.48249,-6.827509,-0.422881),(-3.872469,-7.562666,-0.413859),(-2.874235,-7.859149,-0.395557),(-3.091138,-8.089782,-0.399792),(-5.182268,-9.027754,0.055006),(-4.549198,-9.633124,0.071807),(-5.815338,-8.422383,0.038206),(-5.182425,-9.02759,-0.444993),(-5.815495,-8.42222,-0.461794),(-4.549355,-9.632961,-0.428193)),$);
#3639= IFCTRIANGULATEDFACESET(#3638,$,$,((1,2,3),(3,2,4),(1,5,2),(2,5,6),(1,7,5),(5,7,8),(5,8,9),(9,8,10),(9,10,11),(11,10,12),(11,12,13),(13,12,14),(13,14,15),(15,14,16),(15,16,13),(13,16,11),(7,1,17),(17,1,3),(17,3,18),(18,3,19),(18,19,20),(20,19,21),(20,21,22),(22,21,23),(22,23,24),(24,23,25),(24,25,7),(7,25,8),(23,21,26),(26,21,14),(26,14,12),(14,27,16),(16,27,28),(16,28,11),(11,28,9),(28,27,9),(9,27,5),(25,23,26),(7,17,24),(24,17,20),(24,20,22),(18,20,17),(12,10,26),(26,10,25),(10,8,25),(3,4,19),(19,4,29),(30,31,32),(32,31,33),(34,35,36),(36,35,37),(38,33,39),(39,33,31),(39,31,40),(40,38,39),(33,38,32),(32,38,41),(42,30,43),(43,30,32),(43,32,41),(41,42,43),(31,30,40),(40,30,42),(44,38,45),(45,38,40),(45,40,46),(46,44,45),(38,44,41),(41,44,47),(48,42,49),(49,42,41),(49,41,47),(47,48,49),(40,42,46),(46,42,48),(46,50,44),(44,50,51),(44,51,52),(52,51,53),(52,53,54),(54,53,55),(54,55,56),(56,55,53),(56,53,51),(54,56,46),(46,56,57),(46,57,50),(50,57,51),(56,51,57),(44,52,47),(47,52,58),(47,59,48),(48,59,60),(48,60,61),(61,60,62),(61,62,63),(63,62,59),(63,59,58),(58,59,47),(58,61,63),(62,60,59),(46,48,54),(54,48,61),(64,52,65),(65,52,54),(65,54,66),(66,54,67),(66,67,65),(65,67,64),(52,64,58),(58,64,68),(58,69,61),(61,69,70),(61,70,71),(71,70,69),(71,69,68),(68,69,58),(54,61,67),(67,61,71),(72,64,73),(73,64,67),(73,67,74),(74,67,75),(74,75,73),(73,75,72),(64,72,68),(68,72,76),(68,77,71),(71,77,78),(71,78,79),(79,78,77),(79,77,76),(76,77,68),(67,71,75),(75,71,79),(80,72,81),(81,72,75),(81,75,82),(82,75,83),(83,75,84),(84,75,85),(85,75,86),(86,75,87),(82,88,81),(81,88,89),(81,89,90),(90,91,81),(81,91,92),(81,92,93),(93,94,81),(81,94,80),(72,80,76),(76,80,95),(96,79,97),(97,79,76),(97,76,95),(95,98,97),(97,98,99),(97,99,100),(100,101,97),(97,101,102),(97,102,103),(103,104,97),(97,104,105),(97,105,106),(106,107,97),(97,107,108),(97,108,109),(109,96,97),(75,79,87),(87,79,96),(110,80,111),(111,80,94),(111,94,93),(92,112,93),(93,112,113),(93,113,111),(111,113,114),(111,114,110),(92,91,112),(112,91,115),(112,115,116),(91,90,115),(115,90,117),(115,117,118),(118,117,119),(119,117,120),(119,120,121),(121,120,122),(121,122,123),(123,122,124),(123,124,125),(125,124,126),(125,126,127),(127,126,128),(127,128,129),(129,128,86),(129,86,130),(130,86,87),(130,87,131),(90,89,117),(117,89,88),(117,88,120),(120,88,82),(120,82,83),(120,83,122),(122,83,84),(122,84,124),(124,84,126),(84,85,126),(126,85,128),(85,86,128),(131,132,130),(130,132,129),(132,127,129),(116,113,112),(95,80,133),(133,80,110),(134,96,135),(135,96,109),(135,109,136),(136,109,108),(136,108,137),(137,108,138),(137,138,139),(139,138,140),(140,138,141),(140,141,142),(142,141,106),(142,106,105),(108,107,138),(138,107,141),(107,106,141),(142,105,143),(143,105,104),(143,104,144),(144,104,103),(144,103,102),(144,102,145),(145,102,101),(145,101,146),(146,101,100),(146,100,99),(98,147,99),(99,147,148),(99,148,146),(146,148,149),(146,149,145),(98,95,147),(147,95,133),(147,133,150),(150,148,147),(145,151,144),(144,151,152),(144,152,143),(143,152,153),(143,153,154),(143,154,142),(142,154,140),(139,155,137),(137,155,136),(136,155,135),(135,155,134),(87,96,131),(131,96,134),(156,110,157),(157,110,114),(157,114,113),(157,113,158),(158,113,116),(158,116,115),(158,115,159),(159,115,118),(159,118,119),(159,119,160),(160,119,121),(160,121,123),(123,125,160),(160,125,127),(160,127,132),(132,131,160),(160,131,161),(160,161,159),(159,161,158),(161,156,158),(158,156,157),(110,156,133),(133,156,162),(134,155,163),(163,155,139),(163,139,140),(163,140,164),(164,140,154),(164,154,153),(153,152,164),(164,152,151),(164,151,145),(164,145,165),(165,145,149),(165,149,148),(165,148,166),(166,148,150),(166,150,133),(133,162,166),(166,162,165),(162,163,165),(165,163,164),(131,134,161),(161,134,163),(161,167,156),(156,167,168),(156,168,169),(169,168,170),(170,168,167),(170,167,171),(171,167,161),(171,161,172),(172,161,173),(172,173,174),(172,174,171),(171,174,170),(156,169,162),(162,169,175),(162,176,163),(163,176,177),(163,177,178),(178,177,179),(179,177,176),(179,176,180),(180,176,181),(180,181,175),(175,181,162),(162,181,176),(161,163,173),(173,163,178),(170,182,169),(169,182,183),(169,183,184),(184,183,185),(184,185,186),(186,185,187),(186,187,188),(188,187,189),(188,189,190),(190,189,191),(190,191,173),(173,191,174),(174,191,192),(174,192,193),(193,192,194),(193,194,183),(183,194,185),(182,170,193),(193,170,174),(173,195,190),(190,195,196),(190,196,188),(188,196,197),(188,197,186),(195,197,196),(193,183,182),(194,192,189),(189,192,191),(189,187,194),(194,187,185),(169,184,175),(175,184,198),(179,199,178),(178,199,200),(178,200,201),(201,200,202),(201,202,203),(203,202,204),(203,204,205),(205,204,206),(205,206,207),(207,206,208),(207,208,175),(175,208,180),(180,208,209),(180,209,210),(210,209,211),(210,211,200),(200,211,202),(199,179,210),(210,179,180),(175,198,207),(207,198,212),(207,212,205),(205,212,213),(205,213,203),(198,213,212),(210,200,199),(211,209,206),(206,209,208),(206,204,211),(211,204,202),(173,178,195),(195,178,201),(186,214,184),(184,214,215),(184,215,216),(216,215,217),(216,217,218),(218,217,219),(218,219,220),(220,219,195),(220,195,221),(214,186,222),(222,186,197),(222,197,223),(223,197,195),(223,195,219),(224,225,221),(221,225,226),(221,226,220),(220,226,227),(220,227,218),(218,227,228),(218,228,216),(216,228,229),(216,229,184),(229,230,224),(224,230,231),(224,231,225),(225,231,226),(230,229,228),(215,214,222),(219,217,223),(223,217,222),(217,215,222),(228,227,230),(230,227,231),(227,226,231),(184,229,198),(198,229,232),(203,233,201),(201,233,234),(201,234,235),(235,234,236),(235,236,237),(237,236,238),(237,238,239),(239,238,198),(239,198,232),(203,213,233),(233,213,240),(233,240,234),(234,240,236),(240,213,241),(241,213,198),(241,198,238),(239,232,242),(242,232,243),(242,243,244),(244,243,245),(244,245,237),(237,245,235),(243,246,245),(245,246,235),(246,201,235),(236,240,241),(238,236,241),(239,242,244),(239,244,237),(195,201,221),(221,201,246),(224,247,229),(229,247,248),(229,248,249),(249,248,250),(249,250,251),(251,250,252),(251,252,253),(253,252,254),(253,254,255),(255,254,256),(255,256,257),(221,258,224),(224,258,259),(224,259,247),(247,259,248),(258,221,260),(260,221,256),(260,256,254),(249,251,257),(257,251,253),(257,253,255),(259,258,261),(261,258,260),(261,260,252),(252,260,254),(250,248,261),(261,248,259),(250,261,252),(229,249,232),(232,249,262),(243,263,246),(246,263,264),(246,264,265),(265,264,266),(265,266,267),(267,266,268),(267,268,269),(269,268,270),(269,270,262),(262,270,232),(232,270,271),(232,271,243),(243,271,272),(243,272,263),(263,272,264),(262,267,269),(272,271,273),(273,271,270),(273,270,268),(273,268,266),(266,264,273),(273,264,272),(221,246,256),(256,246,265),(274,249,275),(275,249,257),(275,257,276),(276,257,277),(276,277,278),(278,277,279),(279,277,256),(256,277,257),(276,278,275),(275,278,274),(249,274,262),(262,274,280),(281,265,282),(282,265,267),(282,267,283),(283,267,284),(283,284,285),(285,284,280),(280,284,262),(262,284,267),(283,285,282),(282,285,281),(256,265,279),(279,265,281),(286,274,287),(287,274,278),(287,278,279),(279,288,287),(287,288,286),(274,286,280),(280,286,289),(290,281,291),(291,281,285),(291,285,280),(280,289,291),(291,289,290),(279,281,288),(288,281,290),(292,286,293),(293,286,288),(293,288,294),(294,292,293),(286,292,289),(289,292,295),(296,290,297),(297,290,289),(297,289,295),(295,296,297),(288,290,294),(294,290,296),(14,292,298),(298,292,294),(298,294,27),(27,14,298),(292,14,295),(295,14,299),(300,296,301),(301,296,295),(301,295,299),(299,300,301),(294,296,27),(27,296,300),(14,21,299),(299,21,302),(6,303,2),(2,303,304),(2,304,4),(4,304,305),(4,305,29),(29,305,306),(29,306,302),(302,306,307),(302,307,308),(308,307,306),(308,306,309),(309,306,305),(309,305,304),(300,310,6),(6,310,311),(6,311,303),(303,311,312),(303,312,313),(313,312,314),(313,314,315),(315,314,299),(315,299,302),(299,316,300),(300,316,317),(300,317,310),(310,317,316),(310,316,318),(318,316,319),(318,319,320),(320,319,299),(320,299,314),(315,302,308),(309,304,313),(313,304,303),(308,309,315),(315,309,313),(316,299,319),(311,310,318),(314,312,320),(320,312,318),(312,311,318),(6,5,300),(300,5,27),(19,321,21),(21,321,322),(21,322,34),(34,322,321),(34,321,35),(35,321,323),(35,323,19),(19,323,321),(21,34,302),(302,34,36),(302,324,29),(29,324,325),(29,325,37),(37,325,324),(37,324,36),(36,324,326),(36,326,302),(302,326,324),(19,29,35),(35,29,37)),$);
#3640= IFCSHAPEREPRESENTATION(#178,'Body','Tessellation',(#3639));
#3641= IFCPRODUCTDEFINITIONSHAPE($,$,(#3640));
#3642= IFCCARTESIANPOINT((505218.549485,1707727.309384,369.494828));
#3643= IFCAXIS2PLACEMENT3D(#3642,$,$);
#3644= IFCLOCALPLACEMENT(#5,#3643);
#3645= IFCBUILTELEMENT('2xC2ayadX3w9iKN6W8WdpU',$,'\X2\0110\X0\\X2\1EA5\X0\t n\X2\1EC1\X0\n',$,$,#3644,#3641,'612C3');
#3646= IFCSTYLEDITEM(#3639,(#133),'\X2\0110\X0\\X2\1EA5\X0\t n\X2\1EC1\X0\n');
#3647= IFCPROPERTYSINGLEVALUE('Area',$,IFCREAL(297.718736403505),$);
#3648= IFCPROPERTYSINGLEVALUE('Bounds',$,IFCLABEL('((505211.4396265847,1707716.900909819,369.0072306526252),(505225.6593136202,1707737.7178812616,369.9783536814363))'),$);
#3649= IFCPROPERTYSET('3Aqp9jm_Bz2W7oiR06XqdC',$,'Properties',$,(#39,#40,#41,#42,#43,#44,#47,#48,#49,#50,#51,#52,#53,#54,#55,#56,#57,#59,#60,#193,#194,#195,#196,#197,#198,#199,#3647,#3648));
#3650= IFCRELDEFINESBYPROPERTIES('1k5pJsgaj4kw23J$19aB0r',$,$,$,(#3645),#3649);
#3651= IFCPROPERTYSET('0eLjQLaO$zidD9NNfUL4m9',$,'Misc',$,(#85,#87,#88,#203));
#3652= IFCRELDEFINESBYPROPERTIES('3rUTiByzy6Nnb$7fhmBNhN',$,$,$,(#3645),#3651);
#3653= IFCPROPERTYSET('0BkowdmueeHH0wrhahHlWg',$,'3D Visualization',$,(#91,#92,#93));
#3654= IFCRELDEFINESBYPROPERTIES('0$Z24kvbGFNJgDM22SuAce',$,$,$,(#3645),#3653);
#3655= IFCPROPERTYSET('3kCHlmmFqPDX1U$bOchszQ',$,'General',$,(#72,#74,#75,#76,#77,#171));
#3656= IFCRELDEFINESBYPROPERTIES('0X$JkxFGKnYSbx3CGPgig9',$,$,$,(#3645),#3655);
#3657= IFCPROPERTYSET('3xATcR1nLM0MsOJljtluQm',$,'Geometry',$,(#82));
#3658= IFCRELDEFINESBYPROPERTIES('0r3Vu2k$k2lg$f4xoKAcay',$,$,$,(#3645),#3657);
#3659= IFCPROPERTYSET('3BSF75jaSWyf1RJ56Zh0FV',$,'Corridor Identity',$,(#221,#224,#456,#457,#458,#461,#509,#856,#897,#898,#899,#900));
#3660= IFCRELDEFINESBYPROPERTIES('39XZ5asDGW1W9TaUhFWUtc',$,$,$,(#3645),#3659);
#3661= IFCPROPERTYSET('1970x61XNaRO5dAEp_ARYO',$,'Corridor Model Information',$,(#863,#903,#904,#905,#906));
#3662= IFCRELDEFINESBYPROPERTIES('27DRIhIy6e0HhBCfq0DmN6',$,$,$,(#3645),#3661);
#3663= IFCPROPERTYSINGLEVALUE('Volume',$,IFCVOLUMEMEASURE(67.374288326737),$);
#3664= IFCPROPERTYSET('0kM5LMSSG0poo1y$FBVBpy',$,'Corridor Shape Information',$,(#235,#472,#473,#518,#3133,#3663));
#3665= IFCRELDEFINESBYPROPERTIES('16gFWaQyw_lk8IlPAYQxJ3',$,$,$,(#3645),#3664);
#3666= IFCPROPERTYSINGLEVALUE('Kh\X2\1ED1\X0\i l\X2\01B0\X0\\X2\1EE3\X0\ng (m3)',$,IFCREAL(67.3742883272748),$);
#3667= IFCPROPERTYSET('27i4r95ovKwU0UXLhuv1kE',$,'Thong_tin_BIM',$,(#252,#479,#523,#524,#1840,#3137,#3138,#3139,#3141,#3142,#3143,#3666));
#3668= IFCRELDEFINESBYPROPERTIES('2Lz8TstEwMWK4Ws8ZG1Eg$',$,$,$,(#3645),#3667);
#3669= IFCCARTESIANPOINTLIST3D(((-0.628305,1.852081,0.295615),(1.857998,-0.611264,0.224029),(-0.628463,1.852245,-0.204385),(1.85784,-0.611101,-0.275971),(-1.85784,0.611101,0.275971),(-1.857998,0.611264,-0.224029),(0.628463,-1.852245,0.204385),(0.628305,-1.852081,-0.295615)),$);
#3670= IFCTRIANGULATEDFACESET(#3669,$,$,((1,2,3),(3,2,4),(5,6,7),(7,6,8),(1,5,2),(2,5,7),(2,7,4),(4,7,8),(3,4,6),(6,4,8),(1,3,5),(5,3,6)),$);
#3671= IFCSHAPEREPRESENTATION(#178,'Body','Tessellation',(#3670));
#3672= IFCPRODUCTDEFINITIONSHAPE($,$,(#3671));
#3673= IFCCARTESIANPOINT((505216.322912,1707716.289936,369.304777));
#3674= IFCAXIS2PLACEMENT3D(#3673,$,$);
#3675= IFCLOCALPLACEMENT(#5,#3674);
#3676= IFCBUILTELEMENT('357B4RhwD5oeK4N9F80lh8',$,'\X2\0110\X0\\X2\1EA5\X0\t n\X2\1EC1\X0\n',$,$,#3675,#3672,'612D1');
#3677= IFCSTYLEDITEM(#3670,(#133),'\X2\0110\X0\\X2\1EA5\X0\t n\X2\1EC1\X0\n');
#3678= IFCPROPERTYSINGLEVALUE('Area',$,IFCREAL(17.4787146660479),$);
#3679= IFCPROPERTYSINGLEVALUE('Bounds',$,IFCLABEL('((505214.464892309,1707714.4376621393,369.00877501865733),(505218.18093166576,1707718.1422107734,369.60077842530865))'),$);
#3680= IFCPROPERTYSET('0P$S2jPn9Dfh1V73QTSdB6',$,'Properties',$,(#39,#40,#41,#42,#43,#44,#45,#46,#47,#48,#49,#50,#51,#52,#53,#54,#55,#56,#57,#59,#60,#193,#197,#299,#300,#301,#3678,#3679));
#3681= IFCRELDEFINESBYPROPERTIES('30kznp2AbYl0gWmuLqLk8X',$,$,$,(#3676),#3680);
#3682= IFCPROPERTYSET('1dBZueiLz8Fi3V8H0fYBB1',$,'Misc',$,(#85,#87,#88,#203));
#3683= IFCRELDEFINESBYPROPERTIES('1sr_CTaHpu4kA1XvTOerAk',$,$,$,(#3676),#3682);
#3684= IFCPROPERTYSET('3ovzz0w$MwDCZ6kkzxG8TO',$,'3D Visualization',$,(#91,#92,#93));
#3685= IFCRELDEFINESBYPROPERTIES('0XxHUyWUBWgM08aHCecLBE',$,$,$,(#3676),#3684);
#3686= IFCPROPERTYSET('0XnWI5m_aoAjqBEEkaprUm',$,'General',$,(#72,#74,#75,#76,#77,#171));
#3687= IFCRELDEFINESBYPROPERTIES('2KjsZJj8CzL7aQ6yPMjccE',$,$,$,(#3676),#3686);
#3688= IFCPROPERTYSET('1ht4m_O8JXN4Fn2wZ7bVO$',$,'Geometry',$,(#82));
#3689= IFCRELDEFINESBYPROPERTIES('3PJjh5QXLlkVPw$qDbElrY',$,$,$,(#3676),#3688);
#3690= IFCPROPERTYSET('3bmqrIGXbcFVuuadbhBBUr',$,'Corridor Identity',$,(#218,#221,#224,#550,#551,#554,#555,#856,#936,#937,#938,#939));
#3691= IFCRELDEFINESBYPROPERTIES('24RNnaoY87EH1zSGgGrwgE',$,$,$,(#3676),#3690);
#3692= IFCPROPERTYSET('2aiX6OS5tTjykhHhfw70dB',$,'Corridor Model Information',$,(#863,#942,#943,#944,#945));
#3693= IFCRELDEFINESBYPROPERTIES('1CSYrdPSAZNk5jrCvcV8sP',$,$,$,(#3676),#3692);
#3694= IFCPROPERTYSINGLEVALUE('Volume',$,IFCVOLUMEMEASURE(3.05714013317131),$);
#3695= IFCPROPERTYSET('1u$hlSzZHq5CvAr3Td3jE7',$,'Corridor Shape Information',$,(#235,#564,#565,#566,#3133,#3694));
#3696= IFCRELDEFINESBYPROPERTIES('397R72rr8oIzrnrBHphOVd',$,$,$,(#3676),#3695);
#3697= IFCPROPERTYSINGLEVALUE('Kh\X2\1ED1\X0\i l\X2\01B0\X0\\X2\1EE3\X0\ng (m3)',$,IFCREAL(3.05714013319484),$);
#3698= IFCPROPERTYSET('12OgjrPTd00eWgON03huvl',$,'Thong_tin_BIM',$,(#252,#571,#572,#573,#1840,#3137,#3138,#3139,#3141,#3142,#3143,#3697));
#3699= IFCRELDEFINESBYPROPERTIES('2aSgTKHswTUovvVDuNiiAa',$,$,$,(#3676),#3698);
#3700= IFCCARTESIANPOINTLIST3D(((2.276043,4.783466,0.342018),(4.762346,2.32012,0.270432),(2.275886,4.783629,-0.157982),(4.762189,2.320284,-0.229568),(-4.762189,-2.320284,0.229568),(-4.762346,-2.32012,-0.270432),(-2.275886,-4.783629,0.157982),(-2.276043,-4.783466,-0.342018),(2.209079,4.715878,0.340948),(4.695382,2.252532,0.269362),(4.695225,2.252696,-0.230638),(2.208922,4.716042,-0.159052),(1.179485,3.6767,0.324498),(3.665788,1.213354,0.252912),(3.665631,1.213518,-0.247088),(1.179328,3.676864,-0.175501),(0.801432,3.295128,0.318458),(3.287735,0.831782,0.246872),(3.287578,0.831946,-0.253128),(0.801275,3.295292,-0.181542),(-0.606214,1.874378,0.295968),(1.880089,-0.588968,0.224382),(1.879932,-0.588804,-0.275618),(-0.606371,1.874542,-0.204032),(-2.013861,0.453628,0.273478),(0.472442,-2.009717,0.201892),(0.472285,-2.009554,-0.298108),(-2.014018,0.453792,-0.226522),(-3.421507,-0.967122,0.250988),(-0.935204,-3.430467,0.179402),(-0.935361,-3.430304,-0.320598),(-3.421664,-0.966958,-0.249012),(-3.532654,-1.079303,0.249213),(-1.046351,-3.542649,0.177626),(-1.046508,-3.542486,-0.322374),(-3.532811,-1.07914,-0.250787),(-3.534766,-1.081434,0.249179),(-1.048463,-3.54478,0.177592),(-1.04862,-3.544617,-0.322408),(-3.534923,-1.081271,-0.250821)),$);
#3701= IFCTRIANGULATEDFACESET(#3700,$,$,((1,2,3),(3,2,4),(5,6,7),(7,6,8),(1,9,2),(2,9,10),(2,10,4),(4,10,11),(3,4,12),(12,4,11),(1,3,9),(9,3,12),(9,13,10),(10,13,14),(10,14,11),(11,14,15),(12,11,16),(16,11,15),(9,12,13),(13,12,16),(13,17,14),(14,17,18),(14,18,15),(15,18,19),(16,15,20),(20,15,19),(13,16,17),(17,16,20),(17,21,18),(18,21,22),(18,22,19),(19,22,23),(20,19,24),(24,19,23),(17,20,21),(21,20,24),(21,25,22),(22,25,26),(22,26,23),(23,26,27),(24,23,28),(28,23,27),(21,24,25),(25,24,28),(25,29,26),(26,29,30),(26,30,27),(27,30,31),(28,27,32),(32,27,31),(25,28,29),(29,28,32),(29,33,30),(30,33,34),(30,34,31),(31,34,35),(32,31,36),(36,31,35),(29,32,33),(33,32,36),(33,37,34),(34,37,38),(34,38,35),(35,38,39),(36,35,40),(40,35,39),(33,36,37),(37,36,40),(37,5,38),(38,5,7),(38,7,39),(39,7,8),(40,39,6),(6,39,8),(37,40,5),(5,40,6)),$);
#3702= IFCSHAPEREPRESENTATION(#178,'Body','Tessellation',(#3701));
#3703= IFCPRODUCTDEFINITIONSHAPE($,$,(#3702));
#3704= IFCCARTESIANPOINT((505212.189028,1707712.117571,369.23873));
#3705= IFCAXIS2PLACEMENT3D(#3704,$,$);
#3706= IFCLOCALPLACEMENT(#5,#3705);
#3707= IFCBUILTELEMENT('1Pn85GaKb9bxcsGiVc_7T$',$,'\X2\0110\X0\\X2\1EA5\X0\t n\X2\1EC1\X0\n',$,$,#3706,#3703,'612DA');
#3708= IFCSTYLEDITEM(#3701,(#133),'\X2\0110\X0\\X2\1EA5\X0\t n\X2\1EC1\X0\n');
#3709= IFCPROPERTYSINGLEVALUE('Area',$,IFCREAL(83.5184146000995),$);
#3710= IFCPROPERTYSINGLEVALUE('Bounds',$,IFCLABEL('((505207.4266598527,1707707.3338821887,368.8944999823744),(505216.9513966424,1707716.9012606193,369.58295922027906))'),$);
#3711= IFCPROPERTYSET('0ldSDZm$lK1hnGAaxUTTZ7',$,'Properties',$,(#39,#40,#41,#42,#43,#44,#45,#46,#47,#48,#49,#50,#51,#52,#53,#54,#55,#56,#57,#59,#60,#193,#197,#299,#300,#301,#3709,#3710));
#3712= IFCRELDEFINESBYPROPERTIES('0aNE_gFKHhCj9HfTrCIaj6',$,$,$,(#3707),#3711);
#3713= IFCPROPERTYSET('0zDJ7e7gbq_fNe$QNvDEAH',$,'Misc',$,(#85,#87,#88,#203));
#3714= IFCRELDEFINESBYPROPERTIES('3NIkBfwd9H8xvwh1fILQse',$,$,$,(#3707),#3713);
#3715= IFCPROPERTYSET('1Q4ziCxzRI8cXel8l0nArm',$,'3D Visualization',$,(#91,#92,#93));
#3716= IFCRELDEFINESBYPROPERTIES('2hIOqCoVHuVGej$qO8qSvD',$,$,$,(#3707),#3715);
#3717= IFCPROPERTYSET('20UGOSlcvXuFF6$ltWtqJh',$,'General',$,(#72,#74,#75,#76,#77,#171));
#3718= IFCRELDEFINESBYPROPERTIES('0Mf4RQqirYVPC21L1qWnP0',$,$,$,(#3707),#3717);
#3719= IFCPROPERTYSET('1LPq3ZszksfAh6AnX5NXTt',$,'Geometry',$,(#82));
#3720= IFCRELDEFINESBYPROPERTIES('3zXY7SA1MTd4WNv5W3X8Tw',$,$,$,(#3707),#3719);
#3721= IFCPROPERTYSET('2iA2EInFp2apKTT3VMFrCT',$,'Corridor Identity',$,(#218,#221,#224,#597,#598,#600,#601,#856,#936,#937,#938,#975));
#3722= IFCRELDEFINESBYPROPERTIES('0EE_xLFeRQRh2QcJrpgv9t',$,$,$,(#3707),#3721);
#3723= IFCPROPERTYSET('0sc6TTZJtbk7ZswYTinCp9',$,'Corridor Model Information',$,(#863,#942,#943,#944,#978));
#3724= IFCRELDEFINESBYPROPERTIES('20ilSneIXIhdd44d2W1i3V',$,$,$,(#3707),#3723);
#3725= IFCPROPERTYSINGLEVALUE('Volume',$,IFCVOLUMEMEASURE(17.5000000006819),$);
#3726= IFCPROPERTYSET('1O0od5GnxcKZf4$ksIGsnS',$,'Corridor Shape Information',$,(#235,#607,#608,#609,#3133,#3725));
#3727= IFCRELDEFINESBYPROPERTIES('2Jtt4cFLMvCgqZwHHjQYlQ',$,$,$,(#3707),#3726);
#3728= IFCPROPERTYSINGLEVALUE('Kh\X2\1ED1\X0\i l\X2\01B0\X0\\X2\1EE3\X0\ng (m3)',$,IFCREAL(17.5000000004885),$);
#3729= IFCPROPERTYSET('2t_kBMU8FjnrT0gRTVgnkg',$,'Thong_tin_BIM',$,(#252,#614,#615,#616,#1840,#3137,#3138,#3139,#3141,#3142,#3143,#3728));
#3730= IFCRELDEFINESBYPROPERTIES('3bq3Urn$AXUsmUH1oH6Dbu',$,$,$,(#3707),#3729);
#3731= IFCCARTESIANPOINTLIST3D(((4.762368,2.320097,0.340432),(4.762211,2.320261,-0.159568),(2.276021,4.783489,0.272018),(2.275864,4.783652,-0.227982),(-2.275864,-4.783652,0.227982),(-4.762211,-2.320261,0.159568),(-2.276021,-4.783489,-0.272018),(-4.762368,-2.320097,-0.340432),(4.695404,2.252509,0.339362),(2.209057,4.715901,0.270948),(2.2089,4.716065,-0.229052),(4.695247,2.252673,-0.160638),(3.66581,1.213331,0.322912),(1.179463,3.676723,0.254498),(1.179306,3.676886,-0.245501),(3.665653,1.213495,-0.177088),(3.287757,0.83176,0.316872),(0.80141,3.295151,0.248458),(0.801253,3.295315,-0.251542),(3.2876,0.831923,-0.183128),(1.880111,-0.58899,0.294382),(-0.606236,1.874401,0.225968),(-0.606393,1.874565,-0.274032),(1.879954,-0.588827,-0.205618),(0.472464,-2.00974,0.271892),(-2.013883,0.453651,0.203478),(-2.01404,0.453815,-0.296522),(0.472307,-2.009577,-0.228108),(-0.935182,-3.43049,0.249402),(-3.421529,-0.967099,0.180988),(-3.421686,-0.966935,-0.319012),(-0.935339,-3.430327,-0.250598),(-1.046329,-3.542672,0.247626),(-3.532676,-1.07928,0.179213),(-3.532833,-1.079117,-0.320787),(-1.046486,-3.542508,-0.252374),(-1.048441,-3.544803,0.247592),(-3.534788,-1.081411,0.179179),(-3.534945,-1.081248,-0.320821),(-1.048598,-3.54464,-0.252408)),$);
#3732= IFCTRIANGULATEDFACESET(#3731,$,$,((1,2,3),(3,2,4),(5,6,7),(7,6,8),(1,3,9),(9,3,10),(3,4,10),(10,4,11),(2,12,4),(4,12,11),(1,9,2),(2,9,12),(9,10,13),(13,10,14),(10,11,14),(14,11,15),(12,16,11),(11,16,15),(9,13,12),(12,13,16),(13,14,17),(17,14,18),(14,15,18),(18,15,19),(16,20,15),(15,20,19),(13,17,16),(16,17,20),(17,18,21),(21,18,22),(18,19,22),(22,19,23),(20,24,19),(19,24,23),(17,21,20),(20,21,24),(21,22,25),(25,22,26),(22,23,26),(26,23,27),(24,28,23),(23,28,27),(21,25,24),(24,25,28),(25,26,29),(29,26,30),(26,27,30),(30,27,31),(28,32,27),(27,32,31),(25,29,28),(28,29,32),(29,30,33),(33,30,34),(30,31,34),(34,31,35),(32,36,31),(31,36,35),(29,33,32),(32,33,36),(33,34,37),(37,34,38),(34,35,38),(38,35,39),(36,40,35),(35,40,39),(33,37,36),(36,37,40),(37,38,5),(5,38,6),(38,39,6),(6,39,8),(40,7,39),(39,7,8),(37,5,40),(40,5,7)),$);
#3733= IFCSHAPEREPRESENTATION(#178,'Body','Tessellation',(#3732));
#3734= IFCPRODUCTDEFINITIONSHAPE($,$,(#3733));
#3735= IFCCARTESIANPOINT((505209.702703,1707714.58094,369.240316));
#3736= IFCAXIS2PLACEMENT3D(#3735,$,$);
#3737= IFCLOCALPLACEMENT(#5,#3736);
#3738= IFCBUILTELEMENT('1$nJatDUXESeUEaG4zOhAO',$,'\X2\0110\X0\\X2\1EA5\X0\t n\X2\1EC1\X0\n',$,$,#3737,#3734,'612E3');
#3739= IFCSTYLEDITEM(#3732,(#133),'\X2\0110\X0\\X2\1EA5\X0\t n\X2\1EC1\X0\n');
#3740= IFCPROPERTYSINGLEVALUE('Area',$,IFCREAL(83.518414599855),$);
#3741= IFCPROPERTYSINGLEVALUE('Bounds',$,IFCLABEL('((505204.9403348674,1707709.7972509293,368.89608650834845),(505214.46507165703,1707719.3646293597,369.5845457462527))'),$);
#3742= IFCPROPERTYSET('28RX5McsC28vUdhL8DWPgv',$,'Properties',$,(#39,#40,#41,#42,#43,#44,#45,#46,#47,#48,#49,#50,#51,#52,#53,#54,#55,#56,#57,#59,#60,#193,#197,#299,#300,#301,#3740,#3741));
#3743= IFCRELDEFINESBYPROPERTIES('0cShoGLT7h2sY2vydFi0cM',$,$,$,(#3738),#3742);
#3744= IFCPROPERTYSET('35Kd5OwfGdKSWJ_150fMvV',$,'Misc',$,(#85,#87,#88,#203));
#3745= IFCRELDEFINESBYPROPERTIES('2WSMoGkSsrEL3Qrhx7JrHU',$,$,$,(#3738),#3744);
#3746= IFCPROPERTYSET('2qqhqoQSCX3YauKKVUOErD',$,'3D Visualization',$,(#91,#92,#93));
#3747= IFCRELDEFINESBYPROPERTIES('3jt3aPKJJ227fLduNlFU1K',$,$,$,(#3738),#3746);
#3748= IFCPROPERTYSET('2mkWYGPzT5QYnTE0OMY3hT',$,'General',$,(#72,#74,#75,#76,#77,#171));
#3749= IFCRELDEFINESBYPROPERTIES('1mHh3pLmqs0viGNtUYrrWf',$,$,$,(#3738),#3748);
#3750= IFCPROPERTYSET('0TgtOjmFVQzxOHJ6h6ENdA',$,'Geometry',$,(#82));
#3751= IFCRELDEFINESBYPROPERTIES('0j4fH5CFb6Dn4voFPHehaz',$,$,$,(#3738),#3750);
#3752= IFCPROPERTYSET('3l9FVfUhZr_y17gNBhLJ2L',$,'Corridor Identity',$,(#218,#221,#224,#597,#600,#601,#640,#856,#936,#937,#938,#975));
#3753= IFCRELDEFINESBYPROPERTIES('0mlWJMA6rt3mty5UMsaZd1',$,$,$,(#3738),#3752);
#3754= IFCPROPERTYSET('2emTf_LgMEhQ7g9zdbGU5N',$,'Corridor Model Information',$,(#863,#942,#943,#944,#978));
#3755= IFCRELDEFINESBYPROPERTIES('3tfsQ9dTqAmFHONWe4KMgn',$,$,$,(#3738),#3754);
#3756= IFCPROPERTYSINGLEVALUE('Volume',$,IFCVOLUMEMEASURE(17.5000000007049),$);
#3757= IFCPROPERTYSET('0$0Yc3WkFi1sEj6HzOUKtm',$,'Corridor Shape Information',$,(#282,#607,#608,#609,#3133,#3756));
#3758= IFCRELDEFINESBYPROPERTIES('1s5OIjOzdD_aff7cQyyTb2',$,$,$,(#3738),#3757);
#3759= IFCPROPERTYSINGLEVALUE('Kh\X2\1ED1\X0\i l\X2\01B0\X0\\X2\1EE3\X0\ng (m3)',$,IFCREAL(17.5000000014878),$);
#3760= IFCPROPERTYSET('3diriys2p14v_rs5$a9cfe',$,'Thong_tin_BIM',$,(#252,#614,#615,#616,#1840,#3137,#3138,#3139,#3141,#3142,#3143,#3759));
#3761= IFCRELDEFINESBYPROPERTIES('2VotHGIV6KNPDCJHkvHtpN',$,$,$,(#3738),#3760);
#3762= IFCCARTESIANPOINTLIST3D(((-5.412785,1.396446,0.39431),(-2.130394,5.168176,0.294512),(-5.412942,1.396609,-0.10569),(-2.130551,5.168339,-0.205488),(2.130551,-5.168339,0.205488),(2.130394,-5.168176,-0.294512),(5.412942,-1.396609,0.10569),(5.412785,-1.396446,-0.39431),(-4.26181,0.39478,0.365499),(-0.979419,4.16651,0.265701),(-0.979576,4.166673,-0.234299),(-4.261967,0.394943,-0.134501),(-2.753143,-0.918177,0.327735),(0.529248,2.853553,0.227937),(0.529091,2.853716,-0.272063),(-2.7533,-0.918014,-0.172265),(-1.244476,-2.231134,0.289971),(2.037916,1.540596,0.190172),(2.037759,1.540759,-0.309828),(-1.244633,-2.230971,-0.210029),(0.264191,-3.544091,0.252206),(3.546583,0.227639,0.152408),(3.546426,0.227802,-0.347592),(0.264034,-3.543928,-0.247794),(1.772859,-4.857048,0.214442),(5.05525,-1.085318,0.114643),(5.055093,-1.085155,-0.385357),(1.772701,-4.856885,-0.285558)),$);
#3763= IFCTRIANGULATEDFACESET(#3762,$,$,((1,2,3),(3,2,4),(5,6,7),(7,6,8),(1,9,2),(2,9,10),(2,10,4),(4,10,11),(3,4,12),(12,4,11),(1,3,9),(9,3,12),(9,13,10),(10,13,14),(10,14,11),(11,14,15),(12,11,16),(16,11,15),(9,12,13),(13,12,16),(13,17,14),(14,17,18),(14,18,15),(15,18,19),(16,15,20),(20,15,19),(13,16,17),(17,16,20),(17,21,18),(18,21,22),(18,22,19),(19,22,23),(20,19,24),(24,19,23),(17,20,21),(21,20,24),(21,25,22),(22,25,26),(22,26,23),(23,26,27),(24,23,28),(28,23,27),(21,24,25),(25,24,28),(25,5,26),(26,5,7),(26,7,27),(27,7,8),(28,27,6),(6,27,8),(25,28,5),(5,28,6)),$);
#3764= IFCSHAPEREPRESENTATION(#178,'Body','Tessellation',(#3763));
#3765= IFCPRODUCTDEFINITIONSHAPE($,$,(#3764));
#3766= IFCCARTESIANPOINT((505212.591801,1707742.885906,369.771834));
#3767= IFCAXIS2PLACEMENT3D(#3766,$,$);
#3768= IFCLOCALPLACEMENT(#5,#3767);
#3769= IFCBUILTELEMENT('0C_lXIY39CGxTxKAbYfzWt',$,'\X2\0110\X0\\X2\1EA5\X0\t n\X2\1EC1\X0\n',$,$,#3768,#3765,'612EC');
#3770= IFCSTYLEDITEM(#3763,(#133),'\X2\0110\X0\\X2\1EA5\X0\t n\X2\1EC1\X0\n');
#3771= IFCPROPERTYSINGLEVALUE('Bounds',$,IFCLABEL('((505207.1787691447,1707737.717506268,369.37629105692287),(505218.00483297516,1707748.0543055907,370.1673776221202))'),$);
#3772= IFCPROPERTYSET('2FgnSGvbMtcMfY1VziIJ68',$,'Properties',$,(#39,#40,#41,#42,#43,#44,#45,#46,#47,#48,#49,#50,#51,#52,#53,#54,#55,#56,#57,#59,#60,#193,#197,#299,#300,#301,#3462,#3771));
#3773= IFCRELDEFINESBYPROPERTIES('3G2FW4pXreim5RHW6CRSeg',$,$,$,(#3769),#3772);
#3774= IFCPROPERTYSET('1R603FTVeXpAqGi_KNuWiA',$,'Misc',$,(#85,#87,#88,#203));
#3775= IFCRELDEFINESBYPROPERTIES('1XixDi1VdGXXA54AYzK2dm',$,$,$,(#3769),#3774);
#3776= IFCPROPERTYSET('35V3ty7ClKEb3hqeO_aaZX',$,'3D Visualization',$,(#91,#92,#93));
#3777= IFCRELDEFINESBYPROPERTIES('2H5f0ICsDmIR1Tojvc9OSE',$,$,$,(#3769),#3776);
#3778= IFCPROPERTYSET('3$qIP2SxtaGyoBZcl6BMY1',$,'General',$,(#72,#74,#75,#76,#77,#171));
#3779= IFCRELDEFINESBYPROPERTIES('3wBiF1xnRXa2P$zQyA34dK',$,$,$,(#3769),#3778);
#3780= IFCPROPERTYSET('3gUX6Z_6R5vEDiSIeuwHAD',$,'Geometry',$,(#82));
#3781= IFCRELDEFINESBYPROPERTIES('2rZI3Jse9y61342kHbplD1',$,$,$,(#3769),#3780);
#3782= IFCPROPERTYSET('0KNZjORbN3KK5qnCB2JomJ',$,'Corridor Identity',$,(#214,#215,#216,#217,#218,#221,#224,#856,#1039,#1040,#1041,#1042));
#3783= IFCRELDEFINESBYPROPERTIES('0cm0pVTV1B7IuAmOkAXWjr',$,$,$,(#3769),#3782);
#3784= IFCPROPERTYSET('1b2R8MGV_MGvyGBaRAb3jn',$,'Corridor Model Information',$,(#229,#230,#863,#1045,#1046));
#3785= IFCRELDEFINESBYPROPERTIES('2XCb57c7SjK8TRd8s5cEEb',$,$,$,(#3769),#3784);
#3786= IFCPROPERTYSINGLEVALUE('Volume',$,IFCVOLUMEMEASURE(25.000000000535),$);
#3787= IFCPROPERTYSET('3YmNmvEZtoivJwpjdkIPWG',$,'Corridor Shape Information',$,(#235,#236,#1049,#1050,#3133,#3786));
#3788= IFCRELDEFINESBYPROPERTIES('11tIdgr73uH4y5em49Pkee',$,$,$,(#3769),#3787);
#3789= IFCPROPERTYSINGLEVALUE('Kh\X2\1ED1\X0\i l\X2\01B0\X0\\X2\1EE3\X0\ng (m3)',$,IFCREAL(25.0000000004806),$);
#3790= IFCPROPERTYSET('0QAFt4eke21409KxzxN7Ke',$,'Thong_tin_BIM',$,(#252,#616,#1055,#1056,#1840,#3137,#3138,#3139,#3141,#3142,#3143,#3789));
#3791= IFCRELDEFINESBYPROPERTIES('3kYQmxogpmyqf8FZofGFiC',$,$,$,(#3769),#3790);
#3792= IFCCARTESIANPOINTLIST3D(((-2.130362,5.168143,0.394512),(-2.130519,5.168306,-0.105488),(-5.412817,1.396478,0.29431),(-5.412974,1.396642,-0.20569),(5.412974,-1.396642,0.20569),(2.130519,-5.168306,0.105488),(5.412817,-1.396478,-0.29431),(2.130362,-5.168143,-0.394512),(-0.979387,4.166477,0.365701),(-4.261842,0.394812,0.265499),(-4.261999,0.394976,-0.234501),(-0.979544,4.16664,-0.134299),(0.52928,2.85352,0.327937),(-2.753174,-0.918145,0.227735),(-2.753332,-0.917981,-0.272265),(0.529123,2.853683,-0.172063),(2.037947,1.540563,0.290172),(-1.244507,-2.231101,0.189971),(-1.244664,-2.230938,-0.310029),(2.03779,1.540727,-0.209828),(3.546614,0.227606,0.252408),(0.26416,-3.544058,0.152206),(0.264003,-3.543895,-0.347794),(3.546457,0.22777,-0.247592),(5.055281,-1.085351,0.214643),(1.772827,-4.857015,0.114442),(1.77267,-4.856852,-0.385558),(5.055124,-1.085187,-0.285357)),$);
#3793= IFCTRIANGULATEDFACESET(#3792,$,$,((1,2,3),(3,2,4),(5,6,7),(7,6,8),(1,3,9),(9,3,10),(3,4,10),(10,4,11),(2,12,4),(4,12,11),(1,9,2),(2,9,12),(9,10,13),(13,10,14),(10,11,14),(14,11,15),(12,16,11),(11,16,15),(9,13,12),(12,13,16),(13,14,17),(17,14,18),(14,15,18),(18,15,19),(16,20,15),(15,20,19),(13,17,16),(16,17,20),(17,18,21),(21,18,22),(18,19,22),(22,19,23),(20,24,19),(19,24,23),(17,21,20),(20,21,24),(21,22,25),(25,22,26),(22,23,26),(26,23,27),(24,28,23),(23,28,27),(21,25,24),(24,25,28),(25,26,5),(5,26,6),(26,27,6),(6,27,8),(28,7,27),(27,7,8),(25,5,28),(28,5,7)),$);
#3794= IFCSHAPEREPRESENTATION(#178,'Body','Tessellation',(#3793));
#3795= IFCPRODUCTDEFINITIONSHAPE($,$,(#3794));
#3796= IFCCARTESIANPOINT((505209.309378,1707739.114209,369.771633));
#3797= IFCAXIS2PLACEMENT3D(#3796,$,$);
#3798= IFCLOCALPLACEMENT(#5,#3797);
#3799= IFCBUILTELEMENT('12xhHfGRDBNRIYEIKK9wQR',$,'\X2\0110\X0\\X2\1EA5\X0\t n\X2\1EC1\X0\n',$,$,#3798,#3795,'612F5');
#3800= IFCSTYLEDITEM(#3793,(#133),'\X2\0110\X0\\X2\1EA5\X0\t n\X2\1EC1\X0\n');
#3801= IFCPROPERTYSINGLEVALUE('Area',$,IFCREAL(115.036977508849),$);
#3802= IFCPROPERTYSINGLEVALUE('Bounds',$,IFCLABEL('((505203.8963463037,1707733.9458090037,369.37608936659745),(505214.7224101341,1707744.2826083263,370.16717593179425))'),$);
#3803= IFCPROPERTYSET('1d8qni4ntKdDU6Gk34YrN8',$,'Properties',$,(#39,#40,#41,#42,#43,#44,#45,#46,#47,#48,#49,#50,#51,#52,#53,#54,#55,#56,#57,#59,#60,#193,#197,#299,#300,#301,#3801,#3802));
#3804= IFCRELDEFINESBYPROPERTIES('09dTg3uFe$TdxWpFICbVv5',$,$,$,(#3799),#3803);
#3805= IFCPROPERTYSET('1SOK5P4LhOQGPmmp71RAjA',$,'Misc',$,(#85,#87,#88,#203));
#3806= IFCRELDEFINESBYPROPERTIES('2WS6w1G8OI9N22JIBJn38O',$,$,$,(#3799),#3805);
#3807= IFCPROPERTYSET('15lMvnNvt71NmZVxPPL$iX',$,'3D Visualization',$,(#91,#92,#93));
#3808= IFCRELDEFINESBYPROPERTIES('3R0oeg_scJo0mxI7wGK3o5',$,$,$,(#3799),#3807);
#3809= IFCPROPERTYSET('3lE8d_GMlclslC3lLkW3CD',$,'General',$,(#72,#74,#75,#76,#77,#171));
#3810= IFCRELDEFINESBYPROPERTIES('39YQ9QqOECZwrtcR54RI6V',$,$,$,(#3799),#3809);
#3811= IFCPROPERTYSET('2r32oPzwWyr1XChvQ0hgdX',$,'Geometry',$,(#82));
#3812= IFCRELDEFINESBYPROPERTIES('2ql7kyMDpVRSRQmgssix8v',$,$,$,(#3799),#3811);
#3813= IFCPROPERTYSET('3mTenPtI39Ecz0An4cicFr',$,'Corridor Identity',$,(#214,#215,#216,#218,#221,#224,#277,#856,#1039,#1040,#1041,#1042));
#3814= IFCRELDEFINESBYPROPERTIES('1wwGFrymA03wRAHOquq$M4',$,$,$,(#3799),#3813);
#3815= IFCPROPERTYSET('3_6oYU0QgfZlyvEXwVK9H1',$,'Corridor Model Information',$,(#229,#230,#863,#1045,#1046));
#3816= IFCRELDEFINESBYPROPERTIES('0Ke6lt_DwPR93Fjuk_GOq9',$,$,$,(#3799),#3815);
#3817= IFCPROPERTYSINGLEVALUE('Volume',$,IFCVOLUMEMEASURE(25.0000000005348),$);
#3818= IFCPROPERTYSET('01LfnCn_ARoBRSh5Q0bsGH',$,'Corridor Shape Information',$,(#236,#282,#1049,#1050,#3133,#3817));
#3819= IFCRELDEFINESBYPROPERTIES('1OniZBYntkxs46DkYZaLYL',$,$,$,(#3799),#3818);
#3820= IFCPROPERTYSINGLEVALUE('Kh\X2\1ED1\X0\i l\X2\01B0\X0\\X2\1EE3\X0\ng (m3)',$,IFCREAL(25.0000000002801),$);
#3821= IFCPROPERTYSET('1k3pKmGWhofGKCu6fWNF9F',$,'Thong_tin_BIM',$,(#252,#616,#1055,#1056,#1840,#3137,#3138,#3139,#3141,#3142,#3143,#3820));
#3822= IFCRELDEFINESBYPROPERTIES('3d_h3UMucyK8p5vl$i_Oe4',$,$,$,(#3799),#3821);
#3823= IFCCARTESIANPOINTLIST3D(((-11.845914,6.995043,0.555342),(-8.563522,10.766773,0.455544),(-11.846071,6.995207,0.055342),(-8.56368,10.766937,-0.044456),(8.56368,-10.766937,0.044456),(8.563522,-10.766773,-0.455544),(11.846071,-6.995207,-0.055342),(11.845914,-6.995043,-0.555342),(-10.694939,5.993378,0.526531),(-7.412548,9.765108,0.426733),(-7.412705,9.765271,-0.073267),(-10.695096,5.993541,0.026531),(-9.186272,4.680421,0.488767),(-5.90388,8.452151,0.388969),(-5.904037,8.452314,-0.111031),(-9.186429,4.680584,-0.011233),(-7.677605,3.367464,0.451002),(-4.395213,7.139194,0.351204),(-4.39537,7.139357,-0.148796),(-7.677762,3.367627,-0.048998),(-6.168937,2.054507,0.413238),(-2.886546,5.826237,0.31344),(-2.886703,5.8264,-0.18656),(-6.169094,2.05467,-0.086762),(-4.66027,0.74155,0.375474),(-1.377879,4.51328,0.275675),(-1.378036,4.513443,-0.224325),(-4.660427,0.741713,-0.124526),(-3.151603,-0.571407,0.337709),(0.130788,3.200323,0.237911),(0.130631,3.200486,-0.262089),(-3.15176,-0.571244,-0.162291),(-1.642936,-1.884364,0.299945),(1.639456,1.887366,0.200146),(1.639299,1.887529,-0.299854),(-1.643093,-1.884201,-0.200055),(-0.134269,-3.197321,0.26218),(3.148123,0.574409,0.162382),(3.147966,0.574572,-0.337618),(-0.134426,-3.197157,-0.23782),(1.374399,-4.510278,0.224416),(4.65679,-0.738548,0.124617),(4.656633,-0.738384,-0.375383),(1.374241,-4.510114,-0.275584),(2.883066,-5.823235,0.186651),(6.165457,-2.051505,0.086853),(6.1653,-2.051341,-0.413147),(2.882909,-5.823071,-0.313349),(4.391733,-7.136192,0.148887),(7.674124,-3.364462,0.049089),(7.673967,-3.364298,-0.450911),(4.391576,-7.136028,-0.351113),(5.9004,-8.449149,0.111122),(9.182792,-4.677419,0.011324),(9.182635,-4.677255,-0.488676),(5.900243,-8.448985,-0.388878),(7.409067,-9.762106,0.073358),(10.691459,-5.990376,-0.02644),(10.691302,-5.990212,-0.52644),(7.40891,-9.761942,-0.426642)),$);
#3824= IFCTRIANGULATEDFACESET(#3823,$,$,((1,2,3),(3,2,4),(5,6,7),(7,6,8),(1,9,2),(2,9,10),(2,10,4),(4,10,11),(3,4,12),(12,4,11),(1,3,9),(9,3,12),(9,13,10),(10,13,14),(10,14,11),(11,14,15),(12,11,16),(16,11,15),(9,12,13),(13,12,16),(13,17,14),(14,17,18),(14,18,15),(15,18,19),(16,15,20),(20,15,19),(13,16,17),(17,16,20),(17,21,18),(18,21,22),(18,22,19),(19,22,23),(20,19,24),(24,19,23),(17,20,21),(21,20,24),(21,25,22),(22,25,26),(22,26,23),(23,26,27),(24,23,28),(28,23,27),(21,24,25),(25,24,28),(25,29,26),(26,29,30),(26,30,27),(27,30,31),(28,27,32),(32,27,31),(25,28,29),(29,28,32),(29,33,30),(30,33,34),(30,34,31),(31,34,35),(32,31,36),(36,31,35),(29,32,33),(33,32,36),(33,37,34),(34,37,38),(34,38,35),(35,38,39),(36,35,40),(40,35,39),(33,36,37),(37,36,40),(37,41,38),(38,41,42),(38,42,39),(39,42,43),(40,39,44),(44,39,43),(37,40,41),(41,40,44),(41,45,42),(42,45,46),(42,46,43),(43,46,47),(44,43,48),(48,43,47),(41,44,45),(45,44,48),(45,49,46),(46,49,50),(46,50,47),(47,50,51),(48,47,52),(52,47,51),(45,48,49),(49,48,52),(49,53,50),(50,53,54),(50,54,51),(51,54,55),(52,51,56),(56,51,55),(49,52,53),(53,52,56),(53,57,54),(54,57,58),(54,58,55),(55,58,59),(56,55,60),(60,55,59),(53,56,57),(57,56,60),(57,5,58),(58,5,7),(58,7,59),(59,7,8),(60,59,6),(6,59,8),(57,60,5),(5,60,6)),$);
#3825= IFCSHAPEREPRESENTATION(#178,'Body','Tessellation',(#3824));
#3826= IFCPRODUCTDEFINITIONSHAPE($,$,(#3825));
#3827= IFCCARTESIANPOINT((505226.568266,1707730.722523,369.42198));
#3828= IFCAXIS2PLACEMENT3D(#3827,$,$);
#3829= IFCLOCALPLACEMENT(#5,#3828);
#3830= IFCBUILTELEMENT('1M$KjQ9yHBTOa9cLur_lV8',$,'\X2\0110\X0\\X2\1EA5\X0\t n\X2\1EC1\X0\n',$,$,#3829,#3826,'612FE');
#3831= IFCSTYLEDITEM(#3824,(#133),'\X2\0110\X0\\X2\1EA5\X0\t n\X2\1EC1\X0\n');
#3832= IFCPROPERTYSINGLEVALUE('Area',$,IFCREAL(302.721059638595),$);
#3833= IFCPROPERTYSINGLEVALUE('Bounds',$,IFCLABEL('((505214.7220057724,1707719.955422457,368.86540497360164),(505238.4145258129,1707741.4896243939,369.97855537176184))'),$);
#3834= IFCPROPERTYSET('0MzqECqn6yixZey93wcULB',$,'Properties',$,(#39,#40,#41,#42,#43,#44,#45,#46,#47,#48,#49,#50,#51,#52,#53,#54,#55,#56,#57,#59,#60,#193,#197,#299,#300,#301,#3832,#3833));
#3835= IFCRELDEFINESBYPROPERTIES('1f5YA5kjDdzxzli1zFCAwN',$,$,$,(#3830),#3834);
#3836= IFCPROPERTYSET('3B_AUeSmpuZvp9NdFvhIy9',$,'Misc',$,(#85,#87,#88,#203));
#3837= IFCRELDEFINESBYPROPERTIES('0sEQ16SF5xR$FX4Eu7kcih',$,$,$,(#3830),#3836);
#3838= IFCPROPERTYSET('0ocAy$Md4$N65IQMFRoMGs',$,'3D Visualization',$,(#91,#92,#93));
#3839= IFCRELDEFINESBYPROPERTIES('04Gb3x1aDTB3SFQH2PxiXp',$,$,$,(#3830),#3838);
#3840= IFCPROPERTYSET('25J9qTpNZ1oSs32DfY2Aze',$,'General',$,(#72,#74,#75,#76,#77,#171));
#3841= IFCRELDEFINESBYPROPERTIES('29MuF8xMS16GtqHuFPkSOo',$,$,$,(#3830),#3840);
#3842= IFCPROPERTYSET('1aGeOGisUEC7g0QgM1sjJn',$,'Geometry',$,(#82));
#3843= IFCRELDEFINESBYPROPERTIES('1QXRmbmyHwWfoKuT_uzhyd',$,$,$,(#3830),#3842);
#3844= IFCPROPERTYSET('1PEBEkb4$nR1Y84zaLQf2g',$,'Corridor Identity',$,(#214,#215,#218,#221,#224,#744,#745,#856,#1039,#1110,#1111,#1112));
#3845= IFCRELDEFINESBYPROPERTIES('3Ir3yq_EdcNBnknivCWoUc',$,$,$,(#3830),#3844);
#3846= IFCPROPERTYSET('1vKK4VrtJVo$aUBxuqWJ$F',$,'Corridor Model Information',$,(#229,#230,#863,#1045,#1115));
#3847= IFCRELDEFINESBYPROPERTIES('1gcQ2CzS1siofK0kvP5RJF',$,$,$,(#3830),#3846);
#3848= IFCPROPERTYSINGLEVALUE('Volume',$,IFCVOLUMEMEASURE(67.6411390028438),$);
#3849= IFCPROPERTYSET('1$uYY4SqnkInqlgfDPjJqc',$,'Corridor Shape Information',$,(#235,#754,#1118,#1119,#3133,#3848));
#3850= IFCRELDEFINESBYPROPERTIES('06xHQhry5jWC7nvcHBRlAh',$,$,$,(#3830),#3849);
#3851= IFCPROPERTYSINGLEVALUE('Kh\X2\1ED1\X0\i l\X2\01B0\X0\\X2\1EE3\X0\ng (m3)',$,IFCREAL(67.6411390021381),$);
#3852= IFCPROPERTYSET('2lQY1up7NQAcIiQASVedAD',$,'Thong_tin_BIM',$,(#252,#763,#1124,#1125,#1840,#3137,#3138,#3139,#3141,#3142,#3143,#3851));
#3853= IFCRELDEFINESBYPROPERTIES('0fH70AtJ_PfKER563hxGDV',$,$,$,(#3830),#3852);
#3854= IFCCARTESIANPOINTLIST3D(((-5.412785,1.396446,0.39431),(-2.130394,5.168176,0.294512),(-5.412942,1.396609,-0.10569),(-2.130551,5.168339,-0.205488),(2.130551,-5.168339,0.205488),(2.130394,-5.168176,-0.294512),(5.412942,-1.396609,0.10569),(5.412785,-1.396446,-0.39431),(-5.05873,1.08832,0.385448),(-1.776339,4.86005,0.285649),(-1.776496,4.860213,-0.214351),(-5.058887,1.088483,-0.114552),(-3.550063,-0.224637,0.347683),(-0.267672,3.547093,0.247885),(-0.267829,3.547257,-0.252115),(-3.55022,-0.224473,-0.152317),(-2.041396,-1.537594,0.309919),(1.240996,2.234136,0.21012),(1.240839,2.2343,-0.289879),(-2.041553,-1.53743,-0.190081),(-0.532729,-2.850551,0.272154),(2.749663,0.921179,0.172356),(2.749506,0.921343,-0.327644),(-0.532886,-2.850387,-0.227846),(0.975939,-4.163508,0.23439),(4.25833,-0.391778,0.134592),(4.258173,-0.391614,-0.365408),(0.975782,-4.163344,-0.26561)),$);
#3855= IFCTRIANGULATEDFACESET(#3854,$,$,((1,2,3),(3,2,4),(5,6,7),(7,6,8),(1,9,2),(2,9,10),(2,10,4),(4,10,11),(3,4,12),(12,4,11),(1,3,9),(9,3,12),(9,13,10),(10,13,14),(10,14,11),(11,14,15),(12,11,16),(16,11,15),(9,12,13),(13,12,16),(13,17,14),(14,17,18),(14,18,15),(15,18,19),(16,15,20),(20,15,19),(13,16,17),(17,16,20),(17,21,18),(18,21,22),(18,22,19),(19,22,23),(20,19,24),(24,19,23),(17,20,21),(21,20,24),(21,25,22),(22,25,26),(22,26,23),(23,26,27),(24,23,28),(28,23,27),(21,24,25),(25,24,28),(25,5,26),(26,5,7),(26,7,27),(27,7,8),(28,27,6),(6,27,8),(25,28,5),(5,28,6)),$);
#3856= IFCSHAPEREPRESENTATION(#178,'Body','Tessellation',(#3855));
#3857= IFCPRODUCTDEFINITIONSHAPE($,$,(#3856));
#3858= IFCCARTESIANPOINT((505240.544731,1707718.559141,369.072126));
#3859= IFCAXIS2PLACEMENT3D(#3858,$,$);
#3860= IFCLOCALPLACEMENT(#5,#3859);
#3861= IFCBUILTELEMENT('3RxHpTfTX6hwDgf4LXIe0K',$,'\X2\0110\X0\\X2\1EA5\X0\t n\X2\1EC1\X0\n',$,$,#3860,#3857,'61307');
#3862= IFCSTYLEDITEM(#3855,(#133),'\X2\0110\X0\\X2\1EA5\X0\t n\X2\1EC1\X0\n');
#3863= IFCPROPERTYSINGLEVALUE('Area',$,IFCREAL(115.036977508894),$);
#3864= IFCPROPERTYSINGLEVALUE('Bounds',$,IFCLABEL('((505235.13169861014,1707713.39074126,368.6765827232437),(505245.95776244067,1707723.727540583,369.4676692884423))'),$);
#3865= IFCPROPERTYSET('1Uzvx5Nl8L9sP8RtA1YfxB',$,'Properties',$,(#39,#40,#41,#42,#43,#44,#45,#46,#47,#48,#49,#50,#51,#52,#53,#54,#55,#56,#57,#59,#60,#193,#197,#299,#300,#301,#3863,#3864));
#3866= IFCRELDEFINESBYPROPERTIES('3u4kS$XsXNVs67QBD2FCyu',$,$,$,(#3861),#3865);
#3867= IFCPROPERTYSET('2UxVXwcCFRm6jFu0ncL9JS',$,'Misc',$,(#85,#87,#88,#203));
#3868= IFCRELDEFINESBYPROPERTIES('3djg2ymnUfwOfJbey$LjR9',$,$,$,(#3861),#3867);
#3869= IFCPROPERTYSET('315mqCGobdn5z2jOvwWmCh',$,'3D Visualization',$,(#91,#92,#93));
#3870= IFCRELDEFINESBYPROPERTIES('375gMUoesBZzspJP127Cq1',$,$,$,(#3861),#3869);
#3871= IFCPROPERTYSET('3Qh2vkAVr5RYqu4PDoNi$Z',$,'General',$,(#72,#74,#75,#76,#77,#171));
#3872= IFCRELDEFINESBYPROPERTIES('0ftxzHPGhzF$AznoDsv4ce',$,$,$,(#3861),#3871);
#3873= IFCPROPERTYSET('04laCvpnAvFObTPqOK4qDv',$,'Geometry',$,(#82));
#3874= IFCRELDEFINESBYPROPERTIES('3ZWlTvLZtrK_EPtuNjZe0A',$,$,$,(#3861),#3873);
#3875= IFCPROPERTYSET('2Ze6kop6WLSg6aeVVVIpCs',$,'Corridor Identity',$,(#214,#215,#216,#217,#218,#221,#224,#856,#1039,#1149,#1150,#1151));
#3876= IFCRELDEFINESBYPROPERTIES('167Qsi09riBEJAdGbzt$w$',$,$,$,(#3861),#3875);
#3877= IFCPROPERTYSET('0dWEN1DK$EZNLGsTts5ggu',$,'Corridor Model Information',$,(#229,#230,#863,#1045,#1154));
#3878= IFCRELDEFINESBYPROPERTIES('1IO2olaWVozvxVU0hgL9SA',$,$,$,(#3861),#3877);
#3879= IFCPROPERTYSINGLEVALUE('Volume',$,IFCVOLUMEMEASURE(25.0000000006505),$);
#3880= IFCPROPERTYSET('31D$snaeIjqp6QQPfyLGeh',$,'Corridor Shape Information',$,(#235,#236,#1157,#1158,#3133,#3879));
#3881= IFCRELDEFINESBYPROPERTIES('0TmTJzbLjnHmI9dztS0M$N',$,$,$,(#3861),#3880);
#3882= IFCPROPERTYSINGLEVALUE('Kh\X2\1ED1\X0\i l\X2\01B0\X0\\X2\1EE3\X0\ng (m3)',$,IFCREAL(25.0000000006288),$);
#3883= IFCPROPERTYSET('3K0Ezn4A6QYLPgvvQB7iXP',$,'Thong_tin_BIM',$,(#252,#616,#1163,#1164,#1840,#3137,#3138,#3139,#3141,#3142,#3143,#3882));
#3884= IFCRELDEFINESBYPROPERTIES('20OEWKDxI$tpKRBF36J3xz',$,$,$,(#3861),#3883);
#3885= IFCCARTESIANPOINTLIST3D(((-2.130362,5.168143,0.394512),(-2.130519,5.168306,-0.105488),(-5.412817,1.396478,0.29431),(-5.412974,1.396642,-0.20569),(5.412974,-1.396642,0.20569),(2.130519,-5.168306,0.105488),(5.412817,-1.396478,-0.29431),(2.130362,-5.168143,-0.394512),(-1.776307,4.860017,0.385649),(-5.058762,1.088353,0.285448),(-5.058919,1.088516,-0.214552),(-1.776464,4.860181,-0.114351),(-0.26764,3.54706,0.347885),(-3.550094,-0.224604,0.247683),(-3.550251,-0.224441,-0.252317),(-0.267797,3.547224,-0.152115),(1.241027,2.234103,0.31012),(-2.041427,-1.537561,0.209919),(-2.041584,-1.537398,-0.290081),(1.24087,2.234267,-0.189879),(2.749694,0.921147,0.272356),(-0.53276,-2.850518,0.172154),(-0.532917,-2.850355,-0.327846),(2.749537,0.92131,-0.227644),(4.258361,-0.39181,0.234592),(0.975907,-4.163475,0.13439),(0.97575,-4.163312,-0.36561),(4.258204,-0.391647,-0.265408)),$);
#3886= IFCTRIANGULATEDFACESET(#3885,$,$,((1,2,3),(3,2,4),(5,6,7),(7,6,8),(1,3,9),(9,3,10),(3,4,10),(10,4,11),(2,12,4),(4,12,11),(1,9,2),(2,9,12),(9,10,13),(13,10,14),(10,11,14),(14,11,15),(12,16,11),(11,16,15),(9,13,12),(12,13,16),(13,14,17),(17,14,18),(14,15,18),(18,15,19),(16,20,15),(15,20,19),(13,17,16),(16,17,20),(17,18,21),(21,18,22),(18,19,22),(22,19,23),(20,24,19),(19,24,23),(17,21,20),(20,21,24),(21,22,25),(25,22,26),(22,23,26),(26,23,27),(24,28,23),(23,28,27),(21,25,24),(24,25,28),(25,26,5),(5,26,6),(26,27,6),(6,27,8),(28,7,27),(27,7,8),(25,5,28),(28,5,7)),$);
#3887= IFCSHAPEREPRESENTATION(#178,'Body','Tessellation',(#3886));
#3888= IFCPRODUCTDEFINITIONSHAPE($,$,(#3887));
#3889= IFCCARTESIANPOINT((505237.262308,1707714.787444,369.071924));
#3890= IFCAXIS2PLACEMENT3D(#3889,$,$);
#3891= IFCLOCALPLACEMENT(#5,#3890);
#3892= IFCBUILTELEMENT('2s4TXlebf8Yf9cz3wF6M04',$,'\X2\0110\X0\\X2\1EA5\X0\t n\X2\1EC1\X0\n',$,$,#3891,#3888,'61310');
#3893= IFCSTYLEDITEM(#3886,(#133),'\X2\0110\X0\\X2\1EA5\X0\t n\X2\1EC1\X0\n');
#3894= IFCPROPERTYSINGLEVALUE('Area',$,IFCREAL(115.036977509772),$);
#3895= IFCPROPERTYSINGLEVALUE('Bounds',$,IFCLABEL('((505231.84927576914,1707709.6190439959,368.67638103291796),(505242.6753395996,1707719.9558433187,369.46746759811646))'),$);
#3896= IFCPROPERTYSET('3szlaAYg_IK4dl7lA_FBYU',$,'Properties',$,(#39,#40,#41,#42,#43,#44,#45,#46,#47,#48,#49,#50,#51,#52,#53,#54,#55,#56,#57,#59,#60,#193,#197,#299,#300,#301,#3894,#3895));
#3897= IFCRELDEFINESBYPROPERTIES('0et4AxE98MTlRXxZkLkAn9',$,$,$,(#3892),#3896);
#3898= IFCPROPERTYSET('2Zl2$kNTJPs6kvemDiEYSg',$,'Misc',$,(#85,#87,#88,#203));
#3899= IFCRELDEFINESBYPROPERTIES('3ms9Oy1ykwEh1m6rUDDuXR',$,$,$,(#3892),#3898);
#3900= IFCPROPERTYSET('3oylGeRxFhr_DpF33ZtmeM',$,'3D Visualization',$,(#91,#92,#93));
#3901= IFCRELDEFINESBYPROPERTIES('1bkW4i0d5oLJXZ4eicRWSU',$,$,$,(#3892),#3900);
#3902= IFCPROPERTYSET('0AFC4WsxF3zjVhtfaUyux9',$,'General',$,(#72,#74,#75,#76,#77,#171));
#3903= IFCRELDEFINESBYPROPERTIES('11oExLx1OqtU9kgHtWQ1kH',$,$,$,(#3892),#3902);
#3904= IFCPROPERTYSET('0jpkkFGlrwXA$vX7VyO$y3',$,'Geometry',$,(#82));
#3905= IFCRELDEFINESBYPROPERTIES('0CxeLTI94ZKp5s5mCPQayn',$,$,$,(#3892),#3904);
#3906= IFCPROPERTYSET('1xlNiASNQnIE6Jm4yGT2jG',$,'Corridor Identity',$,(#214,#215,#216,#218,#221,#224,#277,#856,#1039,#1149,#1150,#1151));
#3907= IFCRELDEFINESBYPROPERTIES('1KfYjCp3H6tWo8VRbE3YfK',$,$,$,(#3892),#3906);
#3908= IFCPROPERTYSET('2JGfUbD6z385wSZIJjf6UY',$,'Corridor Model Information',$,(#229,#230,#863,#1045,#1154));
#3909= IFCRELDEFINESBYPROPERTIES('383Q_Jz9abcZRS4_W4pSrU',$,$,$,(#3892),#3908);
#3910= IFCPROPERTYSINGLEVALUE('Volume',$,IFCVOLUMEMEASURE(25.0000000006495),$);
#3911= IFCPROPERTYSET('1c$Zx6$DbgxlPi3s8GLD8f',$,'Corridor Shape Information',$,(#236,#282,#1157,#1158,#3133,#3910));
#3912= IFCRELDEFINESBYPROPERTIES('1ixR4MtGKAw0UDmUyAthr_',$,$,$,(#3892),#3911);
#3913= IFCPROPERTYSINGLEVALUE('Kh\X2\1ED1\X0\i l\X2\01B0\X0\\X2\1EE3\X0\ng (m3)',$,IFCREAL(24.999999999932),$);
#3914= IFCPROPERTYSET('1o4YzhfNQe0VNUQUSZ9xH3',$,'Thong_tin_BIM',$,(#252,#616,#1163,#1164,#1840,#3137,#3138,#3139,#3141,#3142,#3143,#3913));
#3915= IFCRELDEFINESBYPROPERTIES('2LAUmp0ruM4w5xo_UUCmrR',$,$,$,(#3892),#3914);
#3916= IFCCARTESIANPOINTLIST3D(((-4.991091,-5.921322,-0.276396),(-4.990934,-5.921485,0.223604),(-8.542953,-2.402256,-0.17413),(-8.542795,-2.40242,0.32587),(8.542953,-1.770879,0.189476),(5.260498,-5.542544,0.089274),(8.542795,-1.770716,-0.310524),(5.260341,-5.54238,-0.410726),(-8.52222,-2.381652,0.326082),(-6.758631,-4.153649,0.274739),(-4.978574,-5.909039,0.2234),(-8.522377,-2.381489,-0.173918),(-4.978731,-5.908876,-0.2766),(-6.758788,-4.153486,-0.225261),(-8.518701,-2.378101,0.326118),(-6.748988,-4.143926,0.274742),(-4.976457,-5.906913,0.223365),(-8.518858,-2.377937,-0.173882),(-4.976614,-5.90675,-0.276634),(-6.749145,-4.143763,-0.225258),(-8.515182,-2.374549,0.326154),(-6.74617,-4.141088,0.274742),(-4.97434,-5.904788,0.223331),(-8.515339,-2.374385,-0.173846),(-4.974497,-5.904625,-0.276669),(-6.746327,-4.140924,-0.225258),(-6.677806,-4.072726,0.274759),(-7.554841,-3.181597,0.300885),(-8.348571,-2.206387,0.327869),(-4.873131,-5.805179,0.221682),(-5.800771,-4.963855,0.248633),(-5.362253,-5.409419,0.235569),(-8.348728,-2.206223,-0.172131),(-6.677963,-4.072562,-0.225241),(-5.800928,-4.963691,-0.251367),(-4.873288,-5.805015,-0.278318),(-7.554998,-3.181433,-0.199115),(-6.485506,-3.882969,0.274806),(-7.339781,-2.966701,0.302132),(-8.039541,-1.894478,0.331048),(-4.680781,-5.62583,0.218624),(-5.631231,-4.799237,0.247479),(-5.204094,-5.257371,0.233816),(-8.039698,-1.894315,-0.168951),(-6.485663,-3.882805,-0.225194),(-5.631388,-4.799073,-0.25252),(-4.680938,-5.625667,-0.281375),(-7.339938,-2.966537,-0.197868),(-8.03601,-1.890915,0.331085),(-6.358721,-3.758762,0.274837),(-4.678551,-5.623824,0.21859),(-6.35728,-3.757369,0.274837),(-8.036167,-1.890751,-0.168915),(-4.678708,-5.62366,-0.28141),(-6.358878,-3.758598,-0.225163),(-6.357438,-3.757206,-0.225163),(-6.761863,-2.407747,0.305475),(-6.32708,-1.991353,0.307989),(-6.139483,0.023274,0.350599),(-5.892298,-1.574958,0.310503),(-5.17098,-2.694643,0.275286),(-5.566414,-3.048885,0.275136),(-4.805748,-4.106417,0.242283),(-5.161832,-4.398507,0.244498),(-5.961847,-3.403127,0.274987),(-3.411611,-4.704075,0.200271),(-4.449663,-3.814327,0.240068),(-6.13964,0.023437,-0.149401),(-5.161989,-4.398343,-0.255502),(-4.805905,-4.106254,-0.257717),(-3.411769,-4.703911,-0.299729),(-4.44982,-3.814164,-0.259932),(-5.171138,-2.694479,-0.224714),(-5.566571,-3.048721,-0.224864),(-6.327237,-1.991189,-0.192011),(-6.76202,-2.407584,-0.194525),(-5.962004,-3.402964,-0.225013),(-5.892455,-1.574795,-0.189497),(-4.196143,-1.893511,0.276079),(-4.818948,-0.583005,0.316928),(-4.499664,-0.295225,0.318884),(-3.906441,-1.670067,0.276401),(-3.573339,-3.204018,0.235229),(-3.313219,-3.044908,0.233917),(-1.567304,-3.945875,0.176705),(-3.348559,2.840188,0.379316),(-3.037335,-0.999733,0.277366),(-2.532858,-2.567579,0.229982),(-2.792978,-2.726689,0.231293),(-3.327037,-1.223177,0.277045),(-3.541813,0.568113,0.324751),(-3.861096,0.280334,0.322796),(-4.18038,-0.007446,0.32084),(-3.053099,-2.885798,0.232605),(-3.616739,-1.446622,0.276723),(-3.348716,2.840351,-0.120684),(-4.486002,-2.116792,-0.224243),(-3.833616,-3.362964,-0.263459),(-3.573496,-3.203855,-0.264771),(-4.1963,-1.893348,-0.223921),(-3.906598,-1.669903,-0.223599),(-3.616896,-1.446459,-0.223277),(-3.053256,-2.885635,-0.267395),(-2.533015,-2.567415,-0.270018),(-1.567461,-3.945711,-0.323295),(-3.037492,-0.999569,-0.222633),(-3.313376,-3.044745,-0.266083),(-0.302437,5.914677,0.410658),(-1.290354,0.275912,0.28096),(0.056885,-3.70534,0.157161),(-0.302594,5.91484,-0.089342),(0.056728,-3.705176,-0.342839),(-1.290511,0.276076,-0.21904),(-0.295853,5.921322,0.410726),(-0.120383,1.106357,0.283917),(0.059872,-3.705229,0.157125),(-0.117991,1.108046,0.283925),(-0.29601,5.921485,-0.089274),(0.059714,-3.705065,-0.342875),(-0.12054,1.106521,-0.216083),(-0.118148,1.10821,-0.216074),(-0.288743,5.915134,0.410548),(-0.115461,1.106527,0.283872),(0.062881,-3.705118,0.157089),(-0.112931,1.105008,0.283819),(-0.2889,5.915297,-0.089452),(0.062724,-3.704955,-0.342911),(-0.115618,1.106691,-0.216128),(-0.113088,1.105171,-0.216181),(0.500655,5.22814,0.390788),(0.138779,3.253028,0.339253),(0.171601,0.934418,0.277839),(0.204424,-1.384191,0.216424),(0.456133,0.763829,0.271859),(0.411612,-3.700482,0.152929),(0.220835,-2.543496,0.185717),(0.500498,5.228304,-0.109212),(0.411455,-3.700319,-0.347071),(0.204267,-1.384028,-0.283576),(0.171444,0.934582,-0.222161),(0.138621,3.253191,-0.160747),(0.455976,0.763992,-0.228141),(1.278391,2.389319,0.312889),(1.67839,2.085986,0.303672),(2.078389,1.782653,0.294455),(1.502835,0.121568,0.250431),(1.851736,-0.092519,0.243288),(1.32728,-1.84285,0.19719),(1.625082,-1.967691,0.192122),(2.385246,-3.985244,0.128982),(1.029478,-1.718009,0.202258),(1.153935,0.335655,0.257573),(4.10943,2.087509,0.300454),(2.549537,-0.520693,0.229003),(2.220687,-2.217373,0.181986),(1.922885,-2.092532,0.187054),(2.200636,-0.306606,0.236146),(2.878386,1.175987,0.27602),(2.478388,1.47932,0.285237),(4.109273,2.087673,-0.199546),(1.02932,-1.717845,-0.297742),(1.327123,-1.842687,-0.30281),(1.624925,-1.967528,-0.307878),(1.502678,0.121731,-0.249569),(1.851579,-0.092356,-0.256712),(1.678233,2.086149,-0.196328),(2.078232,1.782816,-0.205545),(1.278234,2.389482,-0.187111),(1.153777,0.335818,-0.242427),(2.385089,-3.98508,-0.371018),(2.54938,-0.52053,-0.270997),(2.878229,1.17615,-0.22398),(2.22053,-2.21721,-0.318014),(6.896676,-0.338164,0.230685),(4.401358,-1.753982,0.191258),(4.214079,-4.780029,0.104913),(6.896519,-0.338001,-0.269315),(4.213922,-4.779865,-0.395087),(4.401201,-1.753818,-0.308742),(5.891964,-2.8335,0.160693),(6.228551,-3.107904,0.153587),(6.565138,-3.382308,0.146481),(5.782016,-4.367111,0.119832),(5.48292,-4.134595,0.12534),(5.183824,-3.902079,0.130848),(6.228394,-3.107741,-0.346413),(5.482763,-4.134432,-0.37466),(5.781859,-4.366948,-0.380168),(6.564981,-3.382144,-0.353519)),$);
#3917= IFCTRIANGULATEDFACESET(#3916,$,$,((1,2,3),(3,2,4),(5,6,7),(7,6,8),(9,4,10),(10,4,2),(10,2,11),(11,9,10),(3,4,12),(12,4,9),(13,1,14),(14,1,3),(14,3,12),(12,13,14),(2,1,11),(11,1,13),(15,9,16),(16,9,11),(16,11,17),(17,15,16),(12,9,18),(18,9,15),(19,13,20),(20,13,12),(20,12,18),(18,19,20),(11,13,17),(17,13,19),(21,15,22),(22,15,17),(22,17,23),(23,21,22),(18,15,24),(24,15,21),(25,19,26),(26,19,18),(26,18,24),(24,25,26),(17,19,23),(23,19,25),(23,27,21),(21,27,28),(21,28,29),(29,28,27),(29,27,30),(30,27,31),(30,31,32),(32,31,23),(32,23,30),(27,23,31),(24,21,33),(33,21,29),(24,34,25),(25,34,35),(25,35,36),(36,35,34),(36,34,33),(33,34,37),(33,37,24),(24,37,34),(23,25,30),(30,25,36),(30,38,29),(29,38,39),(29,39,40),(40,39,38),(40,38,41),(41,38,42),(41,42,43),(43,42,30),(43,30,41),(38,30,42),(33,29,44),(44,29,40),(33,45,36),(36,45,46),(36,46,47),(47,46,45),(47,45,44),(44,45,48),(44,48,33),(33,48,45),(30,36,41),(41,36,47),(49,40,50),(50,40,41),(50,41,51),(51,52,50),(50,52,49),(44,40,53),(53,40,49),(54,47,55),(55,47,44),(55,44,53),(53,56,55),(55,56,54),(41,47,51),(51,47,54),(52,57,49),(49,57,58),(49,58,59),(59,58,60),(59,60,61),(61,60,62),(61,62,63),(63,62,64),(63,64,51),(51,64,52),(52,64,65),(52,65,57),(57,65,58),(51,66,63),(63,66,67),(63,67,61),(61,67,66),(61,66,59),(58,65,62),(62,65,64),(58,62,60),(53,49,68),(68,49,59),(56,69,54),(54,69,70),(54,70,71),(71,70,72),(71,72,73),(73,72,74),(73,74,75),(75,74,76),(75,76,53),(53,76,56),(56,76,77),(56,77,69),(69,77,70),(53,68,75),(75,68,78),(75,78,73),(73,78,68),(73,68,71),(70,77,74),(74,77,76),(70,74,72),(51,54,66),(66,54,71),(66,79,59),(59,79,80),(59,80,81),(81,80,79),(81,79,82),(82,79,83),(82,83,84),(84,83,66),(84,66,85),(86,87,85),(85,87,88),(85,88,89),(89,88,87),(89,87,90),(90,87,91),(90,91,92),(92,91,86),(92,86,93),(93,86,59),(93,59,81),(83,79,66),(91,87,86),(85,89,94),(94,89,90),(94,90,95),(95,90,92),(95,92,93),(93,81,82),(94,95,84),(84,95,82),(95,93,82),(85,94,84),(68,59,96),(96,59,86),(68,97,71),(71,97,98),(71,98,99),(99,98,97),(99,97,100),(100,97,68),(100,68,101),(101,68,102),(101,102,103),(103,102,104),(103,104,105),(105,104,106),(105,106,96),(96,106,102),(96,102,68),(105,71,103),(103,71,107),(103,107,101),(101,107,100),(107,71,99),(104,102,106),(100,107,99),(66,71,85),(85,71,105),(108,86,109),(109,86,85),(109,85,110),(110,108,109),(96,86,111),(111,86,108),(112,105,113),(113,105,96),(113,96,111),(111,112,113),(85,105,110),(110,105,112),(114,108,115),(115,108,110),(115,110,116),(116,117,115),(115,117,114),(111,108,118),(118,108,114),(119,112,120),(120,112,111),(120,111,118),(118,121,120),(120,121,119),(110,112,116),(116,112,119),(122,114,123),(123,114,117),(123,117,116),(116,124,123),(123,124,125),(123,125,122),(114,122,118),(118,122,126),(127,119,128),(128,119,121),(128,121,118),(118,126,128),(128,126,129),(128,129,127),(116,119,124),(124,119,127),(130,122,131),(131,122,125),(131,125,132),(132,125,133),(132,133,134),(134,133,135),(135,133,136),(135,136,124),(124,136,133),(124,133,125),(132,134,131),(131,134,130),(122,130,126),(126,130,137),(138,127,139),(139,127,129),(139,129,140),(140,129,141),(140,141,142),(142,141,137),(137,141,126),(126,141,129),(140,142,139),(139,142,138),(124,127,135),(135,127,138),(134,143,130),(130,143,144),(130,144,145),(145,144,146),(145,146,147),(147,146,148),(147,148,149),(149,148,135),(149,135,150),(135,151,134),(134,151,152),(134,152,143),(143,152,144),(153,154,150),(150,154,155),(150,155,156),(156,155,154),(156,154,157),(157,154,158),(157,158,159),(159,158,153),(159,153,145),(145,153,130),(151,135,148),(149,150,156),(148,146,151),(151,146,152),(146,144,152),(158,154,153),(159,145,147),(156,157,149),(149,157,147),(157,159,147),(130,153,137),(137,153,160),(142,161,138),(138,161,162),(138,162,163),(163,162,164),(163,164,165),(165,164,166),(165,166,167),(167,166,137),(167,137,160),(137,168,142),(142,168,169),(142,169,161),(161,169,162),(170,171,160),(160,171,172),(160,172,167),(167,172,171),(167,171,165),(165,171,173),(165,173,163),(163,173,170),(163,170,138),(171,170,173),(137,166,168),(168,166,164),(168,164,169),(169,164,162),(135,138,150),(150,138,170),(174,153,175),(175,153,150),(175,150,176),(176,174,175),(153,174,160),(160,174,177),(178,170,179),(179,170,160),(179,160,177),(177,178,179),(150,170,176),(176,170,178),(176,180,174),(174,180,181),(174,181,5),(5,181,182),(5,182,6),(6,182,183),(6,183,184),(184,183,182),(184,182,181),(6,184,176),(176,184,185),(176,185,180),(180,185,181),(184,181,185),(174,5,177),(177,5,7),(177,186,178),(178,186,187),(178,187,8),(8,187,188),(8,188,189),(189,188,186),(189,186,7),(7,186,177),(7,8,189),(188,187,186),(176,178,6),(6,178,8)),$);
#3918= IFCSHAPEREPRESENTATION(#178,'Body','Tessellation',(#3917));
#3919= IFCPRODUCTDEFINITIONSHAPE($,$,(#3918));
#3920= IFCCARTESIANPOINT((505271.687706,1707682.478136,368.148065));
#3921= IFCAXIS2PLACEMENT3D(#3920,$,$);
#3922= IFCLOCALPLACEMENT(#5,#3921);
#3923= IFCBUILTELEMENT('0pvv17FZP4SQ_xZ8EZ_wxB',$,'\X2\0110\X0\\X2\1EA5\X0\t n\X2\1EC1\X0\n',$,$,#3922,#3919,'61319');
#3924= IFCSTYLEDITEM(#3917,(#133),'\X2\0110\X0\\X2\1EA5\X0\t n\X2\1EC1\X0\n');
#3925= IFCPROPERTYSINGLEVALUE('Area',$,IFCREAL(231.410820838645),$);
#3926= IFCPROPERTYSINGLEVALUE('Bounds',$,IFCLABEL('((505263.1446803078,1707676.5565902824,367.73618359593394),(505280.2307264516,1707688.399724926,368.56138164168107))'),$);
#3927= IFCPROPERTYSET('1ApqHanuba_Gw3OSwCWfZT',$,'Properties',$,(#39,#40,#41,#42,#43,#44,#45,#46,#47,#48,#49,#50,#51,#52,#53,#54,#55,#56,#57,#59,#60,#193,#197,#299,#300,#301,#3925,#3926));
#3928= IFCRELDEFINESBYPROPERTIES('17HNQBJOCH9QG$K3ZOqE12',$,$,$,(#3923),#3927);
#3929= IFCPROPERTYSET('18veU6zn_PLdQLzuk$tnpV',$,'Misc',$,(#85,#87,#88,#203));
#3930= IFCRELDEFINESBYPROPERTIES('2GCBBeMrawYKC65NTk9aFZ',$,$,$,(#3923),#3929);
#3931= IFCPROPERTYSET('1WWGd9D3QRUS90GExLgPhS',$,'3D Visualization',$,(#91,#92,#93));
#3932= IFCRELDEFINESBYPROPERTIES('3ihf4a$$UqTHRcOB_UKSCZ',$,$,$,(#3923),#3931);
#3933= IFCPROPERTYSET('0ryv0uSXeKKEAQmMdaDZkQ',$,'General',$,(#72,#74,#75,#76,#77,#171));
#3934= IFCRELDEFINESBYPROPERTIES('33lSVCfh3C8LkhKR0OgF9a',$,$,$,(#3923),#3933);
#3935= IFCPROPERTYSET('3eRKV5cXhhEenMFSiSaXDO',$,'Geometry',$,(#82));
#3936= IFCRELDEFINESBYPROPERTIES('0Y0ODffjHUEgcwaWp643Yr',$,$,$,(#3923),#3935);
#3937= IFCPROPERTYSET('0h5Do4Q7pZVi4ak9Q9HZjJ',$,'Corridor Identity',$,(#221,#224,#456,#457,#458,#461,#1219,#1220,#1221,#1222,#1223,#1224));
#3938= IFCRELDEFINESBYPROPERTIES('0LdBoxCWID$OuaA5vP5FhE',$,$,$,(#3923),#3937);
#3939= IFCPROPERTYSET('0sOgcnqNYEM0z0HSGWiESI',$,'Corridor Model Information',$,(#1227,#1228,#1229,#1230,#1231));
#3940= IFCRELDEFINESBYPROPERTIES('2iARQT8pjmeQbnxH8F6aIr',$,$,$,(#3923),#3939);
#3941= IFCPROPERTYSINGLEVALUE('Volume',$,IFCVOLUMEMEASURE(52.2442010138663),$);
#3942= IFCPROPERTYSET('1h5vZvThY3tzck1dNwgMei',$,'Corridor Shape Information',$,(#235,#472,#473,#1234,#3133,#3941));
#3943= IFCRELDEFINESBYPROPERTIES('01KhlvGkYog2Wk2p7djPuM',$,$,$,(#3923),#3942);
#3944= IFCPROPERTYSINGLEVALUE('Kh\X2\1ED1\X0\i l\X2\01B0\X0\\X2\1EE3\X0\ng (m3)',$,IFCREAL(52.2442010136523),$);
#3945= IFCPROPERTYSET('0aRg2HAi8UHViG_$QHhVNi',$,'Thong_tin_BIM',$,(#252,#479,#1239,#1240,#1840,#3137,#3138,#3139,#3141,#3142,#3143,#3944));
#3946= IFCRELDEFINESBYPROPERTIES('0B7DIQnsUsLAaWE3tdJ4qp',$,$,$,(#3923),#3945);
#3947= IFCCARTESIANPOINTLIST3D(((-7.404864,6.961498,0.400152),(-7.405021,6.961662,-0.099848),(-7.448824,6.910985,0.398777),(-7.448981,6.911148,-0.101223),(-7.665934,7.188695,0.408328),(-7.666091,7.188858,-0.091672),(-6.31933,5.709797,0.35656),(-6.319487,5.709961,-0.14344),(-6.067019,7.312476,-0.093615),(-5.667209,6.914984,-0.106789),(-5.130668,8.187699,-0.069351),(-4.672989,7.756361,-0.082918),(-2.111133,8.940086,-0.04953),(-4.404798,10.936208,0.007884),(-6.94711,-7.213981,-0.000609),(-6.947267,-7.213817,-0.500609),(-6.950679,-7.210444,-0.000699),(-6.950837,-7.21028,-0.500699),(-6.899155,-7.165258,-0.498871),(-6.898998,-7.165422,0.001128),(-6.566921,-6.829936,-0.485933),(-6.566764,-6.8301,0.014067),(-6.234643,-6.49457,-0.473347),(-6.234486,-6.494733,0.026653),(-6.330311,-6.399793,0.025053),(-6.330468,-6.39963,-0.474947),(-5.060696,-8.86209,0.047413),(-6.121793,-8.153722,0.020367),(-7.148284,-7.417077,-0.007884),(-5.217655,-9.018309,0.044169),(-3.59636,-10.936208,0.089849),(-4.313516,-9.882896,0.067971),(-3.222394,-10.558759,0.093697),(-7.148441,-7.416913,-0.507884),(-6.12195,-8.153558,-0.479633),(-5.217812,-9.018146,-0.455831),(-5.060853,-8.861927,-0.452587),(-4.313673,-9.882733,-0.432029),(-3.222551,-10.558595,-0.406303),(-3.596517,-10.936044,-0.41015),(-4.404641,10.936044,0.507884),(-5.588189,8.618874,0.444216),(-5.130511,8.187536,0.430649),(-4.672832,7.756198,0.417082),(-2.110976,8.939923,0.45047),(-0.051006,7.14718,0.398905),(-3.474369,6.525176,0.379936),(-5.416163,4.303804,0.313808),(-0.051163,7.147344,-0.101095),(-5.41632,4.303968,-0.186192),(-3.474526,6.52534,-0.120064),(0.379266,6.772725,0.388135),(-2.588929,5.559046,0.351576),(-5.267813,4.012474,0.305457),(0.379109,6.772888,-0.111865),(-5.26797,4.012637,-0.194543),(-2.589086,5.559209,-0.148424),(3.33637,4.199228,0.314114),(-1.531661,4.281126,0.315529),(-4.574467,2.140076,0.254409),(3.336213,4.199392,-0.185886),(-4.574624,2.14024,-0.245591),(-1.531818,4.281289,-0.184471),(-0.091938,2.497772,0.265659),(0.435173,1.825892,0.247057),(7.245723,0.797011,0.216256),(-4.266932,0.167253,0.20345),(-1.992763,1.489778,0.237994),(-2.29476,2.072321,0.253665),(7.245566,0.797175,-0.283744),(0.435016,1.826056,-0.252943),(-1.99292,1.489942,-0.262006),(-4.26709,0.167416,-0.29655),(7.658836,0.437489,0.205915),(1.594672,0.348792,0.206161),(-1.334133,0.214562,0.203698),(-4.258941,-0.006587,0.199021),(7.658679,0.437653,-0.294085),(1.594514,0.348955,-0.293839),(-1.33429,0.214726,-0.296302),(-4.259098,-0.006423,-0.300979),(7.666091,0.431175,0.205733),(1.701789,0.213123,0.202404),(-4.25883,-0.009585,0.198945),(-1.277599,0.100605,0.200642),(1.703631,0.210795,0.202339),(7.665934,0.431339,-0.294266),(-4.258987,-0.009421,-0.301055),(1.701632,0.213287,-0.297596),(1.703474,0.210959,-0.297661),(-1.277757,0.100769,-0.299358),(7.659374,0.424344,0.205663),(1.701979,0.208338,0.202303),(-4.258719,-0.012583,0.198869),(-1.279196,0.096649,0.200567),(1.700327,0.205881,0.202266),(7.659217,0.424508,-0.294337),(-4.258876,-0.012419,-0.301131),(1.701822,0.208502,-0.297697),(1.70017,0.206044,-0.297734),(-1.279353,0.096813,-0.299433),(4.188932,-3.078416,0.169955),(3.366091,-1.225268,0.184792),(2.08706,-1.174384,0.183283),(0.808029,-1.1235,0.181774),(1.535545,-1.891824,0.173367),(0.361879,-1.788191,0.171528),(-0.08427,-2.452881,0.161282),(-0.811786,-1.684557,0.16969),(-2.220871,-2.140113,0.156946),(-1.985452,-1.580923,0.167851),(-3.159118,-1.477289,0.166013),(-3.029064,-0.970848,0.177248),(-4.357472,-1.827346,0.152609),(-1.750033,-1.021732,0.178757),(-0.471002,-1.072616,0.180265),(2.709211,-1.995458,0.175205),(4.188774,-3.078253,-0.330045),(-2.899168,-0.464244,-0.311517),(-3.029221,-0.970685,-0.322752),(-4.357629,-1.827182,-0.347391),(-3.159275,-1.477125,-0.333987),(-2.221028,-2.13995,-0.343054),(-1.985609,-1.580759,-0.332149),(-0.811943,-1.684393,-0.33031),(-0.471159,-1.072453,-0.319735),(0.807872,-1.123337,-0.318226),(1.254021,-0.458646,-0.30798),(2.638417,-0.45678,-0.306801),(4.022814,-0.454914,-0.305622),(3.365934,-1.225105,-0.315208),(2.709054,-1.995295,-0.324795),(-0.084427,-2.452718,-0.338718),(1.535388,-1.891661,-0.326633),(0.361722,-1.788027,-0.328472),(2.086903,-1.174221,-0.316717),(-0.130375,-0.460512,-0.309159),(-1.514772,-0.462378,-0.310338),(-1.75019,-1.021569,-0.321243),(2.76684,-4.513751,0.155323),(1.496892,-3.417955,0.157183),(0.506395,-3.228891,0.154455),(-0.484102,-3.039827,0.151727),(-0.883934,-3.626773,0.142171),(-1.474599,-2.850763,0.148998),(-2.709322,-3.183284,0.135595),(-2.465096,-2.661699,0.14627),(-3.455593,-2.472635,0.143542),(-4.534709,-2.739796,0.129019),(2.766683,-4.513587,-0.344677),(-4.534866,-2.739632,-0.370981),(-2.465253,-2.661535,-0.35373),(-1.474756,-2.8506,-0.351001),(-0.484259,-3.039664,-0.348273),(0.506238,-3.228728,-0.345545),(-0.884091,-3.62661,-0.357829),(1.496735,-3.417792,-0.342817),(-2.709479,-3.183121,-0.364405),(2.762523,-4.518108,0.155278),(-0.885191,-3.628591,0.142141),(-4.535418,-2.742711,0.128943),(-2.710932,-3.18656,0.135527),(-0.886447,-3.630409,0.142111),(2.762366,-4.517944,-0.344722),(-4.535575,-2.742547,-0.371057),(-0.885348,-3.628428,-0.357859),(-0.886604,-3.630246,-0.357889),(-2.711089,-3.186397,-0.364473),(2.758208,-4.522463,0.155234),(-0.887703,-3.632227,0.142081),(-4.536127,-2.745626,0.128867),(-2.712543,-3.189835,0.135459),(-0.88896,-3.634044,0.142051),(2.758051,-4.5223,-0.344766),(-4.536284,-2.745462,-0.371133),(-0.88786,-3.632063,-0.357919),(-0.889117,-3.633881,-0.357949),(-2.7127,-3.189672,-0.364541),(1.314724,-5.97939,0.140381),(0.355024,-4.751923,0.139703),(-1.326418,-4.25292,0.131598),(-2.167138,-4.003418,0.127546),(-1.545146,-4.562358,0.126372),(-2.350332,-4.299157,0.121942),(-1.763875,-4.871795,0.121146),(-3.303175,-4.317998,0.111529),(-3.155517,-4.035957,0.117511),(-3.960703,-3.772757,0.113081),(-3.84858,-3.504415,0.119441),(-4.842475,-3.764201,0.101911),(-3.007859,-3.753917,0.123494),(0.065224,-5.088758,0.135233),(1.314567,-5.979226,-0.359619),(-4.842632,-3.764037,-0.398089),(-3.848737,-3.504251,-0.380559),(-3.008016,-3.753753,-0.376506),(-2.167296,-4.003255,-0.372454),(-3.155674,-4.035794,-0.382489),(-2.350489,-4.298994,-0.378058),(-3.303332,-4.317835,-0.388471),(-1.764033,-4.871632,-0.378854),(-1.545304,-4.562194,-0.373628),(-0.740118,-4.825394,-0.369197),(-0.485854,-4.502258,-0.364349),(0.354867,-4.75176,-0.360297),(-1.326575,-4.252756,-0.368402),(0.065067,-5.088594,-0.364767),(-3.96086,-3.772594,-0.386919),(0.090884,-7.214627,0.127789),(-0.731312,-6.00343,0.122899),(-2.165427,-5.409852,0.111714),(-2.882485,-5.113063,0.106121),(-2.366204,-5.67888,0.106998),(-3.056965,-5.372146,0.101013),(-2.56698,-5.947909,0.102282),(-3.747727,-5.065412,0.095028),(-5.224843,-4.68119,0.076775),(-4.438489,-4.758677,0.089044),(-4.316601,-4.519485,0.094936),(-3.599543,-4.816274,0.100529),(-0.98468,-6.292349,0.118967),(0.090727,-7.214463,-0.372211),(-5.225,-4.681027,-0.423225),(-4.316758,-4.519321,-0.405064),(-3.5997,-4.81611,-0.399471),(-2.882642,-5.112899,-0.393879),(-3.747884,-5.065248,-0.404971),(-3.057122,-5.371982,-0.398987),(-2.567137,-5.947745,-0.397718),(-2.366361,-5.678717,-0.393002),(-0.984837,-6.292185,-0.381033),(-0.731469,-6.003267,-0.3771),(-2.165585,-5.409688,-0.388286),(-4.438646,-4.758514,-0.410956),(-1.064134,-8.380401,0.115904),(-1.7309,-7.129046,0.107404),(-2.975175,-6.460578,0.092961),(-3.597313,-6.126344,0.085739),(-3.179273,-6.716913,0.0883),(-3.780247,-6.373902,0.080656),(-3.383371,-6.973248,0.08364),(-4.38122,-6.030891,0.073012),(-5.702608,-5.566095,0.051375),(-4.982193,-5.68788,0.065369),(-4.841588,-5.457877,0.071296),(-4.21945,-5.792111,0.078518),(-1.977326,-7.402935,0.103588),(-1.064291,-8.380237,-0.384096),(-4.057838,-5.553166,-0.415977),(-4.70114,-5.22771,-0.422776),(-4.841745,-5.457713,-0.428704),(-4.219607,-5.791947,-0.421482),(-3.414536,-5.878623,-0.409178),(-3.59747,-6.126181,-0.414261),(-2.771235,-6.20408,-0.402379),(-2.975332,-6.460415,-0.407039),(-1.484631,-6.854993,-0.38878),(-1.731057,-7.128883,-0.392596),(-1.977484,-7.402772,-0.396412),(-3.383528,-6.973085,-0.41636),(-3.17943,-6.71675,-0.4117),(-3.780404,-6.373739,-0.419344),(-4.381377,-6.030728,-0.426987),(-5.702765,-5.565932,-0.448625),(-4.98235,-5.687717,-0.434631),(-5.948194,-6.960387,0.030165),(-5.783115,-6.751886,0.03602),(-5.618036,-6.543385,0.041875),(-5.452957,-6.334885,0.04773),(-5.0831,-6.922514,0.051261),(-4.903063,-6.7049,0.056676),(-4.548163,-7.301642,0.060647),(-4.353169,-7.074915,0.065622),(-4.013227,-7.680771,0.070033),(-3.803275,-7.44493,0.074568),(-2.943354,-8.439028,0.088805),(-2.703487,-8.18496,0.092461),(-6.113274,-7.168887,0.024309),(-5.62321,-7.575356,0.035015),(-5.133146,-7.981825,0.045721),(-4.643083,-8.388294,0.056426),(-4.938152,-7.755097,0.050696),(-4.433131,-8.152453,0.060962),(-4.223179,-7.916612,0.065497),(-4.743158,-7.52837,0.055672),(-3.662956,-9.201232,0.077838),(-3.423089,-8.947164,0.081493),(-3.183221,-8.693096,0.085149),(-5.443173,-7.357742,0.04043),(-5.263136,-7.140128,0.045846),(-5.783272,-6.751722,-0.46398),(-6.113431,-7.168724,-0.475691),(-5.623367,-7.575193,-0.464985),(-5.133304,-7.981661,-0.454279),(-4.64324,-8.38813,-0.443574),(-4.223336,-7.916448,-0.434503),(-3.183379,-8.692932,-0.414851),(-2.943511,-8.438865,-0.411195),(-2.703644,-8.184797,-0.407539),(-2.463777,-7.930729,-0.403884),(-3.803432,-7.444766,-0.425431),(-3.59348,-7.208926,-0.420896),(-4.353326,-7.074751,-0.434378),(-4.158332,-6.848024,-0.429402),(-4.90322,-6.704736,-0.443324),(-4.723183,-6.487122,-0.437908),(-5.453114,-6.334721,-0.45227),(-5.288035,-6.126221,-0.446414),(-5.618193,-6.543222,-0.458125),(-5.083257,-6.92235,-0.448739),(-5.263294,-7.139964,-0.454154),(-4.54832,-7.301479,-0.439353),(-4.743315,-7.528206,-0.444328),(-4.013384,-7.680607,-0.429967),(-3.663113,-9.201068,-0.422162)),$);
#3948= IFCTRIANGULATEDFACESET(#3947,$,$,((1,2,3),(3,2,4),(5,6,1),(1,6,2),(3,4,7),(7,4,8),(4,2,8),(8,2,9),(8,9,10),(10,9,11),(10,11,12),(12,11,13),(12,13,8),(6,14,2),(2,14,11),(2,11,9),(14,13,11),(12,8,10),(15,16,17),(17,16,18),(16,15,19),(19,15,20),(19,20,21),(21,20,22),(21,22,23),(23,22,24),(24,25,23),(23,25,26),(27,20,28),(28,20,15),(28,15,29),(29,15,17),(28,29,30),(30,29,31),(30,31,32),(32,31,33),(32,33,27),(32,27,30),(30,27,28),(17,18,29),(29,18,34),(18,16,34),(34,16,35),(34,35,36),(36,35,37),(36,37,38),(38,37,39),(38,39,40),(19,37,16),(16,37,35),(38,40,36),(36,40,34),(6,5,14),(14,5,41),(31,29,40),(40,29,34),(5,1,42),(42,1,3),(42,3,43),(43,3,7),(43,7,44),(44,7,45),(44,45,43),(43,45,41),(43,41,42),(42,41,5),(41,45,14),(14,45,13),(46,45,47),(47,45,7),(47,7,48),(48,46,47),(45,46,13),(13,46,49),(50,8,51),(51,8,13),(51,13,49),(49,50,51),(7,8,48),(48,8,50),(52,46,53),(53,46,48),(53,48,54),(54,52,53),(46,52,49),(49,52,55),(56,50,57),(57,50,49),(57,49,55),(55,56,57),(48,50,54),(54,50,56),(58,52,59),(59,52,54),(59,54,60),(60,58,59),(52,58,55),(55,58,61),(62,56,63),(63,56,55),(63,55,61),(61,62,63),(54,56,60),(60,56,62),(60,64,58),(58,64,65),(58,65,66),(66,65,67),(67,65,68),(67,68,60),(60,68,69),(60,69,64),(64,69,65),(68,65,69),(58,66,61),(61,66,70),(61,71,62),(62,71,72),(62,72,73),(73,72,71),(73,71,70),(70,71,61),(60,62,67),(67,62,73),(74,66,75),(75,66,67),(75,67,76),(76,67,77),(76,77,75),(75,77,74),(66,74,70),(70,74,78),(70,79,73),(73,79,80),(73,80,81),(81,80,79),(81,79,78),(78,79,70),(67,73,77),(77,73,81),(82,74,83),(83,74,77),(83,77,84),(84,85,83),(83,85,86),(83,86,82),(74,82,78),(78,82,87),(88,81,89),(89,81,78),(89,78,87),(87,90,89),(89,90,91),(89,91,88),(77,81,84),(84,81,88),(92,82,93),(93,82,86),(93,86,85),(85,84,93),(93,84,94),(93,94,95),(95,96,93),(93,96,92),(82,92,87),(87,92,97),(98,88,99),(99,88,91),(99,91,90),(90,87,99),(99,87,97),(99,97,100),(100,101,99),(99,101,98),(84,88,94),(94,88,98),(102,92,103),(103,92,96),(103,96,104),(104,96,105),(104,105,106),(106,105,107),(106,107,108),(108,107,109),(108,109,110),(110,109,111),(110,111,112),(112,111,113),(112,113,114),(114,113,94),(94,113,95),(95,113,115),(95,115,116),(116,115,109),(116,109,107),(105,96,116),(116,96,95),(114,110,112),(106,108,117),(117,108,102),(117,102,103),(109,115,111),(111,115,113),(107,105,116),(117,103,104),(117,104,106),(92,102,97),(97,102,118),(101,119,98),(98,119,120),(98,120,121),(121,120,122),(121,122,123),(123,122,124),(123,124,125),(125,124,126),(125,126,127),(127,126,128),(127,128,129),(129,128,100),(129,100,130),(130,100,97),(130,97,131),(131,97,118),(131,118,132),(132,118,133),(132,133,134),(134,133,135),(134,135,136),(136,135,127),(136,127,129),(100,137,101),(101,137,138),(101,138,119),(119,138,120),(135,133,125),(125,133,123),(136,129,130),(137,100,128),(128,126,137),(137,126,139),(137,139,138),(138,139,120),(120,139,122),(122,139,124),(127,135,125),(139,126,124),(131,132,134),(131,134,136),(131,136,130),(94,98,114),(114,98,121),(140,102,141),(141,102,108),(141,108,142),(142,108,143),(142,143,144),(144,143,145),(144,145,146),(146,145,147),(146,147,148),(148,147,110),(148,110,114),(143,108,145),(145,108,110),(145,110,147),(114,149,148),(148,149,146),(142,144,141),(141,144,140),(102,140,118),(118,140,150),(151,121,152),(152,121,123),(152,123,153),(153,123,133),(153,133,154),(154,133,155),(154,155,156),(156,155,157),(156,157,150),(150,157,118),(118,157,133),(133,157,155),(154,156,153),(153,156,158),(153,158,152),(152,158,151),(114,121,149),(149,121,151),(159,140,160),(160,140,144),(160,144,146),(146,149,160),(160,149,161),(160,161,162),(162,163,160),(160,163,159),(140,159,150),(150,159,164),(165,151,166),(166,151,158),(166,158,156),(156,150,166),(166,150,164),(166,164,167),(167,168,166),(166,168,165),(149,151,161),(161,151,165),(169,159,170),(170,159,163),(170,163,162),(162,161,170),(170,161,171),(170,171,172),(172,173,170),(170,173,169),(159,169,164),(164,169,174),(175,165,176),(176,165,168),(176,168,167),(167,164,176),(176,164,174),(176,174,177),(177,178,176),(176,178,175),(161,165,171),(171,165,175),(179,169,180),(180,169,173),(180,173,181),(181,173,182),(181,182,183),(183,182,184),(183,184,185),(185,184,186),(186,184,187),(186,187,188),(188,187,189),(188,189,190),(190,189,171),(171,189,172),(172,189,191),(172,191,182),(182,191,184),(173,172,182),(190,186,188),(183,185,192),(192,185,179),(192,179,180),(184,191,187),(187,191,189),(192,180,181),(192,181,183),(169,179,174),(174,179,193),(194,175,195),(195,175,178),(195,178,196),(196,178,197),(196,197,198),(198,197,199),(198,199,200),(200,199,201),(201,199,202),(201,202,203),(203,202,204),(203,204,205),(205,204,177),(205,177,174),(178,177,197),(197,177,206),(197,206,199),(199,206,202),(174,193,205),(205,193,207),(205,207,203),(203,207,201),(193,201,207),(198,200,208),(208,200,194),(208,194,195),(206,177,204),(202,206,204),(208,195,196),(208,196,198),(171,175,190),(190,175,194),(209,179,210),(210,179,185),(210,185,211),(211,185,212),(211,212,213),(213,212,214),(213,214,215),(215,214,216),(215,216,217),(217,216,218),(217,218,219),(219,218,216),(219,216,220),(220,216,214),(220,214,212),(185,186,212),(212,186,220),(220,186,219),(219,186,190),(219,190,217),(213,215,221),(221,215,209),(221,209,210),(221,210,211),(221,211,213),(179,209,193),(193,209,222),(223,194,224),(224,194,200),(224,200,225),(225,200,226),(225,226,227),(227,226,228),(227,228,229),(229,228,230),(229,230,231),(231,230,232),(231,232,222),(222,232,193),(193,232,201),(201,232,233),(201,233,226),(226,233,228),(200,201,226),(222,229,231),(229,223,227),(227,223,234),(227,234,225),(225,234,224),(234,223,224),(228,233,230),(230,233,232),(190,194,217),(217,194,223),(235,209,236),(236,209,215),(236,215,237),(237,215,238),(237,238,239),(239,238,240),(239,240,241),(241,240,242),(241,242,243),(243,242,244),(243,244,245),(245,244,242),(245,242,246),(246,242,240),(246,240,238),(238,215,246),(246,215,217),(246,217,245),(245,217,243),(239,241,247),(247,241,235),(247,235,236),(247,236,237),(247,237,239),(209,235,222),(222,235,248),(229,249,223),(223,249,250),(223,250,251),(251,250,249),(251,249,252),(252,249,253),(252,253,254),(254,253,255),(254,255,256),(256,255,257),(256,257,258),(258,257,222),(258,222,248),(222,257,229),(229,257,255),(229,255,253),(258,248,259),(259,248,260),(259,260,261),(261,260,262),(261,262,256),(256,262,254),(262,260,263),(263,260,264),(263,264,265),(265,264,251),(265,251,252),(264,223,251),(249,229,253),(254,262,263),(254,263,252),(252,263,265),(258,259,261),(258,261,256),(217,223,243),(243,223,264),(22,266,24),(24,266,267),(24,267,25),(25,267,268),(25,268,269),(269,268,270),(269,270,271),(271,270,272),(271,272,273),(273,272,274),(273,274,275),(275,274,276),(275,276,277),(277,276,235),(277,235,241),(266,22,278),(278,22,20),(278,20,279),(279,20,27),(279,27,280),(280,27,281),(280,281,282),(282,281,283),(282,283,285),(285,283,284),(285,284,272),(272,284,274),(281,27,286),(286,27,33),(286,33,287),(287,33,288),(287,288,284),(284,288,274),(33,235,288),(288,235,276),(288,276,274),(243,271,241),(241,271,273),(241,273,275),(271,243,269),(269,243,25),(266,289,267),(267,289,290),(267,290,268),(268,290,270),(289,282,290),(290,282,285),(290,285,270),(270,285,272),(278,279,266),(266,279,289),(279,280,289),(289,280,282),(286,287,283),(283,287,284),(286,283,281),(277,241,275),(235,33,248),(248,33,39),(26,291,23),(23,291,292),(23,292,21),(21,292,19),(19,292,293),(19,293,37),(37,293,294),(37,294,295),(295,294,296),(295,296,297),(297,296,298),(297,298,248),(248,298,299),(248,299,300),(300,299,301),(300,301,302),(302,301,303),(302,303,304),(304,303,305),(304,305,306),(306,305,307),(306,307,308),(308,307,264),(308,264,306),(306,264,260),(306,260,304),(304,260,302),(264,307,26),(26,307,309),(26,309,291),(291,309,310),(291,310,311),(311,310,313),(313,310,312),(313,312,296),(296,312,314),(296,314,298),(298,314,299),(302,260,300),(300,260,248),(248,39,297),(297,39,315),(297,315,295),(295,315,37),(39,37,315),(293,292,311),(311,292,291),(294,293,313),(313,293,311),(313,296,294),(303,301,314),(314,312,303),(309,307,305),(305,303,312),(312,310,305),(310,309,305),(314,301,299),(26,25,264),(264,25,243),(33,31,39),(39,31,40)),$);
#3949= IFCSHAPEREPRESENTATION(#178,'Body','Tessellation',(#3948));
#3950= IFCPRODUCTDEFINITIONSHAPE($,$,(#3949));
#3951= IFCCARTESIANPOINT((505263.725734,1707687.968306,368.353058));
#3952= IFCAXIS2PLACEMENT3D(#3951,$,$);
#3953= IFCLOCALPLACEMENT(#5,#3952);
#3954= IFCBUILTELEMENT('3W$I2I2RH8wxz8PAJTJrzV',$,'\X2\0110\X0\\X2\1EA5\X0\t n\X2\1EC1\X0\n',$,$,#3953,#3950,'61322');
#3955= IFCSTYLEDITEM(#3948,(#133),'\X2\0110\X0\\X2\1EA5\X0\t n\X2\1EC1\X0\n');
#3956= IFCPROPERTYSINGLEVALUE('Area',$,IFCREAL(346.46229162092),$);
#3957= IFCPROPERTYSINGLEVALUE('Bounds',$,IFCLABEL('((505256.0383519058,1707677.0319639172,367.83936849648916),(505271.39191882266,1707698.904681534,368.8619729808325))'),$);
#3958= IFCPROPERTYSET('2JhsBXLtrHCGop_Rvv0hcT',$,'Properties',$,(#39,#40,#41,#42,#43,#44,#47,#48,#49,#50,#51,#52,#53,#54,#55,#56,#57,#59,#60,#193,#194,#195,#196,#197,#198,#199,#3956,#3957));
#3959= IFCRELDEFINESBYPROPERTIES('3nyczklW72pHBbfksCgOKV',$,$,$,(#3954),#3958);
#3960= IFCPROPERTYSET('1XaB8O$zeVIQd2qBsG$7Xg',$,'Misc',$,(#85,#87,#88,#203));
#3961= IFCRELDEFINESBYPROPERTIES('1f6145pETOKbM_Yql86ixZ',$,$,$,(#3954),#3960);
#3962= IFCPROPERTYSET('27jXUWrMqKFStU8fChlPZ1',$,'3D Visualization',$,(#91,#92,#93));
#3963= IFCRELDEFINESBYPROPERTIES('1EKMLoWovNpINbvxUywvbA',$,$,$,(#3954),#3962);
#3964= IFCPROPERTYSET('1_MytvgQWpE_e$jqcuVLD_',$,'General',$,(#72,#74,#75,#76,#77,#171));
#3965= IFCRELDEFINESBYPROPERTIES('0Syo7xgDMUZo3nQvtjLV$f',$,$,$,(#3954),#3964);
#3966= IFCPROPERTYSET('2ILqc7GVIoIoNIyn2DHTeh',$,'Geometry',$,(#82));
#3967= IFCRELDEFINESBYPROPERTIES('0a2vguU6X5YzO1Ho0ET_Lf',$,$,$,(#3954),#3966);
#3968= IFCPROPERTYSET('05IqYgqV0OHFdhngF6CMr0',$,'Corridor Identity',$,(#221,#224,#456,#457,#458,#461,#509,#1219,#1264,#1265,#1266,#1267));
#3969= IFCRELDEFINESBYPROPERTIES('1_rQjD9esYlEYjBJp_VpbY',$,$,$,(#3954),#3968);
#3970= IFCPROPERTYSET('1RjAGAYrDcKI3nBb_HxjFL',$,'Corridor Model Information',$,(#1227,#1270,#1271,#1272,#1273));
#3971= IFCRELDEFINESBYPROPERTIES('1WXj7H01KoYQKry66LjvL2',$,$,$,(#3954),#3970);
#3972= IFCPROPERTYSINGLEVALUE('Volume',$,IFCVOLUMEMEASURE(79.2815310734632),$);
#3973= IFCPROPERTYSET('0qQTkLrJMlMB0ppRskKpCN',$,'Corridor Shape Information',$,(#235,#472,#473,#518,#3133,#3972));
#3974= IFCRELDEFINESBYPROPERTIES('1Tikdq1v42dp90QhESh5pA',$,$,$,(#3954),#3973);
#3975= IFCPROPERTYSINGLEVALUE('Kh\X2\1ED1\X0\i l\X2\01B0\X0\\X2\1EE3\X0\ng (m3)',$,IFCREAL(79.28153107423),$);
#3976= IFCPROPERTYSET('2rGRnQNGxL$E5deOAzHJpL',$,'Thong_tin_BIM',$,(#252,#479,#523,#524,#1840,#3137,#3138,#3139,#3141,#3142,#3143,#3975));
#3977= IFCRELDEFINESBYPROPERTIES('1$IRkftItlz5ypczK_fNT7',$,$,$,(#3954),#3976);
#3978= IFCCARTESIANPOINTLIST3D(((0.469283,-3.078188,-0.314577),(0.468914,-3.077822,-0.314566),(0.46944,-3.078351,0.185423),(0.469071,-3.077985,0.185434),(1.181531,-2.358568,-0.307234),(1.181688,-2.358731,0.192766),(1.1819,-2.358934,-0.307245),(1.182057,-2.359097,0.192755),(1.67708,-1.859143,-0.30215),(-1.874781,1.659922,-0.199883),(-3.282425,0.23917,-0.214367),(0.269436,-3.279896,-0.316633),(0.269593,-3.280059,0.183367),(-0.268084,3.28126,0.316647),(3.283777,-0.237805,0.214381),(-0.268241,3.281423,-0.183353),(3.28362,-0.237642,-0.285619),(-3.28362,0.237642,0.285619),(-3.283777,0.237805,-0.214381),(0.268241,-3.281423,0.183353),(0.268084,-3.28126,-0.316647),(-0.46698,3.080512,0.314601),(3.084881,-0.438554,0.212334),(3.084724,-0.438391,-0.287666),(-0.467138,3.080675,-0.185399),(-0.895074,2.648431,0.310196),(2.656788,-0.870634,0.207929),(2.65663,-0.870471,-0.292071),(-0.895231,2.648595,-0.189804),(-1.874624,1.659759,0.300117),(1.677237,-1.859307,0.19785),(-3.282268,0.239006,0.285633)),$);
#3979= IFCTRIANGULATEDFACESET(#3978,$,$,((1,2,3),(3,2,4),(2,5,4),(4,5,6),(7,8,5),(5,8,6),(7,5,9),(9,5,10),(10,5,11),(11,5,2),(11,2,12),(12,2,1),(3,13,1),(1,13,12),(14,15,16),(16,15,17),(18,19,20),(20,19,21),(14,22,15),(15,22,23),(15,23,17),(17,23,24),(16,17,25),(25,17,24),(14,16,22),(22,16,25),(22,26,23),(23,26,27),(23,27,24),(24,27,28),(25,24,29),(29,24,28),(22,25,26),(26,25,29),(26,30,27),(27,30,31),(27,31,28),(28,31,9),(29,28,10),(10,28,9),(26,29,30),(30,29,10),(8,31,6),(6,31,30),(6,30,32),(6,32,4),(4,32,13),(4,13,3),(7,9,8),(8,9,31),(30,10,32),(32,10,11),(32,18,13),(13,18,20),(13,20,12),(12,20,21),(11,12,19),(19,12,21),(32,11,18),(18,11,19)),$);
#3980= IFCSHAPEREPRESENTATION(#178,'Body','Tessellation',(#3979));
#3981= IFCPRODUCTDEFINITIONSHAPE($,$,(#3980));
#3982= IFCCARTESIANPOINT((505263.412994,1707676.794456,368.157288));
#3983= IFCAXIS2PLACEMENT3D(#3982,$,$);
#3984= IFCLOCALPLACEMENT(#5,#3983);
#3985= IFCBUILTELEMENT('0dCZUAkqbDZO74aIasJOGh',$,'\X2\0110\X0\\X2\1EA5\X0\t n\X2\1EC1\X0\n',$,$,#3984,#3981,'61332');
#3986= IFCSTYLEDITEM(#3979,(#133),'\X2\0110\X0\\X2\1EA5\X0\t n\X2\1EC1\X0\n');
#3987= IFCPROPERTYSINGLEVALUE('Area',$,IFCREAL(52.1388228464166),$);
#3988= IFCPROPERTYSINGLEVALUE('Bounds',$,IFCLABEL('((505260.12918548094,1707673.5129898586,367.83969321794785),(505266.6968032599,1707680.0759228247,368.47488243055733))'),$);
#3989= IFCPROPERTYSET('1Ro9WwlnA6ttkH7rMs2jFU',$,'Properties',$,(#39,#40,#41,#42,#43,#44,#47,#48,#49,#50,#51,#52,#53,#54,#55,#56,#57,#59,#60,#193,#194,#195,#196,#197,#198,#199,#3987,#3988));
#3990= IFCRELDEFINESBYPROPERTIES('2ZEugtPO1N0TrzQgHT3ElH',$,$,$,(#3985),#3989);
#3991= IFCPROPERTYSET('0K0rS$9ACNrhnJJN4pkwXs',$,'Misc',$,(#85,#87,#88,#203));
#3992= IFCRELDEFINESBYPROPERTIES('2gtGA6tDpTL0Txuz2KsG1C',$,$,$,(#3985),#3991);
#3993= IFCPROPERTYSET('0UOh34_OHCJgFduhzBDZUU',$,'3D Visualization',$,(#91,#92,#93));
#3994= IFCRELDEFINESBYPROPERTIES('3y2zYxRl3VxubkEssAEfqk',$,$,$,(#3985),#3993);
#3995= IFCPROPERTYSET('0G0aeMYeRiIrQjbNxkZGGY',$,'General',$,(#72,#74,#75,#76,#77,#171));
#3996= IFCRELDEFINESBYPROPERTIES('2E4jfKuIw75hgUUQqIj0lS',$,$,$,(#3985),#3995);
#3997= IFCPROPERTYSET('3LEbY44JPLWyETBT7zV8nR',$,'Geometry',$,(#82));
#3998= IFCRELDEFINESBYPROPERTIES('0JrmTo6iLhCpSN5RIf495_',$,$,$,(#3985),#3997);
#3999= IFCPROPERTYSET('0jo7KhTrkorOqvW61ok4lf',$,'Corridor Identity',$,(#218,#221,#224,#744,#745,#1219,#1303,#1304,#1305,#1306,#1307,#1308));
#4000= IFCRELDEFINESBYPROPERTIES('1ySoF_bMgt$Mx1Ulpv8PiY',$,$,$,(#3985),#3999);
#4001= IFCPROPERTYSET('1xI_bVkbIrzHnyDrq0Sjk9',$,'Corridor Model Information',$,(#1227,#1311,#1312,#1313,#1314));
#4002= IFCRELDEFINESBYPROPERTIES('3anJQxqKBYJkwEJ$wOWpK1',$,$,$,(#3985),#4001);
#4003= IFCPROPERTYSINGLEVALUE('Volume',$,IFCVOLUMEMEASURE(10.7110249596426),$);
#4004= IFCPROPERTYSET('2DgM7jkOq63rhXutCeXMNo',$,'Corridor Shape Information',$,(#235,#754,#1317,#1318,#3133,#4003));
#4005= IFCRELDEFINESBYPROPERTIES('1P71Sxi3Mai$NTsT09Mtwh',$,$,$,(#3985),#4004);
#4006= IFCPROPERTYSINGLEVALUE('Kh\X2\1ED1\X0\i l\X2\01B0\X0\\X2\1EE3\X0\ng (m3)',$,IFCREAL(10.7110249595272),$);
#4007= IFCPROPERTYSET('2lFF0boUTyagtcxHV0PhUO',$,'Thong_tin_BIM',$,(#252,#1323,#1324,#1325,#1840,#3137,#3138,#3139,#3141,#3142,#3143,#4006));
#4008= IFCRELDEFINESBYPROPERTIES('0htqFIMTrrGFzhh2VELT94',$,$,$,(#3985),#4007);
#4009= IFCCARTESIANPOINTLIST3D(((1.743258,5.311332,0.337342),(5.295119,1.792267,0.235076),(1.743101,5.311496,-0.162657),(5.294962,1.79243,-0.264924),(-5.294962,-1.79243,0.264924),(-5.295119,-1.792267,-0.235076),(-1.743101,-5.311496,0.162657),(-1.743258,-5.311332,-0.337342),(1.014355,4.575642,0.329843),(4.566217,1.056577,0.227576),(4.56606,1.05674,-0.272424),(1.014198,4.575806,-0.170157),(0.336966,3.891944,0.322873),(3.888827,0.372879,0.220606),(3.88867,0.373042,-0.279394),(0.336809,3.892108,-0.177127),(-1.070678,2.471192,0.308389),(2.481183,-1.047874,0.206123),(2.481026,-1.04771,-0.293877),(-1.070835,2.471355,-0.191611),(-2.279426,1.251188,0.295952),(1.272435,-2.267878,0.193685),(1.272278,-2.267714,-0.306315),(-2.279583,1.251351,-0.204048),(-2.281538,1.249057,0.29593),(1.270324,-2.270009,0.193664),(1.270167,-2.269846,-0.306336),(-2.281695,1.24922,-0.20407),(-2.478322,1.050439,0.293905),(1.073539,-2.468626,0.191639),(1.073382,-2.468463,-0.308361),(-2.478479,1.050603,-0.206095),(-3.885966,-0.370313,0.279422),(-0.334105,-3.889379,0.177155),(-0.334262,-3.889215,-0.322845),(-3.886123,-0.37015,-0.220578),(-5.29361,-1.791066,0.264938),(-1.741749,-5.310131,0.162671),(-1.741906,-5.309968,-0.337329),(-5.293767,-1.790902,-0.235062)),$);
#4010= IFCTRIANGULATEDFACESET(#4009,$,$,((1,2,3),(3,2,4),(5,6,7),(7,6,8),(1,9,2),(2,9,10),(2,10,4),(4,10,11),(3,4,12),(12,4,11),(1,3,9),(9,3,12),(9,13,10),(10,13,14),(10,14,11),(11,14,15),(12,11,16),(16,11,15),(9,12,13),(13,12,16),(13,17,14),(14,17,18),(14,18,15),(15,18,19),(16,15,20),(20,15,19),(13,16,17),(17,16,20),(17,21,18),(18,21,22),(18,22,19),(19,22,23),(20,19,24),(24,19,23),(17,20,21),(21,20,24),(21,25,22),(22,25,26),(22,26,23),(23,26,27),(24,23,28),(28,23,27),(21,24,25),(25,24,28),(25,29,26),(26,29,30),(26,30,27),(27,30,31),(28,27,32),(32,27,31),(25,28,29),(29,28,32),(29,33,30),(30,33,34),(30,34,31),(31,34,35),(32,31,36),(36,31,35),(29,32,33),(33,32,36),(33,37,34),(34,37,38),(34,38,35),(35,38,39),(36,35,40),(40,35,39),(33,36,37),(37,36,40),(37,5,38),(38,5,7),(38,7,39),(39,7,8),(40,39,6),(6,39,8),(37,40,5),(5,40,6)),$);
#4011= IFCSHAPEREPRESENTATION(#178,'Body','Tessellation',(#4010));
#4012= IFCPRODUCTDEFINITIONSHAPE($,$,(#4011));
#4013= IFCCARTESIANPOINT((505258.386116,1707671.720766,368.105565));
#4014= IFCAXIS2PLACEMENT3D(#4013,$,$);
#4015= IFCLOCALPLACEMENT(#5,#4014);
#4016= IFCBUILTELEMENT('0WSf$ovJbAb88znGrw1eN1',$,'\X2\0110\X0\\X2\1EA5\X0\t n\X2\1EC1\X0\n',$,$,#4015,#4012,'61340');
#4017= IFCSTYLEDITEM(#4010,(#133),'\X2\0110\X0\\X2\1EA5\X0\t n\X2\1EC1\X0\n');
#4018= IFCPROPERTYSINGLEVALUE('Area',$,IFCREAL(115.022611643574),$);
#4019= IFCPROPERTYSINGLEVALUE('Bounds',$,IFCLABEL('((505253.0909656024,1707666.4092136205,367.76601073122976),(505263.68126719963,1707677.032318341,368.4451185197732))'),$);
#4020= IFCPROPERTYSET('0Qe4u7wIdY8oaXj6McNo$0',$,'Properties',$,(#39,#40,#41,#42,#43,#44,#45,#46,#47,#48,#49,#50,#51,#52,#53,#54,#55,#56,#57,#59,#60,#193,#197,#299,#300,#301,#4018,#4019));
#4021= IFCRELDEFINESBYPROPERTIES('24_GD0sWuSFBZyW30eLTlh',$,$,$,(#4016),#4020);
#4022= IFCPROPERTYSET('3GsBYaCiNM2CcjuYSjONXy',$,'Misc',$,(#85,#87,#88,#203));
#4023= IFCRELDEFINESBYPROPERTIES('1MUp5$ej9qcQytE9I53Gns',$,$,$,(#4016),#4022);
#4024= IFCPROPERTYSET('1w$NM0GDi5LbGQkserWDUD',$,'3D Visualization',$,(#91,#92,#93));
#4025= IFCRELDEFINESBYPROPERTIES('1syciFLKkUk1Zzd7TITONf',$,$,$,(#4016),#4024);
#4026= IFCPROPERTYSET('2VvQAhKiW7UdlsKzlWHzeM',$,'General',$,(#72,#74,#75,#76,#77,#171));
#4027= IFCRELDEFINESBYPROPERTIES('1EQ5$uvI8KIjo_upikoyq4',$,$,$,(#4016),#4026);
#4028= IFCPROPERTYSET('0eoA86gfPLiVjZo5DTsYk_',$,'Geometry',$,(#82));
#4029= IFCRELDEFINESBYPROPERTIES('3xMdEDse5KIxVKMMM6skDy',$,$,$,(#4016),#4028);
#4030= IFCPROPERTYSET('3m8LMkSnRxR7dQ$mdmSJFf',$,'Corridor Identity',$,(#216,#217,#218,#221,#224,#1219,#1303,#1304,#1305,#1349,#1350,#1351));
#4031= IFCRELDEFINESBYPROPERTIES('2ZeuP_NcL8gfRi2KeYZXCN',$,$,$,(#4016),#4030);
#4032= IFCPROPERTYSET('0TJsC2eVsS2TkKJ0S7zv1Z',$,'Corridor Model Information',$,(#1227,#1311,#1312,#1313,#1354));
#4033= IFCRELDEFINESBYPROPERTIES('1NgFzYikwwdi3eVl180oXy',$,$,$,(#4016),#4032);
#4034= IFCPROPERTYSINGLEVALUE('Volume',$,IFCVOLUMEMEASURE(25.0000000007899),$);
#4035= IFCPROPERTYSET('2U9l5qeyRV739XZ90P1F_4',$,'Corridor Shape Information',$,(#235,#236,#1357,#1358,#3133,#4034));
#4036= IFCRELDEFINESBYPROPERTIES('3GZ9Ujt0AYyqLR$LYTlumE',$,$,$,(#4016),#4035);
#4037= IFCPROPERTYSINGLEVALUE('Kh\X2\1ED1\X0\i l\X2\01B0\X0\\X2\1EE3\X0\ng (m3)',$,IFCREAL(25.0000000009175),$);
#4038= IFCPROPERTYSET('0mB702YPsPFQaNTaaTAj87',$,'Thong_tin_BIM',$,(#252,#616,#1363,#1364,#1840,#3137,#3138,#3139,#3141,#3142,#3143,#4037));
#4039= IFCRELDEFINESBYPROPERTIES('14pEb35W$BGdJoSGOcgK6T',$,$,$,(#4016),#4038);
#4040= IFCCARTESIANPOINTLIST3D(((5.295151,1.792234,0.335076),(5.294994,1.792398,-0.164924),(1.743226,5.311365,0.237342),(1.743069,5.311529,-0.262657),(-1.743069,-5.311529,0.262657),(-5.294994,-1.792398,0.164924),(-1.743226,-5.311365,-0.237342),(-5.295151,-1.792234,-0.335076),(4.566248,1.056544,0.327576),(1.014324,4.575675,0.229843),(1.014167,4.575838,-0.270157),(4.566091,1.056707,-0.172424),(3.888858,0.372846,0.320606),(0.336934,3.891977,0.222873),(0.336777,3.89214,-0.277127),(3.888701,0.37301,-0.179394),(2.481214,-1.047906,0.306123),(-1.07071,2.471224,0.208389),(-1.070867,2.471388,-0.291611),(2.481057,-1.047743,-0.193877),(1.272467,-2.267911,0.293685),(-2.279457,1.25122,0.195952),(-2.279615,1.251384,-0.304048),(1.27231,-2.267747,-0.206315),(1.270355,-2.270042,0.293664),(-2.281569,1.249089,0.19593),(-2.281726,1.249253,-0.30407),(1.270198,-2.269878,-0.206336),(1.073571,-2.468659,0.291639),(-2.478354,1.050472,0.193905),(-2.478511,1.050635,-0.306095),(1.073413,-2.468496,-0.208361),(-0.334073,-3.889412,0.277155),(-3.885998,-0.370281,0.179422),(-3.886155,-0.370117,-0.320578),(-0.334231,-3.889248,-0.222845),(-1.741717,-5.310164,0.262671),(-5.293642,-1.791033,0.164938),(-5.293799,-1.79087,-0.335062),(-1.741875,-5.310001,-0.237329)),$);
#4041= IFCTRIANGULATEDFACESET(#4040,$,$,((1,2,3),(3,2,4),(5,6,7),(7,6,8),(1,3,9),(9,3,10),(3,4,10),(10,4,11),(2,12,4),(4,12,11),(1,9,2),(2,9,12),(9,10,13),(13,10,14),(10,11,14),(14,11,15),(12,16,11),(11,16,15),(9,13,12),(12,13,16),(13,14,17),(17,14,18),(14,15,18),(18,15,19),(16,20,15),(15,20,19),(13,17,16),(16,17,20),(17,18,21),(21,18,22),(18,19,22),(22,19,23),(20,24,19),(19,24,23),(17,21,20),(20,21,24),(21,22,25),(25,22,26),(22,23,26),(26,23,27),(24,28,23),(23,28,27),(21,25,24),(24,25,28),(25,26,29),(29,26,30),(26,27,30),(30,27,31),(28,32,27),(27,32,31),(25,29,28),(28,29,32),(29,30,33),(33,30,34),(30,31,34),(34,31,35),(32,36,31),(31,36,35),(29,33,32),(32,33,36),(33,34,37),(37,34,38),(34,35,38),(38,35,39),(36,40,35),(35,40,39),(33,37,36),(36,37,40),(37,38,5),(5,38,6),(38,39,6),(6,39,8),(40,7,39),(39,7,8),(37,5,40),(40,5,7)),$);
#4042= IFCSHAPEREPRESENTATION(#178,'Body','Tessellation',(#4041));
#4043= IFCPRODUCTDEFINITIONSHAPE($,$,(#4042));
#4044= IFCCARTESIANPOINT((505254.834224,1707675.239864,368.107831));
#4045= IFCAXIS2PLACEMENT3D(#4044,$,$);
#4046= IFCLOCALPLACEMENT(#5,#4045);
#4047= IFCBUILTELEMENT('0gHuOZHhz0OAdpctTZc6AV',$,'\X2\0110\X0\\X2\1EA5\X0\t n\X2\1EC1\X0\n',$,$,#4046,#4043,'61349');
#4048= IFCSTYLEDITEM(#4041,(#133),'\X2\0110\X0\\X2\1EA5\X0\t n\X2\1EC1\X0\n');
#4049= IFCPROPERTYSINGLEVALUE('Area',$,IFCREAL(115.0226116426),$);
#4050= IFCPROPERTYSINGLEVALUE('Bounds',$,IFCLABEL('((505249.5390727663,1707669.9283118213,367.76827719690647),(505260.1293743635,1707680.5514165417,368.4473849854499))'),$);
#4051= IFCPROPERTYSET('1VrO16SRyuxHoXNOrb4ul5',$,'Properties',$,(#39,#40,#41,#42,#43,#44,#45,#46,#47,#48,#49,#50,#51,#52,#53,#54,#55,#56,#57,#59,#60,#193,#197,#299,#300,#301,#4049,#4050));
#4052= IFCRELDEFINESBYPROPERTIES('2AWysZJA_U74yvJaimm7hT',$,$,$,(#4047),#4051);
#4053= IFCPROPERTYSET('3eI9cotHTWN98Ui6ajd_JC',$,'Misc',$,(#85,#87,#88,#203));
#4054= IFCRELDEFINESBYPROPERTIES('3zgC1GnkjJlTZR_m07C$xc',$,$,$,(#4047),#4053);
#4055= IFCPROPERTYSET('1158TNsxzSUlfTPFXmAc7f',$,'3D Visualization',$,(#91,#92,#93));
#4056= IFCRELDEFINESBYPROPERTIES('2$SyF4ZbCPs3CNqUF7GFGv',$,$,$,(#4047),#4055);
#4057= IFCPROPERTYSET('272tuHrD4QEjqsdmYivlm7',$,'General',$,(#72,#74,#75,#76,#77,#171));
#4058= IFCRELDEFINESBYPROPERTIES('3DwycjS76hKTwoC69biilu',$,$,$,(#4047),#4057);
#4059= IFCPROPERTYSET('2QjOHxmwwa5STFuBJV8JCH',$,'Geometry',$,(#82));
#4060= IFCRELDEFINESBYPROPERTIES('3jdDUOldesnt$dU$8iw0Jg',$,$,$,(#4047),#4059);
#4061= IFCPROPERTYSET('0CXcPXsP2XTxkv76TXbljt',$,'Corridor Identity',$,(#216,#218,#221,#224,#277,#1219,#1303,#1304,#1305,#1349,#1350,#1351));
#4062= IFCRELDEFINESBYPROPERTIES('0sEl6YBENyN1LK3M2n0myO',$,$,$,(#4047),#4061);
#4063= IFCPROPERTYSET('2RQPVPv6xNPVE$L2srvzpO',$,'Corridor Model Information',$,(#1227,#1311,#1312,#1313,#1354));
#4064= IFCRELDEFINESBYPROPERTIES('3Ycu7mNxYZfgh53tDznmEr',$,$,$,(#4047),#4063);
#4065= IFCPROPERTYSINGLEVALUE('Volume',$,IFCVOLUMEMEASURE(25.0000000006501),$);
#4066= IFCPROPERTYSET('0u_WFDEEDWtSm1Eib5Kl70',$,'Corridor Shape Information',$,(#236,#282,#1357,#1358,#3133,#4065));
#4067= IFCRELDEFINESBYPROPERTIES('3VutRb2y3Lj8PD8lPkK8mL',$,$,$,(#4047),#4066);
#4068= IFCPROPERTYSINGLEVALUE('Kh\X2\1ED1\X0\i l\X2\01B0\X0\\X2\1EE3\X0\ng (m3)',$,IFCREAL(25.0000000006775),$);
#4069= IFCPROPERTYSET('099F38oGsljBot7vJl3HM4',$,'Thong_tin_BIM',$,(#252,#616,#1363,#1364,#1840,#3137,#3138,#3139,#3141,#3142,#3143,#4068));
#4070= IFCRELDEFINESBYPROPERTIES('3ksel_QwlhxSuNhNsncbkF',$,$,$,(#4047),#4069);
#4071= IFCCARTESIANPOINTLIST3D(((-5.412785,1.396446,0.39431),(-2.130394,5.168176,0.294512),(-5.412942,1.396609,-0.10569),(-2.130551,5.168339,-0.205488),(2.130551,-5.168339,0.205488),(2.130394,-5.168176,-0.294512),(5.412942,-1.396609,0.10569),(5.412785,-1.396446,-0.39431),(-5.109203,1.132245,0.386711),(-1.826811,4.903975,0.286913),(-1.826969,4.904139,-0.213087),(-5.10936,1.132409,-0.113289),(-3.600536,-0.180712,0.348947),(-0.318144,3.591018,0.249148),(-0.318301,3.591182,-0.250852),(-3.600693,-0.180548,-0.151053),(-2.74559,-0.92475,0.327546),(0.536801,2.84698,0.227748),(0.536644,2.847143,-0.272252),(-2.745747,-0.924587,-0.172454),(-2.091868,-1.493669,0.311182),(1.190523,2.278061,0.211384),(1.190366,2.278225,-0.288616),(-2.092026,-1.493505,-0.188818),(-0.583201,-2.806626,0.273418),(2.69919,0.965104,0.173619),(2.699033,0.965268,-0.326381),(-0.583358,-2.806462,-0.226582),(0.925466,-4.119582,0.235653),(4.207857,-0.347853,0.135855),(4.2077,-0.347689,-0.364145),(0.925309,-4.119419,-0.264347)),$);
#4072= IFCTRIANGULATEDFACESET(#4071,$,$,((1,2,3),(3,2,4),(5,6,7),(7,6,8),(1,9,2),(2,9,10),(2,10,4),(4,10,11),(3,4,12),(12,4,11),(1,3,9),(9,3,12),(9,13,10),(10,13,14),(10,14,11),(11,14,15),(12,11,16),(16,11,15),(9,12,13),(13,12,16),(13,17,14),(14,17,18),(14,18,15),(15,18,19),(16,15,20),(20,15,19),(13,16,17),(17,16,20),(17,21,18),(18,21,22),(18,22,19),(19,22,23),(20,19,24),(24,19,23),(17,20,21),(21,20,24),(21,25,22),(22,25,26),(22,26,23),(23,26,27),(24,23,28),(28,23,27),(21,24,25),(25,24,28),(25,29,26),(26,29,30),(26,30,27),(27,30,31),(28,27,32),(32,27,31),(25,28,29),(29,28,32),(29,5,30),(30,5,7),(30,7,31),(31,7,8),(32,31,6),(6,31,8),(29,32,5),(5,32,6)),$);
#4073= IFCSHAPEREPRESENTATION(#178,'Body','Tessellation',(#4072));
#4074= IFCPRODUCTDEFINITIONSHAPE($,$,(#4073));
#4075= IFCCARTESIANPOINT((505257.190542,1707704.07269,368.655454));
#4076= IFCAXIS2PLACEMENT3D(#4075,$,$);
#4077= IFCLOCALPLACEMENT(#5,#4076);
#4078= IFCBUILTELEMENT('3Wwx9rjoL0oPdU_MRFOZ$7',$,'\X2\0110\X0\\X2\1EA5\X0\t n\X2\1EC1\X0\n',$,$,#4077,#4074,'61352');
#4079= IFCSTYLEDITEM(#4072,(#133),'\X2\0110\X0\\X2\1EA5\X0\t n\X2\1EC1\X0\n');
#4080= IFCPROPERTYSINGLEVALUE('Bounds',$,IFCLABEL('((505251.7775104753,1707698.904289881,368.25991035631733),(505262.6035743057,1707709.2410892039,369.0509969215162))'),$);
#4081= IFCPROPERTYSET('0aH8MiJ$FXHrHOSEX9jstP',$,'Properties',$,(#39,#40,#41,#42,#43,#44,#45,#46,#47,#48,#49,#50,#51,#52,#53,#54,#55,#56,#57,#59,#60,#193,#197,#299,#300,#301,#3462,#4080));
#4082= IFCRELDEFINESBYPROPERTIES('3yufDcAlONTW9HCH$6MRBR',$,$,$,(#4078),#4081);
#4083= IFCPROPERTYSET('1uuKiR_geVmgvYNFeMBUbM',$,'Misc',$,(#85,#87,#88,#203));
#4084= IFCRELDEFINESBYPROPERTIES('2pL_BRLaR$I4RehWPor4kZ',$,$,$,(#4078),#4083);
#4085= IFCPROPERTYSET('3EfmsEuqueo7j2p8HNgv98',$,'3D Visualization',$,(#91,#92,#93));
#4086= IFCRELDEFINESBYPROPERTIES('10WWo4O2pW2P3Q_ujk9Qlv',$,$,$,(#4078),#4085);
#4087= IFCPROPERTYSET('1MPJOOAvOTu5jowLp1KnPk',$,'General',$,(#72,#74,#75,#76,#77,#171));
#4088= IFCRELDEFINESBYPROPERTIES('1u673CCrNPI10TMzt8Heei',$,$,$,(#4078),#4087);
#4089= IFCPROPERTYSET('28SuS8$qwD_agsIf9t7lZJ',$,'Geometry',$,(#82));
#4090= IFCRELDEFINESBYPROPERTIES('1XCIeadQZzPRAWy668uSPW',$,$,$,(#4078),#4089);
#4091= IFCPROPERTYSET('0uulKMZwqGHkbRysZMUB0S',$,'Corridor Identity',$,(#214,#215,#216,#217,#218,#221,#224,#1219,#1418,#1419,#1420,#1421));
#4092= IFCRELDEFINESBYPROPERTIES('1Om5EVC0moGXjOPaxAODD0',$,$,$,(#4078),#4091);
#4093= IFCPROPERTYSET('16sdBqcEQQYHDnD$_MoZ7L',$,'Corridor Model Information',$,(#229,#230,#1227,#1424,#1425));
#4094= IFCRELDEFINESBYPROPERTIES('1MJOVTEBMPm3qYuSkvYsPh',$,$,$,(#4078),#4093);
#4095= IFCPROPERTYSINGLEVALUE('Volume',$,IFCVOLUMEMEASURE(25.0000000005409),$);
#4096= IFCPROPERTYSET('0_Qo$JcUK62LIN7HseeQ98',$,'Corridor Shape Information',$,(#235,#236,#1428,#1429,#3133,#4095));
#4097= IFCRELDEFINESBYPROPERTIES('25gOo1KMdbKmaPl8WV0P0G',$,$,$,(#4078),#4096);
#4098= IFCPROPERTYSINGLEVALUE('Kh\X2\1ED1\X0\i l\X2\01B0\X0\\X2\1EE3\X0\ng (m3)',$,IFCREAL(25.0000000001962),$);
#4099= IFCPROPERTYSET('0Nf089tjOCAaME4kJsqo67',$,'Thong_tin_BIM',$,(#252,#616,#1434,#1435,#1840,#3137,#3138,#3139,#3141,#3142,#3143,#4098));
#4100= IFCRELDEFINESBYPROPERTIES('2elykL$Ze5otGinMDt9XOa',$,$,$,(#4078),#4099);
#4101= IFCCARTESIANPOINTLIST3D(((1.62767,-4.742819,-0.382252),(1.648824,-4.718511,-0.381606),(1.627827,-4.742982,0.117748),(1.648981,-4.718675,0.118394),(2.151523,-5.155985,-0.394189),(2.15168,-5.156149,0.105811),(0.925277,-4.131544,-0.36467),(0.925434,-4.131707,0.13533),(4.207889,-0.360043,0.235532),(5.412974,-1.408799,0.205367),(-2.130362,5.155985,0.394189),(-2.130519,5.156149,-0.105811),(-5.412817,1.384321,0.293987),(-5.412974,1.384484,-0.206013),(5.412817,-1.408636,-0.294633),(-1.82678,4.891785,0.38659),(-5.109234,1.120121,0.286388),(-5.109391,1.120284,-0.213612),(-1.826937,4.891949,-0.11341),(-0.318113,3.578828,0.348825),(-3.600567,-0.192836,0.248624),(-3.600724,-0.192673,-0.251376),(-0.31827,3.578992,-0.151175),(0.536832,2.83479,0.327425),(-2.745622,-0.936875,0.227223),(-2.745779,-0.936711,-0.272777),(0.536675,2.834953,-0.172575),(1.190554,2.265871,0.311061),(-2.0919,-1.505793,0.210859),(-2.092057,-1.50563,-0.289141),(1.190397,2.266035,-0.188939),(2.699222,0.952914,0.273296),(-0.583233,-2.81875,0.173095),(-0.58339,-2.818587,-0.326905),(2.699064,0.953078,-0.226704),(4.207732,-0.359879,-0.264468)),$);
#4102= IFCTRIANGULATEDFACESET(#4101,$,$,((1,2,3),(3,2,4),(5,6,2),(2,6,4),(1,3,7),(7,3,8),(3,4,8),(8,4,9),(9,4,10),(10,4,6),(11,12,13),(13,12,14),(5,15,6),(6,15,10),(11,13,16),(16,13,17),(13,14,17),(17,14,18),(12,19,14),(14,19,18),(11,16,12),(12,16,19),(16,17,20),(20,17,21),(17,18,21),(21,18,22),(19,23,18),(18,23,22),(16,20,19),(19,20,23),(20,21,24),(24,21,25),(21,22,25),(25,22,26),(23,27,22),(22,27,26),(20,24,23),(23,24,27),(24,25,28),(28,25,29),(25,26,29),(29,26,30),(27,31,26),(26,31,30),(24,28,27),(27,28,31),(28,29,32),(32,29,33),(29,30,33),(33,30,34),(31,35,30),(30,35,34),(28,32,31),(31,32,35),(32,33,9),(9,33,8),(33,34,8),(8,34,7),(35,36,34),(34,36,7),(32,9,35),(35,9,36),(1,7,2),(2,7,36),(2,36,15),(15,5,2),(9,10,36),(36,10,15)),$);
#4103= IFCSHAPEREPRESENTATION(#178,'Body','Tessellation',(#4102));
#4104= IFCPRODUCTDEFINITIONSHAPE($,$,(#4103));
#4105= IFCCARTESIANPOINT((505253.90812,1707700.31315,368.655575));
#4106= IFCAXIS2PLACEMENT3D(#4105,$,$);
#4107= IFCLOCALPLACEMENT(#5,#4106);
#4108= IFCBUILTELEMENT('1Gygbj6rj7VQq0iyDGFKb6',$,'\X2\0110\X0\\X2\1EA5\X0\t n\X2\1EC1\X0\n',$,$,#4107,#4104,'6135B');
#4109= IFCSTYLEDITEM(#4102,(#133),'\X2\0110\X0\\X2\1EA5\X0\t n\X2\1EC1\X0\n');
#4110= IFCPROPERTYSINGLEVALUE('Area',$,IFCREAL(114.994002314819),$);
#4111= IFCPROPERTYSINGLEVALUE('Bounds',$,IFCLABEL('((505248.4950878381,1707695.1569075994,368.26036128446395),(505259.32115146465,1707705.4693917288,369.0507952311902))'),$);
#4112= IFCPROPERTYSET('2BSZTdm_QFrE7qN8UJ_1jA',$,'Properties',$,(#39,#40,#41,#42,#43,#44,#47,#48,#49,#50,#51,#52,#53,#54,#55,#56,#57,#59,#60,#193,#194,#195,#196,#197,#198,#199,#4110,#4111));
#4113= IFCRELDEFINESBYPROPERTIES('2Irx8aPAq9F8hyvoqVVpt5',$,$,$,(#4108),#4112);
#4114= IFCPROPERTYSET('12O7WJdNsdGMfY2vegxD3Z',$,'Misc',$,(#85,#87,#88,#203));
#4115= IFCRELDEFINESBYPROPERTIES('0dDbA3nBvB57KDUmkqe4o$',$,$,$,(#4108),#4114);
#4116= IFCPROPERTYSET('0LCK70aVRSFIoJ319TKlfV',$,'3D Visualization',$,(#91,#92,#93));
#4117= IFCRELDEFINESBYPROPERTIES('19EVpVxbDzwsoFwNeVBLyz',$,$,$,(#4108),#4116);
#4118= IFCPROPERTYSET('1EwCcQ25UDnD1_$UOMCXRz',$,'General',$,(#72,#74,#75,#76,#77,#171));
#4119= IFCRELDEFINESBYPROPERTIES('2_$lBnFoDDONZSvaDHorD0',$,$,$,(#4108),#4118);
#4120= IFCPROPERTYSET('3fEjGFvB8QDAJBVbKvQxph',$,'Geometry',$,(#82));
#4121= IFCRELDEFINESBYPROPERTIES('3mKfmmH9aLLg4A4DJh8lH9',$,$,$,(#4108),#4120);
#4122= IFCPROPERTYSET('3frWNp2Jw$AGxOQpX6RC1S',$,'Corridor Identity',$,(#214,#215,#216,#218,#221,#224,#277,#1219,#1418,#1419,#1420,#1421));
#4123= IFCRELDEFINESBYPROPERTIES('3o1x5NmstVE7Yzllr$Yg$M',$,$,$,(#4108),#4122);
#4124= IFCPROPERTYSET('2iybCPm8Y1$0uVqeNNhhfF',$,'Corridor Model Information',$,(#229,#230,#1227,#1424,#1425));
#4125= IFCRELDEFINESBYPROPERTIES('22$CaG8tPiihjHYVlkCyuv',$,$,$,(#4108),#4124);
#4126= IFCPROPERTYSINGLEVALUE('Volume',$,IFCVOLUMEMEASURE(24.989261351305),$);
#4127= IFCPROPERTYSET('0nCNnieV1Z1_VhTV8bM7wc',$,'Corridor Shape Information',$,(#236,#282,#1428,#1429,#3133,#4126));
#4128= IFCRELDEFINESBYPROPERTIES('0DP2kRu30ou2N2PPwrN1sw',$,$,$,(#4108),#4127);
#4129= IFCPROPERTYSINGLEVALUE('Kh\X2\1ED1\X0\i l\X2\01B0\X0\\X2\1EE3\X0\ng (m3)',$,IFCREAL(24.9892613508023),$);
#4130= IFCPROPERTYSET('19fiH96pPdyBrzWIWo0XKR',$,'Thong_tin_BIM',$,(#252,#616,#1434,#1435,#1840,#3137,#3138,#3139,#3141,#3142,#3143,#4129));
#4131= IFCRELDEFINESBYPROPERTIES('3loNTt4t2sYZuizxKbSV2K',$,$,$,(#4108),#4130);
#4132= IFCCARTESIANPOINTLIST3D(((8.975165,-4.4967,-0.483483),(8.901115,-4.581797,-0.481231),(8.975323,-4.496863,0.016517),(8.901272,-4.581961,0.018769),(8.140942,-3.920294,-0.462203),(8.141099,-3.920457,0.037797),(8.214024,-3.834297,-0.46443),(8.214182,-3.83446,0.03557),(8.085256,-3.722233,-0.461207),(4.802865,-7.493963,-0.361408),(6.311532,-8.80692,-0.399173),(9.593923,-5.03519,-0.498971),(9.59408,-5.035353,0.001029),(-12.0959,7.2126,0.5616),(-8.813508,10.98433,0.461801),(-12.096057,7.212764,0.0616),(-8.813665,10.984494,-0.038199),(8.813665,-10.984494,0.038199),(8.813508,-10.98433,-0.461801),(12.096057,-7.212764,-0.0616),(12.0959,-7.2126,-0.5616),(-11.792317,6.9484,0.554001),(-8.509926,10.72013,0.454202),(-8.510083,10.720293,-0.045798),(-11.792474,6.948563,0.054001),(-10.28365,5.635443,0.516236),(-7.001259,9.407173,0.416438),(-7.001416,9.407336,-0.083562),(-10.283807,5.635606,0.016236),(-8.774983,4.322486,0.478472),(-5.492592,8.094216,0.378673),(-5.492749,8.094379,-0.121327),(-8.77514,4.322649,-0.021528),(-7.266316,3.009529,0.440707),(-3.983924,6.781259,0.340909),(-3.984081,6.781422,-0.159091),(-7.266473,3.009692,-0.059293),(-5.757649,1.696572,0.402943),(-2.475257,5.468302,0.303144),(-2.475414,5.468465,-0.196855),(-5.757806,1.696735,-0.097057),(-4.248981,0.383615,0.365178),(-0.96659,4.155345,0.26538),(-0.966747,4.155509,-0.23462),(-4.249139,0.383779,-0.134822),(-2.740314,-0.929342,0.327414),(0.542077,2.842388,0.227616),(0.54192,2.842552,-0.272384),(-2.740471,-0.929178,-0.172586),(-1.231647,-2.242299,0.289649),(2.050744,1.529431,0.189851),(2.050587,1.529595,-0.310149),(-1.231804,-2.242135,-0.210351),(0.27702,-3.555256,0.251885),(3.559412,0.216474,0.152087),(3.559254,0.216638,-0.347913),(0.276863,-3.555092,-0.248115),(1.785687,-4.868213,0.214121),(5.068079,-1.096483,0.114322),(5.067922,-1.096319,-0.385678),(1.78553,-4.868049,-0.285879),(3.294355,-6.18117,0.176356),(6.576746,-2.40944,0.076558),(6.576589,-2.409276,-0.423442),(3.294197,-6.181006,-0.323644),(4.803022,-7.494126,0.138592),(8.085413,-3.722397,0.038793),(6.311689,-8.807083,0.100827),(7.820356,-10.12004,0.063063),(11.102748,-6.34831,-0.036736),(11.10259,-6.348147,-0.536736),(7.820199,-10.119877,-0.436937)),$);
#4133= IFCTRIANGULATEDFACESET(#4132,$,$,((1,2,3),(3,2,4),(2,5,4),(4,5,6),(7,8,5),(5,8,6),(7,5,9),(9,5,10),(10,5,2),(10,2,11),(11,2,12),(12,2,1),(3,13,1),(1,13,12),(14,15,16),(16,15,17),(18,19,20),(20,19,21),(14,22,15),(15,22,23),(15,23,17),(17,23,24),(16,17,25),(25,17,24),(14,16,22),(22,16,25),(22,26,23),(23,26,27),(23,27,24),(24,27,28),(25,24,29),(29,24,28),(22,25,26),(26,25,29),(26,30,27),(27,30,31),(27,31,28),(28,31,32),(29,28,33),(33,28,32),(26,29,30),(30,29,33),(30,34,31),(31,34,35),(31,35,32),(32,35,36),(33,32,37),(37,32,36),(30,33,34),(34,33,37),(34,38,35),(35,38,39),(35,39,36),(36,39,40),(37,36,41),(41,36,40),(34,37,38),(38,37,41),(38,42,39),(39,42,43),(39,43,40),(40,43,44),(41,40,45),(45,40,44),(38,41,42),(42,41,45),(42,46,43),(43,46,47),(43,47,44),(44,47,48),(45,44,49),(49,44,48),(42,45,46),(46,45,49),(46,50,47),(47,50,51),(47,51,48),(48,51,52),(49,48,53),(53,48,52),(46,49,50),(50,49,53),(50,54,51),(51,54,55),(51,55,52),(52,55,56),(53,52,57),(57,52,56),(50,53,54),(54,53,57),(54,58,55),(55,58,59),(55,59,56),(56,59,60),(57,56,61),(61,56,60),(54,57,58),(58,57,61),(58,62,59),(59,62,63),(59,63,60),(60,63,64),(61,60,65),(65,60,64),(58,61,62),(62,61,65),(62,66,63),(63,66,67),(63,67,64),(64,67,9),(65,64,10),(10,64,9),(62,65,66),(66,65,10),(8,67,6),(6,67,66),(6,66,4),(4,66,68),(4,68,13),(13,3,4),(7,9,8),(8,9,67),(66,10,68),(68,10,11),(68,69,13),(13,69,70),(13,70,12),(12,70,71),(11,12,72),(72,12,71),(68,11,69),(69,11,72),(69,18,70),(70,18,20),(70,20,71),(71,20,21),(72,71,19),(19,71,21),(69,72,18),(18,72,19)),$);
#4134= IFCSHAPEREPRESENTATION(#178,'Body','Tessellation',(#4133));
#4135= IFCPRODUCTDEFINITIONSHAPE($,$,(#4134));
#4136= IFCCARTESIANPOINT((505271.416993,1707691.69175,368.299342));
#4137= IFCAXIS2PLACEMENT3D(#4136,$,$);
#4138= IFCLOCALPLACEMENT(#5,#4137);
#4139= IFCBUILTELEMENT('3QUvDTqXv2WutcU6Mfnoob',$,'\X2\0110\X0\\X2\1EA5\X0\t n\X2\1EC1\X0\n',$,$,#4138,#4135,'61369');
#4140= IFCSTYLEDITEM(#4133,(#133),'\X2\0110\X0\\X2\1EA5\X0\t n\X2\1EC1\X0\n');
#4141= IFCPROPERTYSINGLEVALUE('Area',$,IFCREAL(309.898843625707),$);
#4142= IFCPROPERTYSINGLEVALUE('Bounds',$,IFCLABEL('((505259.32074324245,1707680.7070888348,367.73650915463287),(505283.513242498,1707702.6764120264,368.8621746711586))'),$);
#4143= IFCPROPERTYSET('236VWdIRfaTGFnKoOf1x8r',$,'Properties',$,(#39,#40,#41,#42,#43,#44,#47,#48,#49,#50,#51,#52,#53,#54,#55,#56,#57,#59,#60,#193,#194,#195,#196,#197,#198,#199,#4141,#4142));
#4144= IFCRELDEFINESBYPROPERTIES('0P0Mz5XBdGZJFVObShxGtE',$,$,$,(#4139),#4143);
#4145= IFCPROPERTYSET('3w2_53SCpu2mVaEXRxbpaF',$,'Misc',$,(#85,#87,#88,#203));
#4146= IFCRELDEFINESBYPROPERTIES('27s$cmkv_AuFx2qCtVL2mj',$,$,$,(#4139),#4145);
#4147= IFCPROPERTYSET('2$8n9qA524Er$0rLm_vL1V',$,'3D Visualization',$,(#91,#92,#93));
#4148= IFCRELDEFINESBYPROPERTIES('1mVNI3IQu1JXLlf$n9lrn1',$,$,$,(#4139),#4147);
#4149= IFCPROPERTYSET('2fRq0RXE5rG10z1DhdKAf3',$,'General',$,(#72,#74,#75,#76,#77,#171));
#4150= IFCRELDEFINESBYPROPERTIES('0GiUuhFmZtDjFDAwoZaa_q',$,$,$,(#4139),#4149);
#4151= IFCPROPERTYSET('3oCYbPKnx_OTWK0aqhYmxf',$,'Geometry',$,(#82));
#4152= IFCRELDEFINESBYPROPERTIES('2zrCJvTsmoaccgQHlb9NLj',$,$,$,(#4139),#4151);
#4153= IFCPROPERTYSET('1ZK7pGYK2mrlSJkccVwqLL',$,'Corridor Identity',$,(#214,#215,#218,#221,#224,#744,#745,#1219,#1418,#1490,#1491,#1492));
#4154= IFCRELDEFINESBYPROPERTIES('0xyVqZJ5sMcavk9ZnDpND$',$,$,$,(#4139),#4153);
#4155= IFCPROPERTYSET('3Z_5A2pYitP1utG2V766sg',$,'Corridor Model Information',$,(#229,#230,#1227,#1424,#1495));
#4156= IFCRELDEFINESBYPROPERTIES('3cd$$211_nBa60qDkkLAEw',$,$,$,(#4139),#4155);
#4157= IFCPROPERTYSINGLEVALUE('Volume',$,IFCVOLUMEMEASURE(69.2412509419996),$);
#4158= IFCPROPERTYSET('0_auwBaN0FJ2zQHlx61weY',$,'Corridor Shape Information',$,(#235,#754,#1498,#1499,#3133,#4157));
#4159= IFCRELDEFINESBYPROPERTIES('0x7LWP25FiMBj$RddYhUWa',$,$,$,(#4139),#4158);
#4160= IFCPROPERTYSINGLEVALUE('Kh\X2\1ED1\X0\i l\X2\01B0\X0\\X2\1EE3\X0\ng (m3)',$,IFCREAL(69.2412509408784),$);
#4161= IFCPROPERTYSET('3ilnmQ31CEmA7FApMJnO_V',$,'Thong_tin_BIM',$,(#252,#1504,#1505,#1506,#1840,#3137,#3138,#3139,#3141,#3142,#3143,#4160));
#4162= IFCRELDEFINESBYPROPERTIES('1JDH95BDB4P1orTft$yAj8',$,$,$,(#4139),#4161);
#4163= IFCCARTESIANPOINTLIST3D(((-2.112576,-1.475648,0.311701),(1.169816,2.296082,0.211902),(-2.112733,-1.475484,-0.188299),(1.169659,2.296246,-0.288098),(-1.169659,-2.296246,0.288098),(-1.169816,-2.296082,-0.211902),(2.112733,1.475484,0.188299),(2.112576,1.475648,-0.311701),(-1.597218,-1.924151,0.2988),(1.685174,1.847579,0.199002),(1.685017,1.847742,-0.300998),(-1.597375,-1.923988,-0.2012),(-1.440558,-2.060489,0.294879),(1.841833,1.711241,0.19508),(1.841676,1.711405,-0.304919),(-1.440715,-2.060325,-0.205121)),$);
#4164= IFCTRIANGULATEDFACESET(#4163,$,$,((1,2,3),(3,2,4),(5,6,7),(7,6,8),(1,9,2),(2,9,10),(2,10,4),(4,10,11),(3,4,12),(12,4,11),(1,3,9),(9,3,12),(9,13,10),(10,13,14),(10,14,11),(11,14,15),(12,11,16),(16,11,15),(9,12,13),(13,12,16),(13,5,14),(14,5,7),(14,7,15),(15,7,8),(16,15,6),(6,15,8),(13,16,5),(5,16,6)),$);
#4165= IFCSHAPEREPRESENTATION(#178,'Body','Tessellation',(#4164));
#4166= IFCPRODUCTDEFINITIONSHAPE($,$,(#4165));
#4167= IFCCARTESIANPOINT((505282.343234,1707682.182905,368.02584));
#4168= IFCAXIS2PLACEMENT3D(#4167,$,$);
#4169= IFCLOCALPLACEMENT(#5,#4168);
#4170= IFCBUILTELEMENT('1cGyh_OBT3H9OVr1mdQ7J6',$,'\X2\0110\X0\\X2\1EA5\X0\t n\X2\1EC1\X0\n',$,$,#4169,#4166,'61377');
#4171= IFCSTYLEDITEM(#4164,(#133),'\X2\0110\X0\\X2\1EA5\X0\t n\X2\1EC1\X0\n');
#4172= IFCPROPERTYSINGLEVALUE('Area',$,IFCREAL(18.7546221882749),$);
#4173= IFCPROPERTYSINGLEVALUE('Bounds',$,IFCLABEL('((505280.23046240024,1707679.8866512668,367.71290637334056),(505284.4560053208,1707684.47915792,368.33877346947423))'),$);
#4174= IFCPROPERTYSET('2XiP2lRXwLcp0VDl7y8qp2',$,'Properties',$,(#39,#40,#41,#42,#43,#44,#45,#46,#47,#48,#49,#50,#51,#52,#53,#54,#55,#56,#57,#59,#60,#193,#197,#299,#300,#301,#4172,#4173));
#4175= IFCRELDEFINESBYPROPERTIES('2V_MExrQuJTd5lN$LMm8Oi',$,$,$,(#4170),#4174);
#4176= IFCPROPERTYSET('0v4m9N$4gri_zztai$_pF4',$,'Misc',$,(#85,#87,#88,#203));
#4177= IFCRELDEFINESBYPROPERTIES('3FztIeLYoUTy6dHhPxcU6n',$,$,$,(#4170),#4176);
#4178= IFCPROPERTYSET('2RJUdb6S8nqLGz5QOTvjcd',$,'3D Visualization',$,(#91,#92,#93));
#4179= IFCRELDEFINESBYPROPERTIES('1$QFV9PmUYGhNnt$SSWR1$',$,$,$,(#4170),#4178);
#4180= IFCPROPERTYSET('1$jvGAchMCpojEmllGd82C',$,'General',$,(#72,#74,#75,#76,#77,#171));
#4181= IFCRELDEFINESBYPROPERTIES('1AvMxkcMhdUxeGFqykpiV$',$,$,$,(#4170),#4180);
#4182= IFCPROPERTYSET('1huLM5zV9NUZIWLOLRp87Y',$,'Geometry',$,(#82));
#4183= IFCRELDEFINESBYPROPERTIES('2emfhRNTUH0w5FJOtF6NWb',$,$,$,(#4170),#4182);
#4184= IFCPROPERTYSET('2x2PjTEm4dzo4VY1088Jyp',$,'Corridor Identity',$,(#214,#215,#216,#217,#218,#221,#224,#1219,#1418,#1530,#1531,#1532));
#4185= IFCRELDEFINESBYPROPERTIES('0BCmtjnaznm_hwAukfDawj',$,$,$,(#4170),#4184);
#4186= IFCPROPERTYSET('2iO5fo40OByJsgZ2WtgeiJ',$,'Corridor Model Information',$,(#229,#230,#1227,#1424,#1535));
#4187= IFCRELDEFINESBYPROPERTIES('3C$xp6tSKiuEpUZr$evHTu',$,$,$,(#4170),#4186);
#4188= IFCPROPERTYSINGLEVALUE('Volume',$,IFCVOLUMEMEASURE(3.12499999986871),$);
#4189= IFCPROPERTYSET('37avdFFU0QptqK2C5jEweu',$,'Corridor Shape Information',$,(#235,#236,#1538,#1539,#3133,#4188));
#4190= IFCRELDEFINESBYPROPERTIES('3ha8nisS2Gs$eA4jnVabtR',$,$,$,(#4170),#4189);
#4191= IFCPROPERTYSINGLEVALUE('Kh\X2\1ED1\X0\i l\X2\01B0\X0\\X2\1EE3\X0\ng (m3)',$,IFCREAL(3.12499999994865),$);
#4192= IFCPROPERTYSET('1nsnEUaZ_sAEwlmk9hQ3MG',$,'Thong_tin_BIM',$,(#252,#1544,#1545,#1546,#1840,#3137,#3138,#3139,#3141,#3142,#3143,#4191));
#4193= IFCRELDEFINESBYPROPERTIES('2OdId4PHSaomqMyAP5W3n3',$,$,$,(#4170),#4192);
#4194= IFCCARTESIANPOINTLIST3D(((1.169847,2.29605,0.311902),(1.16969,2.296213,-0.188098),(-2.112607,-1.475615,0.211701),(-2.112764,-1.475452,-0.288299),(2.112764,1.475452,0.288299),(-1.16969,-2.296213,0.188098),(2.112607,1.475615,-0.211701),(-1.169847,-2.29605,-0.311902),(1.685205,1.847546,0.299002),(-1.597249,-1.924119,0.1988),(-1.597406,-1.923955,-0.3012),(1.685048,1.847709,-0.200998),(1.841865,1.711209,0.29508),(-1.440589,-2.060456,0.194879),(-1.440747,-2.060292,-0.305121),(1.841708,1.711372,-0.204919)),$);
#4195= IFCTRIANGULATEDFACESET(#4194,$,$,((1,2,3),(3,2,4),(5,6,7),(7,6,8),(1,3,9),(9,3,10),(3,4,10),(10,4,11),(2,12,4),(4,12,11),(1,9,2),(2,9,12),(9,10,13),(13,10,14),(10,11,14),(14,11,15),(12,16,11),(11,16,15),(9,13,12),(12,13,16),(13,14,5),(5,14,6),(14,15,6),(6,15,8),(16,7,15),(15,7,8),(13,5,16),(16,5,7)),$);
#4196= IFCSHAPEREPRESENTATION(#178,'Body','Tessellation',(#4195));
#4197= IFCPRODUCTDEFINITIONSHAPE($,$,(#4196));
#4198= IFCCARTESIANPOINT((505279.060811,1707678.411207,368.025638));
#4199= IFCAXIS2PLACEMENT3D(#4198,$,$);
#4200= IFCLOCALPLACEMENT(#5,#4199);
#4201= IFCBUILTELEMENT('1G53YJG5fEW8_EssdyWx_y',$,'\X2\0110\X0\\X2\1EA5\X0\t n\X2\1EC1\X0\n',$,$,#4200,#4197,'61380');
#4202= IFCSTYLEDITEM(#4195,(#133),'\X2\0110\X0\\X2\1EA5\X0\t n\X2\1EC1\X0\n');
#4203= IFCPROPERTYSINGLEVALUE('Area',$,IFCREAL(18.7546221885411),$);
#4204= IFCPROPERTYSINGLEVALUE('Bounds',$,IFCLABEL('((505276.9480395591,1707676.1149540024,367.71270468301446),(505281.1735824799,1707680.7074606558,368.33857177914837))'),$);
#4205= IFCPROPERTYSET('3Xp89R1T5fmbY$LyWk7cfh',$,'Properties',$,(#39,#40,#41,#42,#43,#44,#45,#46,#47,#48,#49,#50,#51,#52,#53,#54,#55,#56,#57,#59,#60,#193,#197,#299,#300,#301,#4203,#4204));
#4206= IFCRELDEFINESBYPROPERTIES('2fsKDOQ$ZdR3hhKGili0uf',$,$,$,(#4201),#4205);
#4207= IFCPROPERTYSET('022WHlRZ6Wtkt6X8fUkttn',$,'Misc',$,(#85,#87,#88,#203));
#4208= IFCRELDEFINESBYPROPERTIES('2MXjnO1zlwwSvlyC21eoDq',$,$,$,(#4201),#4207);
#4209= IFCPROPERTYSET('1UjoIyaLWa4zCbNEdar8v6',$,'3D Visualization',$,(#91,#92,#93));
#4210= IFCRELDEFINESBYPROPERTIES('0WC5AS7jdLYn4zxOzWQ$wJ',$,$,$,(#4201),#4209);
#4211= IFCPROPERTYSET('1Wg$86OxlzCZ9OnMn13hkC',$,'General',$,(#72,#74,#75,#76,#77,#171));
#4212= IFCRELDEFINESBYPROPERTIES('0Y7EFtOohZLIBOkLUHxefr',$,$,$,(#4201),#4211);
#4213= IFCPROPERTYSET('2wy1fhKZwgYwmJaJFRbEcf',$,'Geometry',$,(#82));
#4214= IFCRELDEFINESBYPROPERTIES('1fmDNNj8DyGot2NySOuPp2',$,$,$,(#4201),#4213);
#4215= IFCPROPERTYSET('3$em5eOSjvwGQXxAFVEHbP',$,'Corridor Identity',$,(#214,#215,#216,#218,#221,#224,#277,#1219,#1418,#1530,#1531,#1532));
#4216= IFCRELDEFINESBYPROPERTIES('1r$$3WHiTb4f$8czY$88zM',$,$,$,(#4201),#4215);
#4217= IFCPROPERTYSET('3MZqD9VZFC_dXwi122Eken',$,'Corridor Model Information',$,(#229,#230,#1227,#1424,#1535));
#4218= IFCRELDEFINESBYPROPERTIES('0YoayzFMuczkH7DmeULf8m',$,$,$,(#4201),#4217);
#4219= IFCPROPERTYSINGLEVALUE('Volume',$,IFCVOLUMEMEASURE(3.12499999982007),$);
#4220= IFCPROPERTYSET('3BEg9HjwOEjqL1Gr5W4Bmz',$,'Corridor Shape Information',$,(#236,#282,#1538,#1539,#3133,#4219));
#4221= IFCRELDEFINESBYPROPERTIES('3whrkjETRFKEMYwNXAmdjS',$,$,$,(#4201),#4220);
#4222= IFCPROPERTYSINGLEVALUE('Kh\X2\1ED1\X0\i l\X2\01B0\X0\\X2\1EE3\X0\ng (m3)',$,IFCREAL(3.12499999983963),$);
#4223= IFCPROPERTYSET('38dDnekGkHTXgkZyE5wFnQ',$,'Thong_tin_BIM',$,(#252,#1544,#1545,#1546,#1840,#3137,#3138,#3139,#3141,#3142,#3143,#4222));
#4224= IFCRELDEFINESBYPROPERTIES('17f42ZWtNQtbpbvSuG$KGq',$,$,$,(#4201),#4223);
#4225= IFCCARTESIANPOINTLIST3D(((-55.531596,-53.562017,-0.86016),(-55.531757,-53.561858,-1.36016),(-53.045482,-56.025554,-0.93175),(-53.045643,-56.025395,-1.43175),(-49.405206,-52.351081,-1.354906),(-51.891509,-49.887736,-1.283319),(-51.891352,-49.887899,-0.783319),(53.045454,56.025391,1.43175),(55.531757,53.562045,1.360164),(53.045297,56.025554,0.93175),(55.5316,53.562208,0.860164),(36.086696,38.908824,1.073775),(38.572999,36.445478,1.002188),(38.572842,36.445641,0.502188),(36.086539,38.908987,0.573775),(18.491086,21.149479,0.702356),(20.977389,18.686133,0.630769),(20.977232,18.686297,0.130769),(18.490929,21.149643,0.202356),(0.895477,3.390135,0.330937),(3.38178,0.926789,0.259351),(3.381623,0.926952,-0.240649),(0.89532,3.390298,-0.169063),(-16.700133,-14.36921,-0.040482),(-14.21383,-16.832556,-0.112068),(-14.213987,-16.832392,-0.612068),(-16.70029,-14.369046,-0.540482),(-19.807941,-17.505938,-0.106083),(-17.321638,-19.969284,-0.17767),(-17.321795,-19.96912,-0.67767),(-19.808098,-17.505774,-0.606083),(-34.295742,-32.128554,-0.4119),(-31.809439,-34.5919,-0.483487),(-31.809596,-34.591737,-0.983487),(-34.295899,-32.128391,-0.9119),(-49.405049,-52.351245,-0.854906)),$);
#4226= IFCTRIANGULATEDFACESET(#4225,$,$,((1,2,3),(3,2,4),(4,2,5),(5,2,6),(2,1,6),(6,1,7),(8,9,10),(10,9,11),(8,12,9),(9,12,13),(9,13,11),(11,13,14),(10,11,15),(15,11,14),(8,10,12),(12,10,15),(12,16,13),(13,16,17),(13,17,14),(14,17,18),(15,14,19),(19,14,18),(12,15,16),(16,15,19),(16,20,17),(17,20,21),(17,21,18),(18,21,22),(19,18,23),(23,18,22),(16,19,20),(20,19,23),(20,24,21),(21,24,25),(21,25,22),(22,25,26),(23,22,27),(27,22,26),(20,23,24),(24,23,27),(24,28,25),(25,28,29),(25,29,26),(26,29,30),(27,26,31),(31,26,30),(24,27,28),(28,27,31),(28,32,29),(29,32,33),(29,33,30),(30,33,34),(31,30,35),(35,30,34),(28,31,32),(32,31,35),(32,7,33),(33,7,36),(33,36,34),(34,36,5),(35,34,6),(6,34,5),(32,35,7),(7,35,6),(3,36,1),(1,36,7),(4,5,3),(3,5,36)),$);
#4227= IFCSHAPEREPRESENTATION(#178,'Body','Tessellation',(#4226));
#4228= IFCPRODUCTDEFINITIONSHAPE($,$,(#4227));
#4229= IFCCARTESIANPOINT((505111.294419,1707691.26946,368.965479));
#4230= IFCAXIS2PLACEMENT3D(#4229,$,$);
#4231= IFCLOCALPLACEMENT(#5,#4230);
#4232= IFCBUILTELEMENT('2dwG8kx8HA3eZB1vOBZI0H',$,'\X2\0110\X0\\X2\1EA5\X0\t n\X2\1EC1\X0\n',$,$,#4231,#4228,'61389');
#4233= IFCSTYLEDITEM(#4226,(#133),'\X2\0110\X0\\X2\1EA5\X0\t n\X2\1EC1\X0\n');
#4234= IFCPROPERTYSINGLEVALUE('Area',$,IFCREAL(1237.97399783047),$);
#4235= IFCPROPERTYSINGLEVALUE('Bounds',$,IFCLABEL('((505055.7626395163,1707635.2431301817,367.49961399646287),(505166.8261975898,1707747.295786004,370.43134425143154))'),$);
#4236= IFCPROPERTYSET('1BuVOnosKFq1M8bUzbdHDD',$,'Properties',$,(#39,#40,#41,#42,#43,#44,#47,#48,#49,#50,#51,#52,#53,#54,#55,#56,#57,#59,#60,#193,#194,#195,#196,#197,#198,#199,#4234,#4235));
#4237= IFCRELDEFINESBYPROPERTIES('0lKiiLzximNBfJlBM3c4db',$,$,$,(#4232),#4236);
#4238= IFCPROPERTYSET('2caMowyneSLvsuy6lln55f',$,'Misc',$,(#85,#87,#88,#203));
#4239= IFCRELDEFINESBYPROPERTIES('2yv0W4IiOzOJnxdFsKWfwY',$,$,$,(#4232),#4238);
#4240= IFCPROPERTYSET('2q35EXn6zFR7ZWME97CcJc',$,'3D Visualization',$,(#91,#92,#93));
#4241= IFCRELDEFINESBYPROPERTIES('0BTdeDwfZDTYJziIvuAEeg',$,$,$,(#4232),#4240);
#4242= IFCPROPERTYSET('2pnTTeo5BPJ_pE$cA6dhIc',$,'General',$,(#72,#74,#75,#76,#77,#171));
#4243= IFCRELDEFINESBYPROPERTIES('1VsjvKXrgukbpwbhYvzkW2',$,$,$,(#4232),#4242);
#4244= IFCPROPERTYSET('25GIRo9vSp9AY6d64OzzhE',$,'Geometry',$,(#82));
#4245= IFCRELDEFINESBYPROPERTIES('0k376HPcEAX2aXAecwojxL',$,$,$,(#4232),#4244);
#4246= IFCPROPERTYSET('17kJkNGM$F0ZCz3LX19huD',$,'Corridor Identity',$,(#218,#221,#224,#548,#549,#597,#598,#1601,#1602,#1603,#1604,#1605));
#4247= IFCRELDEFINESBYPROPERTIES('3919gUxk2ut9DIIzF0cB8F',$,$,$,(#4232),#4246);
#4248= IFCPROPERTYSET('3NPNnCsn$0O84kJ6KRRGbI',$,'Corridor Model Information',$,(#559,#560,#1608,#1609,#1610));
#4249= IFCRELDEFINESBYPROPERTIES('2mdtcAS8tUfZHxQi7MMmPm',$,$,$,(#4232),#4248);
#4250= IFCPROPERTYSINGLEVALUE('Volume',$,IFCVOLUMEMEASURE(269.967923041924),$);
#4251= IFCPROPERTYSET('2vT0jpulXtCW0SV1_yyHns',$,'Corridor Shape Information',$,(#235,#607,#1613,#1614,#3133,#4250));
#4252= IFCRELDEFINESBYPROPERTIES('38iJqoSsHp7OlQosro7jmN',$,$,$,(#4232),#4251);
#4253= IFCPROPERTYSINGLEVALUE('Kh\X2\1ED1\X0\i l\X2\01B0\X0\\X2\1EE3\X0\ng (m3)',$,IFCREAL(269.967923039969),$);
#4254= IFCPROPERTYSET('1Jfq1AOxzQtI$b$a1NY70F',$,'Thong_tin_BIM',$,(#252,#1619,#1620,#1621,#1840,#3137,#3138,#3139,#3141,#3142,#3143,#4253));
#4255= IFCRELDEFINESBYPROPERTIES('1xWrk$X5PV7Cr3esSTrmv9',$,$,$,(#4232),#4254);
#4256= IFCCARTESIANPOINTLIST3D(((-53.045365,-56.025482,-0.86175),(-55.531524,-53.5619,-0.93016),(-53.045526,-56.025322,-1.36175),(-55.531685,-53.561741,-1.43016),(-51.891625,-49.887808,-1.353323),(-49.405278,-52.3512,-1.28491),(-51.891468,-49.887972,-0.853323),(55.531685,53.561927,1.43016),(55.531528,53.56209,0.93016),(53.045338,56.025318,1.361746),(53.045181,56.025482,0.861746),(38.572927,36.44536,1.072184),(36.08658,38.908751,1.003771),(36.086423,38.908915,0.503771),(38.57277,36.445523,0.572184),(20.977317,18.686015,0.700765),(18.49097,21.149407,0.632352),(18.490813,21.14957,0.132352),(20.97716,18.686179,0.200765),(3.381708,0.926671,0.329347),(0.895361,3.390062,0.260933),(0.895204,3.390226,-0.239067),(3.381551,0.926834,-0.170653),(-14.213902,-16.832674,-0.042072),(-16.700249,-14.369282,-0.110486),(-16.700406,-14.369119,-0.610486),(-14.214059,-16.832511,-0.542072),(-17.32171,-19.969402,-0.107674),(-19.808057,-17.50601,-0.176087),(-19.808214,-17.505847,-0.676087),(-17.321867,-19.969239,-0.607674),(-31.809511,-34.592019,-0.413491),(-34.295858,-32.128627,-0.481904),(-34.296015,-32.128464,-0.981904),(-31.809668,-34.591855,-0.913491),(-49.405121,-52.351363,-0.78491)),$);
#4257= IFCTRIANGULATEDFACESET(#4256,$,$,((1,2,3),(3,2,4),(4,5,3),(3,5,6),(4,2,5),(5,2,7),(8,9,10),(10,9,11),(8,10,12),(12,10,13),(10,11,13),(13,11,14),(9,15,11),(11,15,14),(8,12,9),(9,12,15),(12,13,16),(16,13,17),(13,14,17),(17,14,18),(15,19,14),(14,19,18),(12,16,15),(15,16,19),(16,17,20),(20,17,21),(17,18,21),(21,18,22),(19,23,18),(18,23,22),(16,20,19),(19,20,23),(20,21,24),(24,21,25),(21,22,25),(25,22,26),(23,27,22),(22,27,26),(20,24,23),(23,24,27),(24,25,28),(28,25,29),(25,26,29),(29,26,30),(27,31,26),(26,31,30),(24,28,27),(27,28,31),(28,29,32),(32,29,33),(29,30,33),(33,30,34),(31,35,30),(30,35,34),(28,32,31),(31,32,35),(32,33,36),(36,33,7),(33,34,7),(7,34,5),(35,6,34),(34,6,5),(32,36,35),(35,36,6),(2,1,7),(7,1,36),(3,6,1),(1,6,36)),$);
#4258= IFCSHAPEREPRESENTATION(#178,'Body','Tessellation',(#4257));
#4259= IFCPRODUCTDEFINITIONSHAPE($,$,(#4258));
#4260= IFCCARTESIANPOINT((505108.808188,1707693.732924,368.96707));
#4261= IFCAXIS2PLACEMENT3D(#4260,$,$);
#4262= IFCLOCALPLACEMENT(#5,#4261);
#4263= IFCBUILTELEMENT('2dYydOuUbFfAUERDLE5YKW',$,'\X2\0110\X0\\X2\1EA5\X0\t n\X2\1EC1\X0\n',$,$,#4262,#4259,'61397');
#4264= IFCSTYLEDITEM(#4257,(#133),'\X2\0110\X0\\X2\1EA5\X0\t n\X2\1EC1\X0\n');
#4265= IFCPROPERTYSINGLEVALUE('Area',$,IFCREAL(1237.97185306222),$);
#4266= IFCPROPERTYSINGLEVALUE('Bounds',$,IFCLABEL('((505053.27650262875,1707637.7066898702,367.50120854281926),(505164.3398726046,1707749.759154742,370.4329307183054))'),$);
#4267= IFCPROPERTYSET('0KyoJ8WacfrtJ0o8bz7MCn',$,'Properties',$,(#39,#40,#41,#42,#43,#44,#47,#48,#49,#50,#51,#52,#53,#54,#55,#56,#57,#59,#60,#193,#194,#195,#196,#197,#198,#199,#4265,#4266));
#4268= IFCRELDEFINESBYPROPERTIES('2il3KxCPm_mnxBVTuvHH3m',$,$,$,(#4263),#4267);
#4269= IFCPROPERTYSET('07amBGqT1qjhDfPIehLN56',$,'Misc',$,(#85,#87,#88,#203));
#4270= IFCRELDEFINESBYPROPERTIES('1zVNJOjXnbGQUZy0UxPPH7',$,$,$,(#4263),#4269);
#4271= IFCPROPERTYSET('1feL_XYtyBJyPrQiLIpshl',$,'3D Visualization',$,(#91,#92,#93));
#4272= IFCRELDEFINESBYPROPERTIES('3j7HXTeXGkk1zWDexB0my_',$,$,$,(#4263),#4271);
#4273= IFCPROPERTYSET('1WcyLkIj$l4AiKGSc$1VUQ',$,'General',$,(#72,#74,#75,#76,#77,#171));
#4274= IFCRELDEFINESBYPROPERTIES('1fCJSDpG8VekQGDKIpca3N',$,$,$,(#4263),#4273);
#4275= IFCPROPERTYSET('3LepelzyUH_CdbM9xVddvk',$,'Geometry',$,(#82));
#4276= IFCRELDEFINESBYPROPERTIES('1qoZNMOJXvUJH9YqYuHZ7X',$,$,$,(#4263),#4275);
#4277= IFCPROPERTYSET('2nwBQw5b8oi6oLvKTsEOjl',$,'Corridor Identity',$,(#218,#221,#224,#548,#549,#597,#640,#1601,#1602,#1603,#1604,#1605));
#4278= IFCRELDEFINESBYPROPERTIES('3XXt_QD_nTQr44$MDE7KP6',$,$,$,(#4263),#4277);
#4279= IFCPROPERTYSET('3lY1MU35LLoKsauNU45yLN',$,'Corridor Model Information',$,(#559,#560,#1608,#1609,#1610));
#4280= IFCRELDEFINESBYPROPERTIES('1DpIU4IaQGoEO3Y3CXrUmO',$,$,$,(#4263),#4279);
#4281= IFCPROPERTYSINGLEVALUE('Volume',$,IFCVOLUMEMEASURE(269.967454001084),$);
#4282= IFCPROPERTYSET('21BmOE6fFhKBig$dyNVQQ3',$,'Corridor Shape Information',$,(#282,#607,#1613,#1614,#3133,#4281));
#4283= IFCRELDEFINESBYPROPERTIES('02NFi4JtGGXSvHfZcy5lil',$,$,$,(#4263),#4282);
#4284= IFCPROPERTYSINGLEVALUE('Kh\X2\1ED1\X0\i l\X2\01B0\X0\\X2\1EE3\X0\ng (m3)',$,IFCREAL(269.967454002718),$);
#4285= IFCPROPERTYSET('0qD1xGC_GlqtHfK8XRuzpJ',$,'Thong_tin_BIM',$,(#252,#1619,#1620,#1621,#1840,#3137,#3138,#3139,#3141,#3142,#3143,#4284));
#4286= IFCRELDEFINESBYPROPERTIES('0RB0dXxWsuUmzFZry6WeYS',$,$,$,(#4263),#4285);
#4287= IFCCARTESIANPOINTLIST3D(((-56.526679,-54.566638,-0.597474),(-56.52684,-54.566479,-1.097474),(-54.040377,-57.029985,-0.66906),(-54.040538,-57.029825,-1.16906),(-48.409945,-51.346818,-1.0791),(-50.896248,-48.883473,-1.007514),(-50.896091,-48.883636,-0.507514),(54.040537,57.029821,1.16906),(56.52684,54.566476,1.097474),(54.04038,57.029985,0.66906),(56.526683,54.566639,0.597474),(37.081815,39.913234,0.898111),(39.568118,37.449889,0.826524),(39.567961,37.450052,0.326524),(37.081658,39.913398,0.398111),(19.486234,22.15386,0.616986),(21.972537,19.690514,0.545399),(21.97238,19.690678,0.045399),(19.486077,22.154024,0.116986),(1.890653,4.394486,0.335861),(4.376956,1.93114,0.264274),(4.376799,1.931304,-0.235726),(1.890496,4.39465,-0.164139),(-15.704928,-13.364888,0.054736),(-13.218625,-15.828234,-0.016851),(-13.218783,-15.82807,-0.516851),(-15.705086,-13.364724,-0.445264),(-33.30051,-31.124262,-0.226389),(-30.814207,-33.587608,-0.297975),(-30.814364,-33.587444,-0.797975),(-33.300667,-31.124099,-0.726389),(-48.409788,-51.346982,-0.5791)),$);
#4288= IFCTRIANGULATEDFACESET(#4287,$,$,((1,2,3),(3,2,4),(4,2,5),(5,2,6),(2,1,6),(6,1,7),(8,9,10),(10,9,11),(8,12,9),(9,12,13),(9,13,11),(11,13,14),(10,11,15),(15,11,14),(8,10,12),(12,10,15),(12,16,13),(13,16,17),(13,17,14),(14,17,18),(15,14,19),(19,14,18),(12,15,16),(16,15,19),(16,20,17),(17,20,21),(17,21,18),(18,21,22),(19,18,23),(23,18,22),(16,19,20),(20,19,23),(20,24,21),(21,24,25),(21,25,22),(22,25,26),(23,22,27),(27,22,26),(20,23,24),(24,23,27),(24,28,25),(25,28,29),(25,29,26),(26,29,30),(27,26,31),(31,26,30),(24,27,28),(28,27,31),(28,7,29),(29,7,32),(29,32,30),(30,32,5),(31,30,6),(6,30,5),(28,31,7),(7,31,6),(3,32,1),(1,32,7),(4,5,3),(3,5,32)),$);
#4289= IFCSHAPEREPRESENTATION(#178,'Body','Tessellation',(#4288));
#4290= IFCPRODUCTDEFINITIONSHAPE($,$,(#4289));
#4291= IFCCARTESIANPOINT((505153.386302,1707652.767466,368.299238));
#4292= IFCAXIS2PLACEMENT3D(#4291,$,$);
#4293= IFCLOCALPLACEMENT(#5,#4292);
#4294= IFCBUILTELEMENT('1_6azRa1TAwfUta7SXucLa',$,'\X2\0110\X0\\X2\1EA5\X0\t n\X2\1EC1\X0\n',$,$,#4293,#4290,'613A5');
#4295= IFCSTYLEDITEM(#4288,(#133),'\X2\0110\X0\\X2\1EA5\X0\t n\X2\1EC1\X0\n');
#4296= IFCPROPERTYSINGLEVALUE('Area',$,IFCREAL(1260.55049063554),$);
#4297= IFCPROPERTYSINGLEVALUE('Bounds',$,IFCLABEL('((505096.85943930084,1707595.7368776582,367.09543705266475),(505209.9131641859,1707709.7980511943,369.50303810725046))'),$);
#4298= IFCPROPERTYSET('0pHj$i$NbWvOpZOkyT4L6A',$,'Properties',$,(#39,#40,#41,#42,#43,#44,#47,#48,#49,#50,#51,#52,#53,#54,#55,#56,#57,#59,#60,#193,#194,#195,#196,#197,#198,#199,#4296,#4297));
#4299= IFCRELDEFINESBYPROPERTIES('3HWPkXX_Wk9oo7qPZO13hE',$,$,$,(#4294),#4298);
#4300= IFCPROPERTYSET('1okuVR_qGsVpYK8p$4k$sL',$,'Misc',$,(#85,#87,#88,#203));
#4301= IFCRELDEFINESBYPROPERTIES('2NOOjOeML1jOLYn4g9FCtS',$,$,$,(#4294),#4300);
#4302= IFCPROPERTYSET('14TJXlE67NvIr26cJGLezn',$,'3D Visualization',$,(#91,#92,#93));
#4303= IFCRELDEFINESBYPROPERTIES('2YCnAgtB6FCPZpL1oQapHi',$,$,$,(#4294),#4302);
#4304= IFCPROPERTYSET('1nkLHDWpr34Rjg7fG2lqeE',$,'General',$,(#72,#74,#75,#76,#77,#171));
#4305= IFCRELDEFINESBYPROPERTIES('0iJmtrq$4yhiT1kNIFiLds',$,$,$,(#4294),#4304);
#4306= IFCPROPERTYSET('0$CX9KS0OAcbrMR2aSN4DU',$,'Geometry',$,(#82));
#4307= IFCRELDEFINESBYPROPERTIES('1iWUU_PE5UbQQmSWf3DCQl',$,$,$,(#4294),#4306);
#4308= IFCPROPERTYSET('1yzgHsjP4iGnYb0KPVS8nX',$,'Corridor Identity',$,(#218,#221,#224,#597,#598,#936,#937,#1604,#1676,#1677,#1678,#1679));
#4309= IFCRELDEFINESBYPROPERTIES('27ejMG7WJzx8vEzTVQg1Jm',$,$,$,(#4294),#4308);
#4310= IFCPROPERTYSET('0l7Q8FWBv0uU_E6Mr_9xsc',$,'Corridor Model Information',$,(#943,#944,#1682,#1683,#1684));
#4311= IFCRELDEFINESBYPROPERTIES('0pdKwGj2496lDLf46IboAT',$,$,$,(#4294),#4310);
#4312= IFCPROPERTYSINGLEVALUE('Volume',$,IFCVOLUMEMEASURE(274.916513819165),$);
#4313= IFCPROPERTYSET('0$tzfETAZJWHK$y_Wjiz8i',$,'Corridor Shape Information',$,(#235,#607,#1613,#1687,#3133,#4312));
#4314= IFCRELDEFINESBYPROPERTIES('3$xlZjJM2dXjqAv4hXoj1R',$,$,$,(#4294),#4313);
#4315= IFCPROPERTYSINGLEVALUE('Kh\X2\1ED1\X0\i l\X2\01B0\X0\\X2\1EE3\X0\ng (m3)',$,IFCREAL(274.916513816298),$);
#4316= IFCPROPERTYSET('2XopbzK8nrNNx_baISce1I',$,'Thong_tin_BIM',$,(#252,#1619,#1692,#1693,#1840,#3137,#3138,#3139,#3141,#3142,#3143,#4315));
#4317= IFCRELDEFINESBYPROPERTIES('3bsOSm6KefdT91OinsfIdF',$,$,$,(#4294),#4316);
#4318= IFCCARTESIANPOINTLIST3D(((-54.040354,-57.030007,-0.59906),(-56.526702,-54.566616,-0.667474),(-54.040515,-57.029848,-1.09906),(-56.526863,-54.566457,-1.167474),(-50.89627,-48.88345,-1.077514),(-48.409923,-51.346842,-1.0091),(-50.896112,-48.883613,-0.577514),(56.526863,54.566452,1.167474),(56.526705,54.566616,0.667474),(54.040516,57.029844,1.09906),(54.040359,57.030007,0.59906),(39.56814,37.449865,0.896524),(37.081793,39.913257,0.828111),(37.081636,39.91342,0.328111),(39.567983,37.450029,0.396524),(21.972559,19.690491,0.615399),(19.486212,22.153883,0.546986),(19.486055,22.154046,0.046986),(21.972402,19.690655,0.115399),(4.376978,1.931117,0.334274),(1.890631,4.394509,0.265861),(1.890474,4.394672,-0.234139),(4.376821,1.931281,-0.165726),(-13.218603,-15.828257,0.053149),(-15.70495,-13.364865,-0.015264),(-15.705107,-13.364702,-0.515264),(-13.21876,-15.828093,-0.446851),(-30.814184,-33.587631,-0.227975),(-33.300531,-31.124239,-0.296389),(-33.300688,-31.124076,-0.796389),(-30.814341,-33.587468,-0.727975),(-48.409765,-51.347005,-0.5091)),$);
#4319= IFCTRIANGULATEDFACESET(#4318,$,$,((1,2,3),(3,2,4),(4,5,3),(3,5,6),(4,2,5),(5,2,7),(8,9,10),(10,9,11),(8,10,12),(12,10,13),(10,11,13),(13,11,14),(9,15,11),(11,15,14),(8,12,9),(9,12,15),(12,13,16),(16,13,17),(13,14,17),(17,14,18),(15,19,14),(14,19,18),(12,16,15),(15,16,19),(16,17,20),(20,17,21),(17,18,21),(21,18,22),(19,23,18),(18,23,22),(16,20,19),(19,20,23),(20,21,24),(24,21,25),(21,22,25),(25,22,26),(23,27,22),(22,27,26),(20,24,23),(23,24,27),(24,25,28),(28,25,29),(25,26,29),(29,26,30),(27,31,26),(26,31,30),(24,28,27),(27,28,31),(28,29,32),(32,29,7),(29,30,7),(7,30,5),(31,6,30),(30,6,5),(28,32,31),(31,32,6),(2,1,7),(7,1,32),(3,6,1),(1,6,32)),$);
#4320= IFCSHAPEREPRESENTATION(#178,'Body','Tessellation',(#4319));
#4321= IFCPRODUCTDEFINITIONSHAPE($,$,(#4320));
#4322= IFCCARTESIANPOINT((505150.899976,1707655.230835,368.300824));
#4323= IFCAXIS2PLACEMENT3D(#4322,$,$);
#4324= IFCLOCALPLACEMENT(#5,#4323);
#4325= IFCBUILTELEMENT('3kPHoN43H0g8L5CAe9XFR4',$,'\X2\0110\X0\\X2\1EA5\X0\t n\X2\1EC1\X0\n',$,$,#4324,#4321,'613B3');
#4326= IFCSTYLEDITEM(#4319,(#133),'\X2\0110\X0\\X2\1EA5\X0\t n\X2\1EC1\X0\n');
#4327= IFCPROPERTYSINGLEVALUE('Area',$,IFCREAL(1260.55049056279),$);
#4328= IFCPROPERTYSINGLEVALUE('Bounds',$,IFCLABEL('((505094.37311377533,1707598.200246957,367.09702357901944),(505207.4268392006,1707712.2614199347,369.5046246333939))'),$);
#4329= IFCPROPERTYSET('1$mzWRWh8qgqX16erIUHqk',$,'Properties',$,(#39,#40,#41,#42,#43,#44,#47,#48,#49,#50,#51,#52,#53,#54,#55,#56,#57,#59,#60,#193,#194,#195,#196,#197,#198,#199,#4327,#4328));
#4330= IFCRELDEFINESBYPROPERTIES('2dgzCABgucs4JE0RCuwDZk',$,$,$,(#4325),#4329);
#4331= IFCPROPERTYSET('0047$A9oAHu1cNPU8048dA',$,'Misc',$,(#85,#87,#88,#203));
#4332= IFCRELDEFINESBYPROPERTIES('0KC1lwakZGpxgI6mjE8R1r',$,$,$,(#4325),#4331);
#4333= IFCPROPERTYSET('1fPjTDKxCYvAt4U7SuoPFo',$,'3D Visualization',$,(#91,#92,#93));
#4334= IFCRELDEFINESBYPROPERTIES('0l6GB$5pgprUonsjwIApMo',$,$,$,(#4325),#4333);
#4335= IFCPROPERTYSET('0QCowbreftjRiWYR5a6iwE',$,'General',$,(#72,#74,#75,#76,#77,#171));
#4336= IFCRELDEFINESBYPROPERTIES('0qJJnnDYCTNAWjoeCH_JsA',$,$,$,(#4325),#4335);
#4337= IFCPROPERTYSET('2qRoFMgwoHTylyyJh431s1',$,'Geometry',$,(#82));
#4338= IFCRELDEFINESBYPROPERTIES('3smCdYm3WLecT2KoX0Du$R',$,$,$,(#4325),#4337);
#4339= IFCPROPERTYSET('2G$52JWBnj7rAsE8eKmsrM',$,'Corridor Identity',$,(#218,#221,#224,#597,#640,#936,#937,#1604,#1676,#1677,#1678,#1679));
#4340= IFCRELDEFINESBYPROPERTIES('3qnr__PjJn6Fbs3DL2NqfJ',$,$,$,(#4325),#4339);
#4341= IFCPROPERTYSET('3k4wEA1RzgyvnpnpBijpWA',$,'Corridor Model Information',$,(#943,#944,#1682,#1683,#1684));
#4342= IFCRELDEFINESBYPROPERTIES('1SLFlgg_5cyA4BtM0LFww9',$,$,$,(#4325),#4341);
#4343= IFCPROPERTYSINGLEVALUE('Volume',$,IFCVOLUMEMEASURE(274.91651380415),$);
#4344= IFCPROPERTYSET('0dZ18cEKEGgkf9o8VXWfJ6',$,'Corridor Shape Information',$,(#282,#607,#1613,#1687,#3133,#4343));
#4345= IFCRELDEFINESBYPROPERTIES('3S6iJeVAEWt9Yxm8vm2z1a',$,$,$,(#4325),#4344);
#4346= IFCPROPERTYSINGLEVALUE('Kh\X2\1ED1\X0\i l\X2\01B0\X0\\X2\1EE3\X0\ng (m3)',$,IFCREAL(274.91651379979),$);
#4347= IFCPROPERTYSET('3s4MMGc9HxTPnHFj6eF9ka',$,'Thong_tin_BIM',$,(#252,#1619,#1692,#1693,#1840,#3137,#3138,#3139,#3141,#3142,#3143,#4346));
#4348= IFCRELDEFINESBYPROPERTIES('0VMPNKLJQ7GucyQTV2jaHv',$,$,$,(#4325),#4347);
#4349= IFCCARTESIANPOINTLIST3D(((46.118593,42.996228,0.155124),(46.118224,42.996594,0.155134),(46.118751,42.996065,0.655124),(46.118381,42.996431,0.655134),(46.830842,43.715848,0.162467),(46.830999,43.715685,0.662467),(46.831211,43.715482,0.162456),(46.831368,43.715319,0.662456),(59.35832,56.359249,0.291352),(55.806458,59.878314,0.393618),(38.847775,42.761705,0.219125),(42.399637,39.242639,0.116858),(42.399794,39.242476,0.616858),(25.70817,22.395734,-0.054886),(25.707731,22.396169,-0.054873),(25.708327,22.395571,0.445114),(25.707888,22.396006,0.445127),(26.420348,23.115423,-0.047541),(26.420505,23.115259,0.452459),(26.420787,23.114988,-0.047553),(26.420944,23.114824,0.452447),(21.252225,25.002298,0.038078),(24.804087,21.483232,-0.064188),(24.804244,21.483069,0.435812),(6.00074,2.504781,-0.257662),(6.000371,2.505147,-0.257651),(6.000897,2.504617,0.242338),(6.000528,2.504983,0.242349),(6.712988,3.224401,-0.250319),(6.713145,3.224237,0.249681),(6.713358,3.224035,-0.25033),(6.713515,3.223871,0.24967),(7.208537,3.723825,-0.245235),(3.656676,7.242891,-0.142968),(-13.938874,-10.516516,-0.324014),(-10.387013,-14.035581,-0.426281),(-10.386855,-14.035745,0.073719),(-15.113927,-18.806515,-0.474918),(-15.114289,-18.806141,-0.474907),(-15.11377,-18.806679,0.025082),(-15.114132,-18.806305,0.025093),(-14.401671,-18.086888,-0.467575),(-14.401514,-18.087051,0.032425),(-14.401302,-18.087254,-0.467585),(-14.401145,-18.087417,0.032415),(-31.534424,-28.275923,-0.505061),(-27.982562,-31.794988,-0.607327),(-27.982405,-31.795152,-0.107327),(-35.524757,-39.407419,-0.684931),(-35.525126,-39.407053,-0.684921),(-35.5246,-39.407583,-0.184931),(-35.524969,-39.407217,-0.184921),(-34.812509,-38.6878,-0.677588),(-34.812352,-38.687963,-0.177588),(-34.81214,-38.688166,-0.677599),(-34.811983,-38.688329,-0.177599),(-49.129973,-46.03533,-0.686107),(-45.578112,-49.554395,-0.788374),(-45.577955,-49.554558,-0.288374),(55.806616,59.878151,0.893618),(59.358477,56.359085,0.791352),(-59.35832,-56.359249,-0.291352),(-59.358477,-56.359085,-0.791352),(-55.806458,-59.878314,-0.393618),(-55.806616,-59.878151,-0.893618),(38.847932,42.761541,0.719125),(21.252383,25.002134,0.538078),(3.656833,7.242727,0.357032),(7.208694,3.723662,0.254765),(-13.938717,-10.516679,0.175985),(-31.534267,-28.276086,-0.005061),(-49.129816,-46.035493,-0.186107),(-58.996802,-55.994365,-0.287632),(-55.444941,-59.51343,-0.389898),(-55.445098,-59.513267,-0.889898),(-58.99696,-55.994201,-0.787632),(-59.251002,-56.250931,-0.290247),(-55.69914,-59.769997,-0.392514),(-55.699298,-59.769833,-0.892514),(-59.251159,-56.250768,-0.790247)),$);
#4350= IFCTRIANGULATEDFACESET(#4349,$,$,((1,2,3),(3,2,4),(2,5,4),(4,5,6),(7,8,5),(5,8,6),(7,5,9),(9,5,10),(10,5,11),(11,5,2),(11,2,12),(12,2,1),(3,13,1),(1,13,12),(14,15,16),(16,15,17),(15,18,17),(17,18,19),(20,21,18),(18,21,19),(20,18,12),(12,18,11),(11,18,22),(22,18,15),(22,15,23),(23,15,14),(16,24,14),(14,24,23),(25,26,27),(27,26,28),(26,29,28),(28,29,30),(31,32,29),(29,32,30),(31,29,33),(33,29,34),(34,29,26),(34,26,35),(35,26,36),(36,26,25),(27,37,25),(25,37,36),(38,39,40),(40,39,41),(39,42,41),(41,42,43),(44,45,42),(42,45,43),(44,42,36),(36,42,35),(35,42,39),(35,39,46),(46,39,47),(47,39,38),(40,48,38),(38,48,47),(49,50,51),(51,50,52),(50,53,52),(52,53,54),(55,56,53),(53,56,54),(55,53,47),(47,53,46),(46,53,50),(46,50,57),(57,50,58),(58,50,49),(51,59,49),(49,59,58),(60,61,10),(10,61,9),(62,63,64),(64,63,65),(8,61,6),(6,61,60),(6,60,66),(6,66,4),(4,66,13),(4,13,3),(7,9,8),(8,9,61),(60,10,66),(66,10,11),(21,13,19),(19,13,66),(19,66,67),(19,67,17),(17,67,24),(17,24,16),(20,12,21),(21,12,13),(66,11,67),(67,11,22),(67,68,24),(24,68,69),(24,69,23),(23,69,33),(22,23,34),(34,23,33),(67,22,68),(68,22,34),(32,69,30),(30,69,68),(30,68,28),(28,68,70),(28,70,37),(37,27,28),(31,33,32),(32,33,69),(68,34,70),(70,34,35),(45,37,43),(43,37,70),(43,70,41),(41,70,71),(41,71,48),(48,40,41),(44,36,45),(45,36,37),(70,35,71),(71,35,46),(56,48,54),(54,48,71),(54,71,52),(52,71,72),(52,72,59),(59,51,52),(55,47,56),(56,47,48),(71,46,72),(72,46,57),(72,73,59),(59,73,74),(59,74,58),(58,74,75),(57,58,76),(76,58,75),(72,57,73),(73,57,76),(73,77,74),(74,77,78),(74,78,75),(75,78,79),(76,75,80),(80,75,79),(73,76,77),(77,76,80),(77,62,78),(78,62,64),(78,64,79),(79,64,65),(80,79,63),(63,79,65),(77,80,62),(62,80,63)),$);
#4351= IFCSHAPEREPRESENTATION(#178,'Body','Tessellation',(#4350));
#4352= IFCPRODUCTDEFINITIONSHAPE($,$,(#4351));
#4353= IFCCARTESIANPOINT((505197.352846,1707610.119128,367.477573));
#4354= IFCAXIS2PLACEMENT3D(#4353,$,$);
#4355= IFCLOCALPLACEMENT(#5,#4354);
#4356= IFCBUILTELEMENT('0gdt0OGB51Y8ROeCNALRQt',$,'\X2\0110\X0\\X2\1EA5\X0\t n\X2\1EC1\X0\n',$,$,#4355,#4352,'613C1');
#4357= IFCSTYLEDITEM(#4350,(#133),'\X2\0110\X0\\X2\1EA5\X0\t n\X2\1EC1\X0\n');
#4358= IFCPROPERTYSINGLEVALUE('Area',$,IFCREAL(1805.27445339488),$);
#4359= IFCPROPERTYSINGLEVALUE('Bounds',$,IFCLABEL('((505137.9943376289,1707550.2403945266,366.5477702199916),(505256.71135470003,1707669.997862255,368.40737629738663))'),$);
#4360= IFCPROPERTYSET('2tCKRV0MUTHttlAv5YLVOf',$,'Properties',$,(#39,#40,#41,#42,#43,#44,#47,#48,#49,#50,#51,#52,#53,#54,#55,#56,#57,#59,#60,#193,#194,#195,#196,#197,#198,#199,#4358,#4359));
#4361= IFCRELDEFINESBYPROPERTIES('2HxAyc5WtQxITR6IK8H6JW',$,$,$,(#4356),#4360);
#4362= IFCPROPERTYSET('3jy34Movb2o0tk6GH$sP6y',$,'Misc',$,(#85,#87,#88,#203));
#4363= IFCRELDEFINESBYPROPERTIES('0UwINURBnt$_bHPrQuGdRw',$,$,$,(#4356),#4362);
#4364= IFCPROPERTYSET('0b5vchyGg2W6ZQ3$ZGmNM5',$,'3D Visualization',$,(#91,#92,#93));
#4365= IFCRELDEFINESBYPROPERTIES('3R4WUvZHKVfuOIjhyry87Z',$,$,$,(#4356),#4364);
#4366= IFCPROPERTYSET('3Z3kORJ$3roWNVvZYmQx3t',$,'General',$,(#72,#74,#75,#76,#77,#171));
#4367= IFCRELDEFINESBYPROPERTIES('03C2aKI8moZNOT6yvNaKij',$,$,$,(#4356),#4366);
#4368= IFCPROPERTYSET('1foNXv8l1tdEH2ZI7sc68q',$,'Geometry',$,(#82));
#4369= IFCRELDEFINESBYPROPERTIES('3OgMlM33kqWyBxFPaE4mw0',$,$,$,(#4356),#4368);
#4370= IFCPROPERTYSET('3jcvpRAMEmyXFlomOOpq9f',$,'Corridor Identity',$,(#216,#217,#218,#221,#224,#1303,#1304,#1604,#1748,#1749,#1750,#1751));
#4371= IFCRELDEFINESBYPROPERTIES('3PXwg2FYczkYUHj3RjLPCV',$,$,$,(#4356),#4370);
#4372= IFCPROPERTYSET('3PQK2FxDjDj6FZaDnwA1mv',$,'Corridor Model Information',$,(#1312,#1313,#1754,#1755,#1756));
#4373= IFCRELDEFINESBYPROPERTIES('0uMtMil6Z6fSXj6BLIFqeB',$,$,$,(#4356),#4372);
#4374= IFCPROPERTYSINGLEVALUE('Volume',$,IFCVOLUMEMEASURE(409.068460501203),$);
#4375= IFCPROPERTYSET('0_cEgEOehB5pzpGjl2Ygp3',$,'Corridor Shape Information',$,(#235,#236,#1613,#1759,#3133,#4374));
#4376= IFCRELDEFINESBYPROPERTIES('3JAa0FR$QTs$DO5yj$EAYk',$,$,$,(#4356),#4375);
#4377= IFCPROPERTYSINGLEVALUE('Kh\X2\1ED1\X0\i l\X2\01B0\X0\\X2\1EE3\X0\ng (m3)',$,IFCREAL(409.068460494555),$);
#4378= IFCPROPERTYSET('0hdxif47JXtBUZRiSecddL',$,'Thong_tin_BIM',$,(#252,#1619,#1764,#1765,#1840,#3137,#3138,#3139,#3141,#3142,#3143,#4377));
#4379= IFCRELDEFINESBYPROPERTIES('3zMU4SXw0jMu6hDxRD73ts',$,$,$,(#4356),#4378);
#4380= IFCCARTESIANPOINTLIST3D(((59.358508,56.359053,0.891352),(59.358351,56.359216,0.391352),(55.806584,59.878183,0.793618),(55.806427,59.878347,0.293618),(-55.806427,-59.878347,-0.293618),(-59.358351,-56.359216,-0.391352),(-55.806584,-59.878183,-0.793618),(-59.358508,-56.359053,-0.891352),(42.399825,39.242443,0.716858),(38.847901,42.761574,0.619125),(38.847744,42.761737,0.119125),(42.399668,39.242606,0.216858),(24.804275,21.483036,0.535812),(21.252351,25.002167,0.438078),(21.252194,25.00233,-0.061922),(24.804118,21.4832,0.035812),(7.208726,3.723629,0.354765),(3.656801,7.24276,0.257032),(3.656644,7.242924,-0.242968),(7.208569,3.723793,-0.145235),(-10.386824,-14.035778,0.173719),(-13.938748,-10.516647,0.075986),(-13.938905,-10.516483,-0.424014),(-10.386981,-14.035614,-0.326281),(-27.982374,-31.795184,-0.007327),(-31.534298,-28.276053,-0.105061),(-31.534455,-28.27589,-0.605061),(-27.982531,-31.795021,-0.507327),(-45.577923,-49.554591,-0.188374),(-49.129848,-46.03546,-0.286107),(-49.130005,-46.035297,-0.786107),(-45.57808,-49.554428,-0.688374),(-55.44491,-59.513463,-0.289898),(-58.996834,-55.994332,-0.387632),(-58.996991,-55.994169,-0.887632),(-55.445067,-59.513299,-0.789898),(-55.699109,-59.770029,-0.292514),(-59.251033,-56.250899,-0.390247),(-59.25119,-56.250735,-0.890247),(-55.699266,-59.769866,-0.792514)),$);
#4381= IFCTRIANGULATEDFACESET(#4380,$,$,((1,2,3),(3,2,4),(5,6,7),(7,6,8),(1,3,9),(9,3,10),(3,4,10),(10,4,11),(2,12,4),(4,12,11),(1,9,2),(2,9,12),(9,10,13),(13,10,14),(10,11,14),(14,11,15),(12,16,11),(11,16,15),(9,13,12),(12,13,16),(13,14,17),(17,14,18),(14,15,18),(18,15,19),(16,20,15),(15,20,19),(13,17,16),(16,17,20),(17,18,21),(21,18,22),(18,19,22),(22,19,23),(20,24,19),(19,24,23),(17,21,20),(20,21,24),(21,22,25),(25,22,26),(22,23,26),(26,23,27),(24,28,23),(23,28,27),(21,25,24),(24,25,28),(25,26,29),(29,26,30),(26,27,30),(30,27,31),(28,32,27),(27,32,31),(25,29,28),(28,29,32),(29,30,33),(33,30,34),(30,31,34),(34,31,35),(32,36,31),(31,36,35),(29,33,32),(32,33,36),(33,34,37),(37,34,38),(34,35,38),(38,35,39),(36,40,35),(35,40,39),(33,37,36),(36,37,40),(37,38,5),(5,38,6),(38,39,6),(6,39,8),(40,7,39),(39,7,8),(37,5,40),(40,5,7)),$);
#4382= IFCSHAPEREPRESENTATION(#178,'Body','Tessellation',(#4381));
#4383= IFCPRODUCTDEFINITIONSHAPE($,$,(#4382));
#4384= IFCCARTESIANPOINT((505193.800953,1707613.638227,367.47984));
#4385= IFCAXIS2PLACEMENT3D(#4384,$,$);
#4386= IFCLOCALPLACEMENT(#5,#4385);
#4387= IFCBUILTELEMENT('0d7SAMzP19AufFQXEBq0y3',$,'\X2\0110\X0\\X2\1EA5\X0\t n\X2\1EC1\X0\n',$,$,#4386,#4383,'613D7');
#4388= IFCSTYLEDITEM(#4381,(#133),'\X2\0110\X0\\X2\1EA5\X0\t n\X2\1EC1\X0\n');
#4389= IFCPROPERTYSINGLEVALUE('Area',$,IFCREAL(1805.2772257219),$);
#4390= IFCPROPERTYSINGLEVALUE('Bounds',$,IFCLABEL('((505134.44244479295,1707553.7594927272,366.5500366856683),(505253.15946186404,1707673.5169604553,368.40964276306335))'),$);
#4391= IFCPROPERTYSET('1XM5TbwrKbdH116WkBoSQB',$,'Properties',$,(#39,#40,#41,#42,#43,#44,#45,#46,#47,#48,#49,#50,#51,#52,#53,#54,#55,#56,#57,#59,#60,#193,#197,#299,#300,#301,#4389,#4390));
#4392= IFCRELDEFINESBYPROPERTIES('2C8ozKNgxvE5o1xVXrqNCQ',$,$,$,(#4387),#4391);
#4393= IFCPROPERTYSET('0zbNsEfbWxjkC$NehEPvRD',$,'Misc',$,(#85,#87,#88,#203));
#4394= IFCRELDEFINESBYPROPERTIES('0ig79zGbEpCFtiBoVV2CvI',$,$,$,(#4387),#4393);
#4395= IFCPROPERTYSET('3zVV6hVnPr7Bk4oRItiSXl',$,'3D Visualization',$,(#91,#92,#93));
#4396= IFCRELDEFINESBYPROPERTIES('22I5ZVK$Jbgm1FJJ352u6x',$,$,$,(#4387),#4395);
#4397= IFCPROPERTYSET('0onE3fjfx3qLLKA8lKaTHd',$,'General',$,(#72,#74,#75,#76,#77,#171));
#4398= IFCRELDEFINESBYPROPERTIES('3qOyIsiUzaFleH$HcNb2eb',$,$,$,(#4387),#4397);
#4399= IFCPROPERTYSET('2eeC0ZeD5PJ0m2SYYcHpu0',$,'Geometry',$,(#82));
#4400= IFCRELDEFINESBYPROPERTIES('3Cp8RvN0RhGfznZgxe4Giw',$,$,$,(#4387),#4399);
#4401= IFCPROPERTYSET('1iSSMwElKf18fol4sKXzKc',$,'Corridor Identity',$,(#216,#218,#221,#224,#277,#1303,#1304,#1604,#1748,#1749,#1750,#1751));
#4402= IFCRELDEFINESBYPROPERTIES('0kjKa3CIBPQlwq6ehIYVaY',$,$,$,(#4387),#4401);
#4403= IFCPROPERTYSET('3PNCzDiQmtdurTClvl1IIE',$,'Corridor Model Information',$,(#1312,#1313,#1754,#1755,#1756));
#4404= IFCRELDEFINESBYPROPERTIES('3wnoxL_GciwxeENN01A8vE',$,$,$,(#4387),#4403);
#4405= IFCPROPERTYSINGLEVALUE('Volume',$,IFCVOLUMEMEASURE(409.069826394822),$);
#4406= IFCPROPERTYSET('0fJ$9S19xt5YzJDKLGim6X',$,'Corridor Shape Information',$,(#236,#282,#1613,#1759,#3133,#4405));
#4407= IFCRELDEFINESBYPROPERTIES('2fKUQV1sZoUrjQNAxvINfX',$,$,$,(#4387),#4406);
#4408= IFCPROPERTYSINGLEVALUE('Kh\X2\1ED1\X0\i l\X2\01B0\X0\\X2\1EE3\X0\ng (m3)',$,IFCREAL(409.069826395651),$);
#4409= IFCPROPERTYSET('1J0nhERSpEYO3SAFKfOROM',$,'Thong_tin_BIM',$,(#252,#1619,#1764,#1765,#1840,#3137,#3138,#3139,#3141,#3142,#3143,#4408));
#4410= IFCRELDEFINESBYPROPERTIES('0F5O2OvJ9nN_ivQMiwAnVJ',$,$,$,(#4387),#4409);
ENDSEC;

END-ISO-10303-21;
