ISO-10303-21;
HEADER;
FILE_DESCRIPTION(('ViewDefinition [Alignment-basedView]'),'2;1');
FILE_NAME(
/* name */ 'C:\\Users\\ACER\\OneDrive - The University of Technology\\109220018-Hoang Duc Linh -22 BIM AI\\N\X2\0103\X0\m 2026-2027\\3. CDE-MT d\X2\1EEF\X0\ li\X2\1EC7\X0\u chung\\02_Giao Thong\\02_IFC\\KDPS_NO2_RS_ZZ_DR_S0_Taluy.ifc',
/* time_stamp */ '2026-09-28T15:32:03',
/* author */ ('ACER'),
/* organization */ ('DESKTOP-6SA6ERL'),
/* preprocessor_version */ 'GeometryGymIFCcore v25.2.25.0 by Geometry Gym Pty Ltd built 2025-02-24T20:37:52',
/* originating_system */ 'Autodesk - Autodesk IFC 4.3 Extension 2025.2 for Civil 3D - 13.7.274.0',
/* authorization */ 'None'
);

FILE_SCHEMA (('IFC4X3_ADD2'));
ENDSEC;

DATA;
#1= IFCORGANIZATION($,'Autodesk',$,$,$);
#2= IFCAPPLICATION(#1,'Civil 3D 2025','Civil 3D','Autodesk - Autodesk IFC 4.3 Extension 2025.2 for Civil 3D - 13.7.274.0');
#3= IFCCARTESIANPOINT((505050.0,1707546.0,0.0));
#4= IFCAXIS2PLACEMENT3D(#3,$,$);
#5= IFCLOCALPLACEMENT($,#4);
#6= IFCSITE('1JiMobfNbDbxCMlFSkZnQq',$,'UnknownName',$,$,#5,$,$,$,$,$,$,$,$);
#9= IFCPROJECT('3MIWg5M4LAxx8s1facPGEz',#13,'Unknown',$,$,$,$,(#110),#18);
#10= IFCPERSON('ACER',$,$,$,$,$,$,$);
#11= IFCORGANIZATION($,'DESKTOP-6SA6ERL',$,$,$);
#12= IFCPERSONANDORGANIZATION(#10,#11,$);
#13= IFCOWNERHISTORY(#12,#2,$,.ADDED.,1790584322,$,$,1790584322);
#14= IFCSIUNIT(*,.LENGTHUNIT.,$,.METRE.);
#15= IFCSIUNIT(*,.AREAUNIT.,$,.SQUARE_METRE.);
#16= IFCSIUNIT(*,.VOLUMEUNIT.,$,.CUBIC_METRE.);
#17= IFCSIUNIT(*,.PLANEANGLEUNIT.,$,.RADIAN.);
#18= IFCUNITASSIGNMENT((#14,#15,#16,#17));
#19= IFCRELAGGREGATES('1zYcvndo1NmmhWCQ5_hyPj',$,$,$,#9,(#6,#23,#96));
#20= IFCPROPERTYSINGLEVALUE('Author',$,IFCLABEL('Ng\X2\00F4\X0\ Qu\X2\1ED1\X0\c Vi\X2\1EC7\X0\t'),$);
#21= IFCPROPERTYSET('0$fEr0OkDfH0zqsqtaD9TZ',$,'Summary',$,(#20));
#22= IFCRELDEFINESBYPROPERTIES('0E1KuRxLCSlJXPRje549e9',$,$,$,(#9),#21);
#23= IFCSITE('0xu8QT8ov3IwNugYxp5m_w',$,'Site 1',$,$,#5,$,$,$,$,$,$,$,$);
#24= IFCPROPERTYSINGLEVALUE('UDPClassificationName',$,IFCLABEL(''),$);
#25= IFCPROPERTYSINGLEVALUE('Description',$,IFCLABEL(''),$);
#26= IFCPROPERTYSINGLEVALUE('DisplayName',$,IFCLABEL('Parcel'),$);
#27= IFCPROPERTYSINGLEVALUE('FingerPrint',$,IFCINTEGER(0),$);
#28= IFCPROPERTYSINGLEVALUE('IsCWSReferenceObject',$,IFCBOOLEAN(.F.),$);
#29= IFCPROPERTYSINGLEVALUE('IsCWSSourceObject',$,IFCBOOLEAN(.F.),$);
#30= IFCPROPERTYSINGLEVALUE('IsReadOnlyReferenceObject',$,IFCBOOLEAN(.F.),$);
#31= IFCPROPERTYSINGLEVALUE('IsReferenceObject',$,IFCBOOLEAN(.F.),$);
#32= IFCPROPERTYSINGLEVALUE('IsReferenceStale',$,IFCBOOLEAN(.F.),$);
#33= IFCPROPERTYSINGLEVALUE('IsReferenceSubObject',$,IFCBOOLEAN(.F.),$);
#34= IFCPROPERTYSINGLEVALUE('IsReferenceValid',$,IFCBOOLEAN(.F.),$);
#35= IFCPROPERTYSINGLEVALUE('IsUsed',$,IFCBOOLEAN(.F.),$);
#36= IFCPROPERTYSINGLEVALUE('Name',$,IFCLABEL('Site 1'),$);
#37= IFCPROPERTYSINGLEVALUE('ShowToolTip',$,IFCBOOLEAN(.T.),$);
#38= IFCPROPERTYSINGLEVALUE('StyleName',$,IFCLABEL('V_L\X2\00F4\X0\ \X2\0111\X0\\X2\1EA5\X0\t'),$);
#39= IFCPROPERTYSINGLEVALUE('CloneMeForDragging',$,IFCBOOLEAN(.T.),$);
#40= IFCPROPERTYSINGLEVALUE('ForceAnnoAllVisible',$,IFCBOOLEAN(.T.),$);
#41= IFCPROPERTYSINGLEVALUE('HasSaveVersionOverride',$,IFCBOOLEAN(.F.),$);
#42= IFCPROPERTYSINGLEVALUE('IsCancelling',$,IFCBOOLEAN(.F.),$);
#43= IFCPROPERTYSINGLEVALUE('IsErased',$,IFCBOOLEAN(.F.),$);
#44= IFCPROPERTYSINGLEVALUE('IsEraseStatusToggled',$,IFCBOOLEAN(.F.),$);
#45= IFCPROPERTYSINGLEVALUE('IsModified',$,IFCBOOLEAN(.F.),$);
#46= IFCPROPERTYSINGLEVALUE('IsModifiedGraphics',$,IFCBOOLEAN(.F.),$);
#47= IFCPROPERTYSINGLEVALUE('IsModifiedXData',$,IFCBOOLEAN(.F.),$);
#48= IFCPROPERTYSINGLEVALUE('IsNewObject',$,IFCBOOLEAN(.F.),$);
#49= IFCPROPERTYSINGLEVALUE('IsNotifyEnabled',$,IFCBOOLEAN(.F.),$);
#50= IFCPROPERTYSINGLEVALUE('IsNotifying',$,IFCBOOLEAN(.F.),$);
#51= IFCPROPERTYSINGLEVALUE('IsObjectIdsInFlux',$,IFCBOOLEAN(.F.),$);
#52= IFCPROPERTYSINGLEVALUE('IsPersistent',$,IFCBOOLEAN(.T.),$);
#53= IFCPROPERTYSINGLEVALUE('IsReadEnabled',$,IFCBOOLEAN(.T.),$);
#54= IFCPROPERTYSINGLEVALUE('IsReallyClosing',$,IFCBOOLEAN(.F.),$);
#55= IFCPROPERTYSINGLEVALUE('IsTransactionResident',$,IFCBOOLEAN(.T.),$);
#56= IFCPROPERTYSINGLEVALUE('IsUndoing',$,IFCBOOLEAN(.F.),$);
#57= IFCPROPERTYSINGLEVALUE('IsWriteEnabled',$,IFCBOOLEAN(.T.),$);
#58= IFCPROPERTYSINGLEVALUE('Bounds',$,IFCLABEL('((0,0,0),(0,0,0))'),$);
#59= IFCPROPERTYSINGLEVALUE('AutoDelete',$,IFCBOOLEAN(.F.),$);
#60= IFCPROPERTYSINGLEVALUE('IsDisposed',$,IFCBOOLEAN(.F.),$);
#61= IFCPROPERTYSET('3sKfQ6TjI8rdua9XFT$_0r',$,'Properties',$,(#24,#25,#26,#27,#28,#29,#30,#31,#32,#33,#34,#35,#36,#37,#38,#39,#40,#41,#42,#43,#44,#45,#46,#47,#48,#49,#50,#51,#52,#53,#54,#55,#56,#57,#58,#59,#60));
#62= IFCRELDEFINESBYPROPERTIES('2kcYIeUMOOtfbyQPZGUkIr',$,$,$,(#23),#61);
#63= IFCPROPERTYSINGLEVALUE('IsHighlighting',$,IFCBOOLEAN(.F.),$);
#64= IFCPROPERTYSINGLEVALUE('NeedsPromoting',$,IFCBOOLEAN(.F.),$);
#65= IFCPROPERTYSINGLEVALUE('SupportsBaseCurveCommands',$,IFCBOOLEAN(.F.),$);
#66= IFCPROPERTYSINGLEVALUE('SupportsProfileCommands',$,IFCBOOLEAN(.F.),$);
#67= IFCPROPERTYSINGLEVALUE('SwappingReferences',$,IFCBOOLEAN(.F.),$);
#68= IFCPROPERTYSINGLEVALUE('TypeIcon',$,IFCLABEL('(Icon)'),$);
#69= IFCPROPERTYSET('0oJptaa0MvZ2kDTLUREt1C',$,'Miscellaneous',$,(#63,#64,#65,#66,#67,#68));
#70= IFCRELDEFINESBYPROPERTIES('138Hol6gn6N0mL7ggP8F$f',$,$,$,(#23),#69);
#71= IFCPROPERTYSINGLEVALUE('LayerKey',$,IFCLABEL(''),$);
#72= IFCPROPERTYSINGLEVALUE('ColorIndex',$,IFCINTEGER(256),$);
#73= IFCPROPERTYSINGLEVALUE('Layer',$,IFCLABEL('0'),$);
#74= IFCPROPERTYSINGLEVALUE('Linetype',$,IFCLABEL('ByLayer'),$);
#75= IFCPROPERTYSINGLEVALUE('LinetypeScale',$,IFCREAL(1.0),$);
#76= IFCPROPERTYSINGLEVALUE('PlotStyleName',$,IFCLABEL('ByLayer'),$);
#77= IFCPROPERTYSINGLEVALUE('Visible',$,IFCBOOLEAN(.T.),$);
#78= IFCPROPERTYSET('19sHsO0cbyVi9eXbow7x5g',$,'General',$,(#71,#72,#73,#74,#75,#76,#77));
#79= IFCRELDEFINESBYPROPERTIES('11Sfzo_QRupFh7FgXJIAIZ',$,$,$,(#23),#78);
#80= IFCPROPERTYSINGLEVALUE('Closed',$,IFCBOOLEAN(.F.),$);
#81= IFCPROPERTYSINGLEVALUE('IsPeriodic',$,IFCBOOLEAN(.F.),$);
#82= IFCPROPERTYSINGLEVALUE('IsPlanar',$,IFCBOOLEAN(.F.),$);
#83= IFCPROPERTYSET('3zw9RFLRasctbcSI1PlCNh',$,'Geometry',$,(#80,#81,#82));
#84= IFCRELDEFINESBYPROPERTIES('3VWB9CuIdxnNrtwshbRWbw',$,$,$,(#23),#83);
#85= IFCPROPERTYSINGLEVALUE('BlockName',$,IFCLABEL('*Model_Space'),$);
#86= IFCPROPERTYSINGLEVALUE('ClassID',$,IFCLABEL('e932013f-0089-4186-8df9-3d5372b7dc57'),$);
#87= IFCPROPERTYSINGLEVALUE('HasFields',$,IFCBOOLEAN(.F.),$);
#88= IFCPROPERTYSINGLEVALUE('IsAProxy',$,IFCBOOLEAN(.F.),$);
#89= IFCPROPERTYSET('26xZ4S47V974rO_iH9kWYg',$,'Misc',$,(#85,#86,#87,#88));
#90= IFCRELDEFINESBYPROPERTIES('0uR4M4fXg$42iPfyAzgu1X',$,$,$,(#23),#89);
#91= IFCPROPERTYSINGLEVALUE('CastShadows',$,IFCBOOLEAN(.T.),$);
#92= IFCPROPERTYSINGLEVALUE('Material',$,IFCLABEL('ByLayer'),$);
#93= IFCPROPERTYSINGLEVALUE('ReceiveShadows',$,IFCBOOLEAN(.T.),$);
#94= IFCPROPERTYSET('3Dn1p7Wme7zgtacbDtyqXo',$,'3D Visualization',$,(#91,#92,#93));
#95= IFCRELDEFINESBYPROPERTIES('2DdCQS5xf3equJor2CULED',$,$,$,(#23),#94);
#96= IFCSITE('1UBUl3Lhv1dBHgZGnNOn8A',$,'Survey Site',$,$,#5,$,$,$,$,$,$,$,$);
#97= IFCPROPERTYSINGLEVALUE('Name',$,IFCLABEL('Survey Site'),$);
#98= IFCPROPERTYSET('19vKWgapV9fyOvQDOr0GA_',$,'Properties',$,(#24,#25,#26,#27,#28,#29,#30,#31,#32,#33,#34,#35,#37,#38,#39,#40,#41,#42,#43,#44,#45,#46,#47,#48,#49,#50,#51,#52,#53,#54,#55,#56,#57,#58,#59,#60,#97));
#99= IFCRELDEFINESBYPROPERTIES('2oY6yH_UnknrmimLzEAw0Q',$,$,$,(#96),#98);
#100= IFCPROPERTYSET('35smCGD2autQ0hWDY__BWN',$,'Miscellaneous',$,(#63,#64,#65,#66,#67,#68));
#101= IFCRELDEFINESBYPROPERTIES('3qfSlp$SziMyiyHOCTHe6U',$,$,$,(#96),#100);
#102= IFCPROPERTYSET('2WU_4lnFrwaYRK8PV1leqL',$,'General',$,(#71,#72,#73,#74,#75,#76,#77));
#103= IFCRELDEFINESBYPROPERTIES('2MV8JIlGjhDTRnenBXRiZj',$,$,$,(#96),#102);
#104= IFCPROPERTYSET('2Ww$JDgS9lQ$SxouopBdJm',$,'Geometry',$,(#80,#81,#82));
#105= IFCRELDEFINESBYPROPERTIES('3nUzsMnbecgvB6IOesOUD$',$,$,$,(#96),#104);
#106= IFCPROPERTYSET('1ZEWMCUu9J7Bl$$GESK9yE',$,'Misc',$,(#85,#86,#87,#88));
#107= IFCRELDEFINESBYPROPERTIES('1pe$RMFOVSRepJKidKvAcA',$,$,$,(#96),#106);
#108= IFCPROPERTYSET('3nVo9saJInN6iK_Gt0jQO2',$,'3D Visualization',$,(#91,#92,#93));
#109= IFCRELDEFINESBYPROPERTIES('0Dr1FohwXiRSpa5BTavOQz',$,$,$,(#96),#108);
#110= IFCGEOMETRICREPRESENTATIONCONTEXT('3D','Model',3,0.0001,#112,#113);
#111= IFCCARTESIANPOINT((0.0,0.0,0.0));
#112= IFCAXIS2PLACEMENT3D(#111,$,$);
#113= IFCDIRECTION((0.0,1.0));
#114= IFCGEOMETRICREPRESENTATIONSUBCONTEXT('Body','Model',*,*,*,*,#110,$,.MODEL_VIEW.,$);
#115= IFCCARTESIANPOINTLIST3D(((-12.388123,9.810053,0.867004),(-11.549963,10.773734,0.015623),(6.470217,-6.601909,0.394948),(7.598107,-5.305108,-0.750732),(11.264006,-10.773829,0.274951),(12.388123,-9.481366,-0.866896)),$);
#116= IFCTRIANGULATEDFACESET(#115,$,$,((1,2,3),(3,2,4),(3,4,5),(5,4,6)),$);
#117= IFCSHAPEREPRESENTATION(#114,'Body','Tessellation',(#116));
#118= IFCPRODUCTDEFINITIONSHAPE($,$,(#117));
#119= IFCCARTESIANPOINT((109.557219,254.285506,371.483644));
#120= IFCAXIS2PLACEMENT3D(#119,$,$);
#121= IFCLOCALPLACEMENT(#5,#120);
#122= IFCBUILTELEMENT('1PqqmR0HX5Ig8iPkGjicXY',$,'Taluy',$,$,#121,#118,'5CFB5');
#123= IFCRELCONTAINEDINSPATIALSTRUCTURE('1xgCk5pMuNcYcL8GFB1sbK',$,'Site','Site Container for Elements',(#122,#180,#208,#240,#266,#298,#324,#367,#403,#444,#479,#506,#540,#566,#601,#633,#659,#695,#729,#763,#791,#817,#851,#877,#909,#941,#967,#1005,#1039,#1077,#1109,#1135,#1169,#1195,#1227,#1259,#1285,#1321,#1347,#1381,#1407,#1441),#6);
#124= IFCCOLOURRGB('170,20,20',0.666666666666667,0.0784313725490196,0.0784313725490196);
#125= IFCSURFACESTYLESHADING(#124,$);
#126= IFCSURFACESTYLE($,.BOTH.,(#125));
#127= IFCPRESENTATIONLAYERWITHSTYLE('Taluy',$,(#116,#174,#202,#234,#260,#292,#318,#361,#397,#438,#473,#500,#534,#560,#595,#627,#653,#689,#723,#757,#785,#811,#845,#871,#903,#935,#961,#999,#1033,#1071,#1103,#1129,#1163,#1189,#1221,#1253,#1279,#1315,#1341,#1375,#1401,#1435),$,.U.,.U.,.U.,(#126));
#128= IFCSTYLEDITEM(#116,(#126),'Taluy');
#129= IFCPROPERTYSINGLEVALUE('IsNull',$,IFCBOOLEAN(.F.),$);
#130= IFCPROPERTYSINGLEVALUE('NumChanges',$,IFCINTEGER(1),$);
#131= IFCPROPERTYSINGLEVALUE('ClassID',$,IFCLABEL('a772c2c9-723b-48e9-8fd4-df969aed42af'),$);
#132= IFCPROPERTYSET('3IKOes9o5i$R6nRR7YGeRU',$,'Misc',$,(#85,#87,#88,#129,#130,#131));
#133= IFCRELDEFINESBYPROPERTIES('0sI4usQq3wcNHhlo6_fB2G',$,$,$,(#122),#132);
#134= IFCPROPERTYSINGLEVALUE('UsesGraphicsCache',$,IFCBOOLEAN(.T.),$);
#135= IFCPROPERTYSINGLEVALUE('Bounds',$,IFCLABEL('((505147.16855381784,1707789.5114870525,370.6163252257457),(505171.9458833065,1707811.0595252009,372.35096238964235))'),$);
#136= IFCPROPERTYSET('2oTyL1VJHlrmIjRQO3CL$Y',$,'Properties',$,(#39,#40,#41,#42,#43,#44,#45,#46,#47,#48,#49,#50,#51,#52,#53,#54,#55,#56,#57,#59,#60,#134,#135));
#137= IFCRELDEFINESBYPROPERTIES('3fFS78KPmkQx1PJyHFonPH',$,$,$,(#122),#136);
#138= IFCPROPERTYSET('0k02qopmSoCn3S8fgFiA31',$,'3D Visualization',$,(#91,#92,#93));
#139= IFCRELDEFINESBYPROPERTIES('0BvUJKLXAU4_Tso5BMxk5x',$,$,$,(#122),#138);
#140= IFCPROPERTYSINGLEVALUE('Layer',$,IFCLABEL('Taluy'),$);
#141= IFCPROPERTYSET('3_SZBFU4ZDkYKoSS4rwJ53',$,'General',$,(#72,#74,#75,#76,#77,#140));
#142= IFCRELDEFINESBYPROPERTIES('2NC8XP0BwM_HUIlUQrxIXE',$,$,$,(#122),#141);
#143= IFCPROPERTYSET('1BtkRCsHmMsvqQlesEKmpo',$,'Geometry',$,(#82));
#144= IFCRELDEFINESBYPROPERTIES('24S4UDO7G0zjH6aXA_m5vl',$,$,$,(#122),#143);
#145= IFCPROPERTYSINGLEVALUE('CorridorHandle',$,IFCLABEL('5D353'),$);
#146= IFCPROPERTYSINGLEVALUE('HorizontalBaselineHandle',$,IFCLABEL('5C6B2'),$);
#147= IFCPROPERTYSINGLEVALUE('VerticalBaselineHandle',$,IFCLABEL('5CEE9'),$);
#148= IFCPROPERTYSINGLEVALUE('AssemblyHandle',$,IFCLABEL('5D026'),$);
#149= IFCPROPERTYSINGLEVALUE('SubassemblyHandle',$,IFCLABEL('5FC3D'),$);
#150= IFCPROPERTYSINGLEVALUE('SubassemblyName',$,IFCLABEL('Taluy'),$);
#151= IFCPROPERTYSINGLEVALUE('BaselineGuid',$,IFCLABEL('{A4B84F2A-96FF-47C6-AD33-8B1328D3A898}'),$);
#152= IFCPROPERTYSINGLEVALUE('RegionGuid',$,IFCLABEL('{9D91D144-B80C-4121-9ED0-D0833D9140EF}'),$);
#153= IFCPROPERTYSINGLEVALUE('OffsetBaselineGuid',$,IFCLABEL('{00000000-0000-0000-0000-000000000000}'),$);
#154= IFCPROPERTYSINGLEVALUE('StartStation',$,IFCLABEL('0+000.00m'),$);
#155= IFCPROPERTYSINGLEVALUE('EndStation',$,IFCLABEL('0+031.35m'),$);
#156= IFCPROPERTYSINGLEVALUE('ShapeIndex',$,IFCLABEL('0'),$);
#157= IFCPROPERTYSET('3ptRWhOayZJjUknJdEcP8e',$,'Corridor Identity',$,(#145,#146,#147,#148,#149,#150,#151,#152,#153,#154,#155,#156));
#158= IFCRELDEFINESBYPROPERTIES('2nHt1r3I3KboM2FTl4zv$a',$,$,$,(#122),#157);
#159= IFCPROPERTYSINGLEVALUE('CorridorName',$,IFCLABEL('B\X2\0110\X0\-T4'),$);
#160= IFCPROPERTYSINGLEVALUE('BaselineName',$,IFCLABEL('BL - T4 - (64)'),$);
#161= IFCPROPERTYSINGLEVALUE('HorizontalBaseline',$,IFCLABEL('Tuyen_T4'),$);
#162= IFCPROPERTYSINGLEVALUE('VerticalBaseline',$,IFCLABEL('Layout (20)'),$);
#163= IFCPROPERTYSINGLEVALUE('RegionName',$,IFCLABEL('RG - 5m - (18)'),$);
#164= IFCPROPERTYSET('38L5tPSdC4is3LprO1I9xN',$,'Corridor Model Information',$,(#159,#160,#161,#162,#163));
#165= IFCRELDEFINESBYPROPERTIES('2T$2DVEs8KSbMtQGWzyGlM',$,$,$,(#122),#164);
#166= IFCPROPERTYSINGLEVALUE('CodeName',$,IFCLABEL('Top, Top.Taluy, Datum, Datum.KCAD'),$);
#167= IFCPROPERTYSINGLEVALUE('Side',$,IFCLABEL('Left'),$);
#168= IFCPROPERTYSINGLEVALUE('AssemblyName',$,IFCLABEL('5m'),$);
#169= IFCPROPERTYSINGLEVALUE('AssemblyStartStation',$,IFCLABEL('0+000.00m'),$);
#170= IFCPROPERTYSINGLEVALUE('AssemblyEndStation',$,IFCLABEL('0+031.35m'),$);
#171= IFCPROPERTYSET('3Uhs779zVnGtFwtFHE9h8c',$,'Corridor Shape Information',$,(#166,#167,#168,#169,#170));
#172= IFCRELDEFINESBYPROPERTIES('3SbfnOFqJISgWISnBoqBb0',$,$,$,(#122),#171);
#173= IFCCARTESIANPOINTLIST3D(((-11.230437,11.268313,1.159901),(-12.421529,9.90051,-0.049352),(7.627903,-5.143648,0.687846),(5.810883,-7.230242,-1.156878),(10.721228,-11.268314,-1.158542),(12.421692,-9.315568,0.567849)),$);
#174= IFCTRIANGULATEDFACESET(#173,$,$,((1,2,3),(3,2,4),(4,5,3),(3,5,6)),$);
#175= IFCSHAPEREPRESENTATION(#114,'Body','Tessellation',(#174));
#176= IFCPRODUCTDEFINITIONSHAPE($,$,(#175));
#177= IFCCARTESIANPOINT((94.941599,237.363287,371.189919));
#178= IFCAXIS2PLACEMENT3D(#177,$,$);
#179= IFCLOCALPLACEMENT(#5,#178);
#180= IFCBUILTELEMENT('27AXQ9DwbCov7bEQ7vVRV9',$,'Taluy',$,$,#179,#176,'5CFBD');
#181= IFCSTYLEDITEM(#174,(#126),'Taluy');
#182= IFCPROPERTYSET('2paINjiIYE0PLW5ArN1bXb',$,'Misc',$,(#85,#87,#88,#129,#130,#131));
#183= IFCRELDEFINESBYPROPERTIES('0dvjXIkgRLBR3uWiicw6Hq',$,$,$,(#180),#182);
#184= IFCPROPERTYSINGLEVALUE('Bounds',$,IFCLABEL('((505132.51972421946,1707772.0942187095,370.02964361746837),(505157.36347347323,1707794.6323548774,372.3501946299337))'),$);
#185= IFCPROPERTYSET('1OCD_9fQF9vlZSDKv6sc7R',$,'Properties',$,(#39,#40,#41,#42,#43,#44,#45,#46,#47,#48,#49,#50,#51,#52,#53,#54,#55,#56,#57,#59,#60,#134,#184));
#186= IFCRELDEFINESBYPROPERTIES('0k0XNR2zgOnfZgDUq04BVp',$,$,$,(#180),#185);
#187= IFCPROPERTYSET('12HJqS0s_auTIttlv$0ZfB',$,'3D Visualization',$,(#91,#92,#93));
#188= IFCRELDEFINESBYPROPERTIES('1QFQ0WjOBNOr0QSkeEZeEt',$,$,$,(#180),#187);
#189= IFCPROPERTYSET('0q1_Xg3Too$u6Y9Ql1kFD4',$,'General',$,(#72,#74,#75,#76,#77,#140));
#190= IFCRELDEFINESBYPROPERTIES('0En4B3197W$IGmpUa4odd9',$,$,$,(#180),#189);
#191= IFCPROPERTYSET('0hYeMQz1Ki_1VU9Wm00eNc',$,'Geometry',$,(#82));
#192= IFCRELDEFINESBYPROPERTIES('3Y0zLerE3woDEsRM4zFayN',$,$,$,(#180),#191);
#193= IFCPROPERTYSINGLEVALUE('SubassemblyHandle',$,IFCLABEL('5FC3E'),$);
#194= IFCPROPERTYSET('2NognuSNaKrSY2jJeTH07O',$,'Corridor Identity',$,(#145,#146,#147,#148,#150,#151,#152,#153,#154,#155,#156,#193));
#195= IFCRELDEFINESBYPROPERTIES('1BRujJQHYfc556Whe0zAOA',$,$,$,(#180),#194);
#196= IFCPROPERTYSET('2F53NUovOZ8w6jrBaUH2x0',$,'Corridor Model Information',$,(#159,#160,#161,#162,#163));
#197= IFCRELDEFINESBYPROPERTIES('0yyhCVpmvzoV_mLpJ5iSMz',$,$,$,(#180),#196);
#198= IFCPROPERTYSINGLEVALUE('Side',$,IFCLABEL('Right'),$);
#199= IFCPROPERTYSET('04RgYtRxpm_ngd912ph5ho',$,'Corridor Shape Information',$,(#166,#168,#169,#170,#198));
#200= IFCRELDEFINESBYPROPERTIES('3dqqUaEhWEnOfRIqvNOceb',$,$,$,(#180),#199);
#201= IFCCARTESIANPOINTLIST3D(((-4.256293,2.731072,0.563226),(-3.261435,3.874917,-0.447323),(3.334361,-3.874893,0.373219),(4.256293,-2.814895,-0.563253)),$);
#202= IFCTRIANGULATEDFACESET(#201,$,$,((1,2,3),(3,2,4)),$);
#203= IFCSHAPEREPRESENTATION(#114,'Body','Tessellation',(#202));
#204= IFCPRODUCTDEFINITIONSHAPE($,$,(#203));
#205= IFCCARTESIANPOINT((160.573783,209.889056,370.306839));
#206= IFCAXIS2PLACEMENT3D(#205,$,$);
#207= IFCLOCALPLACEMENT(#5,#206);
#208= IFCBUILTELEMENT('0yFMIdjIPAteiUNMtKGOED',$,'Taluy',$,$,#207,#204,'5CFC5');
#209= IFCSTYLEDITEM(#202,(#126),'Taluy');
#210= IFCPROPERTYSET('1ofJvsKBPABpnHZ7XJ58uw',$,'Misc',$,(#85,#87,#88,#129,#130,#131));
#211= IFCRELDEFINESBYPROPERTIES('3n01LSRIAmkrvz6ETVdCeH',$,$,$,(#208),#210);
#212= IFCPROPERTYSINGLEVALUE('Bounds',$,IFCLABEL('((505206.31713705923,1707752.0141020345,369.74323915938277),(505214.83042811963,1707759.7640095653,370.8704385389231))'),$);
#213= IFCPROPERTYSET('2Rropk9_TN$tlvbtl3LOBO',$,'Properties',$,(#39,#40,#41,#42,#43,#44,#45,#46,#47,#48,#49,#50,#51,#52,#53,#54,#55,#56,#57,#59,#60,#134,#212));
#214= IFCRELDEFINESBYPROPERTIES('3gmNIEF2al_wFDWJK93lYN',$,$,$,(#208),#213);
#215= IFCPROPERTYSET('1bkuaG7S9I4hYDUJV2A7Zr',$,'3D Visualization',$,(#91,#92,#93));
#216= IFCRELDEFINESBYPROPERTIES('1wQJ8hovkTBfYd$v6i$1Rw',$,$,$,(#208),#215);
#217= IFCPROPERTYSET('2p9_xKe9JzbEoqEtQ_RIv6',$,'General',$,(#72,#74,#75,#76,#77,#140));
#218= IFCRELDEFINESBYPROPERTIES('2lmoiPNHI_Fs$3wwlDfynw',$,$,$,(#208),#217);
#219= IFCPROPERTYSET('3_wjPMjY3opSUmdXQLsYEg',$,'Geometry',$,(#82));
#220= IFCRELDEFINESBYPROPERTIES('0B1hB5_TAxsPfcIec8LDzP',$,$,$,(#208),#219);
#221= IFCPROPERTYSINGLEVALUE('RegionGuid',$,IFCLABEL('{C54D1549-1019-440A-9E04-27448B49F864}'),$);
#222= IFCPROPERTYSINGLEVALUE('StartStation',$,IFCLABEL('0+078.41m'),$);
#223= IFCPROPERTYSINGLEVALUE('EndStation',$,IFCLABEL('0+088.47m'),$);
#224= IFCPROPERTYSET('0dw0_7XES$3dW_luT9r0uQ',$,'Corridor Identity',$,(#145,#146,#147,#148,#149,#150,#151,#153,#156,#221,#222,#223));
#225= IFCRELDEFINESBYPROPERTIES('2YdJAHmcKbHJ3PtJYuyPuP',$,$,$,(#208),#224);
#226= IFCPROPERTYSINGLEVALUE('RegionName',$,IFCLABEL('RG - 5m - (18) [Copy] (3)'),$);
#227= IFCPROPERTYSET('2pG_ewJFED6x4Z$EA8WvHK',$,'Corridor Model Information',$,(#159,#160,#161,#162,#226));
#228= IFCRELDEFINESBYPROPERTIES('1KyVIAuI1ikYW52lOyPjOC',$,$,$,(#208),#227);
#229= IFCPROPERTYSINGLEVALUE('AssemblyStartStation',$,IFCLABEL('0+078.41m'),$);
#230= IFCPROPERTYSINGLEVALUE('AssemblyEndStation',$,IFCLABEL('0+088.47m'),$);
#231= IFCPROPERTYSET('1YUxpX6wx2OO6NTZ6ZyN2N',$,'Corridor Shape Information',$,(#166,#167,#168,#229,#230));
#232= IFCRELDEFINESBYPROPERTIES('0E8ONtajWOxp113GLFsBtj',$,$,$,(#208),#231);
#233= IFCCARTESIANPOINTLIST3D(((-3.227019,3.96361,0.679056),(-4.36363,2.65837,-0.474886),(4.363635,-2.642355,0.489049),(3.213077,-3.96361,-0.679051)),$);
#234= IFCTRIANGULATEDFACESET(#233,$,$,((1,2,3),(3,2,4)),$);
#235= IFCSHAPEREPRESENTATION(#114,'Body','Tessellation',(#234));
#236= IFCPRODUCTDEFINITIONSHAPE($,$,(#235));
#237= IFCCARTESIANPOINT((146.086576,193.192559,370.190182));
#238= IFCAXIS2PLACEMENT3D(#237,$,$);
#239= IFCLOCALPLACEMENT(#5,#238);
#240= IFCBUILTELEMENT('1_Oc69eHTEqxl75i0PyXIp',$,'Taluy',$,$,#239,#236,'5CFCD');
#241= IFCSTYLEDITEM(#234,(#126),'Taluy');
#242= IFCPROPERTYSET('0ekTSSIzTUe_xeqW2fHKKn',$,'Misc',$,(#85,#87,#88,#129,#130,#131));
#243= IFCRELDEFINESBYPROPERTIES('1ZrT_BRWFb1PCbw8l2weux',$,$,$,(#240),#242);
#244= IFCPROPERTYSINGLEVALUE('Bounds',$,IFCLABEL('((505191.72288217273,1707735.2285065756,369.51076911589286),(505200.4502690427,1707743.1566116423,370.8695947850054))'),$);
#245= IFCPROPERTYSET('0o_8kvZ4$f4$qzOmrUwiXI',$,'Properties',$,(#39,#40,#41,#42,#43,#44,#45,#46,#47,#48,#49,#50,#51,#52,#53,#54,#55,#56,#57,#59,#60,#134,#244));
#246= IFCRELDEFINESBYPROPERTIES('0oAmx1UXPGRVBVr1IHU7bu',$,$,$,(#240),#245);
#247= IFCPROPERTYSET('1epB46ygqlZ9EJn5uhFzG9',$,'3D Visualization',$,(#91,#92,#93));
#248= IFCRELDEFINESBYPROPERTIES('1QNYywajQ$MSMTs77ySWjD',$,$,$,(#240),#247);
#249= IFCPROPERTYSET('1MTIwUdFth0q0oGT5Q00Oy',$,'General',$,(#72,#74,#75,#76,#77,#140));
#250= IFCRELDEFINESBYPROPERTIES('14AZSFQ$7uMZ1PSjUVKQB3',$,$,$,(#240),#249);
#251= IFCPROPERTYSET('3W$Q9yVVrOwvzeArE2_oJM',$,'Geometry',$,(#82));
#252= IFCRELDEFINESBYPROPERTIES('3UcrIUn4gue_HRbzX72eIi',$,$,$,(#240),#251);
#253= IFCPROPERTYSET('2ez80NZP3CuwyqvsI_WD3w',$,'Corridor Identity',$,(#145,#146,#147,#148,#150,#151,#153,#156,#193,#221,#222,#223));
#254= IFCRELDEFINESBYPROPERTIES('1UBzo1gFjtQfmGST8WMlEn',$,$,$,(#240),#253);
#255= IFCPROPERTYSET('3Z0hReig5Rg2Bs4$LV8F2Y',$,'Corridor Model Information',$,(#159,#160,#161,#162,#226));
#256= IFCRELDEFINESBYPROPERTIES('3aX$a68rjztijvdzgqIoNv',$,$,$,(#240),#255);
#257= IFCPROPERTYSET('3lDVhmT1IoGQxB_hJ0heuw',$,'Corridor Shape Information',$,(#166,#168,#198,#229,#230));
#258= IFCRELDEFINESBYPROPERTIES('0_EPKi6SXVObY54Rfl$g_Q',$,$,$,(#240),#257);
#259= IFCCARTESIANPOINTLIST3D(((-4.798248,4.721739,-0.196885),(5.263543,-4.387396,-0.275814),(-5.263543,4.186763,0.275748),(4.972799,-4.721681,0.019516)),$);
#260= IFCTRIANGULATEDFACESET(#259,$,$,((1,2,3),(3,2,4)),$);
#261= IFCSHAPEREPRESENTATION(#114,'Body','Tessellation',(#260));
#262= IFCPRODUCTDEFINITIONSHAPE($,$,(#261));
#263= IFCCARTESIANPOINT((204.667953,170.935851,369.515779));
#264= IFCAXIS2PLACEMENT3D(#263,$,$);
#265= IFCLOCALPLACEMENT(#5,#264);
#266= IFCBUILTELEMENT('0btlTj3an83Bk9mte_$m6O',$,'Taluy',$,$,#265,#262,'5CFD5');
#267= IFCSTYLEDITEM(#260,(#126),'Taluy');
#268= IFCPROPERTYSET('0UNcK1KAyqffIfF_nCQn$P',$,'Misc',$,(#85,#87,#88,#129,#130,#131));
#269= IFCRELDEFINESBYPROPERTIES('2eNcw3oEL5LZ816fVPFTxE',$,$,$,(#266),#268);
#270= IFCPROPERTYSINGLEVALUE('Bounds',$,IFCLABEL('((505249.4042376802,1707712.2140876914,369.2398557121591),(505259.9316675537,1707721.6576140744,369.7917022595969))'),$);
#271= IFCPROPERTYSET('0JW9Ai4127TnZ3u8aksbpS',$,'Properties',$,(#39,#40,#41,#42,#43,#44,#45,#46,#47,#48,#49,#50,#51,#52,#53,#54,#55,#56,#57,#59,#60,#134,#270));
#272= IFCRELDEFINESBYPROPERTIES('1a8VcjlOmuOKu_G0RI2HSG',$,$,$,(#266),#271);
#273= IFCPROPERTYSET('1j5KatbvOejWhEwRXE7bIR',$,'3D Visualization',$,(#91,#92,#93));
#274= IFCRELDEFINESBYPROPERTIES('2RAQEH0i9n$1uFXd$9YbRw',$,$,$,(#266),#273);
#275= IFCPROPERTYSET('3b309bc6KzJViCf1is5ean',$,'General',$,(#72,#74,#75,#76,#77,#140));
#276= IFCRELDEFINESBYPROPERTIES('3jNRkxvBsJKSuz0pSaStaN',$,$,$,(#266),#275);
#277= IFCPROPERTYSET('3pDl_5TfjOpK5o6HOXs_Lk',$,'Geometry',$,(#82));
#278= IFCRELDEFINESBYPROPERTIES('0llSyRIleemCDzeY_kgN8O',$,$,$,(#266),#277);
#279= IFCPROPERTYSINGLEVALUE('RegionGuid',$,IFCLABEL('{DB416803-633D-421E-A20E-55197E1747D4}'),$);
#280= IFCPROPERTYSINGLEVALUE('StartStation',$,IFCLABEL('0+135.53m'),$);
#281= IFCPROPERTYSINGLEVALUE('EndStation',$,IFCLABEL('0+149.10m'),$);
#282= IFCPROPERTYSET('3y1iBZ_qXC9LsP3O7kAkYy',$,'Corridor Identity',$,(#145,#146,#147,#148,#149,#150,#151,#153,#156,#279,#280,#281));
#283= IFCRELDEFINESBYPROPERTIES('3oefz5ICobnessM3Y79aHS',$,$,$,(#266),#282);
#284= IFCPROPERTYSINGLEVALUE('RegionName',$,IFCLABEL('RG - 5m - (18) [Copy] (1)'),$);
#285= IFCPROPERTYSET('0OCaApRdTVu2PY5WgKEliZ',$,'Corridor Model Information',$,(#159,#160,#161,#162,#284));
#286= IFCRELDEFINESBYPROPERTIES('1CCN9UoHa_1IU02bpomfb8',$,$,$,(#266),#285);
#287= IFCPROPERTYSINGLEVALUE('AssemblyStartStation',$,IFCLABEL('0+135.53m'),$);
#288= IFCPROPERTYSINGLEVALUE('AssemblyEndStation',$,IFCLABEL('0+149.10m'),$);
#289= IFCPROPERTYSET('2Y90rDc1Ys1Ic$4FvUeNwp',$,'Corridor Shape Information',$,(#166,#167,#168,#287,#288));
#290= IFCRELDEFINESBYPROPERTIES('3Wc8MmuLCJRUGt3PH8TOVI',$,$,$,(#266),#289);
#291= IFCCARTESIANPOINTLIST3D(((-5.462959,3.954906,-0.313349),(4.95348,-4.746721,-0.386739),(-4.773441,4.746721,0.386682),(5.462901,-4.161722,0.13045)),$);
#292= IFCTRIANGULATEDFACESET(#291,$,$,((1,2,3),(3,2,4)),$);
#293= IFCSHAPEREPRESENTATION(#114,'Body','Tessellation',(#292));
#294= IFCPRODUCTDEFINITIONSHAPE($,$,(#293));
#295= IFCCARTESIANPOINT((190.719917,154.911933,369.404018));
#296= IFCAXIS2PLACEMENT3D(#295,$,$);
#297= IFCLOCALPLACEMENT(#5,#296);
#298= IFCBUILTELEMENT('34o$0a7s1DW9avE_Q_tDP7',$,'Taluy',$,$,#297,#294,'5CFDD');
#299= IFCSTYLEDITEM(#292,(#126),'Taluy');
#300= IFCPROPERTYSET('10VM_SHuvhAhiWqtmh6UOv',$,'Misc',$,(#85,#87,#88,#129,#130,#131));
#301= IFCRELDEFINESBYPROPERTIES('1vgJa7USSpDHXALmBi5mtm',$,$,$,(#298),#300);
#302= IFCPROPERTYSINGLEVALUE('Bounds',$,IFCLABEL('((505235.2569361169,1707696.1649605494,369.0171191574561),(505246.1828971072,1707705.658905994,369.79091706543824))'),$);
#303= IFCPROPERTYSET('0RGl1hzt0M3MK8QPN75DtB',$,'Properties',$,(#39,#40,#41,#42,#43,#44,#45,#46,#47,#48,#49,#50,#51,#52,#53,#54,#55,#56,#57,#59,#60,#134,#302));
#304= IFCRELDEFINESBYPROPERTIES('3Vv8cw252_WuNs0dTAARBl',$,$,$,(#298),#303);
#305= IFCPROPERTYSET('0qLpxA_ucN8spm6z3462hq',$,'3D Visualization',$,(#91,#92,#93));
#306= IFCRELDEFINESBYPROPERTIES('1Sg9axIaVXyw_VXsr4llcY',$,$,$,(#298),#305);
#307= IFCPROPERTYSET('3UeJP7hwIG6gLdCsrnTBKy',$,'General',$,(#72,#74,#75,#76,#77,#140));
#308= IFCRELDEFINESBYPROPERTIES('1x$5_gybg$zURdhqVcN5YG',$,$,$,(#298),#307);
#309= IFCPROPERTYSET('2DzEFDgH3kc1MET2twhbPh',$,'Geometry',$,(#82));
#310= IFCRELDEFINESBYPROPERTIES('0HBdYvOLZNW7yBWMMrXXoH',$,$,$,(#298),#309);
#311= IFCPROPERTYSET('18BrpYEs5$2$$NBgJhHDfp',$,'Corridor Identity',$,(#145,#146,#147,#148,#150,#151,#153,#156,#193,#279,#280,#281));
#312= IFCRELDEFINESBYPROPERTIES('0cq4k$OKsewPxKt8ictfts',$,$,$,(#298),#311);
#313= IFCPROPERTYSET('2w2ck$0j37nWeldQWgcDe2',$,'Corridor Model Information',$,(#159,#160,#161,#162,#284));
#314= IFCRELDEFINESBYPROPERTIES('3LySfHkekb8ue1qpqi8pq5',$,$,$,(#298),#313);
#315= IFCPROPERTYSET('2weQ9DP$y$5IkjJQ9MJ6oy',$,'Corridor Shape Information',$,(#166,#168,#198,#287,#288));
#316= IFCRELDEFINESBYPROPERTIES('2MjEwmj6nRUjng8ehVnUE6',$,$,$,(#298),#315);
#317= IFCCARTESIANPOINTLIST3D(((-3.686918,1.246877,0.559019),(-3.956507,0.974774,0.561269),(-3.281238,0.544145,0.037357),(-2.841865,-0.12956,-0.485805),(-2.901474,0.375085,-0.224038),(-2.63966,0.084487,-0.485057),(-3.163289,0.665682,0.036981),(-3.425103,0.95628,0.298),(-3.366997,1.106196,0.430436),(-3.177983,1.110813,0.432363),(-2.919011,1.280264,0.569418),(-2.98897,1.11543,0.434289),(-2.680901,0.959831,0.303014),(-2.866952,0.958943,0.301761),(-2.744934,0.802457,0.169232),(-2.928021,0.805298,0.168651),(-2.80304,0.652541,0.036796),(-2.983164,0.659111,0.036888),(-2.85522,0.510083,-0.094294),(-3.111109,0.80814,0.168071),(-3.239053,0.957168,0.299253),(-2.599332,0.212027,-0.356659),(-2.727276,0.361055,-0.225477),(-2.678059,0.499783,-0.09506),(-2.622916,0.64597,0.036703),(-2.442791,0.639399,0.036611),(-2.428097,0.194268,-0.358771),(-1.966572,-0.001466,-0.496196),(-2.256862,0.176509,-0.360882),(-2.204681,0.318966,-0.229792),(-2.37888,0.332996,-0.228354),(-2.500898,0.489483,-0.095825),(-2.553078,0.347025,-0.226915),(-3.053002,0.958056,0.300507),(-2.916731,1.280363,0.569445),(-2.441734,0.639359,0.03661),(-2.678704,0.959841,0.303027),(-2.440676,0.639319,0.036609),(-2.202649,0.318797,-0.22981),(-1.964622,-0.001725,-0.496228),(-2.914451,1.280462,0.569473),(-2.43962,0.639279,0.036607),(-2.676507,0.959851,0.303039),(-2.438563,0.639239,0.036606),(-2.200618,0.318628,-0.229827),(-1.962674,-0.001984,-0.496261),(-2.557689,1.295973,0.573506),(-2.62058,1.124419,0.437707),(-2.505091,0.960619,0.303925),(-2.389601,0.79682,0.170143),(-2.333674,0.961388,0.304811),(-2.109659,0.626803,0.036115),(-2.274111,0.633021,0.036361),(-2.158621,0.469222,-0.097422),(-2.043131,0.305423,-0.231204),(-1.661629,-0.042367,-0.501276),(-1.885644,0.292218,-0.23258),(-2.288863,1.132741,0.439944),(-2.132044,1.136802,0.440729),(-1.913619,1.323977,0.578304),(-1.975225,1.140862,0.441515),(-1.818406,1.144923,0.4423),(-1.875813,0.964748,0.305925),(-1.723192,0.965868,0.306296),(-1.776401,0.788634,0.170335),(-1.627979,0.786814,0.170292),(-1.676989,0.61252,0.034745),(-1.532765,0.607759,0.034288),(-1.577577,0.436406,-0.100845),(-1.437552,0.428705,-0.101716),(-1.478165,0.260292,-0.236435),(-1.342338,0.24965,-0.23772),(-1.378753,0.084178,-0.372025),(-1.510381,0.097761,-0.370326),(-1.151912,-0.108459,-0.509728),(-1.642009,0.111343,-0.368627),(-1.749818,0.281576,-0.233865),(-1.857627,0.451809,-0.099103),(-1.717602,0.444108,-0.099974),(-1.821212,0.617281,0.035202),(-2.073245,0.792275,0.17042),(-2.181054,0.962508,0.305182),(-1.965436,0.622042,0.035659),(-1.924823,0.790455,0.170378),(-2.028433,0.963628,0.305554),(-0.642194,-0.17455,-0.51818),(-0.983869,0.043431,-0.377122),(-1.115497,0.057013,-0.375423),(-1.247125,0.070596,-0.373724),(-1.206512,0.239008,-0.239005),(-1.297527,0.421003,-0.102587),(-1.388542,0.602998,0.033831),(-1.479557,0.784993,0.170249),(-1.570572,0.966988,0.306668),(-1.661587,1.148983,0.443086),(-1.504768,1.153043,0.443871),(-1.269549,1.351981,0.583102),(-1.417951,0.968108,0.307039),(-0.955872,0.588715,0.032461),(-1.331135,0.783173,0.170207),(-1.244318,0.598237,0.033375),(-0.799033,0.207082,-0.24286),(-1.070686,0.228366,-0.24029),(-1.157502,0.413302,-0.103458),(-1.613991,0.270934,-0.23515),(-0.983414,0.972834,0.307498),(-0.854117,0.97532,0.307215),(-0.72482,0.977806,0.306931),(-0.716783,0.586567,0.031064),(-0.597239,0.585493,0.030365),(-0.648117,0.39219,-0.107012),(-0.533449,0.389336,-0.107918),(-0.57945,0.197814,-0.245087),(-0.469658,0.19318,-0.246201),(-0.510783,0.003437,-0.383163),(-0.615698,0.009852,-0.381841),(-0.689241,0.202448,-0.243973),(-0.762784,0.395045,-0.106106),(-0.836328,0.587641,0.031762),(0.158118,-0.240105,-0.530412),(-0.300953,-0.009391,-0.385805),(-0.405868,-0.002977,-0.384484),(0.000481,0.580122,0.026872),(-0.140284,0.179277,-0.249542),(-0.091122,-0.02222,-0.388448),(-0.359867,0.188546,-0.247315),(-0.189445,0.380774,-0.110636),(-0.418781,0.386482,-0.108824),(-0.238607,0.58227,0.028269),(-0.477695,0.584419,0.029667),(-0.33693,0.985264,0.306081),(-0.595524,0.980292,0.306648),(-0.157155,1.400349,0.584156),(0.645944,1.43527,0.580397),(0.338603,0.589004,0.024113),(0.385708,0.174601,-0.254969),(0.707506,-0.239499,-0.537689),(0.507664,0.593445,0.022734),(0.538912,0.176897,-0.256568),(0.890587,1.445909,0.578507),(0.779392,0.602874,0.020372),(0.873531,-0.230182,-0.539729),(0.937011,1.447927,0.57811),(0.901549,0.608931,0.019195),(0.905067,-0.22793,-0.540108),(0.938578,1.447995,0.578097),(0.921697,0.610036,0.018995),(0.906132,-0.227851,-0.54012),(0.940149,1.448064,0.578083),(0.923015,0.610109,0.018982),(0.9072,-0.227772,-0.540133),(0.923674,0.610146,0.018975),(1.167467,1.042825,0.295855),(1.403022,1.056544,0.293182),(1.961289,1.492469,0.566441),(1.638577,1.070264,0.290508),(1.786975,0.675499,0.009228),(1.571149,0.659161,0.011665),(1.503722,0.248057,-0.267179),(1.307627,0.2291,-0.264979),(1.283779,0.02224,-0.404519),(1.097549,0.001974,-0.402438),(1.111532,0.210144,-0.262779),(1.139499,0.626484,0.016538),(1.612661,-0.141471,-0.547985),(1.470009,0.042505,-0.4066),(1.355324,0.642822,0.014102),(2.016089,1.496122,0.565635),(1.810417,0.67835,0.008931),(1.65163,-0.133721,-0.548366),(1.742744,0.27374,-0.269866),(1.833859,0.681201,0.008634),(1.924974,1.088661,0.287134),(2.017479,1.494912,0.56565),(1.834428,0.680606,0.00863),(1.926238,1.087461,0.287138),(1.834997,0.680011,0.008626),(1.743756,0.27256,-0.269887),(1.652515,-0.134891,-0.548399),(2.019156,1.494985,0.565626),(1.835714,0.680079,0.008617),(1.927793,1.087566,0.287117),(1.836431,0.680147,0.008607),(1.745069,0.272727,-0.269902),(1.653707,-0.134692,-0.548411),(2.42165,1.143937,0.568456),(2.164888,1.11781,0.427059),(2.109373,0.916158,0.287077),(2.053857,0.714507,0.147096),(2.290952,0.744751,0.287038),(2.225603,0.545157,0.146329),(2.472531,0.573343,0.286999),(2.397348,0.375808,0.145563),(2.484076,0.010982,0.002633),(2.322165,0.178273,0.004126),(2.246982,-0.019262,-0.13731),(2.094905,0.145971,-0.135089),(2.029556,-0.053622,-0.275798),(1.887312,0.109552,-0.27285),(1.831797,-0.092099,-0.412832),(1.998342,0.512855,0.007114),(2.160254,0.345564,0.00562),(1.942827,0.311204,-0.132868),(1.898858,-0.452809,-0.557216),(1.964207,-0.253216,-0.416507),(2.171799,-0.216797,-0.278746),(2.314042,-0.379972,-0.281694),(2.096616,-0.414333,-0.420183),(2.144009,-0.770926,-0.566021),(2.824144,0.79289,0.571286),(2.547714,0.770878,0.428435),(2.356301,0.944344,0.427747),(2.822501,0.24792,0.285835),(2.990892,0.093905,0.28471),(3.574952,0.139479,0.570174),(3.159283,-0.06011,0.283585),(3.080397,-0.567729,-0.005253),(3.0453,-0.241581,0.140151),(2.931317,-0.423052,-0.003282),(2.782237,-0.278374,-0.00131),(2.677909,-0.464513,-0.144321),(2.538484,-0.324504,-0.141926),(2.443812,-0.515313,-0.284513),(2.349139,-0.706121,-0.427099),(2.469253,-0.836792,-0.430341),(2.585842,-1.274937,-0.580681),(2.589367,-0.967464,-0.433582),(2.70335,-0.785993,-0.290149),(2.573581,-0.650653,-0.287331),(2.633156,-0.133696,0.000661),(2.727829,0.057112,0.143248),(2.886564,-0.092234,0.1417),(2.817333,-0.604522,-0.146715),(3.956862,-0.192888,0.567138),(3.234915,-0.706116,-0.007098),(2.969418,-1.045821,-0.294976),(2.822003,-1.496116,-0.585025)),$);
#318= IFCTRIANGULATEDFACESET(#317,$,$,((1,2,3),(3,2,4),(3,4,5),(5,4,6),(5,7,3),(3,7,8),(3,8,1),(8,9,1),(1,9,10),(1,10,11),(11,10,12),(11,12,13),(13,12,14),(13,14,15),(15,14,16),(15,16,17),(17,16,18),(17,18,19),(19,18,7),(19,7,5),(7,20,8),(8,20,21),(8,21,9),(9,21,10),(6,22,5),(5,22,23),(5,23,19),(19,23,24),(19,24,17),(17,24,25),(17,25,15),(15,25,26),(15,26,13),(22,6,27),(27,6,28),(27,28,29),(29,28,30),(29,30,31),(31,30,32),(31,32,33),(33,32,24),(33,24,23),(30,26,32),(32,26,25),(32,25,24),(33,23,22),(20,7,18),(18,16,20),(20,16,34),(20,34,21),(21,34,10),(10,34,12),(12,34,14),(34,16,14),(27,29,31),(27,31,33),(27,33,22),(11,13,35),(35,13,36),(35,36,37),(37,36,38),(38,36,39),(39,36,40),(40,36,28),(28,36,30),(30,36,26),(26,36,13),(35,37,41),(41,37,42),(41,42,43),(43,42,44),(44,42,45),(45,42,46),(46,42,40),(40,42,39),(39,42,38),(38,42,37),(47,41,48),(48,41,43),(48,43,49),(49,43,50),(49,50,51),(51,50,52),(52,50,53),(52,53,54),(54,53,44),(54,44,45),(43,44,50),(50,44,53),(54,45,55),(55,45,46),(55,46,56),(56,57,55),(55,57,54),(57,52,54),(49,51,48),(48,51,47),(51,58,47),(47,58,59),(47,59,60),(60,59,61),(60,61,62),(62,61,63),(62,63,64),(64,63,65),(65,66,64),(66,65,67),(67,68,66),(68,67,69),(69,70,68),(70,69,71),(71,72,70),(72,71,73),(73,71,74),(73,74,75),(75,74,56),(56,74,76),(56,76,57),(57,76,77),(57,77,78),(78,77,79),(78,79,80),(80,79,67),(67,79,69),(52,81,51),(51,81,82),(51,82,58),(58,82,59),(57,78,52),(52,78,83),(52,83,81),(81,83,84),(81,84,85),(85,84,63),(63,84,65),(86,87,75),(75,87,88),(75,88,89),(89,88,90),(89,90,72),(72,90,91),(91,70,72),(70,91,92),(92,68,70),(68,92,93),(93,66,68),(66,93,94),(94,64,66),(64,94,95),(95,94,96),(95,96,60),(60,96,97),(97,96,98),(97,98,99),(99,98,100),(99,100,101),(101,100,92),(101,92,91),(86,102,87),(87,102,103),(87,103,88),(88,103,90),(103,102,104),(104,102,99),(104,99,101),(64,95,62),(62,95,60),(72,73,89),(89,73,75),(77,76,105),(105,76,74),(105,74,71),(84,83,80),(80,83,78),(59,82,85),(85,82,81),(103,104,90),(90,104,91),(104,101,91),(92,100,93),(93,100,98),(93,98,94),(94,98,96),(85,63,61),(59,85,61),(67,65,80),(80,65,84),(71,69,105),(105,69,79),(105,79,77),(99,106,97),(97,106,107),(97,107,108),(108,107,109),(108,109,110),(110,109,111),(111,112,110),(112,111,113),(113,114,112),(114,113,115),(115,113,116),(115,116,86),(86,116,102),(102,116,117),(102,117,118),(118,117,111),(118,111,109),(102,118,99),(99,118,119),(99,119,106),(106,119,107),(120,121,86),(86,121,122),(86,122,115),(115,122,114),(123,124,120),(120,124,125),(120,125,121),(121,125,124),(121,124,126),(126,124,127),(126,127,128),(128,127,129),(128,129,130),(130,129,131),(130,131,132),(132,131,133),(132,133,97),(133,131,123),(123,131,129),(123,129,127),(111,117,113),(113,117,116),(107,119,109),(109,119,118),(132,97,108),(124,123,127),(121,126,122),(122,126,114),(112,114,128),(128,114,126),(132,108,110),(110,112,130),(130,112,128),(130,132,110),(134,133,135),(135,133,123),(135,123,136),(136,123,120),(136,120,137),(134,138,137),(137,138,139),(137,139,136),(136,139,138),(136,138,135),(135,138,134),(140,134,141),(141,134,137),(141,137,142),(142,140,141),(143,140,144),(144,140,142),(144,142,145),(145,143,144),(146,143,147),(147,143,145),(147,145,148),(148,146,147),(149,146,150),(150,146,148),(150,148,151),(151,152,150),(150,152,149),(152,153,149),(149,153,154),(149,154,155),(155,154,156),(155,156,157),(157,156,158),(157,158,159),(159,158,160),(159,160,161),(161,160,162),(161,162,151),(151,162,163),(151,163,152),(152,163,164),(152,164,153),(153,164,154),(151,165,161),(161,165,166),(161,166,159),(159,166,165),(159,165,157),(162,160,163),(163,160,167),(163,167,164),(164,167,154),(154,167,156),(156,167,158),(167,160,158),(168,155,169),(169,155,157),(169,157,165),(170,171,165),(165,171,169),(171,172,169),(169,172,173),(169,173,168),(168,173,174),(174,173,175),(174,175,176),(176,175,177),(177,175,178),(178,175,179),(179,175,170),(170,175,171),(171,175,172),(172,175,173),(174,176,180),(180,176,181),(180,181,182),(182,181,183),(183,181,184),(184,181,185),(185,181,179),(179,181,178),(178,181,177),(177,181,176),(186,180,187),(187,180,182),(187,182,188),(188,182,189),(188,189,190),(190,189,191),(190,191,192),(192,191,193),(192,193,194),(194,193,195),(194,195,196),(196,195,197),(196,197,198),(198,197,199),(198,199,200),(200,199,184),(200,184,185),(182,183,189),(189,183,201),(189,201,191),(191,201,202),(191,202,193),(193,202,195),(201,183,203),(203,183,184),(203,184,199),(185,204,200),(200,204,205),(200,205,198),(198,205,206),(198,206,196),(196,206,207),(196,207,194),(205,204,208),(208,204,209),(208,209,207),(194,210,192),(192,210,211),(192,211,190),(190,211,212),(190,212,188),(188,212,187),(210,186,211),(211,186,212),(212,186,187),(202,201,203),(202,203,197),(197,203,199),(207,206,208),(208,206,205),(202,197,195),(194,213,210),(210,213,214),(210,214,215),(215,214,216),(215,216,217),(217,216,218),(217,218,219),(219,218,220),(219,220,221),(221,220,222),(221,222,223),(223,222,207),(223,207,224),(224,207,209),(224,209,225),(225,209,226),(225,226,227),(227,226,228),(227,228,225),(225,228,229),(225,229,224),(224,229,223),(207,222,194),(194,222,230),(194,230,231),(231,230,232),(231,232,214),(214,232,216),(226,217,228),(228,217,233),(228,233,229),(229,233,221),(229,221,223),(231,214,213),(213,194,231),(232,230,220),(220,230,222),(233,217,219),(220,218,232),(232,218,216),(221,233,219),(234,215,235),(235,215,217),(235,217,236),(236,217,226),(236,226,237),(236,237,235),(235,237,234)),$);
#319= IFCSHAPEREPRESENTATION(#114,'Body','Tessellation',(#318));
#320= IFCPRODUCTDEFINITIONSHAPE($,$,(#319));
#321= IFCCARTESIANPOINT((131.359368,203.913852,370.490921));
#322= IFCAXIS2PLACEMENT3D(#321,$,$);
#323= IFCLOCALPLACEMENT(#5,#322);
#324= IFCBUILTELEMENT('2avvkxwKL3rB_AX1EQ2eUp',$,'Taluy',$,$,#323,#320,'5CFE5');
#325= IFCSTYLEDITEM(#318,(#126),'Taluy');
#326= IFCPROPERTYSET('0Q1YSvLBwDNuzCaWK7wF9d',$,'Misc',$,(#85,#87,#88,#129,#130,#131));
#327= IFCRELDEFINESBYPROPERTIES('1sUbKF5v6NyevSXqXVv8YO',$,$,$,(#324),#326);
#328= IFCPROPERTYSINGLEVALUE('Bounds',$,IFCLABEL('((505177.4025011623,1707748.4173546345,369.9055403184795),(505185.31623441295,1707751.410350163,371.07630257889326))'),$);
#329= IFCPROPERTYSET('05Ray2wsJUOcUNhf0d97bq',$,'Properties',$,(#39,#40,#41,#42,#43,#44,#45,#46,#47,#48,#49,#50,#51,#52,#53,#54,#55,#56,#57,#59,#60,#134,#328));
#330= IFCRELDEFINESBYPROPERTIES('3UA18OGAlDcCSzWnejLipB',$,$,$,(#324),#329);
#331= IFCPROPERTYSET('3mUKQP3VqSy3zi_81arjXG',$,'3D Visualization',$,(#91,#92,#93));
#332= IFCRELDEFINESBYPROPERTIES('3$swJZixhB_fX3hyZF5_Do',$,$,$,(#324),#331);
#333= IFCPROPERTYSET('2uLdYL29_slRDXZmGbIBli',$,'General',$,(#72,#74,#75,#76,#77,#140));
#334= IFCRELDEFINESBYPROPERTIES('1Zp0WfbM3iegvk1xeTEu4g',$,$,$,(#324),#333);
#335= IFCPROPERTYSET('3E0eRkTnyf9e0Kq94W6dyU',$,'Geometry',$,(#82));
#336= IFCRELDEFINESBYPROPERTIES('2vrFWQ$ZDvZDcmtI7o0V2r',$,$,$,(#324),#335);
#337= IFCPROPERTYSINGLEVALUE('CorridorHandle',$,IFCLABEL('5E7FD'),$);
#338= IFCPROPERTYSINGLEVALUE('HorizontalBaselineHandle',$,IFCLABEL('5E820'),$);
#339= IFCPROPERTYSINGLEVALUE('VerticalBaselineHandle',$,IFCLABEL('5E85F'),$);
#340= IFCPROPERTYSINGLEVALUE('AssemblyHandle',$,IFCLABEL('5CEFA'),$);
#341= IFCPROPERTYSINGLEVALUE('SubassemblyHandle',$,IFCLABEL('5FC3A'),$);
#342= IFCPROPERTYSINGLEVALUE('BaselineGuid',$,IFCLABEL('{852BAB57-668C-46C4-B953-83F1269340A5}'),$);
#343= IFCPROPERTYSINGLEVALUE('RegionGuid',$,IFCLABEL('{8CD050B1-D946-45D7-A26F-FB8ADB1CD5F7}'),$);
#344= IFCPROPERTYSINGLEVALUE('StartStation',$,IFCLABEL('0+010.00m'),$);
#345= IFCPROPERTYSINGLEVALUE('EndStation',$,IFCLABEL('0+025.06m'),$);
#346= IFCPROPERTYSET('1TdaQnQabYtaG1q3JwPmv1',$,'Corridor Identity',$,(#150,#153,#156,#337,#338,#339,#340,#341,#342,#343,#344,#345));
#347= IFCRELDEFINESBYPROPERTIES('2PjNFFSUN$Iw6JPKMnAWb3',$,$,$,(#324),#346);
#348= IFCPROPERTYSINGLEVALUE('CorridorName',$,IFCLABEL('B\X2\0110\X0\_N45'),$);
#349= IFCPROPERTYSINGLEVALUE('BaselineName',$,IFCLABEL('BL - Intersection - (12) - SE - Quadrant - (80)'),$);
#350= IFCPROPERTYSINGLEVALUE('HorizontalBaseline',$,IFCLABEL('Intersection - (12) - SE - Quadrant'),$);
#351= IFCPROPERTYSINGLEVALUE('VerticalBaseline',$,IFCLABEL('Intersection - (12) - SE - Quadrant - Profile'),$);
#352= IFCPROPERTYSINGLEVALUE('RegionName',$,IFCLABEL('RG - LEFT - (90)'),$);
#353= IFCPROPERTYSET('0AFSRtYuIB6qyAega6rxW5',$,'Corridor Model Information',$,(#348,#349,#350,#351,#352));
#354= IFCRELDEFINESBYPROPERTIES('1Vl8tCgjRnrrMFFCd93c4J',$,$,$,(#324),#353);
#355= IFCPROPERTYSINGLEVALUE('AssemblyName',$,IFCLABEL('LEFT'),$);
#356= IFCPROPERTYSINGLEVALUE('AssemblyStartStation',$,IFCLABEL('0+010.00m'),$);
#357= IFCPROPERTYSINGLEVALUE('AssemblyEndStation',$,IFCLABEL('0+025.06m'),$);
#358= IFCPROPERTYSET('2$vnB_nDrN0EaNZZbAtSbv',$,'Corridor Shape Information',$,(#166,#198,#355,#356,#357));
#359= IFCRELDEFINESBYPROPERTIES('3oC4UdYWV0pa$024xiD9ms',$,$,$,(#324),#358);
#360= IFCCARTESIANPOINTLIST3D(((-1.380395,3.298087,0.002148),(-0.83577,3.598798,0.374636),(-0.624002,4.166699,0.770074),(-0.639096,3.803737,0.564702),(-0.465093,3.657928,0.551312),(-0.669342,3.465202,0.36316),(-1.032443,3.393859,0.184569),(-0.87359,3.272477,0.175008),(-1.229117,3.188919,-0.005498),(-1.077839,3.079751,-0.013144),(-1.42579,2.98398,-0.195565),(-1.282088,2.887026,-0.201297),(-1.622464,2.779041,-0.385632),(-1.486336,2.6943,-0.389449),(-1.819137,2.574102,-0.575699),(-1.690585,2.501575,-0.577601),(-2.136788,2.429475,-0.765778),(-1.652879,2.188223,-0.765728),(-1.758591,2.863781,-0.381815),(-1.562033,2.429048,-0.579503),(-1.214081,2.524819,-0.397082),(-1.350209,2.60956,-0.393266),(-1.138385,2.790071,-0.207028),(-0.775283,2.861415,-0.028437),(-0.926561,2.970583,-0.020791),(-0.714737,3.151095,0.165447),(-0.336485,3.198011,0.340209),(-0.502913,3.331607,0.351685),(-0.291089,3.512119,0.537922),(0.102313,3.534607,0.708855),(0.075634,3.207867,0.509732),(0.268354,3.049425,0.494932),(0.890877,2.848342,0.641182),(0.461074,2.890983,0.480132),(0.416711,2.616739,0.289484),(0.228412,2.762057,0.302165),(-0.00425,2.633132,0.124197),(-0.188128,2.765325,0.13476),(-0.302249,2.694301,0.044717),(-0.483916,2.819932,0.054221),(-0.595826,2.742345,-0.036881),(-0.707736,2.664758,-0.127983),(-0.819646,2.587171,-0.219086),(-0.53049,2.552251,-0.135369),(-0.64461,2.481226,-0.225412),(-0.353243,2.439743,-0.142754),(-0.469574,2.37528,-0.231738),(-0.057455,2.385136,-0.062215),(-0.531621,2.153533,-0.413913),(-0.702236,2.246354,-0.409705),(-0.934898,2.117429,-0.587673),(-1.101092,2.197126,-0.585583),(-1.329333,2.055076,-0.765669),(-1.267286,2.276824,-0.583494),(-1.043466,2.431998,-0.40129),(-0.372006,2.897519,0.145323),(-0.148186,3.052693,0.327528),(-1.005787,1.92193,-0.765611),(-0.768704,2.037731,-0.589762),(-0.120581,2.568669,0.035214),(-0.236912,2.504206,-0.05377),(-0.416369,2.623276,-0.045326),(-0.872851,2.339176,-0.405498),(0.040113,2.907375,0.314846),(0.88703,2.542124,0.448794),(1.006004,2.593368,0.535439),(1.359077,2.44088,0.602986),(1.239672,2.396294,0.517621),(1.47334,2.19922,0.499803),(1.120266,2.351707,0.432256),(1.353503,2.16129,0.415717),(1.000861,2.307121,0.34689),(1.233666,2.123361,0.331632),(0.881456,2.262534,0.261525),(1.113828,2.085432,0.247546),(0.76205,2.217948,0.17616),(0.993991,2.047503,0.163461),(0.642645,2.173362,0.090795),(0.874153,2.009573,0.079375),(0.523239,2.128775,0.00543),(0.754316,1.971644,-0.004711),(0.403834,2.084189,-0.079936),(0.634478,1.933715,-0.088796),(0.284428,2.039602,-0.165301),(0.514641,1.895786,-0.172882),(0.165023,1.995016,-0.250666),(0.394803,1.857856,-0.256967),(-0.073788,1.905843,-0.421397),(0.155129,1.781998,-0.425138),(-0.312599,1.81667,-0.592127),(-0.084546,1.706139,-0.59331),(-0.55141,1.727497,-0.762857),(-0.097032,1.533065,-0.760104),(0.411136,2.33715,0.102215),(0.53011,2.388393,0.188859),(0.649083,2.439637,0.275504),(-0.064758,2.132175,-0.244365),(0.054216,2.183419,-0.15772),(0.173189,2.234662,-0.071075),(-0.302705,2.029688,-0.417655),(-0.540652,1.927201,-0.590944),(0.143506,1.595609,-0.594492),(0.384045,1.658153,-0.42888),(0.865123,1.783241,-0.097657),(1.346201,1.90833,0.233567),(1.827278,2.033418,0.564791),(0.292163,2.285906,0.01557),(0.768057,2.49088,0.362149),(2.102282,1.794089,0.543626),(1.724946,1.857751,0.390048),(1.485112,1.801749,0.225887),(1.245278,1.745747,0.061727),(1.624023,1.695169,0.218208),(1.145764,1.596249,-0.10721),(1.005443,1.689745,-0.102433),(0.765609,1.633743,-0.266594),(0.525775,1.577741,-0.430754),(0.428375,1.447868,-0.595337),(0.189246,1.398408,-0.758045),(0.667505,1.497328,-0.432628),(1.625791,1.533868,0.212112),(1.62756,1.372567,0.206017),(2.107246,1.091161,0.512248),(1.629328,1.211266,0.199921),(1.152651,1.155638,-0.12025),(1.150355,1.302508,-0.115903),(0.673151,1.23245,-0.437823),(0.670328,1.364889,-0.435225),(1.14806,1.449378,-0.111557),(0.202648,0.926375,-0.761441),(0.675974,1.100011,-0.440421),(2.107258,1.089394,0.512165),(1.154969,1.00803,-0.124619),(0.202723,0.925189,-0.761449),(2.107271,1.087627,0.512082),(1.155013,1.006553,-0.124665),(0.202798,0.924003,-0.761457),(2.108569,0.903726,0.503313),(1.1576,0.92894,-0.127088),(0.211762,0.800403,-0.762288),(2.109302,0.79995,0.498275),(1.16186,0.808636,-0.130862),(0.217806,0.730467,-0.762748),(1.163554,0.765208,-0.132236),(1.644237,0.534889,0.172448),(1.652046,0.287199,0.161876),(2.116884,-0.274026,0.443178),(1.659855,0.039508,0.151305),(1.218446,-0.142338,-0.161711),(1.204723,0.084549,-0.154342),(0.74959,0.129589,-0.459989),(0.729953,0.335672,-0.455824),(0.320008,-0.01065,-0.7666),(0.710316,0.541754,-0.451658),(1.177277,0.538322,-0.139605),(1.191,0.311435,-0.146974),(1.674477,-0.354938,0.13436),(1.681289,-0.501694,0.127987),(1.688101,-0.64845,0.121614),(1.462385,-0.458846,-0.021141),(1.472051,-0.600639,-0.026467),(1.243482,-0.415998,-0.170269),(1.256,-0.552828,-0.174548),(1.024579,-0.37315,-0.319397),(1.03995,-0.505016,-0.322629),(0.805675,-0.330301,-0.468525),(0.8239,-0.457205,-0.470709),(0.586772,-0.287453,-0.617653),(0.565695,-0.165513,-0.616515),(0.787451,-0.203398,-0.46634),(1.009207,-0.241283,-0.316165),(1.230964,-0.279168,-0.16599),(0.41573,-0.47856,-0.766962),(0.60785,-0.409394,-0.61879),(0.842124,-0.584109,-0.472894),(1.055321,-0.636883,-0.32586),(1.268519,-0.689658,-0.178827),(1.481716,-0.742432,-0.031793),(1.694913,-0.795206,0.115241),(1.708537,-1.088719,0.102495),(2.125731,-1.527485,0.37544),(1.318592,-1.236977,-0.195942),(1.501046,-1.026018,-0.042445),(1.293555,-0.963317,-0.187384),(0.511452,-0.94647,-0.767324),(0.671082,-0.775216,-0.622203),(0.628927,-0.531334,-0.619928),(0.915022,-1.091723,-0.481633),(0.878573,-0.837916,-0.477264),(1.086064,-0.900617,-0.332324),(1.45272,-0.317053,-0.015815),(1.731127,-1.556363,0.08245),(1.929071,-1.632887,0.224098),(1.934196,-1.810917,0.215601),(1.740092,-1.730495,0.07515),(1.533183,-1.479839,-0.059199),(1.545989,-1.650074,-0.065301),(1.335239,-1.403315,-0.200847),(1.351885,-1.569653,-0.205752),(1.236266,-1.365053,-0.271671),(1.254834,-1.529442,-0.275977),(1.137294,-1.326791,-0.342495),(1.157782,-1.489231,-0.346203),(0.93935,-1.250267,-0.484144),(0.963679,-1.40881,-0.486654),(0.741406,-1.173743,-0.625792),(0.769575,-1.328389,-0.627105),(0.639491,-1.549465,-0.767788),(0.76753,-2.15246,-0.768253),(0.882251,-1.946973,-0.632358),(0.854082,-1.792327,-0.631045),(0.825913,-1.637681,-0.629732),(1.036664,-1.88444,-0.494185),(1.012335,-1.725897,-0.491675),(1.219245,-1.976553,-0.357326),(1.198757,-1.814112,-0.353618),(1.310536,-2.02261,-0.288896),(1.291968,-1.85822,-0.28459),(1.401826,-2.068666,-0.220466),(1.385179,-1.902328,-0.215562),(1.584408,-2.160779,-0.083607),(1.571601,-1.990544,-0.077505),(1.766989,-2.252892,0.053253),(1.758023,-2.07876,0.060552),(1.94957,-2.345005,0.190112),(1.954695,-2.523035,0.181616),(2.130868,-2.255192,0.336665),(2.136004,-2.982899,0.297891),(1.793886,-2.775289,0.031355),(1.775955,-2.427024,0.045953),(1.597214,-2.331014,-0.089709),(1.109648,-2.36007,-0.501717),(1.060992,-2.042983,-0.496696),(1.239733,-2.138994,-0.361034),(1.451767,-2.567679,-0.235181),(1.329103,-2.186999,-0.293202),(1.418473,-2.235004,-0.225371),(1.939321,-1.988946,0.207105),(1.944446,-2.166976,0.198608),(1.749058,-1.904628,0.067851),(1.558795,-1.820309,-0.071403),(1.368532,-1.735991,-0.210657),(1.273401,-1.693831,-0.280284),(1.17827,-1.651672,-0.349911),(0.988007,-1.567353,-0.489164),(0.797744,-1.483035,-0.628418),(2.13664,-3.072903,0.293228),(1.455868,-2.609821,-0.236362),(1.798304,-2.862433,0.027843),(1.459969,-2.651962,-0.237543),(1.121634,-2.441492,-0.502928),(0.783299,-2.231022,-0.768314),(1.85749,-3.354645,0.279187),(1.667047,-2.995401,0.022539),(1.33703,-2.777028,-0.24113),(1.007013,-2.558655,-0.504799),(0.570692,-2.449543,-0.768623),(1.856024,-3.356125,0.279111),(1.213449,-2.902753,-0.244738),(0.569589,-2.450701,-0.768625),(1.854558,-3.357604,0.279034),(1.212164,-2.904072,-0.244777),(0.568486,-2.45186,-0.768626),(1.220866,-3.997178,0.243609),(0.93679,-3.193068,-0.25383),(0.103248,-2.965632,-0.769335),(1.052579,-4.167028,0.233485),(0.589863,-3.559227,-0.265442),(-0.01724,-3.107071,-0.769526)),$);
#361= IFCTRIANGULATEDFACESET(#360,$,$,((1,2,3),(3,2,4),(3,4,5),(5,4,2),(5,2,6),(6,2,7),(6,7,8),(8,7,9),(8,9,10),(10,9,11),(10,11,12),(12,11,13),(12,13,14),(14,13,15),(14,15,16),(16,15,17),(16,17,18),(19,11,1),(1,11,9),(1,9,7),(17,15,19),(19,15,13),(19,13,11),(16,18,20),(20,18,21),(20,21,22),(22,21,23),(22,23,14),(14,23,12),(21,24,23),(23,24,25),(23,25,12),(12,25,10),(25,24,26),(26,24,27),(26,27,28),(28,27,29),(28,29,6),(6,29,5),(27,30,29),(29,30,5),(30,3,5),(2,1,7),(10,25,26),(6,8,28),(28,8,26),(8,10,26),(16,20,22),(16,22,14),(27,31,30),(30,31,32),(30,32,33),(33,32,34),(33,34,35),(35,34,36),(35,36,37),(37,36,38),(37,38,39),(39,38,40),(39,40,41),(41,40,24),(41,24,42),(42,24,43),(42,43,44),(44,43,45),(44,45,46),(46,45,47),(46,47,48),(48,47,49),(49,47,50),(49,50,51),(51,50,52),(51,52,53),(53,52,54),(53,54,18),(18,54,21),(21,54,55),(21,55,43),(43,55,45),(24,56,27),(27,56,57),(27,57,31),(31,57,32),(24,21,43),(53,58,51),(51,58,59),(51,59,49),(35,37,48),(48,37,60),(48,60,61),(61,60,62),(61,62,44),(44,62,42),(55,54,63),(63,54,52),(63,52,50),(56,24,40),(39,41,62),(62,41,42),(40,38,56),(56,38,64),(56,64,57),(57,64,32),(50,47,63),(63,47,45),(63,45,55),(48,61,46),(46,61,44),(39,62,60),(60,37,39),(64,38,36),(32,64,34),(34,64,36),(35,65,33),(33,65,66),(33,66,67),(67,66,68),(67,68,69),(69,68,70),(69,70,71),(71,70,72),(71,72,73),(73,72,74),(73,74,75),(75,74,76),(75,76,77),(77,76,78),(77,78,79),(79,78,80),(79,80,81),(81,80,82),(81,82,83),(83,82,84),(83,84,85),(85,84,86),(85,86,87),(87,86,88),(87,88,89),(89,88,90),(89,90,91),(91,90,92),(91,92,93),(48,94,35),(35,94,95),(35,95,96),(96,95,74),(96,74,72),(49,97,48),(48,97,98),(48,98,99),(99,98,82),(99,82,80),(97,49,100),(100,49,59),(100,59,101),(101,59,58),(101,58,92),(93,102,91),(91,102,103),(91,103,89),(89,103,87),(103,104,87),(87,104,85),(105,79,104),(104,79,81),(104,81,83),(106,71,105),(105,71,73),(105,73,75),(71,106,69),(69,106,67),(92,90,101),(101,90,88),(101,88,100),(100,88,86),(100,86,97),(97,86,84),(97,84,98),(98,84,82),(94,48,107),(107,48,99),(107,99,80),(80,78,107),(107,78,94),(78,76,94),(94,76,95),(65,35,108),(108,35,96),(108,96,72),(76,74,95),(68,66,65),(72,70,108),(108,70,65),(70,68,65),(104,83,85),(105,75,77),(77,79,105),(109,106,110),(110,106,105),(110,105,111),(111,105,112),(111,112,113),(113,112,114),(114,112,115),(114,115,116),(116,115,104),(116,104,103),(105,104,112),(112,104,115),(116,103,117),(117,103,102),(117,102,118),(118,102,93),(118,93,119),(118,120,117),(117,120,116),(120,114,116),(111,113,110),(110,113,109),(113,121,109),(109,121,122),(109,122,123),(123,122,124),(123,124,125),(125,124,126),(125,126,127),(127,126,128),(127,128,119),(119,128,118),(118,128,120),(120,128,129),(120,129,114),(114,129,121),(114,121,113),(119,130,127),(127,130,131),(127,131,125),(125,131,130),(125,130,123),(122,121,129),(122,129,126),(126,129,128),(122,126,124),(132,123,133),(133,123,130),(133,130,134),(134,132,133),(135,132,136),(136,132,134),(136,134,137),(137,135,136),(138,135,139),(139,135,137),(139,137,140),(140,138,139),(141,138,142),(142,138,140),(142,140,143),(143,144,142),(142,144,141),(144,145,141),(141,145,146),(141,146,147),(147,146,148),(147,148,149),(149,148,150),(149,150,151),(151,150,152),(151,152,153),(153,152,143),(143,152,154),(143,154,144),(144,154,155),(144,155,145),(145,155,146),(153,149,151),(155,154,156),(156,154,152),(156,152,150),(156,150,148),(148,146,156),(156,146,155),(149,157,147),(147,157,158),(147,158,159),(159,158,160),(159,160,161),(161,160,163),(163,160,162),(163,162,165),(165,162,164),(165,164,167),(167,164,166),(167,166,168),(168,166,169),(168,169,153),(153,169,170),(153,170,149),(149,170,171),(149,171,172),(172,171,162),(172,162,160),(153,173,168),(168,173,174),(168,174,167),(167,174,175),(167,175,165),(165,175,176),(165,176,163),(163,176,177),(163,177,161),(161,177,178),(161,178,179),(179,178,180),(179,180,181),(181,180,182),(182,180,183),(182,183,184),(184,183,177),(184,177,176),(185,186,173),(173,186,187),(173,187,174),(174,187,175),(185,188,186),(186,188,189),(186,189,187),(187,189,175),(189,188,190),(190,188,182),(190,182,184),(181,147,179),(179,147,159),(179,159,161),(169,166,170),(170,166,164),(170,164,171),(171,164,162),(157,149,191),(191,149,172),(191,172,160),(158,157,191),(158,191,160),(176,175,190),(190,175,189),(190,184,176),(178,177,183),(183,180,178),(182,192,181),(181,192,193),(181,193,194),(194,193,192),(194,192,195),(195,192,196),(195,196,197),(197,196,198),(197,198,199),(199,198,200),(199,200,201),(201,200,202),(201,202,203),(203,202,204),(203,204,205),(205,204,206),(205,206,207),(207,206,185),(207,185,208),(188,202,182),(182,202,200),(182,200,198),(185,206,188),(188,206,204),(188,204,202),(209,210,208),(208,210,211),(208,211,212),(212,211,213),(212,213,214),(214,213,216),(216,213,215),(216,215,218),(218,215,217),(218,217,220),(220,217,219),(220,219,222),(222,219,221),(222,221,224),(224,221,223),(224,223,225),(225,223,226),(225,226,227),(227,226,228),(228,226,229),(229,226,230),(229,230,231),(231,230,221),(231,221,219),(209,232,210),(210,232,233),(210,233,211),(211,233,213),(233,232,234),(234,232,235),(234,235,236),(236,235,237),(236,237,217),(217,237,219),(237,235,231),(231,235,229),(181,194,227),(227,194,238),(227,238,239),(239,238,240),(239,240,224),(224,240,222),(222,240,241),(222,241,220),(220,241,242),(220,242,218),(218,242,243),(218,243,216),(216,243,244),(216,244,214),(214,244,245),(214,245,246),(246,245,207),(246,207,208),(224,225,239),(239,225,227),(214,246,212),(212,246,208),(192,182,196),(196,182,198),(233,234,213),(213,234,215),(234,236,215),(215,236,217),(231,219,237),(226,223,230),(230,223,221),(194,195,238),(238,195,240),(241,240,195),(195,197,241),(242,241,197),(197,199,242),(243,242,199),(199,201,243),(244,243,201),(201,203,244),(245,244,203),(203,205,245),(205,207,245),(228,229,247),(247,229,248),(247,248,249),(249,248,250),(250,248,251),(251,248,209),(251,209,252),(229,235,248),(248,235,232),(248,232,209),(253,247,254),(254,247,249),(254,249,250),(254,250,255),(255,250,251),(255,251,256),(256,251,252),(256,252,257),(256,257,255),(255,257,253),(255,253,254),(258,253,259),(259,253,257),(259,257,260),(260,258,259),(261,258,262),(262,258,260),(262,260,263),(263,261,262),(264,261,265),(265,261,263),(265,263,266),(266,264,265),(267,264,268),(268,264,266),(268,266,269),(269,267,268)),$);
#362= IFCSHAPEREPRESENTATION(#114,'Body','Tessellation',(#361));
#363= IFCPRODUCTDEFINITIONSHAPE($,$,(#362));
#364= IFCCARTESIANPOINT((115.530634,217.316241,370.798872));
#365= IFCAXIS2PLACEMENT3D(#364,$,$);
#366= IFCLOCALPLACEMENT(#5,#365);
#367= IFCBUILTELEMENT('26KbVfkSb9ovBgnumjMXVt',$,'Taluy',$,$,#366,#363,'5CFED');
#368= IFCSTYLEDITEM(#361,(#126),'Taluy');
#369= IFCPROPERTYSET('0p5TPejb3XOJMbo9_m6FLj',$,'Misc',$,(#85,#87,#88,#129,#130,#131));
#370= IFCRELDEFINESBYPROPERTIES('0CZa9xI$sKiseqmDMlUwEe',$,$,$,(#367),#369);
#371= IFCPROPERTYSINGLEVALUE('Bounds',$,IFCLABEL('((505163.3938454169,1707759.1490386445,370.02832246685745),(505167.6674229694,1707767.4834428239,371.5694210209144))'),$);
#372= IFCPROPERTYSET('2_PwxX65FVfT1R5Up_MBjk',$,'Properties',$,(#39,#40,#41,#42,#43,#44,#45,#46,#47,#48,#49,#50,#51,#52,#53,#54,#55,#56,#57,#59,#60,#134,#371));
#373= IFCRELDEFINESBYPROPERTIES('1$r3BlqMqvDnjSmR$H49cc',$,$,$,(#367),#372);
#374= IFCPROPERTYSET('0u2NkPQEKtbg5Ci5sSCMfM',$,'3D Visualization',$,(#91,#92,#93));
#375= IFCRELDEFINESBYPROPERTIES('0Gjatuo8Ib$IUJSAi5hO79',$,$,$,(#367),#374);
#376= IFCPROPERTYSET('0VAaaYKmZKm0y8hdUcZeWt',$,'General',$,(#72,#74,#75,#76,#77,#140));
#377= IFCRELDEFINESBYPROPERTIES('0Yp1sdk0wCYeZ21DzcWY45',$,$,$,(#367),#376);
#378= IFCPROPERTYSET('0xuREjxXDUIXEMmeG8NUxN',$,'Geometry',$,(#82));
#379= IFCRELDEFINESBYPROPERTIES('33tKSYsD_loMW_lszdidhu',$,$,$,(#367),#378);
#380= IFCPROPERTYSINGLEVALUE('HorizontalBaselineHandle',$,IFCLABEL('5E82C'),$);
#381= IFCPROPERTYSINGLEVALUE('VerticalBaselineHandle',$,IFCLABEL('5E86C'),$);
#382= IFCPROPERTYSINGLEVALUE('BaselineGuid',$,IFCLABEL('{0C97779F-F77A-4766-A437-11863EB6B7C0}'),$);
#383= IFCPROPERTYSINGLEVALUE('RegionGuid',$,IFCLABEL('{048914C9-3AA5-4CB4-855A-A90142E85D8E}'),$);
#384= IFCPROPERTYSINGLEVALUE('EndStation',$,IFCLABEL('0+026.35m'),$);
#385= IFCPROPERTYSET('3ls4iLURdccvjqOTxVT1oc',$,'Corridor Identity',$,(#150,#153,#156,#337,#340,#341,#344,#380,#381,#382,#383,#384));
#386= IFCRELDEFINESBYPROPERTIES('3l6oWFs_EJL7L17oSsxp8w',$,$,$,(#367),#385);
#387= IFCPROPERTYSINGLEVALUE('BaselineName',$,IFCLABEL('BL - Intersection - (12) - SW - Quadrant - (81)'),$);
#388= IFCPROPERTYSINGLEVALUE('HorizontalBaseline',$,IFCLABEL('Intersection - (12) - SW - Quadrant'),$);
#389= IFCPROPERTYSINGLEVALUE('VerticalBaseline',$,IFCLABEL('Intersection - (12) - SW - Quadrant - Profile'),$);
#390= IFCPROPERTYSINGLEVALUE('RegionName',$,IFCLABEL('RG - LEFT - (91)'),$);
#391= IFCPROPERTYSET('0b5Gknafa8cOoMnDsZd76U',$,'Corridor Model Information',$,(#348,#387,#388,#389,#390));
#392= IFCRELDEFINESBYPROPERTIES('0pXXT44_FfEBz5hMg320Mi',$,$,$,(#367),#391);
#393= IFCPROPERTYSINGLEVALUE('AssemblyEndStation',$,IFCLABEL('0+026.35m'),$);
#394= IFCPROPERTYSET('2ccEJjgzhU$QMLWuYCtAlT',$,'Corridor Shape Information',$,(#166,#198,#355,#356,#393));
#395= IFCRELDEFINESBYPROPERTIES('0IAXT1Cjl2skVn0GTwf6J7',$,$,$,(#367),#394);
#396= IFCCARTESIANPOINTLIST3D(((0.057447,1.171152,0.535088),(1.172089,0.066818,-0.511986),(-1.17209,-0.069827,0.509134),(-0.060485,-1.171152,-0.535087)),$);
#397= IFCTRIANGULATEDFACESET(#396,$,$,((1,2,3),(3,2,4)),$);
#398= IFCSHAPEREPRESENTATION(#114,'Body','Tessellation',(#397));
#399= IFCPRODUCTDEFINITIONSHAPE($,$,(#398));
#400= IFCCARTESIANPOINT((127.345413,203.717475,370.517103));
#401= IFCAXIS2PLACEMENT3D(#400,$,$);
#402= IFCLOCALPLACEMENT(#5,#401);
#403= IFCBUILTELEMENT('0AyC7Y7G93jPUFIeRedYhe',$,'Taluy',$,$,#402,#399,'5CFF5');
#404= IFCSTYLEDITEM(#397,(#126),'Taluy');
#405= IFCPROPERTYSET('2TZNHtIXnfuv3Oxq1yuYcw',$,'Misc',$,(#85,#87,#88,#129,#130,#131));
#406= IFCRELDEFINESBYPROPERTIES('2Q5C6nyj_hi2aRYa4NDulY',$,$,$,(#403),#405);
#407= IFCPROPERTYSINGLEVALUE('Bounds',$,IFCLABEL('((505176.1729955982,1707748.5459734232,369.9816286800539),(505178.5178311957,1707750.8889761036,371.05257722281493))'),$);
#408= IFCPROPERTYSET('0wIjSbp9MdDM2uQ$q8WZq5',$,'Properties',$,(#39,#40,#41,#42,#43,#44,#45,#46,#47,#48,#49,#50,#51,#52,#53,#54,#55,#56,#57,#59,#60,#134,#407));
#409= IFCRELDEFINESBYPROPERTIES('17LVa$VoZpwZG29hpZXble',$,$,$,(#403),#408);
#410= IFCPROPERTYSET('3tbF5CHL3dV14x9jxS4uQr',$,'3D Visualization',$,(#91,#92,#93));
#411= IFCRELDEFINESBYPROPERTIES('0z1QSkoWSc8aXLdcPUogJh',$,$,$,(#403),#410);
#412= IFCPROPERTYSET('0BVvmDrxHrHj09wiXqhtGQ',$,'General',$,(#72,#74,#75,#76,#77,#140));
#413= IFCRELDEFINESBYPROPERTIES('2CnJqUkw3Yp8gi97JmuFXA',$,$,$,(#403),#412);
#414= IFCPROPERTYSET('3NWWhxdPbr7FlMzBObrMI9',$,'Geometry',$,(#82));
#415= IFCRELDEFINESBYPROPERTIES('1O7kTAoHXoNLE4v8IYpiqU',$,$,$,(#403),#414);
#416= IFCPROPERTYSINGLEVALUE('HorizontalBaselineHandle',$,IFCLABEL('5C6F9'),$);
#417= IFCPROPERTYSINGLEVALUE('VerticalBaselineHandle',$,IFCLABEL('5CEED'),$);
#418= IFCPROPERTYSINGLEVALUE('AssemblyHandle',$,IFCLABEL('5D129'),$);
#419= IFCPROPERTYSINGLEVALUE('SubassemblyHandle',$,IFCLABEL('5FC40'),$);
#420= IFCPROPERTYSINGLEVALUE('BaselineGuid',$,IFCLABEL('{F2CC7D13-69DE-475A-8F23-499FB8353964}'),$);
#421= IFCPROPERTYSINGLEVALUE('RegionGuid',$,IFCLABEL('{670B7CB5-9386-46F6-97E3-687389CE1A42}'),$);
#422= IFCPROPERTYSINGLEVALUE('StartStation',$,IFCLABEL('0+014.16m'),$);
#423= IFCPROPERTYSINGLEVALUE('EndStation',$,IFCLABEL('0+015.90m'),$);
#424= IFCPROPERTYSET('0fVCiq63d3ISY6uwsjiBo1',$,'Corridor Identity',$,(#150,#153,#156,#337,#416,#417,#418,#419,#420,#421,#422,#423));
#425= IFCRELDEFINESBYPROPERTIES('0D7nP_f3XqlLRV78hPh8qH',$,$,$,(#403),#424);
#426= IFCPROPERTYSINGLEVALUE('BaselineName',$,IFCLABEL('BL - T5 - (82)'),$);
#427= IFCPROPERTYSINGLEVALUE('HorizontalBaseline',$,IFCLABEL('Tuyen_T5'),$);
#428= IFCPROPERTYSINGLEVALUE('VerticalBaseline',$,IFCLABEL('DD_T5'),$);
#429= IFCPROPERTYSINGLEVALUE('RegionName',$,IFCLABEL('RG - L3.5m - (92)'),$);
#430= IFCPROPERTYSET('1_OaZMwIYjiGEirJcO5xOa',$,'Corridor Model Information',$,(#348,#426,#427,#428,#429));
#431= IFCRELDEFINESBYPROPERTIES('3_HLHRM1E_9THnx$JcDtWP',$,$,$,(#403),#430);
#432= IFCPROPERTYSINGLEVALUE('AssemblyName',$,IFCLABEL('L3.5m'),$);
#433= IFCPROPERTYSINGLEVALUE('AssemblyStartStation',$,IFCLABEL('0+014.16m'),$);
#434= IFCPROPERTYSINGLEVALUE('AssemblyEndStation',$,IFCLABEL('0+015.90m'),$);
#435= IFCPROPERTYSET('0vs0PDkKf_3qn6H4vqiBHV',$,'Corridor Shape Information',$,(#166,#167,#432,#433,#434));
#436= IFCRELDEFINESBYPROPERTIES('2MBE6BZsE5RIOodDBEXFQ0',$,$,$,(#403),#435);
#437= IFCCARTESIANPOINTLIST3D(((2.910098,4.08187,-0.496732),(2.84453,4.012882,-0.496829),(3.979917,3.021913,0.506279),(3.912944,2.954317,0.504866),(1.958205,3.080336,-0.498138),(3.007633,2.040582,0.485756),(1.466402,2.562886,-0.498865),(2.505296,1.533569,0.475152),(0.088274,1.11289,-0.500901),(1.097647,0.112822,0.445439),(-1.289854,-0.337107,-0.502937),(-0.310002,-1.307926,0.415725),(-2.667982,-1.787103,-0.504973),(-1.717651,-2.728673,0.386012),(-2.77679,-1.901585,-0.505134),(-1.82879,-2.840846,0.383666),(-2.778857,-1.90376,-0.505137),(-1.830901,-2.842977,0.383621),(-3.979917,-3.16873,-0.506327),(-3.058327,-4.081825,0.357712)),$);
#438= IFCTRIANGULATEDFACESET(#437,$,$,((1,2,3),(3,2,4),(2,5,4),(4,5,6),(5,7,6),(6,7,8),(7,9,8),(8,9,10),(9,11,10),(10,11,12),(11,13,12),(12,13,14),(13,15,14),(14,15,16),(15,17,16),(16,17,18),(17,19,18),(18,19,20)),$);
#439= IFCSHAPEREPRESENTATION(#114,'Body','Tessellation',(#438));
#440= IFCPRODUCTDEFINITIONSHAPE($,$,(#439));
#441= IFCCARTESIANPOINT((112.603296,210.1273,370.526077));
#442= IFCAXIS2PLACEMENT3D(#441,$,$);
#443= IFCLOCALPLACEMENT(#5,#442);
#444= IFCBUILTELEMENT('1R6vWNw9zEB93UiIAxFS08',$,'Taluy',$,$,#443,#440,'5CFFD');
#445= IFCSTYLEDITEM(#438,(#126),'Taluy');
#446= IFCPROPERTYSET('25AuRg3ZT5YwztlDMJlRHf',$,'Misc',$,(#85,#87,#88,#129,#130,#131));
#447= IFCRELDEFINESBYPROPERTIES('2siiFvhhydiPltrUiJV_iv',$,$,$,(#444),#446);
#448= IFCPROPERTYSINGLEVALUE('Bounds',$,IFCLABEL('((505158.62337854184,1707752.045426752,370.01695065629775),(505166.58321292524,1707760.2091732956,371.03520385606913))'),$);
#449= IFCPROPERTYSET('23ovuCl07ctUW0aIVATzeS',$,'Properties',$,(#39,#40,#41,#42,#43,#44,#45,#46,#47,#48,#49,#50,#51,#52,#53,#54,#55,#56,#57,#59,#60,#134,#448));
#450= IFCRELDEFINESBYPROPERTIES('2ZbGE2kEArZUZwQ7TR9HJd',$,$,$,(#444),#449);
#451= IFCPROPERTYSET('1au0a9W1l3B0Ed1TjXlb4k',$,'3D Visualization',$,(#91,#92,#93));
#452= IFCRELDEFINESBYPROPERTIES('0qnpC2qWwgY81AM_C6ScYi',$,$,$,(#444),#451);
#453= IFCPROPERTYSET('0xr0wHejwUxCuKLZv1_CCR',$,'General',$,(#72,#74,#75,#76,#77,#140));
#454= IFCRELDEFINESBYPROPERTIES('3M5Ujje7oaKTkA55YQ7c7j',$,$,$,(#444),#453);
#455= IFCPROPERTYSET('16yzxh5nu__na_nSdT_omE',$,'Geometry',$,(#82));
#456= IFCRELDEFINESBYPROPERTIES('0Ow3QLA6B77HIkwtLOubEO',$,$,$,(#444),#455);
#457= IFCPROPERTYSINGLEVALUE('AssemblyHandle',$,IFCLABEL('5D019'),$);
#458= IFCPROPERTYSINGLEVALUE('SubassemblyHandle',$,IFCLABEL('5FC3B'),$);
#459= IFCPROPERTYSINGLEVALUE('RegionGuid',$,IFCLABEL('{1A6C4978-E1F0-423B-B2CC-A7FCA52F4914}'),$);
#460= IFCPROPERTYSINGLEVALUE('StartStation',$,IFCLABEL('0+015.90m'),$);
#461= IFCPROPERTYSINGLEVALUE('EndStation',$,IFCLABEL('0+025.90m'),$);
#462= IFCPROPERTYSET('1zlSu8ieEy_AR_2lJ8Xyub',$,'Corridor Identity',$,(#150,#153,#156,#337,#416,#417,#420,#457,#458,#459,#460,#461));
#463= IFCRELDEFINESBYPROPERTIES('0rOZq07NSdti96q6FTIJXF',$,$,$,(#444),#462);
#464= IFCPROPERTYSINGLEVALUE('RegionName',$,IFCLABEL('RG - 3m5 - (93)'),$);
#465= IFCPROPERTYSET('1H3gkE_HQaogQ6brmpN6zG',$,'Corridor Model Information',$,(#348,#426,#427,#428,#464));
#466= IFCRELDEFINESBYPROPERTIES('0LbbWDBnImRWpRdsrr$zvn',$,$,$,(#444),#465);
#467= IFCPROPERTYSINGLEVALUE('AssemblyName',$,IFCLABEL('3m5'),$);
#468= IFCPROPERTYSINGLEVALUE('AssemblyStartStation',$,IFCLABEL('0+015.90m'),$);
#469= IFCPROPERTYSINGLEVALUE('AssemblyEndStation',$,IFCLABEL('0+025.90m'),$);
#470= IFCPROPERTYSET('13wxAKEU_A$G$SFB7zTiZJ',$,'Corridor Shape Information',$,(#166,#198,#467,#468,#469));
#471= IFCRELDEFINESBYPROPERTIES('1eM68t0fncN7v8UcNrR5RR',$,$,$,(#444),#470);
#472= IFCCARTESIANPOINTLIST3D(((2.963318,4.09788,0.591986),(4.074923,2.996555,-0.452235),(2.896345,4.030284,0.590572),(4.008104,2.928807,-0.453793),(1.991035,3.116549,0.571462),(3.104871,2.013013,-0.474856),(1.488697,2.609537,0.560859),(2.603686,1.504858,-0.486542),(0.081048,1.188789,0.531145),(1.19861,0.081562,-0.518672),(-1.326601,-0.231959,0.501432),(-0.207272,-1.340936,-0.550045),(-2.73425,-1.652706,0.471718),(-1.621538,-2.755128,-0.573543),(-2.845389,-1.764879,0.469372),(-1.733547,-2.866439,-0.575072),(-2.8475,-1.76701,0.469328),(-1.735675,-2.868554,-0.575101),(-4.074926,-3.005858,0.443418),(-2.97271,-4.09788,-0.591983)),$);
#473= IFCTRIANGULATEDFACESET(#472,$,$,((1,2,3),(3,2,4),(3,4,5),(5,4,6),(5,6,7),(7,6,8),(7,8,9),(9,8,10),(9,10,11),(11,10,12),(11,12,13),(13,12,14),(13,14,15),(15,14,16),(15,16,17),(17,16,18),(17,18,19),(19,18,20)),$);
#474= IFCSHAPEREPRESENTATION(#114,'Body','Tessellation',(#473));
#475= IFCPRODUCTDEFINITIONSHAPE($,$,(#474));
#476= IFCCARTESIANPOINT((123.210005,199.549768,370.434251));
#477= IFCAXIS2PLACEMENT3D(#476,$,$);
#478= IFCLOCALPLACEMENT(#5,#477);
#479= IFCBUILTELEMENT('2uYhX1_Zz24P2zPa0P74P2',$,'Taluy',$,$,#478,#475,'5D005');
#480= IFCSTYLEDITEM(#473,(#126),'Taluy');
#481= IFCPROPERTYSET('1252vLi2$6bQUS7D9AlYME',$,'Misc',$,(#85,#87,#88,#129,#130,#131));
#482= IFCRELDEFINESBYPROPERTIES('07C$$voAmpaHLUgujR0cJ7',$,$,$,(#479),#481);
#483= IFCPROPERTYSINGLEVALUE('Bounds',$,IFCLABEL('((505169.1347545633,1707741.4515006444,369.8400539976445),(505177.2852561263,1707749.6480348753,371.02844850755974))'),$);
#484= IFCPROPERTYSET('1O1AUFa1Wdk39N_U7aW$Wr',$,'Properties',$,(#39,#40,#41,#42,#43,#44,#45,#46,#47,#48,#49,#50,#51,#52,#53,#54,#55,#56,#57,#59,#60,#134,#483));
#485= IFCRELDEFINESBYPROPERTIES('1xGpb3T9bXeg522SIomAEh',$,$,$,(#479),#484);
#486= IFCPROPERTYSET('1R7zDRbAU0ylhwZFovMZV0',$,'3D Visualization',$,(#91,#92,#93));
#487= IFCRELDEFINESBYPROPERTIES('0b_xv$ZsRs9371mfuJ99gq',$,$,$,(#479),#486);
#488= IFCPROPERTYSET('3$Bpvv66t8GgadKiTolgGK',$,'General',$,(#72,#74,#75,#76,#77,#140));
#489= IFCRELDEFINESBYPROPERTIES('0AtlB4h32qEcoIgCntMDSt',$,$,$,(#479),#488);
#490= IFCPROPERTYSET('1VpqVL_aQ_lb90DSx2aSME',$,'Geometry',$,(#82));
#491= IFCRELDEFINESBYPROPERTIES('0B1qttmaCnpyksozwa1a62',$,$,$,(#479),#490);
#492= IFCPROPERTYSINGLEVALUE('SubassemblyHandle',$,IFCLABEL('5FC3C'),$);
#493= IFCPROPERTYSET('3tsIETgkyldVUPd5673uv8',$,'Corridor Identity',$,(#150,#153,#156,#337,#416,#417,#420,#457,#459,#460,#461,#492));
#494= IFCRELDEFINESBYPROPERTIES('2OLHGnye9sbxI5rqWhJA$I',$,$,$,(#479),#493);
#495= IFCPROPERTYSET('3aTU3KzgA37yyAFJnCo7yF',$,'Corridor Model Information',$,(#348,#426,#427,#428,#464));
#496= IFCRELDEFINESBYPROPERTIES('0TRLQ1_unTNOSgnhp666uv',$,$,$,(#479),#495);
#497= IFCPROPERTYSET('2xNVaVfLvWtm$Mt6L3a1Uu',$,'Corridor Shape Information',$,(#166,#167,#467,#468,#469));
#498= IFCRELDEFINESBYPROPERTIES('3yCnYgEy5EpRoejWdwry_S',$,$,$,(#479),#497);
#499= IFCCARTESIANPOINTLIST3D(((-4.330758,2.636162,0.662319),(-3.206641,3.928625,-0.479529),(-3.844212,2.212733,0.650139),(-2.720478,3.504755,-0.491319),(-2.50873,1.050494,0.61671),(-1.386046,2.341308,-0.523681),(-2.335545,0.899776,0.612375),(-1.212998,2.190433,-0.527878),(-0.826878,-0.413181,0.574611),(0.294482,0.876111,-0.564436),(0.226457,-1.329874,0.548244),(1.346988,-0.041535,-0.58996),(0.681789,-1.726138,0.536846),(1.801962,-0.438211,-0.600994),(2.190456,-3.039095,0.499082),(3.309441,-1.752533,-0.637553),(3.212578,-3.928623,0.473496),(4.330758,-2.642986,-0.662321)),$);
#500= IFCTRIANGULATEDFACESET(#499,$,$,((1,2,3),(3,2,4),(3,4,5),(5,4,6),(5,6,7),(7,6,8),(7,8,9),(9,8,10),(9,10,11),(11,10,12),(11,12,13),(13,12,14),(13,14,15),(15,14,16),(15,16,17),(17,16,18)),$);
#501= IFCSHAPEREPRESENTATION(#114,'Body','Tessellation',(#500));
#502= IFCPRODUCTDEFINITIONSHAPE($,$,(#501));
#503= IFCCARTESIANPOINT((125.151983,240.875515,371.096277));
#504= IFCAXIS2PLACEMENT3D(#503,$,$);
#505= IFCLOCALPLACEMENT(#5,#504);
#506= IFCBUILTELEMENT('1QzGeHpi53oRRIVJBD83Ca',$,'Taluy',$,$,#505,#502,'5D00D');
#507= IFCSTYLEDITEM(#500,(#126),'Taluy');
#508= IFCPROPERTYSET('1_rvzO6SwlQXR936627re$',$,'Misc',$,(#85,#87,#88,#129,#130,#131));
#509= IFCRELDEFINESBYPROPERTIES('3rzGMrx8nkovJjswTG5Wrh',$,$,$,(#506),#508);
#510= IFCPROPERTYSINGLEVALUE('Bounds',$,IFCLABEL('((505170.8208093458,1707782.9468319227,370.4335357996552),(505179.4831560671,1707790.8041985885,371.75901769457045))'),$);
#511= IFCPROPERTYSET('023gUAWeq27dFHtHvPTA6C',$,'Properties',$,(#39,#40,#41,#42,#43,#44,#45,#46,#47,#48,#49,#50,#51,#52,#53,#54,#55,#56,#57,#59,#60,#134,#510));
#512= IFCRELDEFINESBYPROPERTIES('0oKeDALEw03Hy8Cfx_AGFU',$,$,$,(#506),#511);
#513= IFCPROPERTYSET('1SZQNIahVOxJvopKLWIzBa',$,'3D Visualization',$,(#91,#92,#93));
#514= IFCRELDEFINESBYPROPERTIES('0BELSDODYWZMXjhXGVwERs',$,$,$,(#506),#513);
#515= IFCPROPERTYSET('0C9jjI$OeDmhYF5hXf4DXC',$,'General',$,(#72,#74,#75,#76,#77,#140));
#516= IFCRELDEFINESBYPROPERTIES('2qywTOQQAPBQ0NSlc3OfkI',$,$,$,(#506),#515);
#517= IFCPROPERTYSET('3$SCxQW9hlHdjqo6Wn8V5k',$,'Geometry',$,(#82));
#518= IFCRELDEFINESBYPROPERTIES('1lnWd2MZHgNUw0gzA0Oxfm',$,$,$,(#506),#517);
#519= IFCPROPERTYSINGLEVALUE('BaselineGuid',$,IFCLABEL('{D2BDC5C0-975D-4579-906D-8DD85C11485D}'),$);
#520= IFCPROPERTYSINGLEVALUE('RegionGuid',$,IFCLABEL('{71E7E5D7-CB02-4336-840A-DBF1A2CD8BC8}'),$);
#521= IFCPROPERTYSINGLEVALUE('StartStation',$,IFCLABEL('0+031.35m'),$);
#522= IFCPROPERTYSINGLEVALUE('EndStation',$,IFCLABEL('0+041.35m'),$);
#523= IFCPROPERTYSET('3pmnjwEY1ixUMHhtbUzg53',$,'Corridor Identity',$,(#146,#147,#148,#149,#150,#153,#156,#337,#519,#520,#521,#522));
#524= IFCRELDEFINESBYPROPERTIES('0dQ_JqEl5Z9B$5LMGq82TI',$,$,$,(#506),#523);
#525= IFCPROPERTYSINGLEVALUE('BaselineName',$,IFCLABEL('BL - T4 - (83)'),$);
#526= IFCPROPERTYSINGLEVALUE('RegionName',$,IFCLABEL('RG - 5m - (94)'),$);
#527= IFCPROPERTYSET('2qTmX5MH806aBvo6PKcUm_',$,'Corridor Model Information',$,(#161,#162,#348,#525,#526));
#528= IFCRELDEFINESBYPROPERTIES('1GccD4aCd3fm_WA5_vLsDT',$,$,$,(#506),#527);
#529= IFCPROPERTYSINGLEVALUE('AssemblyStartStation',$,IFCLABEL('0+031.35m'),$);
#530= IFCPROPERTYSINGLEVALUE('AssemblyEndStation',$,IFCLABEL('0+041.35m'),$);
#531= IFCPROPERTYSET('3ztM$3S$2Q9W5LdcYqExfx',$,'Corridor Shape Information',$,(#166,#167,#168,#529,#530));
#532= IFCRELDEFINESBYPROPERTIES('2pIxXQUBx_4kxP$Rn8Vui$',$,$,$,(#506),#531);
#533= IFCCARTESIANPOINTLIST3D(((-4.621929,2.198258,-0.860973),(-4.123083,1.788953,-0.860664),(-2.921466,4.151003,0.865418),(-2.43492,3.727573,0.853239),(-2.754035,0.66526,-0.860016),(-1.099437,2.565335,0.81981),(-2.576514,0.519521,-0.859949),(-0.926253,2.414617,0.815475),(-1.029888,-0.749845,-0.859176),(0.582415,1.10166,0.77771),(0.049409,-1.636724,-0.859186),(1.63575,0.184968,0.751344),(0.516205,-2.019824,-0.858945),(2.091082,-0.211296,0.739946),(2.061951,-3.290201,-0.859065),(3.59975,-1.524253,0.702182),(3.109085,-4.151005,-0.859256),(4.621871,-2.413781,0.676596)),$);
#534= IFCTRIANGULATEDFACESET(#533,$,$,((1,2,3),(3,2,4),(2,5,4),(4,5,6),(5,7,6),(6,7,8),(7,9,8),(8,9,10),(9,11,10),(10,11,12),(11,13,12),(12,13,14),(13,15,14),(14,15,16),(15,17,16),(16,17,18)),$);
#535= IFCSHAPEREPRESENTATION(#114,'Body','Tessellation',(#534));
#536= IFCPRODUCTDEFINITIONSHAPE($,$,(#535));
#537= IFCCARTESIANPOINT((110.284761,223.896721,370.89235));
#538= IFCAXIS2PLACEMENT3D(#537,$,$);
#539= IFCLOCALPLACEMENT(#5,#538);
#540= IFCBUILTELEMENT('23i3Cx5X583O0fbN8R9bAv',$,'Taluy',$,$,#539,#536,'5D015');
#541= IFCSTYLEDITEM(#534,(#126),'Taluy');
#542= IFCPROPERTYSET('3CazEmPdUa8MsasaQ9kgBP',$,'Misc',$,(#85,#87,#88,#129,#130,#131));
#543= IFCRELDEFINESBYPROPERTIES('079G26K4AsBAv9lzXz9fu9',$,$,$,(#540),#542);
#544= IFCPROPERTYSINGLEVALUE('Bounds',$,IFCLABEL('((505155.66283137904,1707765.745153473,370.02639713567925),(505164.9066906505,1707774.0482880154,371.75830228260935))'),$);
#545= IFCPROPERTYSET('2twFEDR7GeFeQdn7_QRmMv',$,'Properties',$,(#39,#40,#41,#42,#43,#44,#45,#46,#47,#48,#49,#50,#51,#52,#53,#54,#55,#56,#57,#59,#60,#134,#544));
#546= IFCRELDEFINESBYPROPERTIES('21m3wLl3NqxW3FL7wlNQy8',$,$,$,(#540),#545);
#547= IFCPROPERTYSET('1NB87Ai3sWmN72qk$5dIL9',$,'3D Visualization',$,(#91,#92,#93));
#548= IFCRELDEFINESBYPROPERTIES('2xxd2TTdBd$m9gpjXzBdpJ',$,$,$,(#540),#547);
#549= IFCPROPERTYSET('240yDi6pdvLMqsbPaVdId9',$,'General',$,(#72,#74,#75,#76,#77,#140));
#550= IFCRELDEFINESBYPROPERTIES('2G7v0_MWLtLp1oZNF3Z1o6',$,$,$,(#540),#549);
#551= IFCPROPERTYSET('24uFfpZZtCwbO_VIXAKJ9G',$,'Geometry',$,(#82));
#552= IFCRELDEFINESBYPROPERTIES('24udHwtjv68nkBz4$qOBQs',$,$,$,(#540),#551);
#553= IFCPROPERTYSET('151OQqj_ohxq11_MbkjlQv',$,'Corridor Identity',$,(#146,#147,#148,#150,#153,#156,#193,#337,#519,#520,#521,#522));
#554= IFCRELDEFINESBYPROPERTIES('3kw0Isgla9jhYGK1Xi$28A',$,$,$,(#540),#553);
#555= IFCPROPERTYSET('1naai2P3raRiW1LbtPTvCs',$,'Corridor Model Information',$,(#161,#162,#348,#525,#526));
#556= IFCRELDEFINESBYPROPERTIES('1lDrdGn1kqC5ZrpQ1B_lCx',$,$,$,(#540),#555);
#557= IFCPROPERTYSET('2fSPa838P4YJMLfTwWLtdf',$,'Corridor Shape Information',$,(#166,#168,#198,#529,#530));
#558= IFCRELDEFINESBYPROPERTIES('1TwjtbnNA2v5lRNHNWCThW',$,$,$,(#540),#557);
#559= IFCCARTESIANPOINTLIST3D(((-10.738461,8.23818,0.797515),(-9.620281,9.523817,-0.338302),(-10.251916,7.814751,0.785336),(-9.134118,9.099947,-0.350092),(-8.743248,6.501794,0.747572),(-7.626638,7.785625,-0.38665),(-7.234581,5.188837,0.709807),(-6.119158,6.471303,-0.423208),(-5.725914,3.87588,0.672043),(-4.611679,5.156981,-0.459767),(-4.217247,2.562923,0.634279),(-3.104199,3.842659,-0.496325),(-2.70858,1.249966,0.596514),(-1.596719,2.528337,-0.532883),(-1.199912,-0.06299,0.55875),(-0.089239,1.214015,-0.569442),(0.308755,-1.375947,0.520985),(1.418241,-0.100307,-0.606),(1.817422,-2.688904,0.483221),(2.92572,-1.41463,-0.642558),(3.326089,-4.001861,0.445456),(4.4332,-2.728952,-0.679117),(4.834756,-5.314818,0.407692),(5.94068,-4.043274,-0.715675),(6.343424,-6.627775,0.369927),(7.437698,-5.369624,-0.741607),(7.852091,-7.940732,0.332163),(8.936412,-6.694025,-0.769261),(9.360758,-9.253689,0.294399),(10.431069,-8.02309,-0.792794),(9.671132,-9.5238,0.286629),(10.738461,-8.29663,-0.797535)),$);
#560= IFCTRIANGULATEDFACESET(#559,$,$,((1,2,3),(3,2,4),(3,4,5),(5,4,6),(5,6,7),(7,6,8),(7,8,9),(9,8,10),(9,10,11),(11,10,12),(11,12,13),(13,12,14),(13,14,15),(15,14,16),(15,16,17),(17,16,18),(17,18,19),(19,18,20),(19,20,21),(21,20,22),(21,22,23),(23,22,24),(23,24,25),(25,24,26),(25,26,27),(27,26,28),(27,28,29),(29,28,30),(29,30,31),(31,30,32)),$);
#561= IFCSHAPEREPRESENTATION(#114,'Body','Tessellation',(#560));
#562= IFCPRODUCTDEFINITIONSHAPE($,$,(#561));
#563= IFCCARTESIANPOINT((139.103022,228.708712,370.772258));
#564= IFCAXIS2PLACEMENT3D(#563,$,$);
#565= IFCLOCALPLACEMENT(#5,#564);
#566= IFCBUILTELEMENT('1uvqJpgxL6jQnY$KD4YOjH',$,'Taluy',$,$,#565,#562,'5D01D');
#567= IFCSTYLEDITEM(#560,(#126),'Taluy');
#568= IFCPROPERTYSET('3ovyt7YQvq_rSO7e287i1r',$,'Misc',$,(#85,#87,#88,#129,#130,#131));
#569= IFCRELDEFINESBYPROPERTIES('1qVgri41G4hBPyVwyAUPqb',$,$,$,(#566),#568);
#570= IFCPROPERTYSINGLEVALUE('Bounds',$,IFCLABEL('((505178.36406220397,1707765.1847481118,369.97432198768405),(505199.84198156727,1707784.2326764169,371.57019321329966))'),$);
#571= IFCPROPERTYSET('0i3hjCs6Gf59SM9pn4U7Gt',$,'Properties',$,(#39,#40,#41,#42,#43,#44,#45,#46,#47,#48,#49,#50,#51,#52,#53,#54,#55,#56,#57,#59,#60,#134,#570));
#572= IFCRELDEFINESBYPROPERTIES('06PDkbT9nQNFJSHFG2T1Xh',$,$,$,(#566),#571);
#573= IFCPROPERTYSET('3nJAMf4J7CuhgxTUZjj$B6',$,'3D Visualization',$,(#91,#92,#93));
#574= IFCRELDEFINESBYPROPERTIES('1B4Y_wBGoAH6WnAIezkRkE',$,$,$,(#566),#573);
#575= IFCPROPERTYSET('2KlPmMarA9RQIBB5RmPjUk',$,'General',$,(#72,#74,#75,#76,#77,#140));
#576= IFCRELDEFINESBYPROPERTIES('2jQJJgRW$Sk5AH8_KTB4QF',$,$,$,(#566),#575);
#577= IFCPROPERTYSET('3e2haGNJYJ_DnSut19tLdl',$,'Geometry',$,(#82));
#578= IFCRELDEFINESBYPROPERTIES('0Jv63xm42xUexceNMWCq_6',$,$,$,(#566),#577);
#579= IFCPROPERTYSINGLEVALUE('AssemblyHandle',$,IFCLABEL('5D02F'),$);
#580= IFCPROPERTYSINGLEVALUE('SubassemblyHandle',$,IFCLABEL('5FC3F'),$);
#581= IFCPROPERTYSINGLEVALUE('RegionGuid',$,IFCLABEL('{448380F2-0438-4F73-87DE-0AAA1D0DBF28}'),$);
#582= IFCPROPERTYSINGLEVALUE('StartStation',$,IFCLABEL('0+041.35m'),$);
#583= IFCPROPERTYSINGLEVALUE('EndStation',$,IFCLABEL('0+068.41m'),$);
#584= IFCPROPERTYSET('2Zq1dqbJl92X7eNMIOwM8W',$,'Corridor Identity',$,(#146,#147,#150,#153,#156,#337,#519,#579,#580,#581,#582,#583));
#585= IFCRELDEFINESBYPROPERTIES('3hKV8P5DKP9qAf4nRqBfjs',$,$,$,(#566),#584);
#586= IFCPROPERTYSINGLEVALUE('RegionName',$,IFCLABEL('RG - L5m - (95)'),$);
#587= IFCPROPERTYSET('2c4M98DV$_Zo_CDs24W6uS',$,'Corridor Model Information',$,(#161,#162,#348,#525,#586));
#588= IFCRELDEFINESBYPROPERTIES('2OUp3y9X0YhGlAasBukiVC',$,$,$,(#566),#587);
#589= IFCPROPERTYSINGLEVALUE('AssemblyName',$,IFCLABEL('L5m'),$);
#590= IFCPROPERTYSINGLEVALUE('AssemblyStartStation',$,IFCLABEL('0+041.35m'),$);
#591= IFCPROPERTYSINGLEVALUE('AssemblyEndStation',$,IFCLABEL('0+068.41m'),$);
#592= IFCPROPERTYSET('2fnxCkt_b6wD_vAiA0BnEG',$,'Corridor Shape Information',$,(#166,#167,#589,#590,#591));
#593= IFCRELDEFINESBYPROPERTIES('2EIl80s5vMbz$M0JYG2mCJ',$,$,$,(#566),#592);
#594= IFCCARTESIANPOINTLIST3D(((-4.269097,2.668819,0.599672),(-3.201767,3.895989,-0.484492),(-3.070804,1.625973,0.569677),(-2.014987,2.839907,-0.502793),(-1.562136,0.313017,0.531912),(-0.520814,1.510285,-0.525835),(-0.053469,-0.99994,0.494148),(0.973359,0.180663,-0.548876),(1.455198,-2.312897,0.456383),(2.467532,-1.148959,-0.571918),(2.963865,-3.625854,0.418619),(3.961705,-2.478581,-0.594959),(3.274239,-3.895965,0.41085),(4.269097,-2.75212,-0.599699)),$);
#595= IFCTRIANGULATEDFACESET(#594,$,$,((1,2,3),(3,2,4),(3,4,5),(5,4,6),(5,6,7),(7,6,8),(7,8,9),(9,8,10),(9,10,11),(11,10,12),(11,12,13),(13,12,14)),$);
#596= IFCSHAPEREPRESENTATION(#114,'Body','Tessellation',(#595));
#597= IFCPRODUCTDEFINITIONSHAPE($,$,(#596));
#598= IFCCARTESIANPOINT((153.043251,216.516093,370.459215));
#599= IFCAXIS2PLACEMENT3D(#598,$,$);
#600= IFCLOCALPLACEMENT(#5,#599);
#601= IFCBUILTELEMENT('05wX_cwg9EP9xCVPzC3i_y',$,'Taluy',$,$,#600,#597,'5D025');
#602= IFCSTYLEDITEM(#595,(#126),'Taluy');
#603= IFCPROPERTYSET('33Xd2Um0WbzhORhFHBE4$8',$,'Misc',$,(#85,#87,#88,#129,#130,#131));
#604= IFCRELDEFINESBYPROPERTIES('3KeYnfQle$2hAXI5r4JRf7',$,$,$,(#601),#603);
#605= IFCPROPERTYSINGLEVALUE('Bounds',$,IFCLABEL('((505198.7737781728,1707758.6200669152,369.85914182715106),(505207.31272327574,1707766.4121189665,371.0592880218042))'),$);
#606= IFCPROPERTYSET('2yvASDUL3lProAT0sSpNFq',$,'Properties',$,(#39,#40,#41,#42,#43,#44,#45,#46,#47,#48,#49,#50,#51,#52,#53,#54,#55,#56,#57,#59,#60,#134,#605));
#607= IFCRELDEFINESBYPROPERTIES('0n1tp_a40qV97k7NVzeV6S',$,$,$,(#601),#606);
#608= IFCPROPERTYSET('1EGmxfN160uaY6TgeOX8Rn',$,'3D Visualization',$,(#91,#92,#93));
#609= IFCRELDEFINESBYPROPERTIES('0gv1Q3FUV1_uvkEGyl1axY',$,$,$,(#601),#608);
#610= IFCPROPERTYSET('0dF4EqJiU3m61r5MJxH2PR',$,'General',$,(#72,#74,#75,#76,#77,#140));
#611= IFCRELDEFINESBYPROPERTIES('0qpThCLtPPLeHrRVKGQ$AE',$,$,$,(#601),#610);
#612= IFCPROPERTYSET('2l_ZTBKF31MtJOEY_9SiRv',$,'Geometry',$,(#82));
#613= IFCRELDEFINESBYPROPERTIES('0arPPLMn4TC3_4UcRgrl6y',$,$,$,(#601),#612);
#614= IFCPROPERTYSINGLEVALUE('RegionGuid',$,IFCLABEL('{E9D41F97-2CCC-457B-9BBB-03F4493F5114}'),$);
#615= IFCPROPERTYSINGLEVALUE('StartStation',$,IFCLABEL('0+068.41m'),$);
#616= IFCPROPERTYSINGLEVALUE('EndStation',$,IFCLABEL('0+078.41m'),$);
#617= IFCPROPERTYSET('1M5gFaYnVXEmZ4htJ_0ZUS',$,'Corridor Identity',$,(#146,#147,#148,#149,#150,#153,#156,#337,#519,#614,#615,#616));
#618= IFCRELDEFINESBYPROPERTIES('2K$nSnjSpm7TiSL_do5fng',$,$,$,(#601),#617);
#619= IFCPROPERTYSINGLEVALUE('RegionName',$,IFCLABEL('RG - 5m - (96)'),$);
#620= IFCPROPERTYSET('3t5FR3ID5YcGDgxfgKWa6e',$,'Corridor Model Information',$,(#161,#162,#348,#525,#619));
#621= IFCRELDEFINESBYPROPERTIES('13$WU4DkRjeMChk5rwZ0f8',$,$,$,(#601),#620);
#622= IFCPROPERTYSINGLEVALUE('AssemblyStartStation',$,IFCLABEL('0+068.41m'),$);
#623= IFCPROPERTYSINGLEVALUE('AssemblyEndStation',$,IFCLABEL('0+078.41m'),$);
#624= IFCPROPERTYSET('2c93t8WzrftIvA2lOpO8bB',$,'Corridor Shape Information',$,(#166,#167,#168,#622,#623));
#625= IFCRELDEFINESBYPROPERTIES('2hD9sG3SSBpUWOUR7ercIk',$,$,$,(#601),#624);
#626= IFCCARTESIANPOINTLIST3D(((-3.204238,3.935012,0.671382),(-4.339098,2.631784,-0.480781),(-2.005945,2.892166,0.641387),(-3.130898,1.600314,-0.500719),(-0.497277,1.579209,0.603622),(-1.625003,0.284174,-0.541298),(1.01139,0.266252,0.565858),(-0.119107,-1.031966,-0.581876),(2.520057,-1.046705,0.528094),(1.386788,-2.348106,-0.622455),(4.028724,-2.359662,0.490329),(2.892683,-3.664246,-0.663033),(4.339098,-2.629773,0.48256),(3.202487,-3.935012,-0.671382)),$);
#627= IFCTRIANGULATEDFACESET(#626,$,$,((1,2,3),(3,2,4),(3,4,5),(5,4,6),(5,6,7),(7,6,8),(7,8,9),(9,8,10),(9,10,11),(11,10,12),(11,12,13),(13,12,14)),$);
#628= IFCSHAPEREPRESENTATION(#114,'Body','Tessellation',(#627));
#629= IFCPRODUCTDEFINITIONSHAPE($,$,(#628));
#630= IFCCARTESIANPOINT((138.520458,199.785941,370.386678));
#631= IFCAXIS2PLACEMENT3D(#630,$,$);
#632= IFCLOCALPLACEMENT(#5,#631);
#633= IFCBUILTELEMENT('0TE4drWeDBYx6sqp45Szjv',$,'Taluy',$,$,#632,#629,'5D02D');
#634= IFCSTYLEDITEM(#627,(#126),'Taluy');
#635= IFCPROPERTYSET('0Ti9viktMDmVlIw22H54tt',$,'Misc',$,(#85,#87,#88,#129,#130,#131));
#636= IFCRELDEFINESBYPROPERTIES('26K0uhI2v$a8mvcUYDLw1z',$,$,$,(#633),#635);
#637= IFCPROPERTYSINGLEVALUE('Bounds',$,IFCLABEL('((505184.1813016096,1707741.8504916513,369.71493931007404),(505192.8596145286,1707749.7213912606,371.05841648532163))'),$);
#638= IFCPROPERTYSET('1SV7YCLa9d4MydJfoSExFH',$,'Properties',$,(#39,#40,#41,#42,#43,#44,#45,#46,#47,#48,#49,#50,#51,#52,#53,#54,#55,#56,#57,#59,#60,#134,#637));
#639= IFCRELDEFINESBYPROPERTIES('0PUAPPOm3zGfeDMbPrEMHG',$,$,$,(#633),#638);
#640= IFCPROPERTYSET('1j$K8tTXrDJEts3z3bgBFT',$,'3D Visualization',$,(#91,#92,#93));
#641= IFCRELDEFINESBYPROPERTIES('3cBLr73vLT_BqFxDXMv0_g',$,$,$,(#633),#640);
#642= IFCPROPERTYSET('3qpKoCNu6lY9z9VnL381hU',$,'General',$,(#72,#74,#75,#76,#77,#140));
#643= IFCRELDEFINESBYPROPERTIES('2Hqe9ObqDv0iG3ovGFv$Z6',$,$,$,(#633),#642);
#644= IFCPROPERTYSET('1OthWP5QgmA1YIOLNMhrXU',$,'Geometry',$,(#82));
#645= IFCRELDEFINESBYPROPERTIES('2cenGtyh9KOnlNt_BMacS3',$,$,$,(#633),#644);
#646= IFCPROPERTYSET('3KXCGQZNGlQll7ARIhfnBK',$,'Corridor Identity',$,(#146,#147,#148,#150,#153,#156,#193,#337,#519,#614,#615,#616));
#647= IFCRELDEFINESBYPROPERTIES('3qKHK_tB8S2tNnOJq4tUL5',$,$,$,(#633),#646);
#648= IFCPROPERTYSET('0084woDPShE0DlOGB6HPEJ',$,'Corridor Model Information',$,(#161,#162,#348,#525,#619));
#649= IFCRELDEFINESBYPROPERTIES('0xF_87p_RxQJReIZPJGEe2',$,$,$,(#633),#648);
#650= IFCPROPERTYSET('3LcftozrSPIwfAT$kpdEbp',$,'Corridor Shape Information',$,(#166,#168,#198,#622,#623));
#651= IFCRELDEFINESBYPROPERTIES('0hdmb1w4u9LQGRFUgYpFpA',$,$,$,(#633),#650);
#652= IFCCARTESIANPOINTLIST3D(((-3.699666,0.883395,0.464388),(-3.95654,0.624124,0.470362),(-3.344564,0.248218,0.000374),(-2.957514,-0.365663,-0.468105),(-2.764538,-0.148984,-0.465149),(-3.698237,0.884838,0.464353),(-3.231478,0.367871,-0.000385),(-2.76347,-0.147765,-0.465132),(-3.696807,0.886281,0.464318),(-3.230229,0.369202,-0.000394),(-2.762403,-0.146545,-0.465115),(-3.228226,1.359237,0.452005),(-3.025547,0.590193,-0.002094),(-2.807063,0.323911,-0.232222),(-2.414754,0.261802,-0.459584),(-2.712592,0.430036,-0.231955),(-2.82149,0.810519,-0.00379),(-2.923519,0.700356,-0.002942),(-2.838217,1.085164,0.22465),(-2.9366,1.22476,0.338647),(-2.841738,1.369473,0.453281),(-2.461416,0.801429,-0.002898),(-2.739835,0.945569,0.110653),(-2.641453,0.805974,-0.003344),(-2.54307,0.666379,-0.11734),(-2.444688,0.526784,-0.231337),(-2.081093,0.233386,-0.459076),(-2.483497,1.086279,0.225016),(-2.315416,1.087107,0.224841),(-2.138986,1.388086,0.452025),(-2.147336,1.087935,0.224666),(-1.979255,1.088763,0.22449),(-1.979997,0.792437,-0.003008),(-1.819524,0.789439,-0.003044),(-1.896328,0.644688,-0.116844),(-1.739659,0.639778,-0.116812),(-1.812659,0.496939,-0.230681),(-1.659793,0.490116,-0.230579),(-1.728989,0.34919,-0.344517),(-1.878051,0.357926,-0.344689),(-1.500062,0.190793,-0.458113),(-2.027112,0.366661,-0.34486),(-2.118389,0.510585,-0.230885),(-1.965524,0.503762,-0.230783),(-2.052997,0.649598,-0.116877),(-2.209666,0.654508,-0.11691),(-2.300943,0.798432,-0.002934),(-2.14047,0.795434,-0.002971),(-0.919032,0.148199,-0.45715),(-1.281805,0.322983,-0.344003),(-1.430867,0.331719,-0.344174),(-1.579928,0.340454,-0.344346),(-1.506928,0.483293,-0.230477),(-1.58299,0.634867,-0.116779),(-1.659052,0.786442,-0.003081),(-1.811175,1.08959,0.224315),(-1.643095,1.090418,0.224139),(-1.436234,1.406699,0.450768),(-1.177633,0.777449,-0.003191),(-1.498579,0.783444,-0.003118),(-1.426321,0.629957,-0.116746),(-1.354063,0.47647,-0.230375),(-1.164666,1.094274,0.222733),(-1.022399,1.096474,0.221677),(-0.880132,1.098674,0.220622),(-0.90962,0.778274,-0.004427),(-0.775613,0.778687,-0.005045),(-0.796841,0.460075,-0.230531),(-0.671095,0.4587,-0.230712),(-0.545349,0.457326,-0.230892),(0.02085,0.122904,-0.455094),(-0.419603,0.455951,-0.231073),(-0.293857,0.454577,-0.231253),(-0.373593,0.779926,-0.006899),(-0.232009,1.438598,0.438823),(-0.922587,0.461449,-0.230351),(-1.043627,0.777862,-0.003809),(-0.737864,1.100874,0.219566),(-0.595597,1.103074,0.218511),(-0.453329,1.105274,0.217455),(-0.5076,0.779513,-0.006281),(-0.641606,0.7791,-0.005663),(0.631963,1.461485,0.424715),(0.275276,0.792371,-0.011184),(0.6803,0.146498,-0.453179),(0.894251,1.468434,0.419598),(0.771866,0.809419,-0.015344),(0.880949,0.161257,-0.45251),(0.943979,1.469751,0.418587),(0.909569,0.815973,-0.016676),(0.919098,0.164448,-0.452378),(0.945654,1.469796,0.418553),(0.932279,0.817138,-0.016903),(0.920384,0.164558,-0.452373),(0.947339,1.46984,0.418519),(0.933764,0.817215,-0.016918),(0.921678,0.164668,-0.452369),(1.084402,0.826382,-0.018546),(1.234295,0.835509,-0.020167),(1.622798,1.487735,0.403617),(1.384188,0.844637,-0.021787),(1.534081,0.853764,-0.023408),(1.349316,0.525324,-0.236352),(1.489723,0.536779,-0.23692),(1.445365,0.219793,-0.450433),(1.208908,0.51387,-0.235784),(1.068501,0.502416,-0.235215),(1.659707,1.095899,0.189833),(1.740974,1.021049,0.189561),(1.970466,1.185167,0.403057),(1.822241,0.946199,0.189289),(1.836549,0.55753,-0.025023),(1.760932,0.631588,-0.024619),(1.699624,0.316978,-0.238527),(1.629657,0.390245,-0.237991),(1.702632,-0.070108,-0.453102),(1.55969,0.463512,-0.237456),(1.609698,0.779706,-0.023812),(1.685315,0.705647,-0.024215),(2.002618,0.781014,0.188072),(2.101729,0.690679,0.187127),(2.397278,0.813723,0.399022),(2.20084,0.600344,0.186182),(2.29995,0.510009,0.185236),(2.111104,0.294104,-0.027668),(2.202623,0.206295,-0.028549),(2.066237,0.140984,-0.134592),(2.153959,0.054438,-0.135442),(2.021369,-0.012137,-0.241517),(2.105295,-0.097419,-0.242335),(1.976502,-0.165257,-0.348441),(1.896372,-0.081237,-0.347655),(2.007968,-0.401133,-0.456121),(1.816242,0.002782,-0.346868),(1.853517,0.158429,-0.23988),(1.937443,0.073146,-0.240699),(1.978515,0.227529,-0.133742),(1.890792,0.314075,-0.132892),(1.928068,0.469721,-0.025904),(2.019586,0.381912,-0.026786),(2.313303,-0.732159,-0.459139),(2.216891,-0.417315,-0.350801),(2.136761,-0.333296,-0.350014),(2.056631,-0.249276,-0.349228),(2.189221,-0.182702,-0.243153),(2.241681,-0.032108,-0.136292),(2.294141,0.118486,-0.029431),(2.399061,0.419674,0.184291),(2.498172,0.329339,0.183346),(2.82409,0.442279,0.394987),(2.568696,-0.14494,-0.032076),(2.385659,0.030678,-0.030313),(2.329403,-0.118653,-0.137142),(2.273147,-0.267984,-0.243971),(2.783555,0.071305,0.179875),(2.870718,-0.006059,0.178294),(2.957881,-0.083423,0.176714),(2.729645,-0.291045,-0.034562),(2.81012,-0.364098,-0.035806),(2.588572,-0.576031,-0.247419),(2.662359,-0.644772,-0.248325),(2.736145,-0.713513,-0.249231),(2.850089,-1.247593,-0.463687),(2.809932,-0.782254,-0.250137),(2.883718,-0.850995,-0.251043),(3.051543,-0.583256,-0.039535),(3.574895,-0.211129,0.379643),(2.514786,-0.50729,-0.246513),(2.649171,-0.217992,-0.033319),(3.045043,-0.160788,0.175133),(3.132206,-0.238152,0.173552),(3.219369,-0.315516,0.171972),(2.971069,-0.510203,-0.038292),(2.890594,-0.43715,-0.037049),(3.956803,-0.543494,0.369051),(3.379089,-0.872483,-0.045178),(3.13457,-1.487715,-0.465719)),$);
#653= IFCTRIANGULATEDFACESET(#652,$,$,((1,2,3),(3,2,4),(3,4,5),(5,1,3),(6,1,7),(7,1,5),(7,5,8),(8,6,7),(9,6,10),(10,6,8),(10,8,11),(11,9,10),(12,9,13),(13,9,11),(13,11,14),(14,11,15),(14,15,16),(16,15,17),(16,17,18),(18,17,12),(18,12,13),(18,13,14),(16,18,14),(17,19,12),(12,19,20),(12,20,21),(21,20,19),(21,19,22),(22,19,23),(22,23,24),(24,23,17),(24,17,25),(25,17,26),(25,26,22),(22,26,27),(27,26,15),(15,26,17),(22,24,25),(19,17,23),(22,28,21),(21,28,29),(21,29,30),(30,29,31),(30,31,32),(32,31,33),(32,33,34),(34,33,35),(35,36,34),(36,35,37),(37,38,36),(38,37,39),(39,37,40),(39,40,41),(41,40,27),(27,40,42),(27,42,43),(43,42,44),(43,44,45),(45,44,35),(35,44,37),(27,43,22),(22,43,46),(22,46,47),(47,46,48),(47,48,29),(29,48,31),(49,50,41),(41,50,51),(41,51,52),(52,51,53),(52,53,38),(38,53,54),(54,36,38),(36,54,55),(55,34,36),(34,55,56),(56,55,57),(56,57,30),(30,57,58),(58,57,59),(59,57,60),(59,60,61),(61,60,54),(61,54,53),(50,49,62),(62,49,59),(62,59,61),(47,29,28),(34,56,32),(32,56,30),(38,39,52),(52,39,41),(28,22,47),(48,46,45),(45,46,43),(50,62,51),(51,62,53),(62,61,53),(57,55,60),(60,55,54),(35,33,45),(45,33,48),(48,33,31),(37,44,40),(40,44,42),(59,63,58),(58,63,64),(58,64,65),(65,64,66),(65,66,67),(67,66,68),(67,68,69),(69,68,49),(69,49,70),(70,49,71),(70,71,72),(72,71,73),(72,73,74),(74,73,71),(74,71,75),(49,76,59),(59,76,77),(59,77,63),(63,77,64),(58,78,75),(75,78,79),(75,79,80),(80,79,81),(80,81,74),(74,81,72),(76,49,68),(68,66,76),(76,66,77),(78,58,65),(66,64,77),(80,74,75),(78,65,67),(67,69,82),(82,69,70),(82,70,81),(81,70,72),(79,78,82),(82,78,67),(79,82,81),(83,75,84),(84,75,71),(84,71,85),(85,83,84),(86,83,87),(87,83,85),(87,85,88),(88,86,87),(89,86,90),(90,86,88),(90,88,91),(91,89,90),(92,89,93),(93,89,91),(93,91,94),(94,92,93),(95,92,96),(96,92,94),(96,94,97),(97,95,96),(97,98,95),(95,98,99),(95,99,100),(100,99,101),(100,101,102),(102,101,103),(102,103,104),(104,103,105),(105,103,106),(105,106,97),(97,106,107),(97,107,98),(98,107,99),(106,103,101),(101,99,106),(106,99,107),(102,108,100),(100,108,109),(100,109,110),(110,109,111),(110,111,112),(112,111,113),(112,113,114),(114,113,115),(114,115,116),(116,115,105),(105,115,117),(105,117,104),(104,117,118),(104,118,102),(102,118,108),(116,112,114),(109,108,118),(118,117,119),(119,117,115),(119,115,113),(119,113,111),(111,109,119),(119,109,118),(112,120,110),(110,120,121),(110,121,122),(122,121,123),(122,123,124),(124,123,125),(124,125,126),(126,125,127),(127,128,126),(128,127,129),(129,130,128),(130,129,131),(131,129,132),(131,132,133),(133,132,116),(116,132,134),(116,134,135),(135,134,136),(135,136,137),(137,136,127),(127,136,129),(116,135,112),(112,135,138),(112,138,139),(139,138,140),(139,140,121),(121,140,123),(141,142,133),(133,142,143),(133,143,144),(144,143,145),(144,145,130),(130,145,146),(146,128,130),(128,146,147),(147,126,128),(126,147,148),(148,147,149),(148,149,122),(122,149,150),(150,149,151),(151,149,152),(151,152,153),(153,152,146),(153,146,145),(142,141,154),(154,141,151),(154,151,153),(139,121,120),(126,148,124),(124,148,122),(130,131,144),(144,131,133),(120,112,139),(140,138,137),(137,138,135),(142,154,143),(143,154,145),(154,153,145),(149,147,152),(152,147,146),(127,125,137),(137,125,140),(140,125,123),(129,136,132),(132,136,134),(151,155,150),(150,155,156),(150,156,157),(157,156,158),(157,158,159),(159,158,160),(159,160,161),(161,160,141),(161,141,162),(162,141,163),(162,163,164),(164,163,165),(164,165,166),(166,165,163),(166,163,167),(141,168,151),(151,168,169),(151,169,155),(155,169,156),(150,170,167),(167,170,171),(167,171,172),(172,171,173),(172,173,166),(166,173,164),(168,141,160),(160,158,168),(168,158,169),(170,150,157),(158,156,169),(172,166,167),(170,157,159),(159,161,174),(174,161,162),(174,162,173),(173,162,164),(171,170,174),(174,170,159),(171,174,173),(175,167,176),(176,167,163),(176,163,177),(177,175,176)),$);
#654= IFCSHAPEREPRESENTATION(#114,'Body','Tessellation',(#653));
#655= IFCPRODUCTDEFINITIONSHAPE($,$,(#654));
#656= IFCCARTESIANPOINT((174.446353,166.766953,369.610471));
#657= IFCAXIS2PLACEMENT3D(#656,$,$);
#658= IFCLOCALPLACEMENT(#5,#657);
#659= IFCBUILTELEMENT('06S0xuxdbBQuONH3iF_gaJ',$,'Taluy',$,$,#658,#655,'5D035');
#660= IFCSTYLEDITEM(#653,(#126),'Taluy');
#661= IFCPROPERTYSET('03_rmoAYX$7pXsnmP3jXrw',$,'Misc',$,(#85,#87,#88,#129,#130,#131));
#662= IFCRELDEFINESBYPROPERTIES('1ymBifQfVttTbbOHAmYR4M',$,$,$,(#659),#661);
#663= IFCPROPERTYSINGLEVALUE('Bounds',$,IFCLABEL('((505220.489519023,1707711.278932688,369.13982655051524),(505228.4031878902,1707714.2549737047,370.081114649197))'),$);
#664= IFCPROPERTYSET('1Hjtql9OOqOPXI9SaEMAfR',$,'Properties',$,(#39,#40,#41,#42,#43,#44,#45,#46,#47,#48,#49,#50,#51,#52,#53,#54,#55,#56,#57,#59,#60,#134,#663));
#665= IFCRELDEFINESBYPROPERTIES('1LC5gI2gkq32$G87LB4Po2',$,$,$,(#659),#664);
#666= IFCPROPERTYSET('1_7VCcuqDh$pYZtLxuUYtY',$,'3D Visualization',$,(#91,#92,#93));
#667= IFCRELDEFINESBYPROPERTIES('0YNGmhiiccSs2SfIZZM0X5',$,$,$,(#659),#666);
#668= IFCPROPERTYSET('09h0y994UoVEYQeMfteIyV',$,'General',$,(#72,#74,#75,#76,#77,#140));
#669= IFCRELDEFINESBYPROPERTIES('1RaPnTuPQbfsRC51ZKxbgL',$,$,$,(#659),#668);
#670= IFCPROPERTYSET('1xdy5zgUDpBV3YEDQhp09j',$,'Geometry',$,(#82));
#671= IFCRELDEFINESBYPROPERTIES('3kqbyCjR1tdZHYP8wuRfC5',$,$,$,(#659),#670);
#672= IFCPROPERTYSINGLEVALUE('CorridorHandle',$,IFCLABEL('5D1E5'),$);
#673= IFCPROPERTYSINGLEVALUE('HorizontalBaselineHandle',$,IFCLABEL('5D208'),$);
#674= IFCPROPERTYSINGLEVALUE('VerticalBaselineHandle',$,IFCLABEL('5D247'),$);
#675= IFCPROPERTYSINGLEVALUE('BaselineGuid',$,IFCLABEL('{CDDCADBF-A350-4C4D-905A-966221C164C0}'),$);
#676= IFCPROPERTYSINGLEVALUE('RegionGuid',$,IFCLABEL('{60D94C33-04E0-402D-BA4A-1C0184AA1E80}'),$);
#677= IFCPROPERTYSET('2vc3c$IlmrTLPVVltYIDV2',$,'Corridor Identity',$,(#150,#153,#156,#340,#341,#344,#345,#672,#673,#674,#675,#676));
#678= IFCRELDEFINESBYPROPERTIES('1xMYXGJoMMkDIiIbY23NVE',$,$,$,(#659),#677);
#679= IFCPROPERTYSINGLEVALUE('CorridorName',$,IFCLABEL('B\X2\0110\X0\_N46'),$);
#680= IFCPROPERTYSINGLEVALUE('BaselineName',$,IFCLABEL('BL - Intersection - (9) - SE - Quadrant - (56)'),$);
#681= IFCPROPERTYSINGLEVALUE('HorizontalBaseline',$,IFCLABEL('Intersection - (9) - SE - Quadrant'),$);
#682= IFCPROPERTYSINGLEVALUE('VerticalBaseline',$,IFCLABEL('Intersection - (9) - SE - Quadrant - Profile'),$);
#683= IFCPROPERTYSINGLEVALUE('RegionName',$,IFCLABEL('RG - LEFT - (55)'),$);
#684= IFCPROPERTYSET('330Fr8ft1xTco7PdKW2emf',$,'Corridor Model Information',$,(#679,#680,#681,#682,#683));
#685= IFCRELDEFINESBYPROPERTIES('3CQbPF1weLxwTxm7TEUNln',$,$,$,(#659),#684);
#686= IFCPROPERTYSET('3ifUPpXXkRSFL$IHVuH4cp',$,'Corridor Shape Information',$,(#166,#198,#355,#356,#357));
#687= IFCRELDEFINESBYPROPERTIES('19AoJo3KaK_R7vhh6YZrJU',$,$,$,(#659),#686);
#688= IFCCARTESIANPOINTLIST3D(((-1.512325,3.538189,0.050278),(-1.068276,3.711934,0.318858),(-0.964963,4.166758,0.605986),(-0.897909,3.571396,0.309585),(-0.238642,3.534659,0.558645),(-0.727541,3.430857,0.300312),(-0.875705,3.045977,0.023432),(-1.03486,3.16903,0.030144),(-1.342179,2.907203,-0.240025),(-1.490121,3.01277,-0.235875),(-1.638174,2.873114,-0.37224),(-1.78051,2.969938,-0.369372),(-2.059687,2.90962,-0.50543),(-1.638063,3.118337,-0.231726),(-1.35317,3.415136,0.043566),(-1.512768,2.557295,-0.511781),(-1.495838,2.77629,-0.375109),(-1.194236,2.801636,-0.244174),(-1.194015,3.292083,0.036855),(-0.461915,3.214011,0.285775),(-0.300993,3.331443,0.418848),(-0.204078,3.250397,0.412854),(-0.366657,3.137703,0.280512),(-0.622837,3.096578,0.152702),(-0.529236,3.025009,0.148169),(-0.783759,2.979146,0.01963),(-0.691814,2.912315,0.015827),(-0.944682,2.861713,-0.113443),(-0.854393,2.79962,-0.116515),(-1.105604,2.744281,-0.246516),(-1.016972,2.686926,-0.248858),(-1.266526,2.626849,-0.379589),(-1.179551,2.574232,-0.3812),(-1.171491,2.365781,-0.515304),(-0.830215,2.174267,-0.518828),(-0.831648,2.363765,-0.387645),(-1.0056,2.468999,-0.384423),(-1.092575,2.521615,-0.382811),(-0.839708,2.572216,-0.253541),(-0.92834,2.629571,-0.2512),(-0.673816,2.675434,-0.12266),(-0.764104,2.737527,-0.119588),(-0.507924,2.778652,0.008222),(-0.599869,2.845483,0.012024),(-0.342032,2.88187,0.139103),(-0.435634,2.95344,0.143636),(-0.17614,2.985088,0.269985),(-0.271399,3.061396,0.275248),(-0.010249,3.088306,0.400867),(0.183581,2.926214,0.388879),(0.549928,2.848388,0.504851),(0.014376,2.832473,0.259458),(-0.140144,2.511327,-0.006988),(-0.154829,2.738731,0.130037),(-0.324034,2.64499,0.000617),(-0.485179,2.342797,-0.262908),(-0.662444,2.457507,-0.258225),(-0.493239,2.551248,-0.128804),(-0.107163,3.169352,0.40686),(0.321023,2.587604,0.242779),(0.494001,2.667063,0.369908),(0.610592,2.570003,0.362925),(0.437154,2.49535,0.236627),(0.148045,2.508145,0.11565),(0.263716,2.420698,0.110328),(-0.024933,2.428686,-0.011479),(0.090278,2.346045,-0.01597),(-0.197911,2.349227,-0.138608),(-0.08316,2.271393,-0.142268),(-0.370889,2.269769,-0.265737),(-0.256598,2.19674,-0.268566),(-0.543867,2.19031,-0.392866),(-0.430036,2.122088,-0.394864),(-0.376733,1.920604,-0.523497),(0.07675,1.666941,-0.528166),(0.025287,1.849199,-0.402857),(-0.088544,1.917421,-0.400859),(-0.202375,1.985644,-0.398861),(0.086274,1.977655,-0.277053),(-0.028017,2.050683,-0.274224),(0.261092,2.037889,-0.153247),(0.146342,2.115723,-0.149588),(0.43591,2.098122,-0.029442),(0.3207,2.180763,-0.024951),(0.610729,2.158356,0.094364),(0.495058,2.245803,0.099685),(0.785547,2.218589,0.21817),(0.669416,2.310843,0.224322),(0.960365,2.278823,0.341975),(1.076956,2.181763,0.334992),(1.018132,2.440923,0.473595),(1.486336,2.033457,0.442339),(1.13394,1.941828,0.199712),(0.901678,2.126335,0.212017),(0.7264,2.070908,0.089042),(0.429146,1.75857,-0.28554),(0.200565,1.904627,-0.279882),(0.375843,1.960054,-0.156907),(0.781543,1.850199,-0.042914),(0.551121,2.015481,-0.033932),(0.727183,2.472943,0.355942),(0.843774,2.375883,0.348958),(0.553285,2.403097,0.230474),(0.379387,2.33325,0.105007),(0.205489,2.263404,-0.02046),(0.031591,2.193558,-0.145928),(-0.142307,2.123712,-0.271395),(-0.316205,2.053866,-0.396862),(1.226546,1.867909,0.195037),(1.319153,1.793991,0.190362),(1.854898,1.712707,0.418747),(1.411759,1.720072,0.185687),(1.504366,1.646154,0.181012),(1.06076,1.64725,-0.053271),(1.153833,1.5796,-0.056724),(0.709762,1.574427,-0.29223),(0.8033,1.513046,-0.294459),(0.452768,1.446493,-0.532195),(0.616223,1.635808,-0.29),(0.522685,1.697189,-0.28777),(0.874615,1.782549,-0.046366),(0.967688,1.714899,-0.049819),(1.882594,1.101286,0.397927),(1.167781,1.310123,-0.063748),(0.480862,0.980008,-0.539473),(1.882676,1.09949,0.397863),(1.181776,1.039855,-0.070795),(0.480971,0.978637,-0.539495),(1.882757,1.097694,0.397798),(1.181871,1.038272,-0.070837),(0.481081,0.977267,-0.539516),(1.891236,0.91052,0.390989),(1.187093,0.954963,-0.07312),(0.493299,0.834372,-0.541751),(1.896029,0.804701,0.387059),(1.195376,0.825761,-0.07668),(0.50094,0.753453,-0.543019),(1.208402,0.656573,-0.081558),(1.55534,0.661662,0.150014),(1.563423,0.531435,0.145488),(1.21832,0.534069,-0.085136),(0.861465,0.651483,-0.313129),(0.873217,0.536702,-0.315759),(0.88497,0.421921,-0.318389),(0.896723,0.307139,-0.321019),(1.238156,0.289061,-0.092292),(1.248074,0.166556,-0.09587),(1.587673,0.140755,0.131909),(1.595756,0.010528,0.127383),(1.946018,-0.298895,0.343266),(1.277828,-0.200956,-0.106604),(1.257992,0.044052,-0.099448),(0.920228,0.077577,-0.326279),(0.908475,0.192358,-0.323649),(0.609639,-0.103017,-0.556474),(1.57959,0.270982,0.136435),(1.571507,0.401208,0.140962),(1.228238,0.411565,-0.088714),(1.623091,-0.405856,0.112577),(1.634259,-0.561786,0.106823),(1.975638,-0.952838,0.315383),(1.645427,-0.717716,0.10107),(1.656595,-0.873646,0.095316),(1.322621,-0.64608,-0.120214),(1.337552,-0.794454,-0.124751),(0.999814,-0.574444,-0.341498),(1.018508,-0.715263,-0.344818),(0.838411,-0.538626,-0.45214),(0.817836,-0.401584,-0.449429),(0.699465,-0.636071,-0.564885),(0.797261,-0.264543,-0.446718),(0.962427,-0.292805,-0.334859),(0.981121,-0.433624,-0.338179),(1.30769,-0.497705,-0.115678),(1.292759,-0.34933,-0.111141),(0.789291,-1.169126,-0.573295),(0.900136,-0.94975,-0.460274),(0.879561,-0.812708,-0.457563),(0.858986,-0.675667,-0.454851),(1.037202,-0.856082,-0.348138),(1.352482,-0.942829,-0.129287),(1.667763,-1.029576,0.089563),(1.678931,-1.185506,0.083809),(2.005259,-1.60678,0.287501),(1.690099,-1.341436,0.078055),(1.397275,-1.387953,-0.142897),(1.382344,-1.239578,-0.138361),(1.074589,-1.13772,-0.354777),(1.055895,-0.996901,-0.351457),(0.920712,-1.086791,-0.462985),(1.367413,-1.091204,-0.133824),(1.712153,-1.642296,0.066937),(1.723039,-1.787225,0.061572),(2.032431,-2.206656,0.261623),(1.733924,-1.932154,0.056208),(1.74481,-2.077083,0.050843),(1.442211,-1.807621,-0.155677),(1.45719,-1.94751,-0.159937),(1.150498,-1.683087,-0.367562),(1.169569,-1.817937,-0.370717),(1.004641,-1.620821,-0.473504),(0.983523,-1.488492,-0.470901),(0.881949,-1.688364,-0.581497),(0.962405,-1.356162,-0.468299),(1.112354,-1.413389,-0.361252),(1.131426,-1.548238,-0.364407),(1.427232,-1.667731,-0.151417),(1.412254,-1.527842,-0.147157),(0.974607,-2.207602,-0.589698),(1.067995,-2.017809,-0.481312),(1.046877,-1.88548,-0.478709),(1.025759,-1.75315,-0.476107),(1.188641,-1.952786,-0.373872),(1.472168,-2.087399,-0.164197),(1.755696,-2.222012,0.045479),(1.766582,-2.366941,0.040114),(2.059602,-2.806531,0.235745),(1.777468,-2.51187,0.034749),(1.517104,-2.507067,-0.176976),(1.502126,-2.367177,-0.172716),(1.226784,-2.222485,-0.380182),(1.207712,-2.087636,-0.377027),(1.089113,-2.150139,-0.483915),(1.487147,-2.227288,-0.168456),(1.851158,-3.016914,0.228958),(1.688029,-2.75692,0.026546),(1.420677,-2.602117,-0.179259),(1.153326,-2.447314,-0.385065),(0.797343,-2.377421,-0.592043),(1.841746,-3.026413,0.228639),(1.319913,-2.701465,-0.181649),(0.789403,-2.385113,-0.592149),(1.84024,-3.027932,0.228587),(1.314881,-2.706451,-0.181772),(0.788134,-2.386344,-0.592166),(1.838735,-3.029452,0.228536),(1.313493,-2.707826,-0.181806),(0.786864,-2.387575,-0.592183),(0.879932,-3.997165,0.190552),(0.877385,-3.150723,-0.194107),(0.00401,-3.188701,-0.603333),(0.711645,-4.167015,0.182885),(0.366619,-3.671722,-0.208817),(-0.129113,-3.334008,-0.60537)),$);
#689= IFCTRIANGULATEDFACESET(#688,$,$,((1,2,3),(3,2,4),(3,4,5),(5,4,6),(5,6,7),(7,6,8),(7,8,9),(9,8,10),(9,10,11),(11,10,12),(11,12,13),(13,12,14),(13,14,1),(1,14,15),(1,15,2),(2,15,4),(13,16,11),(11,16,17),(11,17,9),(9,17,18),(9,18,7),(16,18,17),(12,10,14),(14,10,19),(14,19,15),(15,19,4),(4,19,6),(6,19,8),(19,10,8),(7,20,5),(5,20,21),(5,21,22),(22,21,20),(22,20,23),(23,20,24),(23,24,25),(25,24,26),(25,26,27),(27,26,28),(27,28,29),(29,28,30),(29,30,31),(31,30,32),(31,32,33),(33,32,16),(33,16,34),(18,28,7),(7,28,26),(7,26,24),(16,32,18),(18,32,30),(18,30,28),(35,36,34),(34,36,37),(34,37,38),(38,37,39),(38,39,40),(40,39,42),(42,39,41),(42,41,44),(44,41,43),(44,43,46),(46,43,45),(46,45,48),(48,45,47),(48,47,49),(49,47,50),(49,50,51),(51,50,52),(51,52,53),(53,52,54),(53,54,55),(55,54,43),(55,43,41),(35,56,36),(36,56,57),(36,57,37),(37,57,39),(57,56,58),(58,56,53),(58,53,55),(51,5,49),(49,5,59),(49,59,48),(48,59,23),(48,23,46),(46,23,25),(46,25,44),(44,25,27),(44,27,42),(42,27,29),(42,29,40),(40,29,31),(40,31,33),(59,5,22),(40,33,38),(38,33,34),(20,7,24),(23,59,22),(41,39,58),(58,39,57),(58,55,41),(45,43,54),(47,45,52),(52,45,54),(52,50,47),(53,60,51),(51,60,61),(51,61,62),(62,61,60),(62,60,63),(63,60,64),(63,64,65),(65,64,66),(65,66,67),(67,66,68),(67,68,69),(69,68,70),(69,70,71),(71,70,72),(71,72,73),(73,72,35),(73,35,74),(56,68,53),(53,68,66),(53,66,64),(35,72,56),(56,72,70),(56,70,68),(75,76,74),(74,76,77),(74,77,78),(78,77,79),(78,79,80),(80,79,82),(82,79,81),(82,81,84),(84,81,83),(84,83,86),(86,83,85),(86,85,88),(88,85,87),(88,87,89),(89,87,90),(89,90,91),(91,90,92),(92,90,93),(93,90,94),(93,94,95),(95,94,85),(95,85,83),(75,96,76),(76,96,97),(76,97,77),(77,97,79),(97,96,98),(98,96,99),(98,99,100),(100,99,95),(100,95,83),(99,93,95),(51,62,91),(91,62,101),(91,101,102),(102,101,103),(102,103,88),(88,103,86),(86,103,104),(86,104,84),(84,104,105),(84,105,82),(82,105,106),(82,106,80),(80,106,107),(80,107,108),(108,107,73),(108,73,74),(88,89,102),(102,89,91),(80,108,78),(78,108,74),(60,53,64),(97,98,79),(79,98,81),(98,100,81),(81,100,83),(90,87,94),(94,87,85),(62,63,101),(101,63,103),(104,103,63),(63,65,104),(105,104,65),(65,67,105),(106,105,67),(67,69,106),(107,106,69),(69,71,107),(71,73,107),(93,109,92),(92,109,110),(92,110,111),(111,110,112),(111,112,113),(113,112,114),(113,114,115),(115,114,116),(115,116,117),(117,116,118),(118,116,119),(118,119,75),(75,119,120),(75,120,96),(96,120,121),(96,121,99),(99,121,109),(99,109,93),(110,109,121),(121,120,122),(122,120,119),(122,119,114),(114,119,116),(122,114,112),(112,110,122),(122,110,121),(111,113,123),(123,113,124),(123,124,125),(125,124,118),(118,124,117),(117,124,115),(115,124,113),(126,123,127),(127,123,125),(127,125,128),(128,126,127),(129,126,130),(130,126,128),(130,128,131),(131,129,130),(132,129,133),(133,129,131),(133,131,134),(134,132,133),(135,132,136),(136,132,134),(136,134,137),(137,135,136),(137,138,135),(135,138,139),(135,139,140),(140,139,138),(140,138,141),(141,138,142),(141,142,143),(143,142,137),(143,137,144),(144,137,145),(144,145,146),(146,145,147),(146,147,148),(148,147,149),(148,149,150),(150,149,151),(151,149,152),(151,152,153),(153,152,154),(153,154,155),(155,154,145),(155,145,137),(155,151,153),(148,150,156),(156,150,135),(156,135,157),(157,135,140),(157,140,141),(146,148,156),(142,138,137),(154,152,147),(147,152,149),(147,145,154),(141,143,158),(158,143,144),(158,144,146),(156,157,158),(158,157,141),(156,158,146),(151,159,150),(150,159,160),(150,160,161),(161,160,162),(161,162,163),(163,162,164),(163,164,165),(165,164,167),(167,164,166),(167,166,168),(168,166,169),(168,169,170),(170,169,155),(155,169,171),(155,171,172),(172,171,173),(172,173,174),(174,173,166),(166,164,174),(155,172,151),(151,172,175),(151,175,159),(159,175,160),(176,177,170),(170,177,178),(170,178,179),(179,178,180),(179,180,167),(167,180,165),(165,180,181),(165,181,182),(182,181,183),(182,183,161),(161,183,184),(184,183,185),(184,185,186),(186,185,187),(186,187,188),(188,187,189),(188,189,177),(177,189,178),(186,188,176),(176,188,190),(176,190,177),(177,190,188),(165,182,163),(163,182,161),(167,168,179),(179,168,170),(160,175,174),(174,175,172),(181,180,189),(189,191,181),(191,189,187),(189,180,178),(191,187,185),(174,164,162),(160,174,162),(166,173,169),(169,173,171),(185,183,191),(191,183,181),(186,192,184),(184,192,193),(184,193,194),(194,193,195),(194,195,196),(196,195,197),(196,197,198),(198,197,200),(200,197,199),(200,199,201),(201,199,202),(201,202,203),(203,202,176),(176,202,204),(176,204,205),(205,204,206),(205,206,207),(207,206,199),(199,197,207),(176,205,186),(186,205,208),(186,208,192),(192,208,193),(209,210,203),(203,210,211),(203,211,212),(212,211,213),(212,213,200),(200,213,198),(198,213,214),(198,214,215),(215,214,216),(215,216,194),(194,216,217),(217,216,218),(217,218,219),(219,218,220),(219,220,221),(221,220,222),(221,222,210),(210,222,211),(219,221,209),(209,221,223),(209,223,210),(210,223,221),(198,215,196),(196,215,194),(200,201,212),(212,201,203),(193,208,207),(207,208,205),(214,213,222),(222,224,214),(224,222,220),(222,213,211),(224,220,218),(207,197,195),(193,207,195),(199,206,202),(202,206,204),(218,216,224),(224,216,214),(225,217,226),(226,217,219),(226,219,227),(227,219,228),(227,228,229),(229,228,209),(209,228,219),(229,225,227),(227,225,226),(230,225,231),(231,225,229),(231,229,232),(232,230,231),(233,230,234),(234,230,232),(234,232,235),(235,233,234),(236,233,237),(237,233,235),(237,235,238),(238,236,237),(239,236,240),(240,236,238),(240,238,241),(241,239,240),(242,239,243),(243,239,241),(243,241,244),(244,242,243)),$);
#690= IFCSHAPEREPRESENTATION(#114,'Body','Tessellation',(#689));
#691= IFCPRODUCTDEFINITIONSHAPE($,$,(#690));
#692= IFCCARTESIANPOINT((158.958523,179.818677,369.884422));
#693= IFCAXIS2PLACEMENT3D(#692,$,$);
#694= IFCLOCALPLACEMENT(#5,#693);
#695= IFCBUILTELEMENT('1dfb8zaWL2TeNYyD9k5moQ',$,'Taluy',$,$,#694,#691,'5D03D');
#696= IFCSTYLEDITEM(#689,(#126),'Taluy');
#697= IFCPROPERTYSET('3XIL0q0nwCumsWGqMIRnpz',$,'Misc',$,(#85,#87,#88,#129,#130,#131));
#698= IFCRELDEFINESBYPROPERTIES('1hr_N4Or0oIDypIs6PS4KR',$,$,$,(#695),#697);
#699= IFCPROPERTYSINGLEVALUE('Bounds',$,IFCLABEL('((505206.898804713,1707721.6515245307,369.2780929186202),(505211.01824056776,1707729.9858302125,370.49075206777917))'),$);
#700= IFCPROPERTYSET('0pqBHHUNBl15a$9xDQ5Jr0',$,'Properties',$,(#39,#40,#41,#42,#43,#44,#45,#46,#47,#48,#49,#50,#51,#52,#53,#54,#55,#56,#57,#59,#60,#134,#699));
#701= IFCRELDEFINESBYPROPERTIES('0vi0SuxvsZvab47WJXt41g',$,$,$,(#695),#700);
#702= IFCPROPERTYSET('0Yf4tyws8XtWohPt3VXWZH',$,'3D Visualization',$,(#91,#92,#93));
#703= IFCRELDEFINESBYPROPERTIES('0TL5d3AjU25rwWzZKkll$b',$,$,$,(#695),#702);
#704= IFCPROPERTYSET('1jmXNwch_$UoNzh345HYpJ',$,'General',$,(#72,#74,#75,#76,#77,#140));
#705= IFCRELDEFINESBYPROPERTIES('0edpauNIztKzt2YlKFepxU',$,$,$,(#695),#704);
#706= IFCPROPERTYSET('1iE$XD779vTzfU$V6cqEzd',$,'Geometry',$,(#82));
#707= IFCRELDEFINESBYPROPERTIES('3iG42Tyue5KlskQtVMzgyP',$,$,$,(#695),#706);
#708= IFCPROPERTYSINGLEVALUE('HorizontalBaselineHandle',$,IFCLABEL('5D214'),$);
#709= IFCPROPERTYSINGLEVALUE('VerticalBaselineHandle',$,IFCLABEL('5D254'),$);
#710= IFCPROPERTYSINGLEVALUE('BaselineGuid',$,IFCLABEL('{4950E8B2-6F9F-43A1-965B-32DE60C3ADB4}'),$);
#711= IFCPROPERTYSINGLEVALUE('RegionGuid',$,IFCLABEL('{84591A4A-A3B2-4669-B63C-40119AB9ECAA}'),$);
#712= IFCPROPERTYSET('3Y7RU1cmAGlVxhXNQoBBhT',$,'Corridor Identity',$,(#150,#153,#156,#340,#341,#344,#384,#672,#708,#709,#710,#711));
#713= IFCRELDEFINESBYPROPERTIES('1K9ppa4vTq53JYbTw1SSzh',$,$,$,(#695),#712);
#714= IFCPROPERTYSINGLEVALUE('BaselineName',$,IFCLABEL('BL - Intersection - (9) - SW - Quadrant - (57)'),$);
#715= IFCPROPERTYSINGLEVALUE('HorizontalBaseline',$,IFCLABEL('Intersection - (9) - SW - Quadrant'),$);
#716= IFCPROPERTYSINGLEVALUE('VerticalBaseline',$,IFCLABEL('Intersection - (9) - SW - Quadrant - Profile'),$);
#717= IFCPROPERTYSINGLEVALUE('RegionName',$,IFCLABEL('RG - LEFT - (56)'),$);
#718= IFCPROPERTYSET('0TZiPducbtHciBwIHNDP4P',$,'Corridor Model Information',$,(#679,#714,#715,#716,#717));
#719= IFCRELDEFINESBYPROPERTIES('1QKwUitRCxouoBpqy7nfLa',$,$,$,(#695),#718);
#720= IFCPROPERTYSET('0aMIdATonmpWz6bWv4AfXD',$,'Corridor Shape Information',$,(#166,#198,#355,#356,#393));
#721= IFCRELDEFINESBYPROPERTIES('2WUOntao52fV7UL3tJ$zSX',$,$,$,(#695),#720);
#722= IFCCARTESIANPOINTLIST3D(((0.115254,1.114104,0.477843),(1.11428,0.124317,-0.460624),(-1.114281,-0.126876,0.458198),(-0.117838,-1.114104,-0.477842)),$);
#723= IFCTRIANGULATEDFACESET(#722,$,$,((1,2,3),(3,2,4)),$);
#724= IFCSHAPEREPRESENTATION(#114,'Body','Tessellation',(#723));
#725= IFCPRODUCTDEFINITIONSHAPE($,$,(#724));
#726= IFCCARTESIANPOINT((170.37456,166.276973,369.60299));
#727= IFCAXIS2PLACEMENT3D(#726,$,$);
#728= IFCLOCALPLACEMENT(#5,#727);
#729= IFCBUILTELEMENT('20oU9FJS53yBYZ8zU28utR',$,'Taluy',$,$,#728,#725,'5D045');
#730= IFCSTYLEDITEM(#723,(#126),'Taluy');
#731= IFCPROPERTYSET('0095dD7ug_LHT5xrdr9lcf',$,'Misc',$,(#85,#87,#88,#129,#130,#131));
#732= IFCRELDEFINESBYPROPERTIES('2Dfyxc9tWAaPH9d6D5obgb',$,$,$,(#729),#731);
#733= IFCPROPERTYSINGLEVALUE('Bounds',$,IFCLABEL('((505219.2599848192,1707711.1625563365,369.124760571192),(505221.48913426005,1707713.391389519,370.08121864693186))'),$);
#734= IFCPROPERTYSET('1qqBHe1hCkzfv92xjUfBsP',$,'Properties',$,(#39,#40,#41,#42,#43,#44,#45,#46,#47,#48,#49,#50,#51,#52,#53,#54,#55,#56,#57,#59,#60,#134,#733));
#735= IFCRELDEFINESBYPROPERTIES('0qtoENRXBaDBUlIj0daxbl',$,$,$,(#729),#734);
#736= IFCPROPERTYSET('2oZD6CCr8OyfBFOsIlNa2_',$,'3D Visualization',$,(#91,#92,#93));
#737= IFCRELDEFINESBYPROPERTIES('1GBaBrPuCwyKaVJ7dtzfT9',$,$,$,(#729),#736);
#738= IFCPROPERTYSET('0OAhkpazT4pE1OWCkQ2qyg',$,'General',$,(#72,#74,#75,#76,#77,#140));
#739= IFCRELDEFINESBYPROPERTIES('2S3idGNpDAPXChfFaIQRAr',$,$,$,(#729),#738);
#740= IFCPROPERTYSET('1GBay$OkZk5NPsNg$XT3Ox',$,'Geometry',$,(#82));
#741= IFCRELDEFINESBYPROPERTIES('2IoNJDI0b0$ESEQP0yrs45',$,$,$,(#729),#740);
#742= IFCPROPERTYSINGLEVALUE('HorizontalBaselineHandle',$,IFCLABEL('5C78C'),$);
#743= IFCPROPERTYSINGLEVALUE('VerticalBaselineHandle',$,IFCLABEL('5CEF1'),$);
#744= IFCPROPERTYSINGLEVALUE('BaselineGuid',$,IFCLABEL('{CCDEDC47-C402-4CC4-965A-EEAE99CF2D68}'),$);
#745= IFCPROPERTYSINGLEVALUE('RegionGuid',$,IFCLABEL('{375A3F58-4AA1-4AC1-BC76-7B233AA5656D}'),$);
#746= IFCPROPERTYSET('0bKkbjK736hWga$tS1gp$b',$,'Corridor Identity',$,(#150,#153,#156,#418,#419,#422,#423,#672,#742,#743,#744,#745));
#747= IFCRELDEFINESBYPROPERTIES('154s1ysX8TNiVZjLfTOOal',$,$,$,(#729),#746);
#748= IFCPROPERTYSINGLEVALUE('BaselineName',$,IFCLABEL('BL - T6 - (58)'),$);
#749= IFCPROPERTYSINGLEVALUE('HorizontalBaseline',$,IFCLABEL('Tuyen_T6'),$);
#750= IFCPROPERTYSINGLEVALUE('VerticalBaseline',$,IFCLABEL('DD_T6'),$);
#751= IFCPROPERTYSINGLEVALUE('RegionName',$,IFCLABEL('RG - L3.5m - (57)'),$);
#752= IFCPROPERTYSET('2wwWNcn9jkTIQzB__7zLyp',$,'Corridor Model Information',$,(#679,#748,#749,#750,#751));
#753= IFCRELDEFINESBYPROPERTIES('1iUVhBHRA1QVmynhLfbw8f',$,$,$,(#729),#752);
#754= IFCPROPERTYSET('3g9qJA3cUPqtIKbnkJ1Ds9',$,'Corridor Shape Information',$,(#166,#167,#432,#433,#434));
#755= IFCRELDEFINESBYPROPERTIES('24RS7MWsH602kQtUit9L6M',$,$,$,(#729),#754);
#756= IFCCARTESIANPOINTLIST3D(((3.928104,3.135374,0.439668),(3.087345,3.968382,-0.348586),(3.861139,3.067787,0.438598),(3.020518,3.900659,-0.349528),(2.831545,2.028608,0.422149),(1.993029,2.859395,-0.364004),(2.453493,1.647037,0.416108),(1.61575,2.477057,-0.369319),(1.045846,0.226287,0.393618),(0.210982,1.053455,-0.38911),(-0.3618,-1.194463,0.371128),(-1.193786,-0.370147,-0.408902),(-1.769447,-2.615213,0.348639),(-2.598554,-1.793749,-0.428693),(-1.880594,-2.727395,0.346863),(-2.709474,-1.906156,-0.430256),(-1.882705,-2.729526,0.346829),(-2.711581,-1.908291,-0.430285),(-3.110129,-3.968375,0.327218),(-3.928104,-3.157941,-0.439676)),$);
#757= IFCTRIANGULATEDFACESET(#756,$,$,((1,2,3),(3,2,4),(3,4,5),(5,4,6),(5,6,7),(7,6,8),(7,8,9),(9,8,10),(9,10,11),(11,10,12),(11,12,13),(13,12,14),(13,14,15),(15,14,16),(15,16,17),(17,16,18),(17,18,19),(19,18,20)),$);
#758= IFCSHAPEREPRESENTATION(#114,'Body','Tessellation',(#757));
#759= IFCPRODUCTDEFINITIONSHAPE($,$,(#758));
#760= IFCCARTESIANPOINT((155.742064,172.516288,369.627639));
#761= IFCAXIS2PLACEMENT3D(#760,$,$);
#762= IFCLOCALPLACEMENT(#5,#761);
#763= IFCBUILTELEMENT('2pwjI$6TrBDgI4frGe299b',$,'Taluy',$,$,#762,#759,'5D04D');
#764= IFCSTYLEDITEM(#757,(#126),'Taluy');
#765= IFCPROPERTYSET('0ij8A_vwVN9O9nrmlghu_l',$,'Misc',$,(#85,#87,#88,#129,#130,#131));
#766= IFCRELDEFINESBYPROPERTIES('1WaX1TLI6_lRkvgJoSCkOQ',$,$,$,(#763),#765);
#767= IFCPROPERTYSINGLEVALUE('Bounds',$,IFCLABEL('((505201.8139606683,1707714.547875521,369.1852301972917),(505209.6701681614,1707722.4846996053,370.07004807316827))'),$);
#768= IFCPROPERTYSET('2XXehMfQNaVeqapP_eUU5l',$,'Properties',$,(#39,#40,#41,#42,#43,#44,#45,#46,#47,#48,#49,#50,#51,#52,#53,#54,#55,#56,#57,#59,#60,#134,#767));
#769= IFCRELDEFINESBYPROPERTIES('2ZbqQdcv_IzgreVBxxtCWP',$,$,$,(#763),#768);
#770= IFCPROPERTYSET('0in9HjTcuGZjKz5LqtuP7H',$,'3D Visualization',$,(#91,#92,#93));
#771= IFCRELDEFINESBYPROPERTIES('2qw46$uYvrpK374dNYR5gn',$,$,$,(#763),#770);
#772= IFCPROPERTYSET('1BKV35XmVXU$6McZXtefL4',$,'General',$,(#72,#74,#75,#76,#77,#140));
#773= IFCRELDEFINESBYPROPERTIES('1mwzFkUzTRQzSMd4lWnd4x',$,$,$,(#763),#772);
#774= IFCPROPERTYSET('1v_R0wL6FVsgc4KsUjWknI',$,'Geometry',$,(#82));
#775= IFCRELDEFINESBYPROPERTIES('2iRxhSsb2SN15T$MyYOe6V',$,$,$,(#763),#774);
#776= IFCPROPERTYSINGLEVALUE('RegionGuid',$,IFCLABEL('{1AFB21C9-4410-4893-97D1-47E18D3D0C09}'),$);
#777= IFCPROPERTYSET('0mo3XFUpXrMVCbpjLMbN5p',$,'Corridor Identity',$,(#150,#153,#156,#457,#458,#460,#461,#672,#742,#743,#744,#776));
#778= IFCRELDEFINESBYPROPERTIES('1DygbPEhlYcR$SjwuI_klT',$,$,$,(#763),#777);
#779= IFCPROPERTYSINGLEVALUE('RegionName',$,IFCLABEL('RG - 3m5 - (58)'),$);
#780= IFCPROPERTYSET('1D69kX1GFVViOdl2wd6huP',$,'Corridor Model Information',$,(#679,#748,#749,#750,#779));
#781= IFCRELDEFINESBYPROPERTIES('34F775CKnDkC6_yPWnfZTk',$,$,$,(#763),#780);
#782= IFCPROPERTYSET('1r6Rr$CQhBw64LZg6tTSQt',$,'Corridor Shape Information',$,(#166,#198,#467,#468,#469));
#783= IFCRELDEFINESBYPROPERTIES('3CzLeBTUjX65q2jegd8nNY',$,$,$,(#763),#782);
#784= IFCCARTESIANPOINTLIST3D(((3.020893,4.038165,0.517303),(4.017336,3.050937,-0.418737),(2.953928,3.970577,0.516233),(3.95023,2.983488,-0.419675),(1.924334,2.931399,0.499784),(2.918474,1.946453,-0.434093),(1.546282,2.549827,0.493743),(2.539627,1.565668,-0.439387),(0.138635,1.129077,0.471253),(1.129024,0.147848,-0.459099),(-1.269011,-0.291673,0.448763),(-0.28158,-1.269973,-0.478812),(-2.676658,-1.712423,0.426273),(-1.692183,-2.687793,-0.498524),(-2.787805,-1.824604,0.424498),(-1.803564,-2.799743,-0.500081),(-2.789916,-1.826735,0.424464),(-1.80568,-2.80187,-0.50011),(-4.01734,-3.065585,0.404853),(-3.035682,-4.038165,-0.517299)),$);
#785= IFCTRIANGULATEDFACESET(#784,$,$,((1,2,3),(3,2,4),(3,4,5),(5,4,6),(5,6,7),(7,6,8),(7,8,9),(9,8,10),(9,10,11),(11,10,12),(11,12,13),(13,12,14),(13,14,15),(15,14,16),(15,16,17),(17,16,18),(17,18,19),(19,18,20)),$);
#786= IFCSHAPEREPRESENTATION(#114,'Body','Tessellation',(#785));
#787= IFCPRODUCTDEFINITIONSHAPE($,$,(#786));
#788= IFCCARTESIANPOINT((166.239386,162.111932,369.543885));
#789= IFCAXIS2PLACEMENT3D(#788,$,$);
#790= IFCLOCALPLACEMENT(#5,#789);
#791= IFCBUILTELEMENT('2C6pxrNEfBFu_$ifJqlIXw',$,'Taluy',$,$,#790,#787,'5D055');
#792= IFCSTYLEDITEM(#785,(#126),'Taluy');
#793= IFCPROPERTYSET('1DPTORpz6bi9h$TURRTWAk',$,'Misc',$,(#85,#87,#88,#129,#130,#131));
#794= IFCRELDEFINESBYPROPERTIES('2dp$MMlySFi2O3$idWEeRf',$,$,$,(#791),#793);
#795= IFCPROPERTYSINGLEVALUE('Bounds',$,IFCLABEL('((505212.22175672435,1707704.0734288746,369.02437015289314),(505220.25701568497,1707712.1504348272,370.06339944190273))'),$);
#796= IFCPROPERTYSET('3u7wtMtVyd_JFhjfaeUBQ$',$,'Properties',$,(#39,#40,#41,#42,#43,#44,#45,#46,#47,#48,#49,#50,#51,#52,#53,#54,#55,#56,#57,#59,#60,#134,#795));
#797= IFCRELDEFINESBYPROPERTIES('15u_VFsv2PJQd5AskdrATM',$,$,$,(#791),#796);
#798= IFCPROPERTYSET('2vPu5Pp5D$DAjaZcgUp0JN',$,'3D Visualization',$,(#91,#92,#93));
#799= IFCRELDEFINESBYPROPERTIES('3Ua$R7f4Q3k7HKIpcO_E4S',$,$,$,(#791),#798);
#800= IFCPROPERTYSET('3R90RcdPD35UgHaIGHWwCr',$,'General',$,(#72,#74,#75,#76,#77,#140));
#801= IFCRELDEFINESBYPROPERTIES('1Ad9_s35zNq6jWVHSXlF5D',$,$,$,(#791),#800);
#802= IFCPROPERTYSET('2BXCV7RgTW4nG2_7sk_jEW',$,'Geometry',$,(#82));
#803= IFCRELDEFINESBYPROPERTIES('3pk3yRFSO0BzOAAliVnA$M',$,$,$,(#791),#802);
#804= IFCPROPERTYSET('1jMWDwsPYy2MKWNN7IcZuw',$,'Corridor Identity',$,(#150,#153,#156,#457,#460,#461,#492,#672,#742,#743,#744,#776));
#805= IFCRELDEFINESBYPROPERTIES('0RE81l$o5kVAJBFG3Q0nZL',$,$,$,(#791),#804);
#806= IFCPROPERTYSET('2nbUKfYRDZd6I2e0auf46D',$,'Corridor Model Information',$,(#679,#748,#749,#750,#779));
#807= IFCRELDEFINESBYPROPERTIES('3PuLL4T$vv6Sxr7r5S4q_o',$,$,$,(#791),#806);
#808= IFCPROPERTYSET('21ICUib6WDnyZUbOl3Kgyt',$,'Corridor Shape Information',$,(#166,#167,#467,#468,#469));
#809= IFCRELDEFINESBYPROPERTIES('0PowhVWSejhh_MaYVnfeqe',$,$,$,(#791),#808);
#810= IFCCARTESIANPOINTLIST3D(((-4.196398,2.752406,0.525826),(-3.274467,3.812403,-0.410646),(-3.045423,1.75074,0.497015),(-2.134549,2.798023,-0.428225),(-1.536756,0.437783,0.459251),(-0.640377,1.468401,-0.451266),(-0.028088,-0.875174,0.421487),(0.853796,0.138779,-0.474308),(1.480579,-2.188131,0.383722),(2.347969,-1.190842,-0.497349),(2.989246,-3.501088,0.345958),(3.842142,-2.520464,-0.520391),(3.346938,-3.812379,0.337004),(4.196398,-2.835707,-0.525854)),$);
#811= IFCTRIANGULATEDFACESET(#810,$,$,((1,2,3),(3,2,4),(3,4,5),(5,4,6),(5,6,7),(7,6,8),(7,8,9),(9,8,10),(9,10,11),(11,10,12),(11,12,13),(13,12,14)),$);
#812= IFCSHAPEREPRESENTATION(#114,'Body','Tessellation',(#811));
#813= IFCPRODUCTDEFINITIONSHAPE($,$,(#812));
#814= IFCCARTESIANPOINT((168.104542,203.261757,370.154232));
#815= IFCAXIS2PLACEMENT3D(#814,$,$);
#816= IFCLOCALPLACEMENT(#5,#815);
#817= IFCBUILTELEMENT('3qctmjiUT8j8DxOzAbJVnA',$,'Taluy',$,$,#816,#813,'5D05D');
#818= IFCSTYLEDITEM(#811,(#126),'Taluy');
#819= IFCPROPERTYSET('1n$Y2L8qaNNy$fhiHZGrUP',$,'Misc',$,(#85,#87,#88,#129,#130,#131));
#820= IFCRELDEFINESBYPROPERTIES('080PGp2nVs4S4zPUf3D8IQ',$,$,$,(#817),#819);
#821= IFCPROPERTYSINGLEVALUE('Bounds',$,IFCLABEL('((505213.90781470464,1707745.4493177875,369.62805899884546),(505222.3012688091,1707753.0741971477,370.6804044326096))'),$);
#822= IFCPROPERTYSET('0lwWiSoY2Dbfms5gUoBUnE',$,'Properties',$,(#39,#40,#41,#42,#43,#44,#45,#46,#47,#48,#49,#50,#51,#52,#53,#54,#55,#56,#57,#59,#60,#134,#821));
#823= IFCRELDEFINESBYPROPERTIES('1DPQ5fsE$ikdACIXXvyTLH',$,$,$,(#817),#822);
#824= IFCPROPERTYSET('1fhlSX7yVkH7c0l5itnuHR',$,'3D Visualization',$,(#91,#92,#93));
#825= IFCRELDEFINESBYPROPERTIES('2l0D6s2rfsIdTxHQtxNSVq',$,$,$,(#817),#824);
#826= IFCPROPERTYSET('1nPtZNslmkV5bYFS5aDkHl',$,'General',$,(#72,#74,#75,#76,#77,#140));
#827= IFCRELDEFINESBYPROPERTIES('1ekR8GKTxYvT5Q8eUv0Zeq',$,$,$,(#817),#826);
#828= IFCPROPERTYSET('3uLsdLAhWz$Z574iXCmJ5v',$,'Geometry',$,(#82));
#829= IFCRELDEFINESBYPROPERTIES('2Dbd_Yg_kSVkFxOHoRqENm',$,$,$,(#817),#828);
#830= IFCPROPERTYSINGLEVALUE('BaselineGuid',$,IFCLABEL('{D65B05CF-884B-4CD3-B7A8-692F482F12DB}'),$);
#831= IFCPROPERTYSINGLEVALUE('RegionGuid',$,IFCLABEL('{DD929B7D-AF0F-46DA-A462-FABCB4F2431F}'),$);
#832= IFCPROPERTYSINGLEVALUE('StartStation',$,IFCLABEL('0+088.47m'),$);
#833= IFCPROPERTYSINGLEVALUE('EndStation',$,IFCLABEL('0+098.47m'),$);
#834= IFCPROPERTYSET('3GmlLuh6Wknfe9KTQRrAT1',$,'Corridor Identity',$,(#146,#147,#148,#149,#150,#153,#156,#672,#830,#831,#832,#833));
#835= IFCRELDEFINESBYPROPERTIES('262zciwsOWNFRAWHnti7fe',$,$,$,(#817),#834);
#836= IFCPROPERTYSINGLEVALUE('BaselineName',$,IFCLABEL('BL - T4 - (59)'),$);
#837= IFCPROPERTYSINGLEVALUE('RegionName',$,IFCLABEL('RG - 5m - (59)'),$);
#838= IFCPROPERTYSET('2IYYacAuyrQYD89rzgdbnv',$,'Corridor Model Information',$,(#161,#162,#679,#836,#837));
#839= IFCRELDEFINESBYPROPERTIES('22z4FUlLYbuZG6PzY3clqQ',$,$,$,(#817),#838);
#840= IFCPROPERTYSINGLEVALUE('AssemblyStartStation',$,IFCLABEL('0+088.47m'),$);
#841= IFCPROPERTYSINGLEVALUE('AssemblyEndStation',$,IFCLABEL('0+098.47m'),$);
#842= IFCPROPERTYSET('0HnlFivch3HjfJwBw2IP_o',$,'Corridor Shape Information',$,(#166,#167,#168,#840,#841));
#843= IFCRELDEFINESBYPROPERTIES('08VOT4p5lVOuElTQ7Lr8gd',$,$,$,(#817),#842);
#844= IFCCARTESIANPOINTLIST3D(((-3.196398,3.910962,0.650111),(-4.346956,2.589707,-0.51799),(-2.045423,2.909296,0.6213),(-3.198095,1.585613,-0.548948),(-0.536756,1.596339,0.583535),(-1.679946,0.283545,-0.577085),(0.971911,0.283382,0.545771),(-0.156307,-1.012219,-0.59965),(2.480578,-1.029575,0.508007),(1.367332,-2.307983,-0.622214),(3.989246,-2.342532,0.470242),(2.890971,-3.603747,-0.644778),(4.346938,-2.653823,0.461288),(3.252213,-3.910962,-0.650128)),$);
#845= IFCTRIANGULATEDFACESET(#844,$,$,((1,2,3),(3,2,4),(3,4,5),(5,4,6),(5,6,7),(7,6,8),(7,8,9),(9,8,10),(9,10,11),(11,10,12),(11,12,13),(13,12,14)),$);
#846= IFCSHAPEREPRESENTATION(#114,'Body','Tessellation',(#845));
#847= IFCPRODUCTDEFINITIONSHAPE($,$,(#846));
#848= IFCCARTESIANPOINT((153.646609,186.639243,370.02912));
#849= IFCAXIS2PLACEMENT3D(#848,$,$);
#850= IFCLOCALPLACEMENT(#5,#849);
#851= IFCBUILTELEMENT('1QJYUPQzzCOAMx$FWUWwEn',$,'Taluy',$,$,#850,#847,'5D065');
#852= IFCSTYLEDITEM(#845,(#126),'Taluy');
#853= IFCPROPERTYSET('2GwAKazAaHSKvVDgI5CodO',$,'Misc',$,(#85,#87,#88,#129,#130,#131));
#854= IFCRELDEFINESBYPROPERTIES('2Bnk645T6$gnU2l$dCMnb8',$,$,$,(#851),#853);
#855= IFCPROPERTYSINGLEVALUE('Bounds',$,IFCLABEL('((505199.2996124856,1707728.7278568354,369.3786483305842),(505207.99360465264,1707736.5506282316,370.6795924626477))'),$);
#856= IFCPROPERTYSET('3IIv_Py5Ot0PKc5JngixTd',$,'Properties',$,(#39,#40,#41,#42,#43,#44,#45,#46,#47,#48,#49,#50,#51,#52,#53,#54,#55,#56,#57,#59,#60,#134,#855));
#857= IFCRELDEFINESBYPROPERTIES('26un$Wxk4KdZ0WRw_WY6vm',$,$,$,(#851),#856);
#858= IFCPROPERTYSET('0bXVckw4vV3GHRNAVJPZTR',$,'3D Visualization',$,(#91,#92,#93));
#859= IFCRELDEFINESBYPROPERTIES('22oeBJZR1tOtKxStj$hQu4',$,$,$,(#851),#858);
#860= IFCPROPERTYSET('0iCfijFJ0hyBncYK4zBHF5',$,'General',$,(#72,#74,#75,#76,#77,#140));
#861= IFCRELDEFINESBYPROPERTIES('1hiBSEK5OaXbK$UkI0UGQI',$,$,$,(#851),#860);
#862= IFCPROPERTYSET('18hnhJh6yvfCsNBMwwfHzm',$,'Geometry',$,(#82));
#863= IFCRELDEFINESBYPROPERTIES('0AGtIhIXR49gNzLRZz2gAk',$,$,$,(#851),#862);
#864= IFCPROPERTYSET('3wyyMquTYJviqOMzKYVcnU',$,'Corridor Identity',$,(#146,#147,#148,#150,#153,#156,#193,#672,#830,#831,#832,#833));
#865= IFCRELDEFINESBYPROPERTIES('3QzZT0dypThg8kgpfqokq2',$,$,$,(#851),#864);
#866= IFCPROPERTYSET('3yU5EKqywP12QGG9WyH9No',$,'Corridor Model Information',$,(#161,#162,#679,#836,#837));
#867= IFCRELDEFINESBYPROPERTIES('2GXJIDouAkXr4ql$xTUkQd',$,$,$,(#851),#866);
#868= IFCPROPERTYSET('1pnnMVOZFXd2GRRbnwy45Q',$,'Corridor Shape Information',$,(#166,#168,#198,#840,#841));
#869= IFCRELDEFINESBYPROPERTIES('0WvXbRsSAMoOE3uZa0al2H',$,$,$,(#851),#868);
#870= IFCCARTESIANPOINTLIST3D(((-10.501759,8.392696,0.557041),(-9.6523,9.369369,-0.305816),(-9.350784,7.39103,0.52823),(-8.512382,8.354989,-0.323395),(-7.842117,6.078074,0.490466),(-7.01821,7.025367,-0.346437),(-6.33345,4.765117,0.452701),(-5.524037,5.695745,-0.369478),(-4.824782,3.45216,0.414937),(-4.029864,4.366123,-0.392519),(-3.316115,2.139203,0.377172),(-2.535691,3.036501,-0.415561),(-1.807448,0.826246,0.339408),(-1.041518,1.706879,-0.438602),(-0.298781,-0.486711,0.301644),(0.452655,0.377258,-0.461644),(1.209886,-1.799668,0.263879),(1.946827,-0.952364,-0.484685),(2.718554,-3.112625,0.226115),(3.43507,-2.288805,-0.501703),(4.918011,-3.63134,-0.513336),(4.227221,-4.425582,0.18835),(6.400953,-4.973876,-0.524969),(5.735888,-5.738539,0.150586),(7.883894,-6.316411,-0.536601),(7.244555,-7.051496,0.112821),(9.366835,-7.658947,-0.548234),(8.753222,-8.364453,0.075057),(10.501759,-8.686415,-0.557137),(9.907835,-9.369284,0.046155)),$);
#871= IFCTRIANGULATEDFACESET(#870,$,$,((1,2,3),(3,2,4),(3,4,5),(5,4,6),(5,6,7),(7,6,8),(7,8,9),(9,8,10),(9,10,11),(11,10,12),(11,12,13),(13,12,14),(13,14,15),(15,14,16),(15,16,17),(17,16,18),(17,18,19),(19,18,20),(20,21,19),(19,21,22),(21,23,22),(22,23,24),(23,25,24),(24,25,26),(25,27,26),(26,27,28),(27,29,28),(28,29,30)),$);
#872= IFCSHAPEREPRESENTATION(#114,'Body','Tessellation',(#871));
#873= IFCPRODUCTDEFINITIONSHAPE($,$,(#872));
#874= IFCCARTESIANPOINT((181.953239,191.056682,369.934195));
#875= IFCAXIS2PLACEMENT3D(#874,$,$);
#876= IFCLOCALPLACEMENT(#5,#875);
#877= IFCBUILTELEMENT('3mvDANFIr4T9XTJmwiC1ae',$,'Taluy',$,$,#876,#873,'5D06D');
#878= IFCSTYLEDITEM(#871,(#126),'Taluy');
#879= IFCPROPERTYSET('1nZTkX0FA9Kg_yG4YXHD2X',$,'Misc',$,(#85,#87,#88,#129,#130,#131));
#880= IFCRELDEFINESBYPROPERTIES('1KsjvcFlEjYD5pD39QCncg',$,$,$,(#877),#879);
#881= IFCPROPERTYSINGLEVALUE('Bounds',$,IFCLABEL('((505221.4511328933,1707727.6872339768,369.37683443740224),(505242.45534504694,1707746.4261301446,370.49155494972734))'),$);
#882= IFCPROPERTYSET('1K0H7n5ihIx$nmLkvumri4',$,'Properties',$,(#39,#40,#41,#42,#43,#44,#45,#46,#47,#48,#49,#50,#51,#52,#53,#54,#55,#56,#57,#59,#60,#134,#881));
#883= IFCRELDEFINESBYPROPERTIES('2poT3NHZjiuBsY5HHzGAdh',$,$,$,(#877),#882);
#884= IFCPROPERTYSET('31uHGSs7hIMfEF_eP_QVxS',$,'3D Visualization',$,(#91,#92,#93));
#885= IFCRELDEFINESBYPROPERTIES('3Ho0PDjfNYc6JDWcxAFPe$',$,$,$,(#877),#884);
#886= IFCPROPERTYSET('38jwik61rVy4cvHh4IgTgR',$,'General',$,(#72,#74,#75,#76,#77,#140));
#887= IFCRELDEFINESBYPROPERTIES('0pMMvJqBjSmO53bGEtVuXX',$,$,$,(#877),#886);
#888= IFCPROPERTYSET('1BkBt3NgghWAnXtkDEBa9f',$,'Geometry',$,(#82));
#889= IFCRELDEFINESBYPROPERTIES('23shnHkbKnhcYgT7goklrj',$,$,$,(#877),#888);
#890= IFCPROPERTYSINGLEVALUE('RegionGuid',$,IFCLABEL('{A7385354-AF9C-4510-90AA-ABEEBB8557DF}'),$);
#891= IFCPROPERTYSINGLEVALUE('StartStation',$,IFCLABEL('0+098.47m'),$);
#892= IFCPROPERTYSINGLEVALUE('EndStation',$,IFCLABEL('0+125.53m'),$);
#893= IFCPROPERTYSET('3KT5Cw2hBaqn4YjR9769_M',$,'Corridor Identity',$,(#146,#147,#150,#153,#156,#579,#580,#672,#830,#890,#891,#892));
#894= IFCRELDEFINESBYPROPERTIES('1VR1kXLBXGLHJuI9goQL2e',$,$,$,(#877),#893);
#895= IFCPROPERTYSINGLEVALUE('RegionName',$,IFCLABEL('RG - L5m - (60)'),$);
#896= IFCPROPERTYSET('07krOKcp4HPI3Uozig63J0',$,'Corridor Model Information',$,(#161,#162,#679,#836,#895));
#897= IFCRELDEFINESBYPROPERTIES('0xJ27Em_CMy9W2O52vup81',$,$,$,(#877),#896);
#898= IFCPROPERTYSINGLEVALUE('AssemblyStartStation',$,IFCLABEL('0+098.47m'),$);
#899= IFCPROPERTYSINGLEVALUE('AssemblyEndStation',$,IFCLABEL('0+125.53m'),$);
#900= IFCPROPERTYSET('1eRuDPyzm5HYdHTc_EAfQk',$,'Corridor Shape Information',$,(#166,#167,#589,#898,#899));
#901= IFCRELDEFINESBYPROPERTIES('3LVSTePlZJkc0Z3uJM5fX8',$,$,$,(#877),#900);
#902= IFCCARTESIANPOINTLIST3D(((-3.410391,3.623848,-0.272588),(-3.062373,3.308781,-0.275318),(-4.004315,2.940979,0.330704),(-3.65026,2.632854,0.321841),(-1.579432,1.966246,-0.286951),(-2.141593,1.319897,0.284077),(-0.096491,0.62371,-0.298584),(-0.632926,0.00694,0.246312),(1.38645,-0.718825,-0.310217),(0.875741,-1.306017,0.208548),(2.869392,-2.061361,-0.321849),(2.384408,-2.618974,0.170783),(4.004315,-3.088829,-0.330752),(3.539021,-3.623806,0.141882)),$);
#903= IFCTRIANGULATEDFACESET(#902,$,$,((1,2,3),(3,2,4),(2,5,4),(4,5,6),(5,7,6),(6,7,8),(7,9,8),(8,9,10),(9,11,10),(10,11,12),(11,13,12),(12,13,14)),$);
#904= IFCSHAPEREPRESENTATION(#114,'Body','Tessellation',(#903));
#905= IFCPRODUCTDEFINITIONSHAPE($,$,(#904));
#906= IFCCARTESIANPOINT((195.865389,178.746419,369.649646));
#907= IFCAXIS2PLACEMENT3D(#906,$,$);
#908= IFCLOCALPLACEMENT(#5,#907);
#909= IFCBUILTELEMENT('1z6UovKWvAUeRMXE589vQr',$,'Taluy',$,$,#908,#905,'5D075');
#910= IFCSTYLEDITEM(#903,(#126),'Taluy');
#911= IFCPROPERTYSET('00_SOwnzE3D8OqGpvHX0ad',$,'Misc',$,(#85,#87,#88,#129,#130,#131));
#912= IFCRELDEFINESBYPROPERTIES('3w6G044FJXXEeLPHUtmxcX',$,$,$,(#909),#911);
#913= IFCPROPERTYSINGLEVALUE('Bounds',$,IFCLABEL('((505241.86086678656,1707721.12255278,369.31871884407684),(505249.86991111,1707728.3702850747,369.980572844705))'),$);
#914= IFCPROPERTYSET('1jSkcIF9kPRb7DR3XDRs4Y',$,'Properties',$,(#39,#40,#41,#42,#43,#44,#45,#46,#47,#48,#49,#50,#51,#52,#53,#54,#55,#56,#57,#59,#60,#134,#913));
#915= IFCRELDEFINESBYPROPERTIES('2I7Li9uvuTYRflRwoyiOID',$,$,$,(#909),#914);
#916= IFCPROPERTYSET('0PKRih3o452ulQdzregyJ4',$,'3D Visualization',$,(#91,#92,#93));
#917= IFCRELDEFINESBYPROPERTIES('2Vxgh_2ZW8l6o$kHfyJKiL',$,$,$,(#909),#916);
#918= IFCPROPERTYSET('1ZRfn4DzQjyK1b3TP6UYkY',$,'General',$,(#72,#74,#75,#76,#77,#140));
#919= IFCRELDEFINESBYPROPERTIES('1l4DTAefxoEaGbbew37gZy',$,$,$,(#909),#918);
#920= IFCPROPERTYSET('1_PS1MvYYJ70upK1iICf93',$,'Geometry',$,(#82));
#921= IFCRELDEFINESBYPROPERTIES('0DV05HGbNaFjuzVh1McriJ',$,$,$,(#909),#920);
#922= IFCPROPERTYSINGLEVALUE('RegionGuid',$,IFCLABEL('{6F9CBDD4-D2EC-4C66-92E5-8805A20BECB0}'),$);
#923= IFCPROPERTYSINGLEVALUE('StartStation',$,IFCLABEL('0+125.53m'),$);
#924= IFCPROPERTYSINGLEVALUE('EndStation',$,IFCLABEL('0+135.53m'),$);
#925= IFCPROPERTYSET('3jxuS5LpbHA5fNPZC8fiE9',$,'Corridor Identity',$,(#146,#147,#148,#149,#150,#153,#156,#672,#830,#922,#923,#924));
#926= IFCRELDEFINESBYPROPERTIES('1E_0DEUgHRXlOhqs$vaWKF',$,$,$,(#909),#925);
#927= IFCPROPERTYSINGLEVALUE('RegionName',$,IFCLABEL('RG - 5m - (61)'),$);
#928= IFCPROPERTYSET('3IE7MJmarT__ZNyIMLiP6L',$,'Corridor Model Information',$,(#161,#162,#679,#836,#927));
#929= IFCRELDEFINESBYPROPERTIES('3rgzeykZ1wdAhv7u$SyrxW',$,$,$,(#909),#928);
#930= IFCPROPERTYSINGLEVALUE('AssemblyStartStation',$,IFCLABEL('0+125.53m'),$);
#931= IFCPROPERTYSINGLEVALUE('AssemblyEndStation',$,IFCLABEL('0+135.53m'),$);
#932= IFCPROPERTYSET('2JPaGCZrubzKuvbb2ERS0A',$,'Corridor Shape Information',$,(#166,#167,#168,#930,#931));
#933= IFCRELDEFINESBYPROPERTIES('0iJ2ycL2afTxRbF5PuyxYX',$,$,$,(#909),#932);
#934= IFCCARTESIANPOINTLIST3D(((-4.182806,2.734078,-0.390366),(-3.822522,2.433106,-0.392904),(-3.360572,3.6783,0.444406),(-3.006517,3.370174,0.435543),(-2.287312,1.15063,-0.40372),(-1.49785,2.057218,0.397779),(-0.752101,-0.131845,-0.414537),(0.010818,0.744261,0.360015),(0.783109,-1.414321,-0.425353),(1.519485,-0.568696,0.32225),(2.31832,-2.696797,-0.43617),(3.028152,-1.881653,0.284486),(3.493246,-3.6783,-0.444448),(4.182764,-2.886485,0.255584)),$);
#935= IFCTRIANGULATEDFACESET(#934,$,$,((1,2,3),(3,2,4),(2,5,4),(4,5,6),(5,7,6),(6,7,8),(7,9,8),(8,9,10),(9,11,10),(10,11,12),(11,13,12),(12,13,14)),$);
#936= IFCSHAPEREPRESENTATION(#114,'Body','Tessellation',(#935));
#937= IFCPRODUCTDEFINITIONSHAPE($,$,(#936));
#938= IFCCARTESIANPOINT((181.763712,162.545139,369.535117));
#939= IFCAXIS2PLACEMENT3D(#938,$,$);
#940= IFCLOCALPLACEMENT(#5,#939);
#941= IFCBUILTELEMENT('0rjiHpLcz0P8CBoGHjHLZj',$,'Taluy',$,$,#940,#937,'5D07D');
#942= IFCSTYLEDITEM(#935,(#126),'Taluy');
#943= IFCPROPERTYSET('38IjRIbb0E9rC8_3NZODJ5',$,'Misc',$,(#85,#87,#88,#129,#130,#131));
#944= IFCRELDEFINESBYPROPERTIES('1jWxA9yxf3OzVkPQ8EBPhQ',$,$,$,(#941),#943);
#945= IFCPROPERTYSINGLEVALUE('Bounds',$,IFCLABEL('((505227.58088933036,1707704.8665497024,369.09045235302193),(505235.94653411815,1707712.2237287431,369.9797810022506))'),$);
#946= IFCPROPERTYSET('3jSLxTlU9ZdZvOtW$19M_g',$,'Properties',$,(#39,#40,#41,#42,#43,#44,#45,#46,#47,#48,#49,#50,#51,#52,#53,#54,#55,#56,#57,#59,#60,#134,#945));
#947= IFCRELDEFINESBYPROPERTIES('3bwRHzKsJmJ806rOz4SBAK',$,$,$,(#941),#946);
#948= IFCPROPERTYSET('0xrjA4J5rWKomoXTTdaNLB',$,'3D Visualization',$,(#91,#92,#93));
#949= IFCRELDEFINESBYPROPERTIES('2xtXLSEySAYvEAxJsqu$Cy',$,$,$,(#941),#948);
#950= IFCPROPERTYSET('1RutpKy5ZN$o3$lg_evR4R',$,'General',$,(#72,#74,#75,#76,#77,#140));
#951= IFCRELDEFINESBYPROPERTIES('0KXklcExS2TVaK94DfVAsN',$,$,$,(#941),#950);
#952= IFCPROPERTYSET('05SdGuCNOQT9p$nCitBQya',$,'Geometry',$,(#82));
#953= IFCRELDEFINESBYPROPERTIES('1DVbUtEzk$wxcuxocbf78E',$,$,$,(#941),#952);
#954= IFCPROPERTYSET('0WpoYv00RQuJ_5_B4PsFS9',$,'Corridor Identity',$,(#146,#147,#148,#150,#153,#156,#193,#672,#830,#922,#923,#924));
#955= IFCRELDEFINESBYPROPERTIES('0g2e7xd5fG4PFJLcwY6hqy',$,$,$,(#941),#954);
#956= IFCPROPERTYSET('3Yt57u5xZ8OrXxlvRpVwER',$,'Corridor Model Information',$,(#161,#162,#679,#836,#927));
#957= IFCRELDEFINESBYPROPERTIES('09d6wbC_uOVQN$yjmnEXqy',$,$,$,(#941),#956);
#958= IFCPROPERTYSET('1XeJ_wohO7JU40o1u$MHnf',$,'Corridor Shape Information',$,(#166,#168,#198,#930,#931));
#959= IFCRELDEFINESBYPROPERTIES('3XCt061y8cDSOjYZ4J3wzU',$,$,$,(#941),#958);
#960= IFCCARTESIANPOINTLIST3D(((-0.96208,0.054106,0.083866),(-0.966989,0.053924,0.083988),(-0.875557,-0.034363,0.000238),(-0.788737,-0.122679,-0.083458),(-0.784424,-0.122804,-0.083443),(-0.960923,0.054149,0.083837),(-0.872709,-0.034346,0.000205),(-0.783408,-0.122833,-0.083439),(-0.92507,0.055474,0.082902),(-0.855358,-0.03423,-0.000007),(-0.75203,-0.123708,-0.083326),(-0.861419,0.057827,0.081061),(-0.808843,-0.03387,-0.000622),(-0.696852,-0.125072,-0.083125),(-0.706669,-0.032204,-0.002534),(-0.634202,-0.030786,-0.004036),(-0.545497,0.069508,0.068041),(-0.561735,-0.029368,-0.005538),(-0.433041,-0.125408,-0.082122),(-0.230411,0.081161,0.048012),(-0.347572,-0.020159,-0.011773),(-0.181338,-0.105898,-0.081025),(0.00001,0.089683,0.029558),(-0.101423,-0.002402,-0.020886),(0.006047,-0.074555,-0.080089),(0.048433,0.091475,0.025422),(0.02533,0.010063,-0.026246),(0.046827,-0.066353,-0.079875),(0.334521,0.102057,0.000548),(0.182975,0.028803,-0.033106),(0.302117,-0.011967,-0.078518),(0.505371,0.108376,-0.013357),(0.487666,0.063978,-0.045506),(0.469961,0.01958,-0.077655),(0.57234,0.073445,-0.048767),(0.637805,0.051127,-0.076792),(0.676221,0.114696,-0.027263),(0.82161,0.120073,-0.037546),(0.805233,0.096403,-0.056805),(0.788856,0.072733,-0.076063),(0.879344,0.103148,-0.059193),(0.939908,0.094338,-0.075335),(0.967,0.12545,-0.047829)),$);
#961= IFCTRIANGULATEDFACESET(#960,$,$,((1,2,3),(3,2,4),(3,4,5),(5,1,3),(6,1,7),(7,1,5),(7,5,8),(8,6,7),(9,6,10),(10,6,8),(10,8,11),(11,9,10),(12,9,13),(13,9,11),(13,11,14),(14,12,13),(14,15,12),(12,15,16),(12,16,17),(17,16,18),(17,18,19),(19,18,16),(19,16,14),(14,16,15),(20,17,21),(21,17,19),(21,19,22),(22,20,21),(23,20,24),(24,20,22),(24,22,25),(25,23,24),(26,23,27),(27,23,25),(27,25,28),(28,26,27),(29,26,30),(30,26,28),(30,28,31),(31,29,30),(32,29,33),(33,29,31),(33,31,34),(33,34,35),(35,34,36),(35,36,37),(37,32,35),(35,32,33),(38,37,39),(39,37,36),(39,36,40),(39,40,41),(41,40,42),(41,42,43),(43,38,41),(41,38,39)),$);
#962= IFCSHAPEREPRESENTATION(#114,'Body','Tessellation',(#961));
#963= IFCPRODUCTDEFINITIONSHAPE($,$,(#962));
#964= IFCCARTESIANPOINT((221.986657,126.219733,368.923474));
#965= IFCAXIS2PLACEMENT3D(#964,$,$);
#966= IFCLOCALPLACEMENT(#5,#965);
#967= IFCBUILTELEMENT('391qTLUjT9zwRq6slHG2Yi',$,'Taluy',$,$,#966,#963,'5D085');
#968= IFCSTYLEDITEM(#961,(#126),'Taluy');
#969= IFCPROPERTYSET('01MDqHAQ_xOSh1eBtLVg_K',$,'Misc',$,(#85,#87,#88,#129,#130,#131));
#970= IFCRELDEFINESBYPROPERTIES('2sVB0ES9WTYlFLxjtbleeE',$,$,$,(#967),#969);
#971= IFCPROPERTYSINGLEVALUE('Bounds',$,IFCLABEL('((505271.0196158471,1707672.0942713276,368.83946337227945),(505272.95369806106,1707672.3451948443,369.00748527606))'),$);
#972= IFCPROPERTYSET('10jtWaw7aDMdyRrggTIeT1',$,'Properties',$,(#39,#40,#41,#42,#43,#44,#45,#46,#47,#48,#49,#50,#51,#52,#53,#54,#55,#56,#57,#59,#60,#134,#971));
#973= IFCRELDEFINESBYPROPERTIES('3EqZ4v8QBJshQ4QUwCW0Mf',$,$,$,(#967),#972);
#974= IFCPROPERTYSET('1Q59TjyA7ga0UIovR9Zkp6',$,'3D Visualization',$,(#91,#92,#93));
#975= IFCRELDEFINESBYPROPERTIES('3r449ayeRJBtvsbUXEf$MC',$,$,$,(#967),#974);
#976= IFCPROPERTYSET('0yiZyaqYk323_pSm0zGxbA',$,'General',$,(#72,#74,#75,#76,#77,#140));
#977= IFCRELDEFINESBYPROPERTIES('1OdLvL57YMSD06Q7Iwfp__',$,$,$,(#967),#976);
#978= IFCPROPERTYSET('2yhsmRSZxm6bvVGVRKbxuY',$,'Geometry',$,(#82));
#979= IFCRELDEFINESBYPROPERTIES('3jwoGVyWF6y$mFqpHRzShY',$,$,$,(#967),#978);
#980= IFCPROPERTYSINGLEVALUE('CorridorHandle',$,IFCLABEL('5E6E4'),$);
#981= IFCPROPERTYSINGLEVALUE('HorizontalBaselineHandle',$,IFCLABEL('5E707'),$);
#982= IFCPROPERTYSINGLEVALUE('VerticalBaselineHandle',$,IFCLABEL('5E746'),$);
#983= IFCPROPERTYSINGLEVALUE('BaselineGuid',$,IFCLABEL('{125601D3-FA00-4F81-ACFF-A8DD6A758A1D}'),$);
#984= IFCPROPERTYSINGLEVALUE('RegionGuid',$,IFCLABEL('{E3304CA2-78D1-4998-BE3C-4A2880AFF5A4}'),$);
#985= IFCPROPERTYSINGLEVALUE('EndStation',$,IFCLABEL('0+021.30m'),$);
#986= IFCPROPERTYSET('1biVrdqipDy9m0uKrP9FR9',$,'Corridor Identity',$,(#150,#153,#156,#340,#341,#344,#980,#981,#982,#983,#984,#985));
#987= IFCRELDEFINESBYPROPERTIES('1Ns6rADlR7CfZ65b8KJJhy',$,$,$,(#967),#986);
#988= IFCPROPERTYSINGLEVALUE('CorridorName',$,IFCLABEL('B\X2\0110\X0\_N47'),$);
#989= IFCPROPERTYSINGLEVALUE('BaselineName',$,IFCLABEL('BL - Intersection - (11) - SE - Quadrant - (76)'),$);
#990= IFCPROPERTYSINGLEVALUE('HorizontalBaseline',$,IFCLABEL('Intersection - (11) - SE - Quadrant'),$);
#991= IFCPROPERTYSINGLEVALUE('VerticalBaseline',$,IFCLABEL('Intersection - (11) - SE - Quadrant - Profile'),$);
#992= IFCPROPERTYSINGLEVALUE('RegionName',$,IFCLABEL('RG - LEFT - (83)'),$);
#993= IFCPROPERTYSET('1SxxTuN6tf2bh2memktR3L',$,'Corridor Model Information',$,(#988,#989,#990,#991,#992));
#994= IFCRELDEFINESBYPROPERTIES('3D5z2fBiU5ilmbmDux_W7D',$,$,$,(#967),#993);
#995= IFCPROPERTYSINGLEVALUE('AssemblyEndStation',$,IFCLABEL('0+021.30m'),$);
#996= IFCPROPERTYSET('3SqnBFfoMTQ_aogRgTkJse',$,'Corridor Shape Information',$,(#166,#198,#355,#356,#995));
#997= IFCRELDEFINESBYPROPERTIES('1EqU7xZfestlMWtXdX7Du2',$,$,$,(#967),#996);
#998= IFCCARTESIANPOINTLIST3D(((0.211785,2.830967,0.176925),(-0.514537,3.463065,0.230475),(-0.354251,2.95379,0.015988),(-0.909044,3.010028,-0.170047),(-0.205206,2.511099,-0.1734),(0.168156,2.542434,-0.004832),(0.333022,2.413836,-0.011426),(0.864103,2.263273,0.12724),(0.497889,2.285237,-0.01802),(0.461408,2.050003,-0.176467),(0.865921,2.078984,0.12143),(0.66339,2.068503,-0.026467),(0.462126,1.881753,-0.178072),(0.66833,1.736026,-0.034438),(0.672636,1.491683,-0.040555),(0.876038,1.053647,0.081323),(0.676943,1.247341,-0.046672),(0.48646,0.95235,-0.186902),(0.885176,0.12714,0.03483),(0.697153,0.560381,-0.066401),(0.540937,0.108389,-0.194855),(0.885953,0.048375,0.03052),(0.714736,0.07993,-0.08126),(0.546878,0.035817,-0.195537),(0.885966,0.047018,0.030445),(0.716445,0.041444,-0.08253),(0.546982,0.034565,-0.195548),(0.88598,0.045661,0.030371),(0.716504,0.04014,-0.082573),(0.547086,0.033313,-0.19556),(0.894148,-0.782688,-0.017202),(0.736414,-0.361498,-0.096304),(0.618441,-0.742277,-0.202826),(0.898469,-1.220912,-0.043331),(0.767781,-0.977207,-0.11753),(0.660065,-1.16295,-0.206761),(0.898483,-1.222355,-0.043417),(0.779305,-1.192641,-0.125071),(0.660203,-1.164348,-0.206774),(0.898497,-1.223799,-0.043504),(0.779381,-1.194062,-0.125121),(0.660342,-1.165746,-0.206787),(0.903707,-1.752131,-0.075119),(0.793356,-1.456101,-0.134259),(0.710878,-1.682727,-0.211625),(0.908957,-2.284601,-0.106552),(0.82084,-1.983241,-0.152473),(0.759818,-2.213503,-0.216597),(0.543196,-2.653757,-0.12742),(0.658832,-2.433224,-0.167838),(0.423357,-2.581035,-0.220783),(-0.140265,-3.343558,-0.173696),(0.15631,-2.966451,-0.187671),(-0.201048,-3.287456,-0.228786),(-0.25869,-3.463081,-0.182499),(-0.227393,-3.376691,-0.203795),(-0.309569,-3.412671,-0.2302)),$);
#999= IFCTRIANGULATEDFACESET(#998,$,$,((1,2,3),(3,2,4),(3,4,5),(5,1,3),(5,6,1),(1,6,7),(1,7,8),(8,7,9),(8,9,10),(10,9,7),(10,7,5),(5,7,6),(11,8,12),(12,8,10),(12,10,13),(13,11,12),(13,14,11),(11,14,15),(11,15,16),(16,15,17),(16,17,18),(18,17,15),(18,15,13),(13,15,14),(19,16,20),(20,16,18),(20,18,21),(21,19,20),(22,19,23),(23,19,21),(23,21,24),(24,22,23),(25,22,26),(26,22,24),(26,24,27),(27,25,26),(28,25,29),(29,25,27),(29,27,30),(30,28,29),(31,28,32),(32,28,30),(32,30,33),(33,31,32),(34,31,35),(35,31,33),(35,33,36),(36,34,35),(37,34,38),(38,34,36),(38,36,39),(39,37,38),(40,37,41),(41,37,39),(41,39,42),(42,40,41),(43,40,44),(44,40,42),(44,42,45),(45,43,44),(46,43,47),(47,43,45),(47,45,48),(48,46,47),(49,46,50),(50,46,48),(50,48,51),(51,49,50),(52,49,53),(53,49,51),(53,51,54),(54,52,53),(55,52,56),(56,52,54),(56,54,57),(57,55,56)),$);
#1000= IFCSHAPEREPRESENTATION(#114,'Body','Tessellation',(#999));
#1001= IFCPRODUCTDEFINITIONSHAPE($,$,(#1000));
#1002= IFCCARTESIANPOINT((203.106846,141.709163,369.143552));
#1003= IFCAXIS2PLACEMENT3D(#1002,$,$);
#1004= IFCLOCALPLACEMENT(#5,#1003);
#1005= IFCBUILTELEMENT('3sEoKVEBj2Ew2JexGqFn8L',$,'Taluy',$,$,#1004,#1001,'5D08D');
#1006= IFCSTYLEDITEM(#999,(#126),'Taluy');
#1007= IFCPROPERTYSET('2MSuTP$RlfoYcryUhmtoig',$,'Misc',$,(#85,#87,#88,#129,#130,#131));
#1008= IFCRELDEFINESBYPROPERTIES('1mxhJYGDctfpl$5gPnYget',$,$,$,(#1005),#1007);
#1009= IFCPROPERTYSINGLEVALUE('Bounds',$,IFCLABEL('((505252.19778317405,1707684.245947534,368.9129526768034),(505254.0159079447,1707691.1723776432,369.37415106348664))'),$);
#1010= IFCPROPERTYSET('0PcrtXhA1KQEA9DuOQMgkN',$,'Properties',$,(#39,#40,#41,#42,#43,#44,#45,#46,#47,#48,#49,#50,#51,#52,#53,#54,#55,#56,#57,#59,#60,#134,#1009));
#1011= IFCRELDEFINESBYPROPERTIES('0nrJX92hlFMK9YhjNPCUyf',$,$,$,(#1005),#1010);
#1012= IFCPROPERTYSET('0JVVnUyQX2nrNp9j5PTnEt',$,'3D Visualization',$,(#91,#92,#93));
#1013= IFCRELDEFINESBYPROPERTIES('1BETKmTOGYPnPQkziBZb3S',$,$,$,(#1005),#1012);
#1014= IFCPROPERTYSET('2MVSigXtLISf2Qgh8iIjrT',$,'General',$,(#72,#74,#75,#76,#77,#140));
#1015= IFCRELDEFINESBYPROPERTIES('2otTcb9eeV_48S1bjhFRM5',$,$,$,(#1005),#1014);
#1016= IFCPROPERTYSET('1JvIPb9Q$w5BU$eJYqcKSG',$,'Geometry',$,(#82));
#1017= IFCRELDEFINESBYPROPERTIES('3BteHdGk4HKXM3PLQaIRP3',$,$,$,(#1005),#1016);
#1018= IFCPROPERTYSINGLEVALUE('HorizontalBaselineHandle',$,IFCLABEL('5E713'),$);
#1019= IFCPROPERTYSINGLEVALUE('VerticalBaselineHandle',$,IFCLABEL('5E753'),$);
#1020= IFCPROPERTYSINGLEVALUE('BaselineGuid',$,IFCLABEL('{6C48D44F-28C3-4BF6-A2FF-0DA9D1E3F66E}'),$);
#1021= IFCPROPERTYSINGLEVALUE('RegionGuid',$,IFCLABEL('{DEFA0997-0B6D-47DA-B126-2B10C2AE067A}'),$);
#1022= IFCPROPERTYSET('06XuKyW$ul_ZsXNUNqZrSO',$,'Corridor Identity',$,(#150,#153,#156,#340,#341,#344,#384,#980,#1018,#1019,#1020,#1021));
#1023= IFCRELDEFINESBYPROPERTIES('3F$FsXRgdQsPfbEHS40pJr',$,$,$,(#1005),#1022);
#1024= IFCPROPERTYSINGLEVALUE('BaselineName',$,IFCLABEL('BL - Intersection - (11) - SW - Quadrant - (77)'),$);
#1025= IFCPROPERTYSINGLEVALUE('HorizontalBaseline',$,IFCLABEL('Intersection - (11) - SW - Quadrant'),$);
#1026= IFCPROPERTYSINGLEVALUE('VerticalBaseline',$,IFCLABEL('Intersection - (11) - SW - Quadrant - Profile'),$);
#1027= IFCPROPERTYSINGLEVALUE('RegionName',$,IFCLABEL('RG - LEFT - (84)'),$);
#1028= IFCPROPERTYSET('3rIJEac4Pfm7QlZM8DowJ9',$,'Corridor Model Information',$,(#988,#1024,#1025,#1026,#1027));
#1029= IFCRELDEFINESBYPROPERTIES('1UiySM9D5xwJsjpaTSzBNI',$,$,$,(#1005),#1028);
#1030= IFCPROPERTYSET('2otHJeSmNWlL5uVaUCQ0ju',$,'Corridor Shape Information',$,(#166,#198,#355,#356,#393));
#1031= IFCRELDEFINESBYPROPERTIES('1AbqL0W7$UrmIUsqwshp$a',$,$,$,(#1005),#1030);
#1032= IFCCARTESIANPOINTLIST3D(((1.893498,1.126632,-0.0682),(1.497557,1.121109,-0.069748),(1.715247,1.303235,0.099246),(1.328168,1.288931,0.089373),(0.645354,1.109222,-0.073081),(0.495041,1.258146,0.068122),(-0.48451,0.269473,0.058043),(-0.333506,0.119866,-0.083808),(-1.892154,-1.151279,0.043559),(-1.740158,-1.301869,-0.099223),(-1.893506,-1.152644,0.043545),(-1.741509,-1.303235,-0.099238)),$);
#1033= IFCTRIANGULATEDFACESET(#1032,$,$,((1,2,3),(3,2,4),(2,5,4),(4,5,6),(6,5,7),(7,5,8),(7,8,9),(9,8,10),(9,10,11),(11,10,12)),$);
#1034= IFCSHAPEREPRESENTATION(#114,'Body','Tessellation',(#1033));
#1035= IFCPRODUCTDEFINITIONSHAPE($,$,(#1034));
#1036= IFCCARTESIANPOINT((219.304422,124.970423,368.908216));
#1037= IFCAXIS2PLACEMENT3D(#1036,$,$);
#1038= IFCLOCALPLACEMENT(#5,#1037);
#1039= IFCBUILTELEMENT('2TdunZ7Sz5y8c6ii38Vbwl',$,'Taluy',$,$,#1038,#1035,'5D095');
#1040= IFCSTYLEDITEM(#1033,(#126),'Taluy');
#1041= IFCPROPERTYSET('0ENWu0eLBa09vVxC2SY0NK',$,'Misc',$,(#85,#87,#88,#129,#130,#131));
#1042= IFCRELDEFINESBYPROPERTIES('3J9ISdO9AptpsTu2O9OCfg',$,$,$,(#1039),#1041);
#1043= IFCPROPERTYSINGLEVALUE('Bounds',$,IFCLABEL('((505267.4108709992,1707669.6671231547,368.807835774617),(505271.1979722884,1707672.2737223997,369.0085957781303))'),$);
#1044= IFCPROPERTYSET('2q5CUEbjzJgqmDgziyIp_k',$,'Properties',$,(#39,#40,#41,#42,#43,#44,#45,#46,#47,#48,#49,#50,#51,#52,#53,#54,#55,#56,#57,#59,#60,#134,#1043));
#1045= IFCRELDEFINESBYPROPERTIES('0fDwufuYvYYFU$Ctc2rDEG',$,$,$,(#1039),#1044);
#1046= IFCPROPERTYSET('2ncOgAUeLIy9VaWj9wFacW',$,'3D Visualization',$,(#91,#92,#93));
#1047= IFCRELDEFINESBYPROPERTIES('0FJ0w963bC4il4373COtJy',$,$,$,(#1039),#1046);
#1048= IFCPROPERTYSET('1nHyCFuo21n6EsyzAsJxH9',$,'General',$,(#72,#74,#75,#76,#77,#140));
#1049= IFCRELDEFINESBYPROPERTIES('3MhtKqDlRTwz2ipp3Z3Aii',$,$,$,(#1039),#1048);
#1050= IFCPROPERTYSET('3Q0218yg4FDlWmtppKmBFd',$,'Geometry',$,(#82));
#1051= IFCRELDEFINESBYPROPERTIES('2zvlAhzGm0qaA2MELnnyen',$,$,$,(#1039),#1050);
#1052= IFCPROPERTYSINGLEVALUE('HorizontalBaselineHandle',$,IFCLABEL('5C7D6'),$);
#1053= IFCPROPERTYSINGLEVALUE('VerticalBaselineHandle',$,IFCLABEL('5CEF6'),$);
#1054= IFCPROPERTYSINGLEVALUE('BaselineGuid',$,IFCLABEL('{3F4776F8-363B-48FC-BDB4-06126279063C}'),$);
#1055= IFCPROPERTYSINGLEVALUE('RegionGuid',$,IFCLABEL('{421E7194-F008-4E1E-A8C4-0AB96A9F4DA2}'),$);
#1056= IFCPROPERTYSINGLEVALUE('StartStation',$,IFCLABEL('0+011.72m'),$);
#1057= IFCPROPERTYSINGLEVALUE('EndStation',$,IFCLABEL('0+016.00m'),$);
#1058= IFCPROPERTYSET('37J7HhvAcar50QKV_SW7CA',$,'Corridor Identity',$,(#150,#153,#156,#579,#580,#980,#1052,#1053,#1054,#1055,#1056,#1057));
#1059= IFCRELDEFINESBYPROPERTIES('0VPxMVdLXZ_VoDL4EvKWxG',$,$,$,(#1039),#1058);
#1060= IFCPROPERTYSINGLEVALUE('BaselineName',$,IFCLABEL('BL - T7 - (78)'),$);
#1061= IFCPROPERTYSINGLEVALUE('HorizontalBaseline',$,IFCLABEL('Tuyen_T7'),$);
#1062= IFCPROPERTYSINGLEVALUE('VerticalBaseline',$,IFCLABEL('DD_T7'),$);
#1063= IFCPROPERTYSINGLEVALUE('RegionName',$,IFCLABEL('RG - L5m - (85)'),$);
#1064= IFCPROPERTYSET('135vB7anpcuQ1mFS2tFE2C',$,'Corridor Model Information',$,(#988,#1060,#1061,#1062,#1063));
#1065= IFCRELDEFINESBYPROPERTIES('01mW0CAmlRwH1ZhS40oc4d',$,$,$,(#1039),#1064);
#1066= IFCPROPERTYSINGLEVALUE('AssemblyStartStation',$,IFCLABEL('0+011.72m'),$);
#1067= IFCPROPERTYSINGLEVALUE('AssemblyEndStation',$,IFCLABEL('0+016.00m'),$);
#1068= IFCPROPERTYSET('3APBO6DRuEkFzzYpHknL$o',$,'Corridor Shape Information',$,(#166,#167,#589,#1066,#1067));
#1069= IFCRELDEFINESBYPROPERTIES('0UR1AkLFn9Aon4Di5wlJOh',$,$,$,(#1039),#1068);
#1070= IFCCARTESIANPOINTLIST3D(((3.443112,3.629633,0.109929),(3.595109,3.479042,-0.032854),(2.71421,2.893943,0.102429),(2.86672,2.742843,-0.040836),(2.03682,2.210245,0.095459),(2.189808,2.058672,-0.048254),(0.629176,0.789493,0.080975),(0.783155,0.636937,-0.06367),(-0.579571,-0.430511,0.068538),(-0.424741,-0.58391,-0.076907),(-0.581683,-0.432643,0.068517),(-0.426851,-0.586043,-0.07693),(-0.778468,-0.63126,0.066492),(-0.623497,-0.784798,-0.079085),(-2.186112,-2.052012,0.052008),(-2.030149,-2.206533,-0.0945),(-3.593756,-3.472765,0.037524),(-3.436801,-3.628268,-0.109916),(-3.595108,-3.474129,0.03751),(-3.438152,-3.629633,-0.109931)),$);
#1071= IFCTRIANGULATEDFACESET(#1070,$,$,((1,2,3),(3,2,4),(3,4,5),(5,4,6),(5,6,7),(7,6,8),(7,8,9),(9,8,10),(9,10,11),(11,10,12),(11,12,13),(13,12,14),(13,14,15),(15,14,16),(15,16,17),(17,16,18),(17,18,19),(19,18,20)),$);
#1072= IFCSHAPEREPRESENTATION(#114,'Body','Tessellation',(#1071));
#1073= IFCPRODUCTDEFINITIONSHAPE($,$,(#1072));
#1074= IFCCARTESIANPOINT((213.967804,120.188146,368.841832));
#1075= IFCAXIS2PLACEMENT3D(#1074,$,$);
#1076= IFCLOCALPLACEMENT(#5,#1075);
#1077= IFCBUILTELEMENT('1nIOzRqPz4Rf6ump$CDHzF',$,'Taluy',$,$,#1076,#1073,'5D09D');
#1078= IFCSTYLEDITEM(#1071,(#126),'Taluy');
#1079= IFCPROPERTYSET('3dLzQ7B5IYYg$TVghrlpyf',$,'Misc',$,(#85,#87,#88,#129,#130,#131));
#1080= IFCRELDEFINESBYPROPERTIES('03pjqyPBYHljfDk4735LwN',$,$,$,(#1077),#1079);
#1081= IFCPROPERTYSINGLEVALUE('Bounds',$,IFCLABEL('((505260.37264965783,1707662.558440779,368.7296914091822),(505267.56295735243,1707669.8178510012,368.9539722123432))'),$);
#1082= IFCPROPERTYSET('3FAFGKVQqXsRULsJMVvjY8',$,'Properties',$,(#39,#40,#41,#42,#43,#44,#45,#46,#47,#48,#49,#50,#51,#52,#53,#54,#55,#56,#57,#59,#60,#134,#1081));
#1083= IFCRELDEFINESBYPROPERTIES('0LWQiq_Upb26U0f7AW4E4G',$,$,$,(#1077),#1082);
#1084= IFCPROPERTYSET('29n6k7FXocuoIaD6uhTpiD',$,'3D Visualization',$,(#91,#92,#93));
#1085= IFCRELDEFINESBYPROPERTIES('1DQEDbMiVQaIj2VHWN7Nv7',$,$,$,(#1077),#1084);
#1086= IFCPROPERTYSET('3yEJHZA41UaOlPEkCzuPOD',$,'General',$,(#72,#74,#75,#76,#77,#140));
#1087= IFCRELDEFINESBYPROPERTIES('2hp0FV1IJt2Ku1Z4BFtD5F',$,$,$,(#1077),#1086);
#1088= IFCPROPERTYSET('2o2U4NKjrr$kKWB3SfnuX_',$,'Geometry',$,(#82));
#1089= IFCRELDEFINESBYPROPERTIES('0uiwAFdc3cCNeL3XVpzOkF',$,$,$,(#1077),#1088);
#1090= IFCPROPERTYSINGLEVALUE('RegionGuid',$,IFCLABEL('{F238DFD5-6679-416B-986C-74D1C8C5B2D0}'),$);
#1091= IFCPROPERTYSINGLEVALUE('StartStation',$,IFCLABEL('0+016.00m'),$);
#1092= IFCPROPERTYSINGLEVALUE('EndStation',$,IFCLABEL('0+026.00m'),$);
#1093= IFCPROPERTYSET('3LdstfHtvd0ppTTQBiy_A7',$,'Corridor Identity',$,(#148,#149,#150,#153,#156,#980,#1052,#1053,#1054,#1090,#1091,#1092));
#1094= IFCRELDEFINESBYPROPERTIES('1QmXDnlFWlckONqcZnEL_k',$,$,$,(#1077),#1093);
#1095= IFCPROPERTYSINGLEVALUE('RegionName',$,IFCLABEL('RG - 5m - (86)'),$);
#1096= IFCPROPERTYSET('3Bt4g216ROM___VWHEh8nO',$,'Corridor Model Information',$,(#988,#1060,#1061,#1062,#1095));
#1097= IFCRELDEFINESBYPROPERTIES('1nqLSFyBi3ccccnbEzpT9E',$,$,$,(#1077),#1096);
#1098= IFCPROPERTYSINGLEVALUE('AssemblyStartStation',$,IFCLABEL('0+016.00m'),$);
#1099= IFCPROPERTYSINGLEVALUE('AssemblyEndStation',$,IFCLABEL('0+026.00m'),$);
#1100= IFCPROPERTYSET('2_CZGFlPfV1YMzjik38iOF',$,'Corridor Shape Information',$,(#166,#167,#168,#1098,#1099));
#1101= IFCRELDEFINESBYPROPERTIES('1pvdDpQAfNeysMrzlh07yi',$,$,$,(#1077),#1100);
#1102= IFCCARTESIANPOINTLIST3D(((3.549616,3.526675,0.064812),(3.498738,3.577085,0.017111),(2.820714,2.790985,0.057312),(2.768786,2.842434,0.008627),(2.143324,2.107287,0.050342),(2.090421,2.159703,0.000743),(0.73568,0.686534,0.035859),(0.68075,0.740958,-0.015641),(-0.473067,-0.53347,0.023422),(-0.529738,-0.477321,-0.02971),(-0.475179,-0.535601,0.0234),(-0.531853,-0.479449,-0.029735),(-0.671964,-0.734218,0.021375),(-0.728921,-0.677786,-0.032025),(-2.079608,-2.154971,0.006891),(-2.138592,-2.09653,-0.048409),(-3.487252,-3.575723,-0.007592),(-3.548263,-3.515275,-0.064793),(-3.488604,-3.577088,-0.007606),(-3.549616,-3.516637,-0.064809)),$);
#1103= IFCTRIANGULATEDFACESET(#1102,$,$,((1,2,3),(3,2,4),(3,4,5),(5,4,6),(5,6,7),(7,6,8),(7,8,9),(9,8,10),(9,10,11),(11,10,12),(11,12,13),(13,12,14),(13,14,15),(15,14,16),(15,16,17),(17,16,18),(17,18,19),(19,18,20)),$);
#1104= IFCSHAPEREPRESENTATION(#114,'Body','Tessellation',(#1103));
#1105= IFCPRODUCTDEFINITIONSHAPE($,$,(#1104));
#1106= IFCCARTESIANPOINT((199.298539,134.719407,368.896241));
#1107= IFCAXIS2PLACEMENT3D(#1106,$,$);
#1108= IFCLOCALPLACEMENT(#5,#1107);
#1109= IFCBUILTELEMENT('3KqdSwTfLEswjqA6f2oq05',$,'Taluy',$,$,#1108,#1105,'5D0A5');
#1110= IFCSTYLEDITEM(#1103,(#126),'Taluy');
#1111= IFCPROPERTYSET('3U7YBAU0AtO1iVdIO1P8rN',$,'Misc',$,(#85,#87,#88,#129,#130,#131));
#1112= IFCRELDEFINESBYPROPERTIES('0aN25bwb7P2$mXRhx1$DVA',$,$,$,(#1109),#1111);
#1113= IFCPROPERTYSINGLEVALUE('Bounds',$,IFCLABEL('((505245.74892254674,1707677.1422954402,368.82918175411584),(505252.84815521335,1707684.2965181072,368.9633003609875))'),$);
#1114= IFCPROPERTYSET('0PKYfIJndlynjI9vadS_k9',$,'Properties',$,(#39,#40,#41,#42,#43,#44,#45,#46,#47,#48,#49,#50,#51,#52,#53,#54,#55,#56,#57,#59,#60,#134,#1113));
#1115= IFCRELDEFINESBYPROPERTIES('3OTrnGJuY008TGKqKoFp6U',$,$,$,(#1109),#1114);
#1116= IFCPROPERTYSET('2jIh2xoi7dWJ8Yqz8lttfB',$,'3D Visualization',$,(#91,#92,#93));
#1117= IFCRELDEFINESBYPROPERTIES('2BxAEZ$bXpxuegnDDET9jY',$,$,$,(#1109),#1116);
#1118= IFCPROPERTYSET('3xb_2OL94qe$ndfbUOS5kM',$,'General',$,(#72,#74,#75,#76,#77,#140));
#1119= IFCRELDEFINESBYPROPERTIES('14Wt2UtFd6ECcjZ2cRdDRN',$,$,$,(#1109),#1118);
#1120= IFCPROPERTYSET('22rxbUWVTihwCmUKvqEXY0',$,'Geometry',$,(#82));
#1121= IFCRELDEFINESBYPROPERTIES('0$OMZbTcJiI7ZwuQYdPHiX',$,$,$,(#1109),#1120);
#1122= IFCPROPERTYSET('2WmfCqQeGuCKzsLutvP8pc',$,'Corridor Identity',$,(#148,#150,#153,#156,#193,#980,#1052,#1053,#1054,#1090,#1091,#1092));
#1123= IFCRELDEFINESBYPROPERTIES('0LDmDFiNakvC$dPVQa5sc$',$,$,$,(#1109),#1122);
#1124= IFCPROPERTYSET('1xRyr8QP_R1yEJFTPJI74j',$,'Corridor Model Information',$,(#988,#1060,#1061,#1062,#1095));
#1125= IFCRELDEFINESBYPROPERTIES('2VtIIyb7suwCa1AjkKGMl6',$,$,$,(#1109),#1124);
#1126= IFCPROPERTYSET('1BDsaiHwC$GRS_SQ7DL8a8',$,'Corridor Shape Information',$,(#166,#168,#198,#1098,#1099));
#1127= IFCRELDEFINESBYPROPERTIES('0cZGQ5Os8Iyt2CdGQs4dBM',$,$,$,(#1109),#1126);
#1128= IFCCARTESIANPOINTLIST3D(((-3.552314,3.460671,-0.128427),(-3.253909,3.190519,-0.130768),(-3.862394,3.104155,0.186543),(-3.558811,2.839955,0.178944),(-1.770967,1.847984,-0.142401),(-2.050144,1.526998,0.141179),(-0.9306,1.087183,-0.148993),(-1.195198,0.78296,0.119779),(-0.288026,0.505448,-0.154034),(-0.541476,0.214041,0.103415),(1.194916,-0.837087,-0.165666),(0.967191,-1.098915,0.06565),(2.677858,-2.179622,-0.177299),(2.475859,-2.411872,0.027886),(3.862394,-3.252005,-0.186591),(3.680944,-3.460628,-0.002279)),$);
#1129= IFCTRIANGULATEDFACESET(#1128,$,$,((1,2,3),(3,2,4),(2,5,4),(4,5,6),(5,7,6),(6,7,8),(7,9,8),(8,9,10),(9,11,10),(10,11,12),(11,13,12),(12,13,14),(13,15,14),(14,15,16)),$);
#1130= IFCSHAPEREPRESENTATION(#114,'Body','Tessellation',(#1129));
#1131= IFCPRODUCTDEFINITIONSHAPE($,$,(#1130));
#1132= IFCCARTESIANPOINT((212.369299,164.096815,369.377135));
#1133= IFCAXIS2PLACEMENT3D(#1132,$,$);
#1134= IFCLOCALPLACEMENT(#5,#1133);
#1135= IFCBUILTELEMENT('3TmJvHxkv14PUkh1DXQ9py',$,'Taluy',$,$,#1134,#1131,'5D0AD');
#1136= IFCSTYLEDITEM(#1129,(#126),'Taluy');
#1137= IFCPROPERTYSET('3n$arwfQG$_wvIJFc$s_1I',$,'Misc',$,(#85,#87,#88,#129,#130,#131));
#1138= IFCRELDEFINESBYPROPERTIES('3i6FROFHB7XFYd8w3MSiL3',$,$,$,(#1135),#1137);
#1139= IFCPROPERTYSINGLEVALUE('Bounds',$,IFCLABEL('((505258.5067891883,1707706.6361258647,369.19047602735355),(505266.2318087234,1707713.5575036295,369.56379473055637))'),$);
#1140= IFCPROPERTYSET('0w7pK9yNpXyKNF0JAl4uGK',$,'Properties',$,(#39,#40,#41,#42,#43,#44,#45,#46,#47,#48,#49,#50,#51,#52,#53,#54,#55,#56,#57,#59,#60,#134,#1139));
#1141= IFCRELDEFINESBYPROPERTIES('01oDWvwTUhUCQyApeYOxIU',$,$,$,(#1135),#1140);
#1142= IFCPROPERTYSET('0mKCXZtoSAYX$4beiRKxk9',$,'3D Visualization',$,(#91,#92,#93));
#1143= IFCRELDEFINESBYPROPERTIES('2TCvtWofE2VR1QlwZv80aF',$,$,$,(#1135),#1142);
#1144= IFCPROPERTYSET('3L9N9mKsYKxl_WtzNDyMDh',$,'General',$,(#72,#74,#75,#76,#77,#140));
#1145= IFCRELDEFINESBYPROPERTIES('3FazwICO$I_xFFe2huLTUu',$,$,$,(#1135),#1144);
#1146= IFCPROPERTYSET('02jQTGMjmaT86L4ZmWbYYC',$,'Geometry',$,(#82));
#1147= IFCRELDEFINESBYPROPERTIES('21e$AmJ4smpL1h27i08avc',$,$,$,(#1135),#1146);
#1148= IFCPROPERTYSINGLEVALUE('BaselineGuid',$,IFCLABEL('{D04EBF2F-8272-4BC2-9AF2-68B08FF475E5}'),$);
#1149= IFCPROPERTYSINGLEVALUE('RegionGuid',$,IFCLABEL('{C54C22EF-F8E5-4967-AD1C-C1E7AC1A3E3A}'),$);
#1150= IFCPROPERTYSINGLEVALUE('StartStation',$,IFCLABEL('0+147.60m'),$);
#1151= IFCPROPERTYSINGLEVALUE('EndStation',$,IFCLABEL('0+157.60m'),$);
#1152= IFCPROPERTYSET('18YHlmTv8nG2jS$pyOVU5Y',$,'Corridor Identity',$,(#146,#147,#148,#149,#150,#153,#156,#980,#1148,#1149,#1150,#1151));
#1153= IFCRELDEFINESBYPROPERTIES('0Uwx8Dq_MU3m03yNUcvedM',$,$,$,(#1135),#1152);
#1154= IFCPROPERTYSINGLEVALUE('BaselineName',$,IFCLABEL('BL - T4 - (79)'),$);
#1155= IFCPROPERTYSINGLEVALUE('RegionName',$,IFCLABEL('RG - 5m - (87)'),$);
#1156= IFCPROPERTYSET('26udCHWMXQLCve1a7n9P3g',$,'Corridor Model Information',$,(#161,#162,#988,#1154,#1155));
#1157= IFCRELDEFINESBYPROPERTIES('2zx03VOQk3tHPbhXWcpidG',$,$,$,(#1135),#1156);
#1158= IFCPROPERTYSINGLEVALUE('AssemblyStartStation',$,IFCLABEL('0+147.60m'),$);
#1159= IFCPROPERTYSINGLEVALUE('AssemblyEndStation',$,IFCLABEL('0+157.60m'),$);
#1160= IFCPROPERTYSET('11$fdVo7HLN84_isWfFCfL',$,'Corridor Shape Information',$,(#166,#167,#168,#1158,#1159));
#1161= IFCRELDEFINESBYPROPERTIES('2S5509PS8Y_RV3O$5jsSYe',$,$,$,(#1135),#1160);
#1162= IFCCARTESIANPOINTLIST3D(((-4.036375,2.901003,-0.242789),(-3.727451,2.642937,-0.244966),(-3.507006,3.50891,0.294651),(-3.203423,3.24471,0.287052),(-2.19224,1.360461,-0.255782),(-1.694756,1.931753,0.249288),(-1.322253,0.633696,-0.261912),(-0.83981,1.187715,0.227887),(-0.65703,0.077986,-0.266599),(-0.186088,0.618796,0.211523),(0.878181,-1.204489,-0.277415),(1.322579,-0.69416,0.173759),(2.413909,-2.486371,-0.287707),(2.831247,-2.007117,0.135994),(3.641824,-3.50891,-0.294694),(4.036332,-3.055873,0.105829)),$);
#1163= IFCTRIANGULATEDFACESET(#1162,$,$,((1,2,3),(3,2,4),(2,5,4),(4,5,6),(5,7,6),(6,7,8),(7,9,8),(8,9,10),(9,11,10),(10,11,12),(11,13,12),(12,13,14),(13,15,14),(14,15,16)),$);
#1164= IFCSHAPEREPRESENTATION(#114,'Body','Tessellation',(#1163));
#1165= IFCPRODUCTDEFINITIONSHAPE($,$,(#1164));
#1166= IFCCARTESIANPOINT((198.555977,148.228101,369.268198));
#1167= IFCAXIS2PLACEMENT3D(#1166,$,$);
#1168= IFCLOCALPLACEMENT(#5,#1167);
#1169= IFCBUILTELEMENT('0APfPEcIbAhgztH1PICJCt',$,'Taluy',$,$,#1168,#1165,'5D0B5');
#1170= IFCSTYLEDITEM(#1163,(#126),'Taluy');
#1171= IFCPROPERTYSET('25tDduyy9SyQ_n6CuBlrRL',$,'Misc',$,(#85,#87,#88,#129,#130,#131));
#1172= IFCRELDEFINESBYPROPERTIES('2JBMQnzAfEeZjSMv70Tb3A',$,$,$,(#1169),#1171);
#1173= IFCPROPERTYSINGLEVALUE('Bounds',$,IFCLABEL('((505244.5195873289,1707690.71899949,368.9733806671334),(505252.59236727434,1707697.7372023682,369.563015735806))'),$);
#1174= IFCPROPERTYSET('2j78BLJQ_nLHZS5VeJbTxN',$,'Properties',$,(#39,#40,#41,#42,#43,#44,#45,#46,#47,#48,#49,#50,#51,#52,#53,#54,#55,#56,#57,#59,#60,#134,#1173));
#1175= IFCRELDEFINESBYPROPERTIES('3MpXxsxrK4126E58K_ZuKz',$,$,$,(#1169),#1174);
#1176= IFCPROPERTYSET('17XfrbpM_aD$etgydw_HxU',$,'3D Visualization',$,(#91,#92,#93));
#1177= IFCRELDEFINESBYPROPERTIES('28BLIzkXv83lC5MA5XIcYq',$,$,$,(#1169),#1176);
#1178= IFCPROPERTYSET('0RGMTK7VyH4QJ4RIlcaik5',$,'General',$,(#72,#74,#75,#76,#77,#140));
#1179= IFCRELDEFINESBYPROPERTIES('0QiC5tr34RLyoJpV1COpuw',$,$,$,(#1169),#1178);
#1180= IFCPROPERTYSET('1_MgvNQB8jPHlPFg8ra5NQ',$,'Geometry',$,(#82));
#1181= IFCRELDEFINESBYPROPERTIES('3u3wVhfJDfskDyJ7wxsqkO',$,$,$,(#1169),#1180);
#1182= IFCPROPERTYSET('1GWcLveZ2Ijxr5u7u3YFOT',$,'Corridor Identity',$,(#146,#147,#148,#150,#153,#156,#193,#980,#1148,#1149,#1150,#1151));
#1183= IFCRELDEFINESBYPROPERTIES('2jazaugP0i9i9oeMfDpGwA',$,$,$,(#1169),#1182);
#1184= IFCPROPERTYSET('3l88eBLnu1MIePyQe8ejDC',$,'Corridor Model Information',$,(#161,#162,#988,#1154,#1155));
#1185= IFCRELDEFINESBYPROPERTIES('2eKb9OJ7CVop8A$x3Wq1FJ',$,$,$,(#1169),#1184);
#1186= IFCPROPERTYSET('036n59GJNmVodywMiX93U3',$,'Corridor Shape Information',$,(#166,#168,#198,#1158,#1159));
#1187= IFCRELDEFINESBYPROPERTIES('2t89BWDWmT3$iUqNLTXEbd',$,$,$,(#1169),#1186);
#1188= IFCCARTESIANPOINTLIST3D(((-10.333226,9.202886,0.077373),(-10.034821,8.932734,0.075033),(-10.514676,8.994263,0.261685),(-10.211094,8.730063,0.254086),(-8.551879,7.590199,0.0634),(-8.702426,7.417106,0.216322),(-7.068938,6.247664,0.051767),(-7.193759,6.10415,0.178557),(-5.585996,4.905129,0.040134),(-5.685091,4.791193,0.140793),(-4.103054,3.562594,0.028501),(-4.176424,3.478236,0.103028),(-2.620113,2.220058,0.016869),(-2.667757,2.16528,0.065264),(-1.137171,0.877523,0.005236),(-1.159089,0.852323,0.027499),(-0.404755,0.195845,0.008617),(-0.773377,0.533908,0.010206),(-0.392493,0.209941,-0.00053),(-0.020154,-0.12385,-0.003414),(-0.023871,-0.128122,-0.002119),(-0.398624,0.202893,0.004043),(0.069817,-0.210876,-0.003659),(0.166015,-0.290746,-0.004855),(0.163505,-0.29363,-0.0052),(0.210349,-0.335007,-0.00597),(0.349578,-0.460634,-0.010265),(0.257193,-0.376384,-0.00674),(0.304037,-0.417761,-0.007511),(0.352185,-0.457642,-0.006297),(1.878459,-1.750385,-0.017253),(1.858246,-1.77359,-0.048029),(3.404734,-3.043129,-0.028209),(3.366913,-3.086547,-0.085794),(4.931008,-4.335872,-0.039165),(4.875581,-4.399503,-0.123558),(6.457283,-5.628616,-0.050121),(6.384248,-5.71246,-0.161323),(7.983557,-6.921359,-0.061077),(7.892916,-7.025417,-0.199087),(9.509832,-8.214103,-0.072033),(9.401583,-8.338373,-0.236852),(10.514734,-9.065247,-0.079246),(10.394893,-9.202826,-0.261716)),$);
#1189= IFCTRIANGULATEDFACESET(#1188,$,$,((1,2,3),(3,2,4),(2,5,4),(4,5,6),(5,7,6),(6,7,8),(7,9,8),(8,9,10),(9,11,10),(10,11,12),(11,13,12),(12,13,14),(13,15,14),(14,15,16),(17,16,18),(18,16,15),(18,15,19),(20,21,19),(19,21,22),(19,22,18),(18,22,17),(21,20,23),(23,20,24),(23,24,25),(25,24,26),(25,26,27),(27,26,28),(27,28,29),(29,28,30),(29,30,27),(26,24,28),(28,24,30),(25,27,23),(23,27,17),(23,17,21),(21,17,22),(30,31,27),(27,31,32),(31,33,32),(32,33,34),(33,35,34),(34,35,36),(35,37,36),(36,37,38),(37,39,38),(38,39,40),(39,41,40),(40,41,42),(41,43,42),(42,43,44)),$);
#1190= IFCSHAPEREPRESENTATION(#114,'Body','Tessellation',(#1189));
#1191= IFCPRODUCTDEFINITIONSHAPE($,$,(#1190));
#1192= IFCCARTESIANPOINT((226.564919,151.641923,369.113171));
#1193= IFCAXIS2PLACEMENT3D(#1192,$,$);
#1194= IFCLOCALPLACEMENT(#5,#1193);
#1195= IFCBUILTELEMENT('2zpAcuTPT5Eh$0pih0GWXb',$,'Taluy',$,$,#1194,#1191,'5D0BD');
#1196= IFCSTYLEDITEM(#1189,(#126),'Taluy');
#1197= IFCPROPERTYSET('2p_pBoCMP_lfJdjDKpW6Sk',$,'Misc',$,(#85,#87,#88,#129,#130,#131));
#1198= IFCRELDEFINESBYPROPERTIES('3c1QzqqihFA$LokpRQ8UxK',$,$,$,(#1195),#1197);
#1199= IFCPROPERTYSINGLEVALUE('Bounds',$,IFCLABEL('((505266.05008122104,1707688.438929121,368.85141735777603),(505287.0797565677,1707706.844917742,369.37492420727705))'),$);
#1200= IFCPROPERTYSET('3hnuQvfl9p4xGOLTm1rzfY',$,'Properties',$,(#39,#40,#41,#42,#43,#44,#45,#46,#47,#48,#49,#50,#51,#52,#53,#54,#55,#56,#57,#59,#60,#134,#1199));
#1201= IFCRELDEFINESBYPROPERTIES('13_H4JyINi112ATLgWpya8',$,$,$,(#1195),#1200);
#1202= IFCPROPERTYSET('0jSEJCaf3pSn8xaam8_zS4',$,'3D Visualization',$,(#91,#92,#93));
#1203= IFCRELDEFINESBYPROPERTIES('1_kZYNqXGqe_5ANWJeUtJ9',$,$,$,(#1195),#1202);
#1204= IFCPROPERTYSET('17A8Xz4xN1Tpa7yoytSbvc',$,'General',$,(#72,#74,#75,#76,#77,#140));
#1205= IFCRELDEFINESBYPROPERTIES('2ZcgGCwY4trg9ZWx7PE4ch',$,$,$,(#1195),#1204);
#1206= IFCPROPERTYSET('16QewU1a95II4QX8$8BR1T',$,'Geometry',$,(#82));
#1207= IFCRELDEFINESBYPROPERTIES('2MzsULK2t3g9WCzLeuqrfB',$,$,$,(#1195),#1206);
#1208= IFCPROPERTYSINGLEVALUE('RegionGuid',$,IFCLABEL('{087813C3-9AE8-4606-8E61-CE9B21143353}'),$);
#1209= IFCPROPERTYSINGLEVALUE('StartStation',$,IFCLABEL('0+157.60m'),$);
#1210= IFCPROPERTYSINGLEVALUE('EndStation',$,IFCLABEL('0+185.32m'),$);
#1211= IFCPROPERTYSET('14kleS0yWH5NK8FHvgOv2B',$,'Corridor Identity',$,(#146,#147,#150,#153,#156,#579,#580,#980,#1148,#1208,#1209,#1210));
#1212= IFCRELDEFINESBYPROPERTIES('2lSmlQIatJeSvA3vgsq3NY',$,$,$,(#1195),#1211);
#1213= IFCPROPERTYSINGLEVALUE('RegionName',$,IFCLABEL('RG - L5m - (88)'),$);
#1214= IFCPROPERTYSET('34sfCbNWusnol5OUBpugph',$,'Corridor Model Information',$,(#161,#162,#988,#1154,#1213));
#1215= IFCRELDEFINESBYPROPERTIES('2soSmTnnpS0iXRu838lBtG',$,$,$,(#1195),#1214);
#1216= IFCPROPERTYSINGLEVALUE('AssemblyStartStation',$,IFCLABEL('0+157.60m'),$);
#1217= IFCPROPERTYSINGLEVALUE('AssemblyEndStation',$,IFCLABEL('0+185.32m'),$);
#1218= IFCPROPERTYSET('3zMU1MlbqXbJLkUuVH$ki7',$,'Corridor Shape Information',$,(#166,#167,#589,#1216,#1217));
#1219= IFCRELDEFINESBYPROPERTIES('3IT1smsNqYA0QkvKwpI2lU',$,$,$,(#1195),#1218);
#1220= IFCCARTESIANPOINTLIST3D(((-0.417038,0.479088,0.103038),(0.104335,0.03749,0.099295),(-0.536879,0.341509,-0.079432),(-0.021521,-0.106994,-0.092332),(0.262823,-0.096749,0.098158),(0.135139,-0.243331,-0.096253),(0.536884,-0.328876,0.09619),(0.406038,-0.479088,-0.103034)),$);
#1221= IFCTRIANGULATEDFACESET(#1220,$,$,((1,2,3),(3,2,4),(2,5,4),(4,5,6),(5,7,6),(6,7,8)),$);
#1222= IFCSHAPEREPRESENTATION(#114,'Body','Tessellation',(#1221));
#1223= IFCPRODUCTDEFINITIONSHAPE($,$,(#1222));
#1224= IFCCARTESIANPOINT((237.49669,142.097588,368.930887));
#1225= IFCAXIS2PLACEMENT3D(#1224,$,$);
#1226= IFCLOCALPLACEMENT(#5,#1225);
#1227= IFCBUILTELEMENT('3No$VRTlj0sQ50xfRGdUsi',$,'Taluy',$,$,#1226,#1223,'5D0C5');
#1228= IFCSTYLEDITEM(#1221,(#126),'Taluy');
#1229= IFCPROPERTYSET('2HLCPTM5TK4aoN_Mn8oV_i',$,'Misc',$,(#85,#87,#88,#129,#130,#131));
#1230= IFCRELDEFINESBYPROPERTIES('1QvKgZGTdkwr0GE_Kn3q8M',$,$,$,(#1227),#1229);
#1231= IFCPROPERTYSINGLEVALUE('Bounds',$,IFCLABEL('((505286.9598041236,1707687.6184320967,368.82781112826166),(505288.0335760216,1707688.576743327,369.03396230314246))'),$);
#1232= IFCPROPERTYSET('3u9p2t4nF4NXGqItcwEUsq',$,'Properties',$,(#39,#40,#41,#42,#43,#44,#45,#46,#47,#48,#49,#50,#51,#52,#53,#54,#55,#56,#57,#59,#60,#134,#1231));
#1233= IFCRELDEFINESBYPROPERTIES('20bUNIw$lw9HuuJq1FE1Cm',$,$,$,(#1227),#1232);
#1234= IFCPROPERTYSET('3grlNK8BNzFPCW9xO7oTk9',$,'3D Visualization',$,(#91,#92,#93));
#1235= IFCRELDEFINESBYPROPERTIES('0q2qzlIgZMPbMoSQ3iP$zA',$,$,$,(#1227),#1234);
#1236= IFCPROPERTYSET('3QyPnsFiWnT22xAeRrChzM',$,'General',$,(#72,#74,#75,#76,#77,#140));
#1237= IFCRELDEFINESBYPROPERTIES('2ZFo4ShNhyN7bWgcq_Nyjw',$,$,$,(#1227),#1236);
#1238= IFCPROPERTYSET('2_1HCctKtefgZ2v1NDAnLD',$,'Geometry',$,(#82));
#1239= IFCRELDEFINESBYPROPERTIES('2XmAM4wnGG$oqH2K3Db0TO',$,$,$,(#1227),#1238);
#1240= IFCPROPERTYSINGLEVALUE('RegionGuid',$,IFCLABEL('{FB00B425-7D39-43E2-A942-43A922CCF469}'),$);
#1241= IFCPROPERTYSINGLEVALUE('StartStation',$,IFCLABEL('0+185.32m'),$);
#1242= IFCPROPERTYSINGLEVALUE('EndStation',$,IFCLABEL('0+186.57m'),$);
#1243= IFCPROPERTYSET('3ch$CtrRfPalHBsFOB7vRX',$,'Corridor Identity',$,(#146,#147,#148,#149,#150,#153,#156,#980,#1148,#1240,#1241,#1242));
#1244= IFCRELDEFINESBYPROPERTIES('3RIoetYZZZhIeWvY2LdaoD',$,$,$,(#1227),#1243);
#1245= IFCPROPERTYSINGLEVALUE('RegionName',$,IFCLABEL('RG - 5m - (89)'),$);
#1246= IFCPROPERTYSET('2K_8ye3sB69ZicXjrqettA',$,'Corridor Model Information',$,(#161,#162,#988,#1154,#1245));
#1247= IFCRELDEFINESBYPROPERTIES('282MiibnDuPYRBxgXCzfwN',$,$,$,(#1227),#1246);
#1248= IFCPROPERTYSINGLEVALUE('AssemblyStartStation',$,IFCLABEL('0+185.32m'),$);
#1249= IFCPROPERTYSINGLEVALUE('AssemblyEndStation',$,IFCLABEL('0+186.57m'),$);
#1250= IFCPROPERTYSET('3HCsK2S8eCNnc3A$UbvAKW',$,'Corridor Shape Information',$,(#166,#167,#168,#1248,#1249));
#1251= IFCRELDEFINESBYPROPERTIES('1spQ1JYjrfavaDsFv2vI6g',$,$,$,(#1227),#1250);
#1252= IFCCARTESIANPOINTLIST3D(((-0.732015,0.082431,0.024302),(-0.759107,0.051319,-0.003203),(-0.615042,0.086756,0.020291),(-0.639457,0.058717,-0.002695),(-0.508939,0.078598,0.007047),(-0.519808,0.066115,-0.002187),(-0.400159,0.073513,-0.001678),(-0.280509,0.080911,-0.00117),(-0.272317,0.09032,0.003544),(-0.381098,0.095405,0.012269),(-0.49807,0.091081,0.01628),(-0.220684,0.084609,-0.000916),(-0.154006,0.096182,0.001793),(-0.205639,0.101892,0.006253),(-0.147153,0.104055,0.004248),(-0.088667,0.106217,0.002242),(-0.094851,0.099112,0.000917),(-0.030181,0.108379,0.000237),(-0.035695,0.102043,0.000042),(0.02346,0.104973,-0.000834),(-0.04121,0.095706,-0.000153),(0.018615,0.099405,0.000101),(-0.16086,0.088308,-0.000662),(-0.101035,0.092007,-0.000407),(0.082616,0.107904,-0.001709),(0.078439,0.103104,0.000355),(0.112193,0.109369,-0.002147),(0.138264,0.106803,0.000609),(0.141771,0.110835,-0.002585),(0.171349,0.1123,-0.003023),(0.203764,0.117029,-0.007785),(0.198089,0.110502,0.000864),(-0.264125,0.09973,0.008258),(0.475444,0.112847,0.001937),(0.488224,0.127546,-0.017539),(0.742317,-0.127541,0.001255),(0.759098,-0.10824,-0.024319)),$);
#1253= IFCTRIANGULATEDFACESET(#1252,$,$,((1,2,3),(3,2,4),(3,4,5),(5,4,6),(5,6,7),(8,9,7),(7,9,10),(7,10,5),(5,10,11),(5,11,3),(8,12,9),(9,12,13),(9,13,14),(14,13,15),(15,13,16),(16,13,17),(16,17,18),(18,17,19),(18,19,20),(20,19,21),(20,21,22),(12,23,13),(13,23,17),(23,24,17),(17,24,19),(24,21,19),(20,22,25),(25,22,26),(25,26,27),(27,26,28),(27,28,29),(29,28,30),(29,30,31),(31,30,32),(32,30,28),(18,25,31),(31,25,27),(31,27,29),(14,33,9),(9,33,10),(25,18,20),(32,34,31),(31,34,35),(34,36,35),(35,36,37)),$);
#1254= IFCSHAPEREPRESENTATION(#114,'Body','Tessellation',(#1253));
#1255= IFCPRODUCTDEFINITIONSHAPE($,$,(#1254));
#1256= IFCCARTESIANPOINT((223.685671,126.262752,368.851343));
#1257= IFCAXIS2PLACEMENT3D(#1256,$,$);
#1258= IFCLOCALPLACEMENT(#5,#1257);
#1259= IFCBUILTELEMENT('32VDPlN3P70u5Xq0Sy65p2',$,'Taluy',$,$,#1258,#1255,'5D0CD');
#1260= IFCSTYLEDITEM(#1253,(#126),'Taluy');
#1261= IFCPROPERTYSET('1xkex_f5NGghbp7RVVld1u',$,'Misc',$,(#85,#87,#88,#129,#130,#131));
#1262= IFCRELDEFINESBYPROPERTIES('27COVvkQT5Nnt9$brSq2cT',$,$,$,(#1259),#1261);
#1263= IFCPROPERTYSINGLEVALUE('Bounds',$,IFCLABEL('((505272.9265580371,1707672.1352037513,368.8270178298853),(505274.44478484,1707672.390299899,368.87566827395636))'),$);
#1264= IFCPROPERTYSET('3KN5uXyeOX8NCas45qI2Bz',$,'Properties',$,(#39,#40,#41,#42,#43,#44,#45,#46,#47,#48,#49,#50,#51,#52,#53,#54,#55,#56,#57,#59,#60,#134,#1263));
#1265= IFCRELDEFINESBYPROPERTIES('3oyy5IFFPM5j6shn5j3GWb',$,$,$,(#1259),#1264);
#1266= IFCPROPERTYSET('3ZUXuG5XTV3REq$SfKo4eY',$,'3D Visualization',$,(#91,#92,#93));
#1267= IFCRELDEFINESBYPROPERTIES('3wPYOnZ9k$tGCZiHdH7nxW',$,$,$,(#1259),#1266);
#1268= IFCPROPERTYSET('1hdSYy9GTy0IuWY7pj_KKG',$,'General',$,(#72,#74,#75,#76,#77,#140));
#1269= IFCRELDEFINESBYPROPERTIES('3QQpNb4i20qJ_y9Zkv4euW',$,$,$,(#1259),#1268);
#1270= IFCPROPERTYSET('2IRiN0xL4CQyOTv67p3Ip_',$,'Geometry',$,(#82));
#1271= IFCRELDEFINESBYPROPERTIES('31iQKUAeU1U5QWSlZoMxO6',$,$,$,(#1259),#1270);
#1272= IFCPROPERTYSET('1$jpKZyZWiljI6T1psxoqU',$,'Corridor Identity',$,(#146,#147,#148,#150,#153,#156,#193,#980,#1148,#1240,#1241,#1242));
#1273= IFCRELDEFINESBYPROPERTIES('14Upv1U0wXuxZbHZzfLA4m',$,$,$,(#1259),#1272);
#1274= IFCPROPERTYSET('0dcMhU4oySeHoyqb9jx_2D',$,'Corridor Model Information',$,(#161,#162,#988,#1154,#1245));
#1275= IFCRELDEFINESBYPROPERTIES('3K8KmvV3CwBkO__Pl$t$d5',$,$,$,(#1259),#1274);
#1276= IFCPROPERTYSET('3O7pq9NIbgRKOZsPH65gnc',$,'Corridor Shape Information',$,(#166,#168,#198,#1248,#1249));
#1277= IFCRELDEFINESBYPROPERTIES('3u2ids2ShiPjlUxWmH1kXW',$,$,$,(#1259),#1276);
#1278= IFCCARTESIANPOINTLIST3D(((53.52082,55.249522,0.2817),(36.949642,37.748948,0.2871),(54.442411,54.336427,1.145739),(37.483653,37.21986,0.787763),(19.888043,19.460515,0.416344),(18.84765,20.491318,-0.559079),(2.292434,1.701171,0.044926),(1.489538,2.496666,-0.707831),(-15.710997,-15.654112,-0.708847),(-15.303176,-16.058174,-0.326493),(-18.748992,-18.86001,-0.708994),(-18.410984,-19.194902,-0.392095),(-32.911965,-33.80446,-0.710269),(-32.898785,-33.817518,-0.697912),(-33.043785,-33.948799,-0.705541),(-33.182195,-34.086608,-0.706992),(-33.459014,-34.362228,-0.709893),(-33.46938,-34.351957,-0.710268),(-33.735834,-34.637847,-0.712795),(-34.026795,-34.899455,-0.710268),(-34.012653,-34.913466,-0.715697),(-34.566292,-35.464704,-0.7215),(-35.098236,-36.037436,-0.744339),(-35.119931,-36.015943,-0.727303),(-35.67357,-36.567181,-0.733106),(-35.141625,-35.994449,-0.710267),(-36.227209,-37.118419,-0.738909),(-37.371285,-38.184438,-0.710265),(-37.334486,-38.220896,-0.750516),(-38.441764,-39.323373,-0.762122),(-37.297688,-38.257355,-0.790766),(-39.549042,-40.42585,-0.773729),(-41.69659,-42.697191,-0.883621),(-41.763598,-42.630803,-0.796942),(-43.978153,-44.835757,-0.820155),(-41.830605,-42.564416,-0.710262),(-46.192709,-47.04071,-0.843368),(-50.749245,-51.324371,-0.710256),(-50.494395,-51.576863,-1.069331),(-54.132913,-55.249239,-1.146135),(-54.442274,-54.942741,-0.710257)),$);
#1279= IFCTRIANGULATEDFACESET(#1278,$,$,((1,2,3),(3,2,4),(4,2,5),(5,2,6),(5,6,7),(7,6,8),(8,9,7),(7,9,10),(9,11,10),(10,11,12),(11,13,12),(12,13,14),(13,15,14),(14,15,16),(14,16,17),(17,16,18),(17,18,19),(19,18,20),(19,20,21),(21,20,22),(21,22,23),(23,22,24),(23,24,25),(25,24,26),(25,26,27),(27,26,28),(27,28,29),(29,28,30),(29,30,31),(31,30,32),(31,32,33),(33,32,34),(33,34,35),(35,34,36),(35,36,37),(37,36,38),(37,38,39),(15,13,16),(16,13,18),(20,26,22),(22,26,24),(30,28,32),(32,28,36),(32,36,34),(39,33,37),(37,33,35),(29,31,27),(27,31,23),(27,23,25),(23,14,21),(21,14,19),(17,19,14),(39,38,40),(40,38,41)),$);
#1280= IFCSHAPEREPRESENTATION(#114,'Body','Tessellation',(#1279));
#1281= IFCPRODUCTDEFINITIONSHAPE($,$,(#1280));
#1282= IFCCARTESIANPOINT((55.102558,151.709049,369.73805));
#1283= IFCAXIS2PLACEMENT3D(#1282,$,$);
#1284= IFCLOCALPLACEMENT(#5,#1283);
#1285= IFCBUILTELEMENT('1N9ZpT7Jr83Bd048d6bypd',$,'Taluy',$,$,#1284,#1281,'5D0D5');
#1286= IFCSTYLEDITEM(#1279,(#126),'Taluy');
#1287= IFCPROPERTYSET('1HLNgLYzQTu0v_Wo7zDB4b',$,'Misc',$,(#85,#87,#88,#129,#130,#131));
#1288= IFCRELDEFINESBYPROPERTIES('2uQypZCtzQXh$7VnDxKocf',$,$,$,(#1285),#1287);
#1289= IFCPROPERTYSINGLEVALUE('Bounds',$,IFCLABEL('((505050.6601474703,1707642.4590606801,368.5578012588865),(505159.5449691129,1707752.959036345,370.91829904584193))'),$);
#1290= IFCPROPERTYSET('2H7z5Y8caoAPXPe257r31X',$,'Properties',$,(#39,#40,#41,#42,#43,#44,#45,#46,#47,#48,#49,#50,#51,#52,#53,#54,#55,#56,#57,#59,#60,#134,#1289));
#1291= IFCRELDEFINESBYPROPERTIES('1EJJAxCYB_ffiem4zwRJwp',$,$,$,(#1285),#1290);
#1292= IFCPROPERTYSET('2xrWNR7jqz8JBLO65ONafq',$,'3D Visualization',$,(#91,#92,#93));
#1293= IFCRELDEFINESBYPROPERTIES('0mdZBEhZ1OM1hG2gbOmrRU',$,$,$,(#1285),#1292);
#1294= IFCPROPERTYSET('1qBMRWKK6Il631zJvKTb1U',$,'General',$,(#72,#74,#75,#76,#77,#140));
#1295= IFCRELDEFINESBYPROPERTIES('0Uaz$FwOawRaQyFElRa4Q0',$,$,$,(#1285),#1294);
#1296= IFCPROPERTYSET('0onaFmZ26KHCCAXMQvvqxK',$,'Geometry',$,(#82));
#1297= IFCRELDEFINESBYPROPERTIES('1WnG_y9wPlrtw35_gwxgKD',$,$,$,(#1285),#1296);
#1298= IFCPROPERTYSINGLEVALUE('CorridorHandle',$,IFCLABEL('5D3CF'),$);
#1299= IFCPROPERTYSINGLEVALUE('BaselineGuid',$,IFCLABEL('{B4F690A2-B77C-4A3C-B66E-FE4B3C52DB8D}'),$);
#1300= IFCPROPERTYSINGLEVALUE('RegionGuid',$,IFCLABEL('{85694465-F550-4800-AA7F-59CF3B86121C}'),$);
#1301= IFCPROPERTYSINGLEVALUE('StartStation',$,IFCLABEL('0+025.90m'),$);
#1302= IFCPROPERTYSINGLEVALUE('EndStation',$,IFCLABEL('0+180.17m'),$);
#1303= IFCPROPERTYSET('0WYtvAL_e75HXiRgjugekz',$,'Corridor Identity',$,(#150,#153,#156,#416,#417,#457,#458,#1298,#1299,#1300,#1301,#1302));
#1304= IFCRELDEFINESBYPROPERTIES('1o_8L8BtkePVni3YSQZS7J',$,$,$,(#1285),#1303);
#1305= IFCPROPERTYSINGLEVALUE('CorridorName',$,IFCLABEL('B\X2\0110\X0\-T5'),$);
#1306= IFCPROPERTYSINGLEVALUE('BaselineName',$,IFCLABEL('BL - T5 - (65)'),$);
#1307= IFCPROPERTYSINGLEVALUE('RegionName',$,IFCLABEL('RG - 3m5 - (19) [Copy]'),$);
#1308= IFCPROPERTYSET('0KsWeMqlW395kc3JxpKzCX',$,'Corridor Model Information',$,(#427,#428,#1305,#1306,#1307));
#1309= IFCRELDEFINESBYPROPERTIES('23LgR3kNnBWIyqYQBpWsPg',$,$,$,(#1285),#1308);
#1310= IFCPROPERTYSINGLEVALUE('AssemblyStartStation',$,IFCLABEL('0+025.90m'),$);
#1311= IFCPROPERTYSINGLEVALUE('AssemblyEndStation',$,IFCLABEL('0+180.17m'),$);
#1312= IFCPROPERTYSET('2nQym_v3AfyRaApPVhZ5sE',$,'Corridor Shape Information',$,(#166,#198,#467,#1310,#1311));
#1313= IFCRELDEFINESBYPROPERTIES('1p8cEFDDJfynY$T_shwbX4',$,$,$,(#1285),#1312);
#1314= IFCCARTESIANPOINTLIST3D(((53.736391,54.945944,1.14616),(54.838607,53.853921,0.110759),(36.777633,37.829377,0.788184),(37.663455,36.951747,-0.04394),(19.182024,20.070032,0.416766),(20.206043,19.055483,-0.545179),(2.286676,1.616902,-0.612466),(1.586414,2.310688,0.045347),(-15.602033,-15.852054,-0.708552),(-16.009195,-15.448657,-0.326072),(-18.77944,-18.919827,-0.708774),(-19.117004,-18.585385,-0.391673),(-33.592054,-33.220634,-0.709468),(-33.604805,-33.208002,-0.697491),(-33.73495,-33.353999,-0.704935),(-33.87147,-33.49368,-0.70639),(-34.144512,-33.773043,-0.709301),(-34.134356,-33.783105,-0.709505),(-34.417553,-34.052406,-0.712212),(-34.676657,-34.345577,-0.709543),(-34.690594,-34.331769,-0.715124),(-35.236676,-34.890494,-0.720946),(-35.804256,-35.42792,-0.743918),(-35.782758,-35.44922,-0.726768),(-36.32884,-36.007945,-0.73259),(-35.761259,-35.47052,-0.709617),(-36.874922,-36.56667,-0.738412),(-37.930465,-37.720405,-0.709767),(-37.967086,-37.684121,-0.750056),(-39.05925,-38.801572,-0.7617),(-38.003707,-37.647838,-0.790345),(-40.151414,-39.919023,-0.773344),(-42.402609,-42.087674,-0.8832),(-42.335742,-42.153925,-0.796633),(-44.52007,-44.388827,-0.819921),(-42.268875,-42.220176,-0.710065),(-46.704398,-46.623729,-0.843209),(-50.945695,-51.219719,-0.710663),(-51.200414,-50.967346,-1.068909),(-54.52972,-54.946086,-0.710826),(-54.838932,-54.639722,-1.145713)),$);
#1315= IFCTRIANGULATEDFACESET(#1314,$,$,((1,2,3),(3,2,4),(3,4,5),(5,4,6),(6,7,5),(5,7,8),(7,9,8),(8,9,10),(9,11,10),(10,11,12),(11,13,12),(12,13,14),(13,15,14),(14,15,16),(14,16,17),(17,16,18),(17,18,19),(19,18,20),(19,20,21),(21,20,22),(21,22,23),(23,22,24),(23,24,25),(25,24,26),(25,26,27),(27,26,28),(27,28,29),(29,28,30),(29,30,31),(31,30,32),(31,32,33),(33,32,34),(33,34,35),(35,34,36),(35,36,37),(37,36,38),(37,38,39),(15,13,16),(16,13,18),(20,26,22),(22,26,24),(30,28,32),(32,28,36),(32,36,34),(39,33,37),(37,33,35),(29,31,27),(27,31,23),(27,23,25),(23,14,21),(21,14,19),(17,19,14),(38,40,39),(39,40,41)),$);
#1316= IFCSHAPEREPRESENTATION(#114,'Body','Tessellation',(#1315));
#1317= IFCPRODUCTDEFINITIONSHAPE($,$,(#1316));
#1318= IFCCARTESIANPOINT((65.398688,141.597967,369.73151));
#1319= IFCAXIS2PLACEMENT3D(#1318,$,$);
#1320= IFCLOCALPLACEMENT(#5,#1319);
#1321= IFCBUILTELEMENT('37niLmyx10lBn5lLbVyZOr',$,'Taluy',$,$,#1320,#1317,'5D0DD');
#1322= IFCSTYLEDITEM(#1315,(#126),'Taluy');
#1323= IFCPROPERTYSET('018E3ZH4MoYOD3fjhezdt6',$,'Misc',$,(#85,#87,#88,#129,#130,#131));
#1324= IFCRELDEFINESBYPROPERTIES('30QwxAmKHq5CtHTk7N0i12',$,$,$,(#1321),#1323);
#1325= IFCPROPERTYSINGLEVALUE('Bounds',$,IFCLABEL('((505060.5597560497,1707632.651274133,368.55123527215295),(505170.2376204979,1707742.544658942,370.91178392947205))'),$);
#1326= IFCPROPERTYSET('3E5ggQ55zwux1MtukU0Gfo',$,'Properties',$,(#39,#40,#41,#42,#43,#44,#45,#46,#47,#48,#49,#50,#51,#52,#53,#54,#55,#56,#57,#59,#60,#134,#1325));
#1327= IFCRELDEFINESBYPROPERTIES('0U$stjJxtVDFtSyjMOmHFr',$,$,$,(#1321),#1326);
#1328= IFCPROPERTYSET('0sUWu1aiwbalRf20YG7zKo',$,'3D Visualization',$,(#91,#92,#93));
#1329= IFCRELDEFINESBYPROPERTIES('0X2G7CK6tNpSBbf2IpEr6f',$,$,$,(#1321),#1328);
#1330= IFCPROPERTYSET('3qbHwsQd1$HluWQMxdhqK4',$,'General',$,(#72,#74,#75,#76,#77,#140));
#1331= IFCRELDEFINESBYPROPERTIES('1n0Qc9dQhezFvxEzzlO4Jm',$,$,$,(#1321),#1330);
#1332= IFCPROPERTYSET('1YZ6aC_1XitjSFFb83xvul',$,'Geometry',$,(#82));
#1333= IFCRELDEFINESBYPROPERTIES('09Vc5IMpM9JIubeEV7GAPU',$,$,$,(#1321),#1332);
#1334= IFCPROPERTYSET('22LS3HIEKMfl_aLdY1hhSA',$,'Corridor Identity',$,(#150,#153,#156,#416,#417,#457,#492,#1298,#1299,#1300,#1301,#1302));
#1335= IFCRELDEFINESBYPROPERTIES('3oXPVvjGC4ceij$DJOsX4d',$,$,$,(#1321),#1334);
#1336= IFCPROPERTYSET('0xIaiYFE4UcIUnAG21CC_o',$,'Corridor Model Information',$,(#427,#428,#1305,#1306,#1307));
#1337= IFCRELDEFINESBYPROPERTIES('2TKk6qEIYAhz2k_a7SeMcz',$,$,$,(#1321),#1336);
#1338= IFCPROPERTYSET('398w3Pav7efGFxgXAPyQOu',$,'Corridor Shape Information',$,(#166,#167,#467,#1310,#1311));
#1339= IFCRELDEFINESBYPROPERTIES('0SdP9tX81zhKIWbGBErHBr',$,$,$,(#1321),#1338);
#1340= IFCCARTESIANPOINTLIST3D(((55.572753,55.393137,0.883044),(54.754778,56.203571,0.11615),(38.61403,38.27655,0.612094),(37.860894,39.022743,-0.09401),(21.018449,20.517176,0.330969),(20.422806,21.107328,-0.227478),(3.031817,3.145248,-0.316786),(3.422868,2.757802,0.049844),(2.682787,2.391287,-0.135395),(2.138232,1.831049,-0.137319),(1.593676,1.270811,-0.139243),(1.049121,0.710573,-0.141167),(-1.282175,-1.378717,-0.277291),(0.504565,0.150335,-0.143092),(-0.03999,-0.409903,-0.145016),(-0.976027,-1.682042,-0.020437),(-1.129101,-1.530379,-0.148864),(-2.218212,-2.650855,-0.152712),(-3.439171,-3.640699,-0.257543),(-5.596167,-5.902681,-0.237796),(-5.485545,-6.012283,-0.164257),(-3.307323,-3.771331,-0.15656),(-7.663767,-8.253235,-0.171953),(-7.753164,-8.164663,-0.218048),(-9.841989,-10.494187,-0.17965),(-9.91016,-10.426645,-0.1983),(-10.9311,-11.614663,-0.183498),(-10.988658,-11.557636,-0.188427),(-12.020211,-12.735139,-0.187346),(-12.067156,-12.688628,-0.178553),(-12.564766,-13.295377,-0.189271),(-13.109322,-13.855615,-0.191195),(-13.072989,-13.891612,-0.21371),(-13.653877,-14.415853,-0.193119),(-14.172713,-15.001573,-0.231281),(-14.224152,-14.95061,-0.158805),(-11.973265,-12.781651,-0.19614),(-9.773818,-10.561729,-0.160999),(-5.374923,-6.121885,-0.090718),(-31.768294,-32.760947,-0.512405),(-32.083189,-32.448966,-0.068731),(-49.878181,-50.010775,-0.068894),(-49.363875,-50.520321,-0.79353),(-55.572497,-55.630635,-0.06906),(-54.994461,-56.20332,-0.88349)),$);
#1341= IFCTRIANGULATEDFACESET(#1340,$,$,((1,2,3),(3,2,4),(3,4,5),(5,4,6),(6,7,5),(5,7,8),(7,9,8),(8,9,10),(8,10,11),(11,10,7),(11,7,12),(12,7,13),(12,13,14),(14,13,15),(14,15,16),(16,15,17),(16,17,18),(18,17,13),(18,13,19),(20,21,19),(19,21,22),(19,22,18),(18,22,16),(21,20,23),(23,20,24),(23,24,25),(25,24,26),(25,26,27),(27,26,28),(27,28,29),(29,28,30),(29,30,31),(31,30,32),(31,32,33),(33,32,34),(33,34,35),(35,34,36),(36,34,32),(36,32,30),(33,37,31),(31,37,29),(29,37,27),(27,37,38),(27,38,25),(25,38,23),(38,39,23),(23,39,21),(21,39,22),(22,39,16),(14,16,12),(12,16,8),(12,8,11),(7,10,9),(17,15,13),(35,36,40),(40,36,41),(41,42,40),(40,42,43),(42,44,43),(43,44,45)),$);
#1342= IFCSHAPEREPRESENTATION(#114,'Body','Tessellation',(#1341));
#1343= IFCPRODUCTDEFINITIONSHAPE($,$,(#1342));
#1344= IFCCARTESIANPOINT((97.059183,113.154776,369.071814));
#1345= IFCAXIS2PLACEMENT3D(#1344,$,$);
#1346= IFCLOCALPLACEMENT(#5,#1345);
#1347= IFCBUILTELEMENT('39GVvl0nj2c8I627mK_cGB',$,'Taluy',$,$,#1346,#1343,'5D0E5');
#1348= IFCSTYLEDITEM(#1341,(#126),'Taluy');
#1349= IFCPROPERTYSET('2mXy9XB3Irt4f7IS9yC9wY',$,'Misc',$,(#85,#87,#88,#129,#130,#131));
#1350= IFCRELDEFINESBYPROPERTIES('2fShoM7d3vDLqZjJhRMeXH',$,$,$,(#1347),#1349);
#1351= IFCPROPERTYSINGLEVALUE('Bounds',$,IFCLABEL('((505091.48643021594,1707602.9508781394,368.15358331418525),(505202.6319357037,1707715.358672962,369.9900443475231))'),$);
#1352= IFCPROPERTYSET('1D1dhbYrJwk3J2NEmcT0AX',$,'Properties',$,(#39,#40,#41,#42,#43,#44,#45,#46,#47,#48,#49,#50,#51,#52,#53,#54,#55,#56,#57,#59,#60,#134,#1351));
#1353= IFCRELDEFINESBYPROPERTIES('0TX$6sWiqUApGBK5njtow6',$,$,$,(#1347),#1352);
#1354= IFCPROPERTYSET('09eetAPBFbOTxTUyhjh2CP',$,'3D Visualization',$,(#91,#92,#93));
#1355= IFCRELDEFINESBYPROPERTIES('055N7tiHTRA93tm9hrLYvG',$,$,$,(#1347),#1354);
#1356= IFCPROPERTYSET('162nB8tf9GYMcujvKOZQv2',$,'General',$,(#72,#74,#75,#76,#77,#140));
#1357= IFCRELDEFINESBYPROPERTIES('0_TqNvQ2mVEj3_l2oRsl83',$,$,$,(#1347),#1356);
#1358= IFCPROPERTYSET('2cZ9GZpWm8bU3FY0scrLjA',$,'Geometry',$,(#82));
#1359= IFCRELDEFINESBYPROPERTIES('0yynsYJ4Oo8mqKjfEH70Kr',$,$,$,(#1347),#1358);
#1360= IFCPROPERTYSINGLEVALUE('CorridorHandle',$,IFCLABEL('5D3D0'),$);
#1361= IFCPROPERTYSINGLEVALUE('BaselineGuid',$,IFCLABEL('{CFCBBA59-7EA8-4B26-A671-8577C9DA041F}'),$);
#1362= IFCPROPERTYSINGLEVALUE('RegionGuid',$,IFCLABEL('{417209DC-7B51-469C-8E2B-7F61B559B19E}'),$);
#1363= IFCPROPERTYSINGLEVALUE('EndStation',$,IFCLABEL('0+183.00m'),$);
#1364= IFCPROPERTYSET('0azkjtoR$THIYv8PL1ogAq',$,'Corridor Identity',$,(#150,#153,#156,#457,#458,#742,#743,#1301,#1360,#1361,#1362,#1363));
#1365= IFCRELDEFINESBYPROPERTIES('0eLX3kCe7QYGCGeE9hfYku',$,$,$,(#1347),#1364);
#1366= IFCPROPERTYSINGLEVALUE('CorridorName',$,IFCLABEL('B\X2\0110\X0\-T6'),$);
#1367= IFCPROPERTYSINGLEVALUE('BaselineName',$,IFCLABEL('BL - T6 - (66)'),$);
#1368= IFCPROPERTYSINGLEVALUE('RegionName',$,IFCLABEL('RG - 3m5 - (20) [Copy]'),$);
#1369= IFCPROPERTYSET('0YO8DetEh8nVC6$xoMz6JS',$,'Corridor Model Information',$,(#749,#750,#1366,#1367,#1368));
#1370= IFCRELDEFINESBYPROPERTIES('3_wmN4zFa3vpggYJ$ZuKe9',$,$,$,(#1347),#1369);
#1371= IFCPROPERTYSINGLEVALUE('AssemblyEndStation',$,IFCLABEL('0+183.00m'),$);
#1372= IFCPROPERTYSET('2fsNFzptRv3tNwYb5Y$jMe',$,'Corridor Shape Information',$,(#166,#198,#467,#1310,#1371));
#1373= IFCRELDEFINESBYPROPERTIES('1kfTognbLweohDKfgHeTjS',$,$,$,(#1347),#1372);
#1374= IFCCARTESIANPOINTLIST3D(((54.792633,56.084873,0.883515),(55.774291,55.112293,-0.038637),(37.833911,38.968286,0.612565),(38.726227,38.084222,-0.22566),(20.23833,21.208912,0.33144),(20.999728,20.454555,-0.383803),(2.642748,3.449538,0.050316),(3.220941,2.876692,-0.492828),(-14.792936,-14.468254,-0.381014),(-14.952833,-14.309836,-0.230809),(-15.420473,-14.946278,-0.305639),(-15.968062,-15.50351,-0.305366),(-17.15228,-16.529758,-0.26595),(-16.515651,-16.060743,-0.305094),(-17.06324,-16.617976,-0.304821),(-16.974199,-16.706194,-0.343693),(-17.610829,-17.175208,-0.304549),(-18.158418,-17.732441,-0.304276),(-19.351728,-18.74968,-0.301091),(-19.253595,-18.846906,-0.303731),(-20.348773,-19.961371,-0.303187),(-19.155463,-18.944133,-0.306372),(-21.443951,-21.075837,-0.302642),(-23.51799,-23.420011,-0.231731),(-23.634306,-23.304767,-0.301552),(-25.824662,-25.533698,-0.300462),(-23.750623,-23.189523,-0.371372),(-28.149519,-27.629367,-0.441653),(-28.015018,-27.762628,-0.299372),(-32.548414,-32.06921,-0.511934),(-32.243043,-32.371768,-0.082449),(-27.880517,-27.895889,-0.15709),(-25.699253,-25.65795,-0.194411),(-21.551176,-20.969601,-0.336231),(-50.143995,-49.828584,-0.793059),(-49.628821,-50.339013,-0.068498),(-55.195693,-56.085139,-0.068849),(-55.774581,-55.511584,-0.883019)),$);
#1375= IFCTRIANGULATEDFACESET(#1374,$,$,((1,2,3),(3,2,4),(3,4,5),(5,4,6),(5,6,7),(7,6,8),(8,9,7),(7,9,10),(9,11,10),(10,11,12),(10,12,13),(13,12,14),(13,14,15),(15,14,16),(15,16,17),(17,16,18),(17,18,13),(13,18,19),(19,18,20),(19,20,21),(21,20,22),(21,22,23),(23,22,24),(23,24,25),(25,24,26),(25,26,27),(27,26,28),(28,26,29),(28,29,30),(30,29,31),(31,29,32),(32,29,33),(33,29,26),(33,26,24),(11,9,12),(12,9,16),(12,16,14),(16,22,18),(18,22,20),(25,27,23),(23,27,34),(23,34,21),(21,34,19),(13,15,17),(30,31,35),(35,31,36),(36,37,35),(35,37,38)),$);
#1376= IFCSHAPEREPRESENTATION(#114,'Body','Tessellation',(#1375));
#1377= IFCPRODUCTDEFINITIONSHAPE($,$,(#1376));
#1378= IFCCARTESIANPOINT((107.429413,102.961474,369.065223));
#1379= IFCAXIS2PLACEMENT3D(#1378,$,$);
#1380= IFCLOCALPLACEMENT(#5,#1379);
#1381= IFCBUILTELEMENT('0ySB6BImrD1B3duL$DVzbX',$,'Taluy',$,$,#1380,#1377,'5D0ED');
#1382= IFCSTYLEDITEM(#1375,(#126),'Taluy');
#1383= IFCPROPERTYSET('2dRCIHc_457ZgPUWIWmGVc',$,'Misc',$,(#85,#87,#88,#129,#130,#131));
#1384= IFCRELDEFINESBYPROPERTIES('1rQ_kpzvjZl51$b3mPt4Hj',$,$,$,(#1381),#1383);
#1385= IFCPROPERTYSINGLEVALUE('Bounds',$,IFCLABEL('((505101.6548322559,1707592.8760239587,368.14696790889985),(505213.2039941929,1707705.046924139,369.98347832683277))'),$);
#1386= IFCPROPERTYSET('3SBAK5CeUiEDqjk1sIZrNp',$,'Properties',$,(#39,#40,#41,#42,#43,#44,#45,#46,#47,#48,#49,#50,#51,#52,#53,#54,#55,#56,#57,#59,#60,#134,#1385));
#1387= IFCRELDEFINESBYPROPERTIES('2yegy5lGaHAjJr1h6NtCDp',$,$,$,(#1381),#1386);
#1388= IFCPROPERTYSET('3uKpbSW3$xI5a2nGTmRRJi',$,'3D Visualization',$,(#91,#92,#93));
#1389= IFCRELDEFINESBYPROPERTIES('0v_J4xR97Dp6XYNMxY4OEa',$,$,$,(#1381),#1388);
#1390= IFCPROPERTYSET('2sbKFZRMyyz2tUjBK7oQii',$,'General',$,(#72,#74,#75,#76,#77,#140));
#1391= IFCRELDEFINESBYPROPERTIES('367mbOT6Fm6i36EFLuboiq',$,$,$,(#1381),#1390);
#1392= IFCPROPERTYSET('0mQVvB0Pq0toJ15XDC$Gf6',$,'Geometry',$,(#82));
#1393= IFCRELDEFINESBYPROPERTIES('2$CrV5Lv5SPrgU2vZQRdT3',$,$,$,(#1381),#1392);
#1394= IFCPROPERTYSET('00Sfq27SdaM5IOKQbyW0hh',$,'Corridor Identity',$,(#150,#153,#156,#457,#492,#742,#743,#1301,#1360,#1361,#1362,#1363));
#1395= IFCRELDEFINESBYPROPERTIES('16ml86C5Fcbz_7CVapzhqQ',$,$,$,(#1381),#1394);
#1396= IFCPROPERTYSET('2zXliffisjz$2Cgv4qLiUs',$,'Corridor Model Information',$,(#749,#750,#1366,#1367,#1368));
#1397= IFCRELDEFINESBYPROPERTIES('3_thQ4vZSONPAT7Y$fW2c$',$,$,$,(#1381),#1396);
#1398= IFCPROPERTYSET('0enjyoUCgsuDYHNtzd80FH',$,'Corridor Shape Information',$,(#166,#167,#467,#1310,#1371));
#1399= IFCRELDEFINESBYPROPERTIES('0K5g0gpdluTFUZcRcTrNjj',$,$,$,(#1381),#1398);
#1400= IFCCARTESIANPOINTLIST3D(((57.325948,58.378148,0.590793),(57.482855,58.222692,0.443398),(40.367264,41.261538,0.4163),(40.536119,41.094245,0.25768),(22.771715,23.502131,0.235253),(22.952966,23.322556,0.064989),(5.176165,5.742725,0.054207),(5.369813,5.550867,-0.127703),(-12.419385,-12.016682,-0.126839),(-12.219131,-12.215084,-0.314954),(-29.996616,-29.794238,-0.325094),(-30.014935,-29.776089,-0.307886),(-31.114656,-30.886052,-0.319201),(-30.553822,-30.341942,-0.318925),(-31.089083,-30.911389,-0.323521),(-32.18155,-32.02854,-0.321947),(-31.649917,-31.455499,-0.323796),(-31.10187,-30.898721,-0.321361),(-34.366485,-34.262841,-0.318801),(-33.294059,-33.125834,-0.331103),(-32.746012,-32.569056,-0.328667),(-32.197964,-32.012277,-0.326232),(-32.214378,-31.996015,-0.330517),(-36.55142,-36.497142,-0.315654),(-35.486248,-35.352948,-0.340845),(-34.390154,-34.239391,-0.335974),(-34.413822,-34.215941,-0.353147),(-38.736355,-38.731443,-0.312507),(-38.774532,-38.693618,-0.355458),(-36.582343,-36.466504,-0.345716),(-40.966721,-40.920732,-0.3652),(-43.106224,-43.200046,-0.306213),(-43.15891,-43.147845,-0.374942),(-47.476094,-47.668649,-0.29992),(-47.610484,-47.535496,-0.488932),(-38.812709,-38.655792,-0.398409),(-57.301365,-57.668851,-0.342776),(-57.47747,-57.494368,-0.590457),(-57.481286,-57.999006,-0.582658),(-57.311078,-58.167647,-0.34327),(-57.482897,-58.212054,-0.579366),(-57.315178,-58.378229,-0.343479)),$);
#1401= IFCTRIANGULATEDFACESET(#1400,$,$,((1,2,3),(3,2,4),(3,4,5),(5,4,6),(5,6,7),(7,6,8),(7,8,9),(9,8,10),(10,11,9),(9,11,12),(13,12,14),(14,12,11),(14,11,15),(16,17,15),(15,17,18),(15,18,14),(14,18,13),(19,20,16),(16,20,21),(16,21,22),(22,21,23),(22,23,17),(17,23,13),(17,13,18),(24,25,19),(19,25,26),(19,26,20),(20,26,27),(20,27,23),(28,29,24),(24,29,30),(24,30,25),(25,30,27),(25,27,26),(29,28,31),(31,28,32),(31,32,33),(33,32,34),(33,34,35),(35,36,33),(33,36,31),(27,30,36),(36,30,29),(36,29,31),(20,23,21),(16,22,17),(34,37,35),(35,37,38),(38,37,39),(39,37,40),(39,40,41),(41,40,42)),$);
#1402= IFCSHAPEREPRESENTATION(#114,'Body','Tessellation',(#1401));
#1403= IFCPRODUCTDEFINITIONSHAPE($,$,(#1402));
#1404= IFCCARTESIANPOINT((153.115056,58.404812,368.289252));
#1405= IFCAXIS2PLACEMENT3D(#1404,$,$);
#1406= IFCLOCALPLACEMENT(#5,#1405);
#1407= IFCBUILTELEMENT('11zMzbT1b0jP3waeyM$3Dm',$,'Taluy',$,$,#1406,#1403,'5D0F5');
#1408= IFCSTYLEDITEM(#1401,(#126),'Taluy');
#1409= IFCPROPERTYSET('2Y5u7Sl7czURr8mL2T3O8k',$,'Misc',$,(#85,#87,#88,#129,#130,#131));
#1410= IFCRELDEFINESBYPROPERTIES('2ERcQzanV$YFRH_zRLeG9T',$,$,$,(#1407),#1409);
#1411= IFCPROPERTYSINGLEVALUE('Bounds',$,IFCLABEL('((505145.6321547816,1707546.0262787235,367.66238543823016),(505260.59795683826,1707662.7833455328,368.9161181072091))'),$);
#1412= IFCPROPERTYSET('010y6FnFQ0JYQnBbapzekN',$,'Properties',$,(#39,#40,#41,#42,#43,#44,#45,#46,#47,#48,#49,#50,#51,#52,#53,#54,#55,#56,#57,#59,#60,#134,#1411));
#1413= IFCRELDEFINESBYPROPERTIES('1PDGBgLnhvRxhJteDm$hJY',$,$,$,(#1407),#1412);
#1414= IFCPROPERTYSET('22IGCbaaum$G6TVSEvHei5',$,'3D Visualization',$,(#91,#92,#93));
#1415= IFCRELDEFINESBYPROPERTIES('1OeNCQtY73pHf5lCe6$tnF',$,$,$,(#1407),#1414);
#1416= IFCPROPERTYSET('2A8STQxN9S6$mPeCZAxJYI',$,'General',$,(#72,#74,#75,#76,#77,#140));
#1417= IFCRELDEFINESBYPROPERTIES('2uarSzn7q7j9ng15rgRZ4K',$,$,$,(#1407),#1416);
#1418= IFCPROPERTYSET('0XbPyJ8562NGDvna5U$jW8',$,'Geometry',$,(#82));
#1419= IFCRELDEFINESBYPROPERTIES('00HLefqyNdDIjzdXdcWZbe',$,$,$,(#1407),#1418);
#1420= IFCPROPERTYSINGLEVALUE('CorridorHandle',$,IFCLABEL('5D3D1'),$);
#1421= IFCPROPERTYSINGLEVALUE('BaselineGuid',$,IFCLABEL('{D77E6F04-899B-4628-AF00-432A0CA03B4B}'),$);
#1422= IFCPROPERTYSINGLEVALUE('RegionGuid',$,IFCLABEL('{DFE3875A-4894-4FAB-9353-BC5932BFCDE2}'),$);
#1423= IFCPROPERTYSINGLEVALUE('EndStation',$,IFCLABEL('0+189.53m'),$);
#1424= IFCPROPERTYSET('3saAHY3zVRWNwDCCDlNu0c',$,'Corridor Identity',$,(#148,#149,#150,#153,#156,#1052,#1053,#1301,#1420,#1421,#1422,#1423));
#1425= IFCRELDEFINESBYPROPERTIES('3rXUtgc1GZ89_fgKjfk6Dq',$,$,$,(#1407),#1424);
#1426= IFCPROPERTYSINGLEVALUE('CorridorName',$,IFCLABEL('B\X2\0110\X0\-T7'),$);
#1427= IFCPROPERTYSINGLEVALUE('BaselineName',$,IFCLABEL('BL - T7 - (67)'),$);
#1428= IFCPROPERTYSINGLEVALUE('RegionName',$,IFCLABEL('RG - 5m - (55)'),$);
#1429= IFCPROPERTYSET('3ZpkK0p3irXpxrzS_KM1X5',$,'Corridor Model Information',$,(#1061,#1062,#1426,#1427,#1428));
#1430= IFCRELDEFINESBYPROPERTIES('1WFBM$wrwJzCadN542BCrj',$,$,$,(#1407),#1429);
#1431= IFCPROPERTYSINGLEVALUE('AssemblyEndStation',$,IFCLABEL('0+189.53m'),$);
#1432= IFCPROPERTYSET('0JZwrHf96Z8GnRx9iK673q',$,'Corridor Shape Information',$,(#166,#167,#168,#1310,#1431));
#1433= IFCRELDEFINESBYPROPERTIES('2doL81vd5VcTZcKG4dD3lF',$,$,$,(#1407),#1432);
#1434= IFCCARTESIANPOINTLIST3D(((57.69164,58.088533,0.592441),(57.630726,58.148886,0.53533),(40.732957,40.971923,0.417947),(40.647624,41.056469,0.337943),(23.137408,23.212516,0.236901),(23.026739,23.322164,0.133143),(5.541858,5.453109,0.055855),(5.405854,5.58786,-0.071656),(-12.053692,-12.306297,-0.125192),(-12.215031,-12.146445,-0.276456),(-12.682188,-12.783368,-0.203433),(-13.230015,-13.340366,-0.206041),(-13.777841,-13.897363,-0.20865),(-14.325668,-14.45436,-0.211259),(-16.581368,-16.618548,-0.272934),(-14.873494,-15.011357,-0.213868),(-15.421321,-15.568354,-0.216476),(-16.516974,-16.682348,-0.221694),(-17.612627,-17.796343,-0.226911),(-18.70828,-18.910337,-0.232128),(-20.947705,-21.09065,-0.269411),(-20.899586,-21.138325,-0.242563),(-23.090892,-23.366314,-0.252998),(-20.851467,-21.186001,-0.215715),(-25.250354,-25.625853,-0.260977),(-25.282198,-25.594302,-0.263433),(-26.377851,-26.708297,-0.26865),(-25.314042,-25.562752,-0.265889),(-27.497211,-27.798804,-0.264128),(-23.130874,-23.326701,-0.26765),(-29.680379,-30.034855,-0.262367),(-28.569157,-28.936285,-0.279085),(-27.473504,-27.822291,-0.273868),(-27.449798,-27.845778,-0.283607),(-29.116984,-29.493282,-0.281694),(-29.649242,-30.065704,-0.306238),(-47.355704,-47.715225,-0.331013),(-47.244791,-47.825111,-0.487285),(-57.111778,-57.783983,-0.588809),(-57.329129,-57.568643,-0.28257),(-57.583959,-57.824584,-0.284296),(-57.365977,-58.040549,-0.591425),(-57.691544,-57.932638,-0.285025),(-57.473295,-58.148867,-0.592529)),$);
#1435= IFCTRIANGULATEDFACESET(#1434,$,$,((1,2,3),(3,2,4),(3,4,5),(5,4,6),(5,6,7),(7,6,8),(7,8,9),(9,8,10),(10,11,9),(9,11,12),(9,12,13),(13,12,10),(13,10,14),(14,10,15),(14,15,16),(16,15,17),(16,17,9),(9,17,18),(9,18,19),(19,18,15),(19,15,20),(20,15,21),(20,21,22),(22,21,23),(22,23,24),(24,23,25),(25,23,26),(25,26,27),(27,26,28),(27,28,29),(21,30,23),(23,30,26),(30,28,26),(31,32,29),(29,32,33),(29,33,27),(27,33,34),(27,34,25),(32,31,35),(35,31,36),(35,36,32),(32,36,34),(32,34,33),(9,19,24),(24,19,20),(24,20,22),(10,12,11),(13,14,9),(9,14,16),(18,17,15),(31,37,36),(36,37,38),(38,37,39),(39,37,40),(40,41,39),(39,41,42),(41,43,42),(42,43,44)),$);
#1436= IFCSHAPEREPRESENTATION(#114,'Body','Tessellation',(#1435));
#1437= IFCPRODUCTDEFINITIONSHAPE($,$,(#1436));
#1438= IFCCARTESIANPOINT((138.186602,73.12273,368.296897));
#1439= IFCAXIS2PLACEMENT3D(#1438,$,$);
#1440= IFCLOCALPLACEMENT(#5,#1439);
#1441= IFCBUILTELEMENT('03QxkaKjj7RghY_6NlXv$K',$,'Taluy',$,$,#1440,#1437,'5D0FD');
#1442= IFCSTYLEDITEM(#1435,(#126),'Taluy');
#1443= IFCPROPERTYSET('1Hz1_kPme9PxUcsGC5ggBj',$,'Misc',$,(#85,#87,#88,#129,#130,#131));
#1444= IFCRELDEFINESBYPROPERTIES('0G3FhOcVS4aVN2o$POC2fw',$,$,$,(#1441),#1443);
#1445= IFCPROPERTYSINGLEVALUE('Bounds',$,IFCLABEL('((505130.4949617846,1707560.973476338,367.66818282585615),(505245.87824271433,1707677.271983579,368.9256108281509))'),$);
#1446= IFCPROPERTYSET('1UoaQ3z2gO2R4sPjSHFXq9',$,'Properties',$,(#39,#40,#41,#42,#43,#44,#45,#46,#47,#48,#49,#50,#51,#52,#53,#54,#55,#56,#57,#59,#60,#134,#1445));
#1447= IFCRELDEFINESBYPROPERTIES('2$ppxH1kd4zpiNrDoFhE4E',$,$,$,(#1441),#1446);
#1448= IFCPROPERTYSET('3s12YQHoUr3f7Y6kddmBST',$,'3D Visualization',$,(#91,#92,#93));
#1449= IFCRELDEFINESBYPROPERTIES('0XYnILOCYRiWJYfGKgaV8j',$,$,$,(#1441),#1448);
#1450= IFCPROPERTYSET('0IRoCdOT3VxM$oRMiKp29_',$,'General',$,(#72,#74,#75,#76,#77,#140));
#1451= IFCRELDEFINESBYPROPERTIES('3kkI$7ib_4QNJ2Omc5yKps',$,$,$,(#1441),#1450);
#1452= IFCPROPERTYSET('0$b9sM9vetPaOtqbjsKskZ',$,'Geometry',$,(#82));
#1453= IFCRELDEFINESBYPROPERTIES('0gpbTkOyIjO1WL$tDGf2E_',$,$,$,(#1441),#1452);
#1454= IFCPROPERTYSET('1OSZuKNlAwzqQ2fefTyeLb',$,'Corridor Identity',$,(#148,#150,#153,#156,#193,#1052,#1053,#1301,#1420,#1421,#1422,#1423));
#1455= IFCRELDEFINESBYPROPERTIES('2p50V_OzVaWCn6JKrg$ka9',$,$,$,(#1441),#1454);
#1456= IFCPROPERTYSET('0q3Pf$7ddEGwjfbLb6ELoC',$,'Corridor Model Information',$,(#1061,#1062,#1426,#1427,#1428));
#1457= IFCRELDEFINESBYPROPERTIES('0xgjLVUUEWnAcj$x7FiJYE',$,$,$,(#1441),#1456);
#1458= IFCPROPERTYSET('20u8x5OVy2eKwD2__cbqiF',$,'Corridor Shape Information',$,(#166,#168,#198,#1310,#1431));
#1459= IFCRELDEFINESBYPROPERTIES('1FdW5i4XiUj_kWN0CFfhN$',$,$,$,(#1441),#1458);
ENDSEC;

END-ISO-10303-21;
