ISO-10303-21;
HEADER;
FILE_DESCRIPTION(('ViewDefinition [Alignment-basedView]'),'2;1');
FILE_NAME(
/* name */ 'C:\\Users\\ACER\\OneDrive - The University of Technology\\109220018-Hoang Duc Linh -22 BIM AI\\N\X2\0103\X0\m 2026-2027\\3. CDE-MT d\X2\1EEF\X0\ li\X2\1EC7\X0\u chung\\04_Cay Xanh-Chieu Sang\\02_IFC\\KDPS_NO2_LS_ZZ_DR_S0_Chieusang.ifc',
/* time_stamp */ '2026-09-28T16:38:35',
/* author */ ('ACER'),
/* organization */ ('DESKTOP-6SA6ERL'),
/* preprocessor_version */ 'GeometryGymIFCcore v25.2.25.0 by Geometry Gym Pty Ltd built 2025-02-24T20:37:52',
/* originating_system */ 'Autodesk - Autodesk IFC 4.3 Extension 2025.2 for Civil 3D - 13.7.274.0',
/* authorization */ 'None'
);

FILE_SCHEMA (('IFC4X3_ADD2'));
ENDSEC;

DATA;
#1= IFCORGANIZATION($,'Autodesk',$,$,$);
#2= IFCAPPLICATION(#1,'Civil 3D 2025','Civil 3D','Autodesk - Autodesk IFC 4.3 Extension 2025.2 for Civil 3D - 13.7.274.0');
#3= IFCCARTESIANPOINT((504950.0,1707446.0,0.0));
#4= IFCAXIS2PLACEMENT3D(#3,$,$);
#5= IFCLOCALPLACEMENT($,#4);
#6= IFCSITE('2UDMI$YqXAoAWvya5CHO3u',$,'UnknownName',$,$,#5,$,$,$,$,$,$,$,$);
#9= IFCPROJECT('204y62U1f6POrmN59CczkW',#13,'Unknown',$,$,$,$,(#26),#18);
#10= IFCPERSON('ACER',$,$,$,$,$,$,$);
#11= IFCORGANIZATION($,'DESKTOP-6SA6ERL',$,$,$);
#12= IFCPERSONANDORGANIZATION(#10,#11,$);
#13= IFCOWNERHISTORY(#12,#2,$,.ADDED.,1790588315,$,$,1790588315);
#14= IFCSIUNIT(*,.LENGTHUNIT.,$,.METRE.);
#15= IFCSIUNIT(*,.AREAUNIT.,$,.SQUARE_METRE.);
#16= IFCSIUNIT(*,.VOLUMEUNIT.,$,.CUBIC_METRE.);
#17= IFCSIUNIT(*,.PLANEANGLEUNIT.,$,.RADIAN.);
#18= IFCUNITASSIGNMENT((#14,#15,#16,#17));
#19= IFCRELAGGREGATES('2O61tG7dSxVcntjCyONoFj',$,$,$,#9,(#6));
#20= IFCCLASSIFICATION($,$,$,'Civil 3D',$,$,$);
#21= IFCRELASSOCIATESCLASSIFICATION('2oAL6cILMuHuQgqTqkQlEE',$,$,$,(#9),#20);
#22= IFCCLASSIFICATIONREFERENCE($,$,'Civil 3D Styles',#20,$,$);
#23= IFCCLASSIFICATIONREFERENCE($,$,'Point Styles',#22,$,$);
#24= IFCCLASSIFICATIONREFERENCE($,$,'Basic',#23,$,$);
#25= IFCCARTESIANPOINT((0.0,0.0,0.0));
#26= IFCGEOMETRICREPRESENTATIONCONTEXT('3D','Model',3,0.0001,#28,#29);
#27= IFCCARTESIANPOINT((0.0,0.0,0.0));
#28= IFCAXIS2PLACEMENT3D(#27,$,$);
#29= IFCDIRECTION((0.0,1.0));
#30= IFCGEOMETRICREPRESENTATIONSUBCONTEXT('Body','Model',*,*,*,*,#26,$,.MODEL_VIEW.,$);
#31= IFCSHAPEREPRESENTATION(#30,'Body','Point',(#25));
#32= IFCPRODUCTDEFINITIONSHAPE($,$,(#31));
#33= IFCCARTESIANPOINT((0.0,0.0,0.0));
#34= IFCAXIS2PLACEMENT3D(#33,$,$);
#35= IFCLOCALPLACEMENT(#5,#34);
#36= IFCANNOTATION('2WMK_JxPD8J8guAAh$przQ',$,'IFC Project Base Point 204y62U1f6POrmN59CczkW','IFC Project Base Point','CogoPoint',#35,#32,.SURVEY.);
#37= IFCRELCONTAINEDINSPATIALSTRUCTURE('3ry_hmn1BpxhsrZrnWJB4y',$,'Site','Site Container for Elements',(#36,#812,#856,#879,#901,#923,#945,#967,#989,#1011,#1033,#1055,#1077,#1099,#1121,#1143,#1165,#1187,#1209,#1231,#1253,#1275,#1297,#1319,#1341,#1363),#6);
#38= IFCPROPERTYSINGLEVALUE('PointNumber',$,IFCIDENTIFIER('1'),$);
#39= IFCPROPERTYSET('3$l6PF_tgK$R4VzVLb7tnx',$,'C3D_Attributes',$,(#38));
#40= IFCRELDEFINESBYPROPERTIES('0PoYJVgtMo2dGmyYnucrUc',$,$,$,(#36),#39);
#41= IFCCOLOURRGB('red',1.0,0.0,0.0);
#42= IFCSURFACESTYLESHADING(#41,$);
#43= IFCSURFACESTYLE($,.BOTH.,(#42));
#44= IFCPRESENTATIONLAYERWITHSTYLE('V-NODE',$,(#25),$,.U.,.U.,.U.,(#43));
#45= IFCSTYLEDITEM(#25,(#43),'V-NODE');
#46= IFCPROPERTYSINGLEVALUE('DescriptionFormat',$,IFCLABEL(''),$);
#47= IFCPROPERTYSINGLEVALUE('Easting',$,IFCREAL(504950.0),$);
#48= IFCPROPERTYSINGLEVALUE('Elevation',$,IFCREAL(0.0),$);
#49= IFCPROPERTYSINGLEVALUE('ElevationOverride',$,IFCREAL(0.0),$);
#50= IFCPROPERTYSINGLEVALUE('FullDescription',$,IFCLABEL('IFC Project Base Point'),$);
#51= IFCPROPERTYSINGLEVALUE('FullDescriptionOverride',$,IFCLABEL('IFC Project Base Point'),$);
#52= IFCPROPERTYSINGLEVALUE('IsCheckedOut',$,IFCBOOLEAN(.F.),$);
#53= IFCPROPERTYSINGLEVALUE('IsLabelDragged',$,IFCBOOLEAN(.F.),$);
#54= IFCPROPERTYSINGLEVALUE('IsLabelPinned',$,IFCBOOLEAN(.F.),$);
#55= IFCPROPERTYSINGLEVALUE('IsLabelVisible',$,IFCBOOLEAN(.T.),$);
#56= IFCPROPERTYSINGLEVALUE('IsLocked',$,IFCBOOLEAN(.F.),$);
#57= IFCPROPERTYSINGLEVALUE('IsMovable',$,IFCBOOLEAN(.T.),$);
#58= IFCPROPERTYSINGLEVALUE('IsProjectPoint',$,IFCBOOLEAN(.F.),$);
#59= IFCPROPERTYSINGLEVALUE('IsSurveyPoint',$,IFCBOOLEAN(.F.),$);
#60= IFCPROPERTYSINGLEVALUE('LabelRotation',$,IFCREAL(0.0),$);
#61= IFCPROPERTYSINGLEVALUE('MarkerRotation',$,IFCREAL(0.0),$);
#62= IFCPROPERTYSINGLEVALUE('Northing',$,IFCREAL(1707446.0),$);
#63= IFCPROPERTYSINGLEVALUE('PointName',$,IFCLABEL('IFC Project Base Point 204y62U1f6POrmN59CczkW'),$);
#64= IFCPROPERTYSINGLEVALUE('PointNumber',$,IFCINTEGER(1),$);
#65= IFCPROPERTYSINGLEVALUE('RawDescription',$,IFCLABEL('IFC Project Base Point'),$);
#66= IFCPROPERTYSINGLEVALUE('RawDescriptionOverride',$,IFCLABEL('IFC Project Base Point'),$);
#67= IFCPROPERTYSINGLEVALUE('ScaleXY',$,IFCREAL(1.0),$);
#68= IFCPROPERTYSINGLEVALUE('ScaleZ',$,IFCREAL(1.0),$);
#69= IFCPROPERTYSINGLEVALUE('ShowToolTip',$,IFCBOOLEAN(.T.),$);
#70= IFCPROPERTYSINGLEVALUE('CloneMeForDragging',$,IFCBOOLEAN(.T.),$);
#71= IFCPROPERTYSINGLEVALUE('ForceAnnoAllVisible',$,IFCBOOLEAN(.T.),$);
#72= IFCPROPERTYSINGLEVALUE('HasSaveVersionOverride',$,IFCBOOLEAN(.F.),$);
#73= IFCPROPERTYSINGLEVALUE('IsCancelling',$,IFCBOOLEAN(.F.),$);
#74= IFCPROPERTYSINGLEVALUE('IsErased',$,IFCBOOLEAN(.F.),$);
#75= IFCPROPERTYSINGLEVALUE('IsEraseStatusToggled',$,IFCBOOLEAN(.F.),$);
#76= IFCPROPERTYSINGLEVALUE('IsModified',$,IFCBOOLEAN(.F.),$);
#77= IFCPROPERTYSINGLEVALUE('IsModifiedGraphics',$,IFCBOOLEAN(.F.),$);
#78= IFCPROPERTYSINGLEVALUE('IsModifiedXData',$,IFCBOOLEAN(.F.),$);
#79= IFCPROPERTYSINGLEVALUE('IsNewObject',$,IFCBOOLEAN(.F.),$);
#80= IFCPROPERTYSINGLEVALUE('IsNotifyEnabled',$,IFCBOOLEAN(.F.),$);
#81= IFCPROPERTYSINGLEVALUE('IsNotifying',$,IFCBOOLEAN(.F.),$);
#82= IFCPROPERTYSINGLEVALUE('IsObjectIdsInFlux',$,IFCBOOLEAN(.F.),$);
#83= IFCPROPERTYSINGLEVALUE('IsPersistent',$,IFCBOOLEAN(.T.),$);
#84= IFCPROPERTYSINGLEVALUE('IsReadEnabled',$,IFCBOOLEAN(.T.),$);
#85= IFCPROPERTYSINGLEVALUE('IsReallyClosing',$,IFCBOOLEAN(.F.),$);
#86= IFCPROPERTYSINGLEVALUE('IsTransactionResident',$,IFCBOOLEAN(.T.),$);
#87= IFCPROPERTYSINGLEVALUE('IsUndoing',$,IFCBOOLEAN(.F.),$);
#88= IFCPROPERTYSINGLEVALUE('IsWriteEnabled',$,IFCBOOLEAN(.T.),$);
#89= IFCPROPERTYSINGLEVALUE('Bounds',$,IFCLABEL('((504946.46446609404,1707439.1666666667,0),(504996.95824314345,1707452,0))'),$);
#90= IFCPROPERTYSINGLEVALUE('AutoDelete',$,IFCBOOLEAN(.F.),$);
#91= IFCPROPERTYSINGLEVALUE('IsDisposed',$,IFCBOOLEAN(.F.),$);
#92= IFCPROPERTYSET('36h3uKsz1jb_5ddKrBSdOy',$,'Properties',$,(#46,#47,#48,#49,#50,#51,#52,#53,#54,#55,#56,#57,#58,#59,#60,#61,#62,#63,#64,#65,#66,#67,#68,#69,#70,#71,#72,#73,#74,#75,#76,#77,#78,#79,#80,#81,#82,#83,#84,#85,#86,#87,#88,#89,#90,#91));
#93= IFCRELDEFINESBYPROPERTIES('1PMh8DP5fl9q3dxkgtHYm7',$,$,$,(#36),#92);
#94= IFCPROPERTYSINGLEVALUE('BlockName',$,IFCLABEL('*Model_Space'),$);
#95= IFCPROPERTYSINGLEVALUE('ClassID',$,IFCLABEL('e9320128-0089-4186-8df9-3d5372b7dc57'),$);
#96= IFCPROPERTYSINGLEVALUE('HasFields',$,IFCBOOLEAN(.F.),$);
#97= IFCPROPERTYSINGLEVALUE('IsAProxy',$,IFCBOOLEAN(.F.),$);
#98= IFCPROPERTYSET('18eE2RW64SKXvdUs7_hfTc',$,'Misc',$,(#94,#95,#96,#97));
#99= IFCRELDEFINESBYPROPERTIES('0ocup9HVGJu8x2pts4aiwL',$,$,$,(#36),#98);
#100= IFCPROPERTYSINGLEVALUE('CastShadows',$,IFCBOOLEAN(.T.),$);
#101= IFCPROPERTYSINGLEVALUE('Material',$,IFCLABEL('ByLayer'),$);
#102= IFCPROPERTYSINGLEVALUE('ReceiveShadows',$,IFCBOOLEAN(.T.),$);
#103= IFCPROPERTYSET('2xBVFj3e2spPJ9l9Wrsmdj',$,'3D Visualization',$,(#100,#101,#102));
#104= IFCRELDEFINESBYPROPERTIES('2O92lKG6zDff5lUAy3mLgk',$,$,$,(#36),#103);
#105= IFCPROPERTYSINGLEVALUE('ColorIndex',$,IFCINTEGER(256),$);
#106= IFCPROPERTYSINGLEVALUE('Layer',$,IFCLABEL('V-NODE'),$);
#107= IFCPROPERTYSINGLEVALUE('Linetype',$,IFCLABEL('ByLayer'),$);
#108= IFCPROPERTYSINGLEVALUE('LinetypeScale',$,IFCREAL(1.0),$);
#109= IFCPROPERTYSINGLEVALUE('PlotStyleName',$,IFCLABEL('ByLayer'),$);
#110= IFCPROPERTYSINGLEVALUE('Visible',$,IFCBOOLEAN(.T.),$);
#111= IFCPROPERTYSET('29fhv0fBGPAFhbTRALzli9',$,'General',$,(#105,#106,#107,#108,#109,#110));
#112= IFCRELDEFINESBYPROPERTIES('1Y13BjsdGSfI9PbsJ92cht',$,$,$,(#36),#111);
#113= IFCPROPERTYSINGLEVALUE('IsPlanar',$,IFCBOOLEAN(.F.),$);
#114= IFCPROPERTYSET('2LBpOrXNsD2dGydOIjeXDI',$,'Geometry',$,(#113));
#115= IFCRELDEFINESBYPROPERTIES('2ijBqOtg3DSKZ0MlCOuiIh',$,$,$,(#36),#114);
#116= IFCRELASSOCIATESCLASSIFICATION('2OLeolwNDEXhWaeDkwzH21',$,$,$,(#36),#24);
#117= IFCCARTESIANPOINTLIST3D(((0.315066,0.0,0.030719),(0.309012,0.061466,0.030719),(0.291083,0.12057,0.030719),(0.261968,0.175041,0.030719),(0.222785,0.222785,0.030719),(0.175041,0.261968,0.030719),(0.12057,0.291083,0.030719),(0.061466,0.309012,0.030719),(0.0,0.315066,0.030719),(-0.061466,0.309012,0.030719),(-0.12057,0.291083,0.030719),(-0.175041,0.261968,0.030719),(-0.222785,0.222785,0.030719),(-0.261968,0.175041,0.030719),(-0.291083,0.12057,0.030719),(-0.309012,0.061466,0.030719),(-0.315066,0.0,0.030719),(0.0,0.0,0.030719)),$);
#118= IFCTRIANGULATEDFACESET(#117,$,$,((18,1,2),(18,2,3),(18,3,4),(18,4,5),(18,5,6),(18,6,7),(18,7,8),(18,8,9),(18,14,15),(18,15,16),(13,14,18),(13,18,12),(9,10,18),(11,12,18),(11,18,10),(16,17,18)),$);
#119= IFCCOLOURRGB('255,150,0',1.0,0.588235294117647,0.0);
#120= IFCSURFACESTYLESHADING(#119,$);
#121= IFCSURFACESTYLE($,.BOTH.,(#120));
#122= IFCPRESENTATIONLAYERWITHSTYLE('\X2\0110\X0\\X2\00E8\X0\n chi\X2\1EBF\X0\u s\X2\00E1\X0\ng',$,(#118,#125,#128,#131,#134,#137,#140,#143,#146,#149,#152,#155,#158,#161,#164,#167,#170,#173,#176,#179,#182,#185,#188,#191,#194,#197,#200,#203,#206,#209,#212,#215,#218,#221,#224,#227,#230,#233,#236,#239,#242,#245,#248,#251,#254,#257,#260,#263,#266,#269,#272,#275,#278,#281,#284,#287,#290,#293,#296,#299,#302,#305,#308,#311,#314,#317,#320,#323,#326,#329,#332,#335,#338,#341,#344,#347,#350,#353,#356,#359,#362,#365,#368,#371,#374,#377,#380,#383,#386,#389,#392,#395,#398,#401,#404,#407,#410,#413,#416,#419,#422,#425,#428,#431,#434,#437,#440,#443,#446,#449,#452,#455,#458,#461,#464,#467,#470,#473,#476,#479,#482,#485,#488,#491,#494,#497,#500,#503,#506,#509,#512,#515,#518,#521,#524,#527,#530,#533,#536,#539,#542,#545,#548,#551,#554,#557,#560,#563,#566,#569,#572,#575,#578,#581,#584,#587,#590,#593,#596,#599,#602,#605,#608,#611,#614,#617,#620,#623,#626,#629,#632,#635,#638,#641,#644,#647,#650,#653,#656,#659,#662,#665,#668,#671,#674,#677,#680,#683,#686,#689,#692,#695,#698,#701,#704,#707,#710,#713,#716,#719,#722,#725,#728,#731,#734,#737,#740,#743,#746,#749,#752,#755,#758,#761,#764,#767,#770,#773,#776,#779,#782,#785,#788,#791,#794),$,.U.,.U.,.U.,(#121));
#123= IFCSTYLEDITEM(#118,(#121),'\X2\0110\X0\\X2\00E8\X0\n chi\X2\1EBF\X0\u s\X2\00E1\X0\ng');
#124= IFCCARTESIANPOINTLIST3D(((-0.315066,0.0,0.030719),(-0.309012,-0.061466,0.030719),(-0.291083,-0.12057,0.030719),(-0.261968,-0.175041,0.030719),(-0.222785,-0.222785,0.030719),(-0.175041,-0.261968,0.030719),(-0.12057,-0.291083,0.030719),(-0.061466,-0.309012,0.030719),(0.0,-0.315066,0.030719),(0.061466,-0.309012,0.030719),(0.12057,-0.291083,0.030719),(0.175041,-0.261968,0.030719),(0.222785,-0.222785,0.030719),(0.261968,-0.175041,0.030719),(0.291083,-0.12057,0.030719),(0.309012,-0.061466,0.030719),(0.315066,0.0,0.030719),(0.0,0.0,0.030719)),$);
#125= IFCTRIANGULATEDFACESET(#124,$,$,((12,13,18),(12,18,11),(10,11,18),(10,18,9),(15,16,18),(15,18,14),(13,14,18),(18,16,17),(7,8,18),(7,18,6),(5,6,18),(5,18,4),(3,4,18),(3,18,2),(18,1,2),(9,18,8)),$);
#126= IFCSTYLEDITEM(#125,(#121),'\X2\0110\X0\\X2\00E8\X0\n chi\X2\1EBF\X0\u s\X2\00E1\X0\ng');
#127= IFCCARTESIANPOINTLIST3D(((0.315066,0.0,-0.000081),(0.309012,0.061466,-0.000081),(0.291083,0.12057,-0.000081),(0.261968,0.175041,-0.000081),(0.222785,0.222785,-0.000081),(0.175041,0.261968,-0.000081),(0.12057,0.291083,-0.000081),(0.061466,0.309012,-0.000081),(0.0,0.315066,-0.000081),(-0.061466,0.309012,-0.000081),(-0.12057,0.291083,-0.000081),(-0.175041,0.261968,-0.000081),(-0.222785,0.222785,-0.000081),(-0.261968,0.175041,-0.000081),(-0.291083,0.12057,-0.000081),(-0.309012,0.061466,-0.000081),(-0.315066,0.0,-0.000081),(-0.325955,0.0,0.00443),(-0.330466,0.0,0.015319),(-0.325955,0.0,0.026208),(-0.315066,0.0,0.030719),(-0.309012,0.061466,0.030719),(-0.291083,0.12057,0.030719),(-0.261968,0.175041,0.030719),(-0.222785,0.222785,0.030719),(-0.175041,0.261968,0.030719),(-0.12057,0.291083,0.030719),(-0.061466,0.309012,0.030719),(0.0,0.315066,0.030719),(0.061466,0.309012,0.030719),(0.12057,0.291083,0.030719),(0.175041,0.261968,0.030719),(0.222785,0.222785,0.030719),(0.261968,0.175041,0.030719),(0.291083,0.12057,0.030719),(0.309012,0.061466,0.030719),(0.315066,0.0,0.030719),(0.325955,0.0,0.026208),(0.330466,0.0,0.015319),(0.325955,0.0,0.00443),(-0.091551,0.316999,0.019256),(-0.200778,0.258263,0.005743),(0.200778,0.258263,0.024895),(0.200778,0.258263,0.005743),(-0.245171,0.21347,0.027016),(-0.030811,0.323117,0.027426),(-0.030808,0.322549,0.002788),(-0.280191,0.160201,0.001977),(0.280191,0.160201,0.028661),(0.280191,0.160201,0.001977),(0.148412,0.285718,0.029088),(0.148412,0.285718,0.001551),(-0.320222,0.0,0.028583),(-0.148397,0.285214,0.029306),(-0.14839,0.284969,0.001233),(-0.320511,0.0,0.002174),(0.320511,0.0,0.028464),(0.320511,0.0,0.002174),(-0.279472,0.157245,0.029662),(0.030805,0.318903,0.02977),(0.030806,0.318589,0.000757),(-0.244034,0.206097,0.000547),(0.244034,0.206097,0.030091),(0.244034,0.206097,0.000547),(-0.303714,0.098925,0.000547),(0.303714,0.098925,0.030091),(0.303714,0.098925,0.000547),(-0.317644,0.0,0.029651),(-0.091296,0.305469,0.030254),(-0.199889,0.248376,0.030254),(-0.309311,0.080259,0.03005),(-0.091298,0.305365,0.000359),(-0.309426,0.096762,0.027716),(-0.303038,0.128987,0.021081),(0.148369,0.281796,0.030338),(0.148369,0.281796,0.0003),(-0.278562,0.152846,0.030485),(-0.279148,0.176351,0.012403),(-0.246558,0.202768,0.030146),(-0.217335,0.237967,0.028926),(-0.168444,0.278335,0.026794),(-0.217563,0.246863,0.021765),(0.030831,0.31608,0.030512),(0.088062,0.306605,0.030208),(-0.02697,0.317859,0.030208),(-0.063498,0.315567,0.029123),(-0.219037,0.237859,0.002336),(0.086308,0.310134,0.02911),(0.116639,0.304167,0.026396),(0.09318,0.316594,0.018992),(0.262725,0.200393,0.016412),(-0.005005,0.329649,0.010484),(0.02738,0.322074,0.028373),(0.037363,0.324061,0.02595),(-0.054989,0.32334,0.023705),(0.091053,0.315494,0.023075),(0.171768,0.280962,0.021177),(0.257194,0.205387,0.021571),(0.178961,0.277797,0.015984),(0.32821,0.0,0.020764),(0.230815,0.235567,0.010837),(0.293044,0.14675,0.006564),(0.310302,0.112065,0.019388),(0.305974,0.116358,0.024605),(0.12296,0.305567,0.009636),(-0.104367,0.307128,0.027585),(0.012366,0.329142,0.021014),(0.002098,0.330452,0.015782),(-0.113351,0.310293,0.013424),(0.08635,0.31458,0.004697),(-0.116261,0.3055,0.025204),(-0.179514,0.274114,0.024175),(-0.153182,0.29151,0.021181),(-0.202726,0.26093,0.016407),(-0.235923,0.227,0.024545),(-0.289866,0.151001,0.025247),(-0.267998,0.190527,0.022242),(-0.269711,0.190619,0.017755),(-0.314941,0.099933,0.016566),(-0.32821,0.0,0.009874),(-0.304029,0.12294,0.006876),(-0.32821,0.0,0.020764),(-0.203947,0.259249,0.011025),(-0.120444,0.305947,0.008356),(0.221906,0.235014,0.02838),(0.260644,0.195714,0.02622),(0.221906,0.235014,0.002258),(0.300785,0.135893,0.0118),(0.32821,0.0,0.009874),(-0.2606,0.195768,0.004416),(-0.256843,0.205088,0.008118),(0.260191,0.196017,0.004242),(-0.322655,0.07011,0.012389),(-0.116447,0.304461,0.004445),(-0.026585,0.326413,0.006225),(-0.313464,0.078108,0.00215),(0.313464,0.078108,0.028488),(0.313464,0.078108,0.00215),(-0.151803,0.293262,0.018049),(-0.103219,0.313895,0.016365),(-0.055231,0.325793,0.014459),(-0.005338,0.330263,0.01311),(0.091644,0.317434,0.013875),(-0.298843,0.128603,0.003847),(0.298849,0.128553,0.003834),(0.318651,0.073633,0.005645),(0.315718,0.092594,0.008797),(0.329338,0.0,0.012597),(0.3221,0.073587,0.013889),(0.299722,0.139192,0.01529),(0.329338,0.0,0.018041),(-0.199244,0.263006,0.019253),(0.196046,0.253237,0.029819),(0.196046,0.253237,0.000819),(-0.081293,0.311476,0.001523),(-0.034151,0.318186,0.000736),(-0.125329,0.298443,0.002561),(0.251313,0.210771,0.006957),(0.278961,0.17485,0.009273),(0.269004,0.191322,0.011993),(0.234735,0.232521,0.013938),(0.097355,0.305098,0.000819),(0.059982,0.317753,0.002347),(-0.319904,0.071382,0.024022),(-0.318974,0.064735,0.003971),(-0.327083,0.0,0.007152),(-0.322493,0.06347,0.00812),(-0.305494,0.123583,0.010071),(0.211218,0.251915,0.008249),(0.179155,0.276781,0.010534),(-0.155367,0.277656,0.000235),(-0.197912,0.2515,0.000742),(0.31856,0.087653,0.016754),(0.051963,0.324303,0.007684),(0.327083,0.0,0.007152),(0.170371,0.276605,0.003439),(0.145305,0.292765,0.005395),(0.298952,0.127681,0.027021),(0.318775,0.067667,0.026286),(0.327083,0.0,0.023486),(0.321554,0.068077,0.022514),(0.302455,0.129226,0.022076),(0.023654,0.324603,0.00396),(0.117609,0.301977,0.002826),(-0.279273,0.156358,0.000753),(-0.317788,0.0,0.001047),(0.279273,0.156358,0.029885),(0.317788,0.0,0.029591),(0.278626,0.153189,0.000194),(0.317788,0.0,0.001047),(-0.148382,0.280999,0.03048),(-0.323089,0.0,0.027396),(-0.280654,0.161237,0.028089),(0.145799,0.293325,0.02432),(0.221353,0.244822,0.018861),(0.010789,0.327779,0.023744),(-0.248815,0.217469,0.014783),(-0.284238,0.168571,0.015199),(-0.305668,0.125284,0.013408),(-0.209987,0.255062,0.013696),(-0.323094,0.066463,0.019598),(-0.329338,0.0,0.018041),(-0.181594,0.274059,0.008279),(-0.075827,0.320918,0.010693),(0.177672,0.272068,0.027134),(0.276598,0.175924,0.023973),(-0.329338,0.0,0.012597),(-0.323233,0.0,0.003302),(0.323233,0.0,0.027336),(0.323233,0.0,0.003302),(0.063232,0.323727,0.010989),(-0.327083,0.0,0.023486),(0.152309,0.293112,0.013221)),$);
#128= IFCTRIANGULATEDFACESET(#127,$,$,((25,70,79),(64,127,50),(22,23,71),(172,55,171),(87,62,48),(24,77,23),(73,53,71),(36,188,66),(69,191,27),(31,75,84),(70,191,54),(3,67,2),(47,183,163),(28,69,27),(70,25,26),(88,60,84),(162,52,76),(12,171,11),(87,55,172),(185,15,65),(108,141,140),(16,65,15),(48,62,185),(180,181,179),(83,29,30),(85,86,69),(133,120,207),(133,207,19),(156,72,155),(179,181,104),(15,185,14),(13,14,62),(76,6,7),(26,191,70),(118,119,74),(171,55,72),(84,60,83),(28,29,85),(88,51,89),(32,75,31),(190,2,67),(63,33,34),(48,65,136),(192,53,73),(192,73,20),(33,63,153),(49,66,137),(34,35,187),(51,153,125),(132,158,102),(36,66,35),(78,123,131),(79,80,59),(49,63,187),(62,172,13),(187,35,66),(42,157,87),(127,132,50),(107,90,108),(10,72,156),(94,196,46),(189,50,67),(6,154,5),(45,80,81),(8,9,61),(119,202,201),(85,29,83),(64,4,5),(16,186,65),(138,58,67),(189,67,3),(93,94,46),(176,177,44),(4,64,189),(10,11,72),(96,97,90),(86,106,54),(164,73,116),(68,21,22),(8,61,162),(125,63,49),(153,51,75),(154,6,76),(64,154,127),(187,63,34),(136,65,56),(4,189,3),(137,66,57),(138,67,50),(190,1,2),(23,77,71),(53,68,71),(60,86,85),(45,193,80),(79,59,77),(22,71,68),(71,59,73),(155,72,55),(156,9,10),(59,193,73),(115,116,45),(81,112,115),(113,139,152),(32,33,153),(51,88,84),(7,8,162),(154,76,52),(24,25,79),(71,77,59),(118,117,82),(87,130,42),(79,77,24),(79,70,80),(70,54,80),(81,80,54),(46,111,106),(115,45,81),(111,81,106),(139,113,41),(30,31,84),(85,83,60),(84,83,30),(51,84,75),(60,93,86),(28,85,69),(106,86,46),(54,69,86),(130,87,48),(157,42,134),(125,205,51),(93,60,88),(96,194,97),(89,94,93),(98,195,97),(92,174,135),(128,149,147),(90,97,99),(211,143,105),(124,134,42),(89,93,88),(86,93,46),(89,96,94),(107,95,196),(96,107,196),(82,112,113),(194,96,89),(96,90,107),(98,97,43),(97,195,99),(205,126,43),(103,91,98),(160,161,91),(169,170,101),(102,158,159),(128,160,150),(101,158,169),(160,128,159),(146,138,145),(182,104,181),(39,149,173),(206,43,126),(137,178,49),(127,176,44),(211,142,143),(111,46,95),(54,106,81),(143,90,99),(41,95,107),(140,141,109),(41,107,108),(203,123,124),(78,197,200),(162,163,184),(163,183,110),(113,95,41),(112,81,111),(111,95,113),(112,82,115),(111,113,112),(139,109,114),(200,109,123),(117,118,74),(82,117,115),(116,73,193),(117,116,115),(164,116,74),(82,152,118),(116,117,74),(114,197,118),(167,133,168),(198,118,197),(119,201,74),(18,166,165),(119,133,19),(130,48,144),(124,123,109),(164,122,212),(164,212,20),(131,42,130),(109,204,124),(134,135,47),(126,125,49),(205,43,194),(178,126,49),(126,178,206),(176,127,52),(145,138,50),(128,150,149),(102,147,146),(144,48,136),(174,211,105),(131,130,121),(131,121,168),(203,131,123),(127,44,132),(158,132,44),(199,119,198),(167,168,121),(124,204,135),(47,155,157),(124,135,134),(211,174,92),(165,208,18),(165,121,144),(179,209,38),(178,179,104),(50,132,145),(138,40,210),(138,210,58),(140,139,41),(152,139,114),(108,140,41),(109,139,140),(108,142,141),(141,142,204),(142,108,143),(204,142,92),(90,143,108),(213,143,99),(165,144,136),(121,130,144),(132,102,145),(145,102,146),(102,159,147),(147,175,146),(148,147,149),(184,176,52),(148,149,39),(147,148,129),(147,129,175),(150,173,149),(91,103,150),(103,100,151),(173,150,103),(118,152,114),(113,152,82),(153,75,32),(125,153,63),(127,154,52),(5,154,64),(157,155,55),(156,47,61),(47,156,155),(9,156,61),(87,157,55),(47,157,134),(169,158,44),(101,160,159),(101,159,158),(147,159,128),(161,160,101),(150,160,91),(170,161,101),(195,161,99),(162,76,7),(163,162,61),(47,163,61),(177,184,110),(164,74,201),(73,164,20),(165,136,208),(120,167,166),(166,167,165),(133,167,120),(165,167,121),(199,168,133),(131,168,78),(177,169,44),(170,169,105),(213,105,143),(170,213,161),(11,171,72),(171,12,13),(13,172,171),(87,172,62),(103,151,173),(39,173,151),(177,174,105),(183,174,110),(175,40,146),(176,184,177),(174,177,110),(169,177,105),(209,179,137),(178,104,206),(137,179,178),(179,38,180),(180,100,181),(100,103,181),(182,181,103),(103,98,182),(206,182,98),(47,135,183),(174,183,135),(162,184,52),(110,184,163),(185,62,14),(65,48,185),(186,16,17),(186,56,65),(66,49,187),(188,36,37),(188,57,66),(50,189,64),(67,58,190),(27,191,26),(54,191,69),(80,193,59),(116,193,45),(205,194,89),(97,194,43),(98,91,195),(195,91,161),(46,196,95),(96,196,94),(200,197,114),(198,197,78),(199,198,78),(119,118,198),(168,199,78),(119,199,133),(109,200,114),(78,200,123),(124,42,203),(164,201,122),(202,119,19),(202,122,201),(131,203,42),(141,204,109),(135,204,92),(51,205,89),(126,205,125),(182,206,104),(43,206,98),(136,56,208),(137,57,209),(40,138,146),(142,211,92),(161,213,99),(105,213,170)),$);
#129= IFCSTYLEDITEM(#128,(#121),'\X2\0110\X0\\X2\00E8\X0\n chi\X2\1EBF\X0\u s\X2\00E1\X0\ng');
#130= IFCCARTESIANPOINTLIST3D(((-0.315066,0.0,-0.000081),(-0.309012,-0.061466,-0.000081),(-0.291083,-0.12057,-0.000081),(-0.261968,-0.175041,-0.000081),(-0.222785,-0.222785,-0.000081),(-0.175041,-0.261968,-0.000081),(-0.12057,-0.291083,-0.000081),(-0.061466,-0.309012,-0.000081),(0.0,-0.315066,-0.000081),(0.061466,-0.309012,-0.000081),(0.12057,-0.291083,-0.000081),(0.175041,-0.261968,-0.000081),(0.222785,-0.222785,-0.000081),(0.261968,-0.175041,-0.000081),(0.291083,-0.12057,-0.000081),(0.309012,-0.061466,-0.000081),(0.315066,0.0,-0.000081),(0.325955,0.0,0.00443),(0.330466,0.0,0.015319),(0.325955,0.0,0.026208),(0.315066,0.0,0.030719),(0.309012,-0.061466,0.030719),(0.291083,-0.12057,0.030719),(0.261968,-0.175041,0.030719),(0.222785,-0.222785,0.030719),(0.175041,-0.261968,0.030719),(0.12057,-0.291083,0.030719),(0.061466,-0.309012,0.030719),(0.0,-0.315066,0.030719),(-0.061466,-0.309012,0.030719),(-0.12057,-0.291083,0.030719),(-0.175041,-0.261968,0.030719),(-0.222785,-0.222785,0.030719),(-0.261968,-0.175041,0.030719),(-0.291083,-0.12057,0.030719),(-0.309012,-0.061466,0.030719),(-0.315066,0.0,0.030719),(-0.325955,0.0,0.026208),(-0.330466,0.0,0.015319),(-0.325955,0.0,0.00443),(0.091551,-0.316999,0.019256),(0.200778,-0.258263,0.005743),(-0.200778,-0.258263,0.024895),(-0.200778,-0.258263,0.005743),(0.245171,-0.21347,0.027016),(0.030811,-0.323117,0.027426),(0.030808,-0.322549,0.002788),(0.280191,-0.160201,0.001977),(-0.280191,-0.160201,0.028661),(-0.280191,-0.160201,0.001977),(-0.148412,-0.285718,0.029088),(-0.148412,-0.285718,0.001551),(0.320222,0.0,0.028583),(0.148397,-0.285214,0.029306),(0.14839,-0.284969,0.001233),(0.320511,0.0,0.002174),(-0.320511,0.0,0.028464),(-0.320511,0.0,0.002174),(0.279472,-0.157245,0.029662),(-0.030805,-0.318903,0.02977),(-0.030806,-0.318589,0.000757),(0.244034,-0.206097,0.000547),(-0.244034,-0.206097,0.030091),(-0.244034,-0.206097,0.000547),(0.303714,-0.098925,0.000547),(-0.303714,-0.098925,0.030091),(-0.303714,-0.098925,0.000547),(0.317644,0.0,0.029651),(0.091296,-0.305469,0.030254),(0.199889,-0.248376,0.030254),(0.309311,-0.080259,0.03005),(0.091298,-0.305365,0.000359),(0.309426,-0.096762,0.027716),(0.303038,-0.128987,0.021081),(-0.148369,-0.281796,0.030338),(-0.148369,-0.281796,0.0003),(0.278562,-0.152846,0.030485),(0.279148,-0.176351,0.012403),(0.246558,-0.202768,0.030146),(0.217335,-0.237967,0.028926),(0.168444,-0.278335,0.026794),(0.217563,-0.246863,0.021765),(-0.030831,-0.31608,0.030512),(-0.088062,-0.306605,0.030208),(0.02697,-0.317859,0.030208),(0.063498,-0.315567,0.029123),(0.219037,-0.237859,0.002336),(-0.086308,-0.310134,0.02911),(-0.116639,-0.304167,0.026396),(-0.09318,-0.316594,0.018992),(-0.262725,-0.200393,0.016412),(0.005005,-0.329649,0.010484),(-0.02738,-0.322074,0.028373),(-0.037363,-0.324061,0.02595),(0.054989,-0.32334,0.023705),(-0.091053,-0.315494,0.023075),(-0.171768,-0.280962,0.021177),(-0.257194,-0.205387,0.021571),(-0.178961,-0.277797,0.015984),(-0.32821,0.0,0.020764),(-0.230815,-0.235567,0.010837),(-0.293044,-0.14675,0.006564),(-0.310302,-0.112065,0.019388),(-0.305974,-0.116358,0.024605),(-0.12296,-0.305567,0.009636),(0.104367,-0.307128,0.027585),(-0.012366,-0.329142,0.021014),(-0.002098,-0.330452,0.015782),(0.113351,-0.310293,0.013424),(-0.08635,-0.31458,0.004697),(0.116261,-0.3055,0.025204),(0.179514,-0.274114,0.024175),(0.153182,-0.29151,0.021181),(0.202726,-0.26093,0.016407),(0.235923,-0.227,0.024545),(0.289866,-0.151001,0.025247),(0.267998,-0.190527,0.022242),(0.269711,-0.190619,0.017755),(0.314941,-0.099933,0.016566),(0.32821,0.0,0.009874),(0.304029,-0.12294,0.006876),(0.32821,0.0,0.020764),(0.203947,-0.259249,0.011025),(0.120444,-0.305947,0.008356),(-0.221906,-0.235014,0.02838),(-0.260644,-0.195714,0.02622),(-0.221906,-0.235014,0.002258),(-0.300785,-0.135893,0.0118),(-0.32821,0.0,0.009874),(0.2606,-0.195768,0.004416),(0.256843,-0.205088,0.008118),(-0.260191,-0.196017,0.004242),(0.322655,-0.07011,0.012389),(0.116447,-0.304461,0.004445),(0.026585,-0.326413,0.006225),(0.313464,-0.078108,0.00215),(-0.313464,-0.078108,0.028488),(-0.313464,-0.078108,0.00215),(0.151803,-0.293262,0.018049),(0.103219,-0.313895,0.016365),(0.055231,-0.325793,0.014459),(0.005338,-0.330263,0.01311),(-0.091644,-0.317434,0.013875),(0.298843,-0.128603,0.003847),(-0.298849,-0.128553,0.003834),(-0.318651,-0.073633,0.005645),(-0.315718,-0.092594,0.008797),(-0.329338,0.0,0.012597),(-0.3221,-0.073587,0.013889),(-0.299722,-0.139192,0.01529),(-0.329338,0.0,0.018041),(0.199244,-0.263006,0.019253),(-0.196046,-0.253237,0.029819),(-0.196046,-0.253237,0.000819),(0.081293,-0.311476,0.001523),(0.034151,-0.318186,0.000736),(0.125329,-0.298443,0.002561),(-0.251313,-0.210771,0.006957),(-0.278961,-0.17485,0.009273),(-0.269004,-0.191322,0.011993),(-0.234735,-0.232521,0.013938),(-0.097355,-0.305098,0.000819),(-0.059982,-0.317753,0.002347),(0.319904,-0.071382,0.024022),(0.318974,-0.064735,0.003971),(0.327083,0.0,0.007152),(0.322493,-0.06347,0.00812),(0.305494,-0.123583,0.010071),(-0.211218,-0.251915,0.008249),(-0.179155,-0.276781,0.010534),(0.155367,-0.277656,0.000235),(0.197912,-0.2515,0.000742),(-0.31856,-0.087653,0.016754),(-0.051963,-0.324303,0.007684),(-0.327083,0.0,0.007152),(-0.170371,-0.276605,0.003439),(-0.145305,-0.292765,0.005395),(-0.298952,-0.127681,0.027021),(-0.318775,-0.067667,0.026286),(-0.327083,0.0,0.023486),(-0.321554,-0.068077,0.022514),(-0.302455,-0.129226,0.022076),(-0.023654,-0.324603,0.00396),(-0.117609,-0.301977,0.002826),(0.279273,-0.156358,0.000753),(0.317788,0.0,0.001047),(-0.279273,-0.156358,0.029885),(-0.317788,0.0,0.029591),(-0.278626,-0.153189,0.000194),(-0.317788,0.0,0.001047),(0.148382,-0.280999,0.03048),(0.323089,0.0,0.027396),(0.280654,-0.161237,0.028089),(-0.145799,-0.293325,0.02432),(-0.221353,-0.244822,0.018861),(-0.010789,-0.327779,0.023744),(0.248815,-0.217469,0.014783),(0.284238,-0.168571,0.015199),(0.305668,-0.125284,0.013408),(0.209987,-0.255062,0.013696),(0.323094,-0.066463,0.019598),(0.329338,0.0,0.018041),(0.181594,-0.274059,0.008279),(0.075827,-0.320918,0.010693),(-0.177672,-0.272068,0.027134),(-0.276598,-0.175924,0.023973),(0.329338,0.0,0.012597),(0.323233,0.0,0.003302),(-0.323233,0.0,0.027336),(-0.323233,0.0,0.003302),(-0.063232,-0.323727,0.010989),(0.327083,0.0,0.023486),(-0.152309,-0.293112,0.013221)),$);
#131= IFCTRIANGULATEDFACESET(#130,$,$,((25,70,79),(108,141,140),(22,23,71),(172,55,171),(87,62,48),(24,77,23),(73,53,71),(16,186,65),(69,191,27),(88,60,84),(70,191,54),(36,188,66),(3,67,2),(28,69,27),(70,25,26),(47,183,163),(162,52,76),(12,171,11),(87,55,172),(185,15,65),(78,123,131),(16,65,15),(48,62,185),(180,181,179),(64,127,50),(85,86,69),(179,181,104),(156,72,155),(76,6,7),(15,185,14),(13,14,62),(26,191,70),(83,29,30),(118,119,74),(171,55,72),(133,120,207),(133,207,19),(28,29,85),(88,51,89),(75,31,32),(190,2,67),(34,63,33),(33,63,153),(48,65,136),(34,35,187),(49,66,137),(68,21,22),(51,153,125),(42,157,87),(36,66,35),(132,158,102),(79,80,59),(49,63,187),(62,172,13),(187,35,66),(192,53,73),(192,73,20),(127,132,50),(96,97,90),(10,72,156),(45,80,81),(189,50,67),(6,154,5),(107,90,108),(8,9,61),(94,196,46),(85,29,83),(64,4,5),(93,94,46),(138,58,67),(189,67,3),(119,202,201),(176,177,44),(4,64,189),(10,11,72),(84,60,83),(86,106,54),(164,73,116),(31,75,84),(8,61,162),(125,63,49),(153,51,75),(154,6,76),(64,154,127),(187,63,34),(136,65,56),(4,189,3),(137,66,57),(138,67,50),(190,1,2),(23,77,71),(53,68,71),(60,86,85),(45,193,80),(79,59,77),(22,71,68),(71,59,73),(155,72,55),(156,9,10),(59,193,73),(115,116,45),(81,112,115),(113,139,152),(32,33,153),(51,88,84),(7,8,162),(154,76,52),(24,25,79),(71,77,59),(118,117,82),(87,130,42),(79,77,24),(79,70,80),(70,54,80),(81,80,54),(46,111,106),(115,45,81),(111,81,106),(139,113,41),(30,31,84),(85,83,60),(84,83,30),(51,84,75),(60,93,86),(28,85,69),(106,86,46),(54,69,86),(130,87,48),(157,42,134),(125,205,51),(93,60,88),(96,194,97),(89,94,93),(98,195,97),(92,174,135),(128,149,147),(90,97,99),(211,143,105),(124,134,42),(89,93,88),(86,93,46),(89,96,94),(107,95,196),(96,107,196),(82,112,113),(194,96,89),(96,90,107),(98,97,43),(97,195,99),(205,126,43),(103,91,98),(160,161,91),(169,170,101),(102,158,159),(128,160,150),(101,158,169),(160,128,159),(146,138,145),(182,104,181),(39,149,173),(206,43,126),(137,178,49),(127,176,44),(211,142,143),(111,46,95),(54,106,81),(143,90,99),(41,95,107),(140,141,109),(41,107,108),(42,203,124),(78,197,200),(162,163,184),(163,183,110),(113,95,41),(112,81,111),(111,95,113),(112,82,115),(111,113,112),(139,109,114),(200,109,123),(117,118,74),(82,117,115),(116,73,193),(117,116,115),(164,116,74),(82,152,118),(116,117,74),(114,197,118),(168,167,133),(198,118,197),(119,201,74),(18,166,165),(119,133,19),(130,48,144),(124,123,109),(164,122,212),(164,212,20),(131,42,130),(109,204,124),(134,135,47),(126,125,49),(205,43,194),(178,126,49),(126,178,206),(176,127,52),(145,138,50),(128,150,149),(102,147,146),(144,48,136),(174,211,105),(131,130,121),(131,121,168),(203,131,123),(127,44,132),(158,132,44),(199,119,198),(167,168,121),(124,204,135),(47,155,157),(124,135,134),(211,174,92),(165,208,18),(165,121,144),(179,209,38),(178,179,104),(50,132,145),(138,40,210),(138,210,58),(140,139,41),(152,139,114),(108,140,41),(109,139,140),(108,142,141),(141,142,204),(142,108,143),(204,142,92),(90,143,108),(213,143,99),(165,144,136),(121,130,144),(132,102,145),(145,102,146),(102,159,147),(147,175,146),(148,147,149),(184,176,52),(148,149,39),(147,148,129),(147,129,175),(150,173,149),(91,103,150),(103,100,151),(173,150,103),(118,152,114),(113,152,82),(153,75,32),(125,153,63),(127,154,52),(5,154,64),(157,155,55),(156,47,61),(47,156,155),(9,156,61),(87,157,55),(47,157,134),(169,158,44),(101,160,159),(101,159,158),(147,159,128),(161,160,101),(150,160,91),(170,161,101),(195,161,99),(162,76,7),(163,162,61),(47,163,61),(177,184,110),(164,74,201),(73,164,20),(165,136,208),(121,165,167),(166,167,165),(120,133,167),(166,120,167),(199,168,133),(131,168,78),(177,169,44),(170,169,105),(213,105,143),(170,213,161),(11,171,72),(171,12,13),(13,172,171),(87,172,62),(103,151,173),(39,173,151),(177,174,105),(183,174,110),(175,40,146),(176,184,177),(174,177,110),(169,177,105),(209,179,137),(178,104,206),(137,179,178),(179,38,180),(180,100,181),(100,103,181),(182,181,103),(103,98,182),(206,182,98),(47,135,183),(174,183,135),(162,184,52),(110,184,163),(185,62,14),(65,48,185),(186,16,17),(186,56,65),(66,49,187),(188,36,37),(188,57,66),(50,189,64),(67,58,190),(27,191,26),(54,191,69),(80,193,59),(116,193,45),(205,194,89),(97,194,43),(98,91,195),(195,91,161),(46,196,95),(96,196,94),(200,197,114),(198,197,78),(199,198,78),(119,118,198),(168,199,78),(119,199,133),(109,200,114),(78,200,123),(131,203,42),(164,201,122),(202,119,19),(202,122,201),(123,124,203),(141,204,109),(135,204,92),(51,205,89),(126,205,125),(182,206,104),(43,206,98),(136,56,208),(137,57,209),(40,138,146),(142,211,92),(161,213,99),(105,213,170)),$);
#132= IFCSTYLEDITEM(#131,(#121),'\X2\0110\X0\\X2\00E8\X0\n chi\X2\1EBF\X0\u s\X2\00E1\X0\ng');
#133= IFCCARTESIANPOINTLIST3D(((0.0,0.0,-0.000081),(-0.315066,0.0,-0.000081),(-0.309012,0.061466,-0.000081),(-0.291083,0.12057,-0.000081),(-0.261968,0.175041,-0.000081),(-0.222785,0.222785,-0.000081),(-0.175041,0.261968,-0.000081),(-0.12057,0.291083,-0.000081),(-0.061466,0.309012,-0.000081),(0.0,0.315066,-0.000081),(0.061466,0.309012,-0.000081),(0.12057,0.291083,-0.000081),(0.175041,0.261968,-0.000081),(0.222785,0.222785,-0.000081),(0.261968,0.175041,-0.000081),(0.291083,0.12057,-0.000081),(0.309012,0.061466,-0.000081),(0.315066,0.0,-0.000081)),$);
#134= IFCTRIANGULATEDFACESET(#133,$,$,((17,18,1),(1,15,16),(1,16,17),(14,15,1),(14,1,13),(12,13,1),(12,1,11),(10,11,1),(10,1,9),(4,5,1),(4,1,3),(1,5,6),(1,6,7),(1,7,8),(1,8,9),(1,2,3)),$);
#135= IFCSTYLEDITEM(#134,(#121),'\X2\0110\X0\\X2\00E8\X0\n chi\X2\1EBF\X0\u s\X2\00E1\X0\ng');
#136= IFCCARTESIANPOINTLIST3D(((0.0,0.0,-0.000081),(0.315066,0.0,-0.000081),(0.309012,-0.061466,-0.000081),(0.291083,-0.12057,-0.000081),(0.261968,-0.175041,-0.000081),(0.222785,-0.222785,-0.000081),(0.175041,-0.261968,-0.000081),(0.12057,-0.291083,-0.000081),(0.061466,-0.309012,-0.000081),(0.0,-0.315066,-0.000081),(-0.061466,-0.309012,-0.000081),(-0.12057,-0.291083,-0.000081),(-0.175041,-0.261968,-0.000081),(-0.222785,-0.222785,-0.000081),(-0.261968,-0.175041,-0.000081),(-0.291083,-0.12057,-0.000081),(-0.309012,-0.061466,-0.000081),(-0.315066,0.0,-0.000081)),$);
#137= IFCTRIANGULATEDFACESET(#136,$,$,((1,6,7),(1,7,8),(1,8,9),(1,9,10),(3,4,1),(3,1,2),(5,6,1),(5,1,4),(1,11,12),(1,12,13),(14,1,13),(15,16,1),(15,1,14),(17,18,1),(17,1,16),(11,1,10)),$);
#138= IFCSTYLEDITEM(#137,(#121),'\X2\0110\X0\\X2\00E8\X0\n chi\X2\1EBF\X0\u s\X2\00E1\X0\ng');
#139= IFCCARTESIANPOINTLIST3D(((0.285074,0.0,0.061519),(0.278844,0.05927,0.061519),(0.260428,0.11595,0.061519),(0.23063,0.167562,0.061519),(0.190752,0.211851,0.061519),(0.142537,0.246881,0.061519),(0.088093,0.271121,0.061519),(0.029798,0.283512,0.061519),(-0.029798,0.283512,0.061519),(-0.088093,0.271121,0.061519),(-0.142537,0.246881,0.061519),(-0.190752,0.211851,0.061519),(-0.23063,0.167562,0.061519),(-0.260428,0.11595,0.061519),(-0.278844,0.05927,0.061519),(-0.285074,0.0,0.061519),(0.0,0.0,0.061519)),$);
#140= IFCTRIANGULATEDFACESET(#139,$,$,((17,3,4),(17,4,5),(2,3,17),(2,17,1),(17,5,6),(17,6,7),(17,7,8),(17,8,9),(17,13,14),(17,14,15),(17,15,16),(17,9,10),(17,10,11),(17,11,12),(17,12,13)),$);
#141= IFCSTYLEDITEM(#140,(#121),'\X2\0110\X0\\X2\00E8\X0\n chi\X2\1EBF\X0\u s\X2\00E1\X0\ng');
#142= IFCCARTESIANPOINTLIST3D(((-0.285074,0.0,0.061519),(-0.278844,-0.05927,0.061519),(-0.260428,-0.11595,0.061519),(-0.23063,-0.167562,0.061519),(-0.190752,-0.211851,0.061519),(-0.142537,-0.246881,0.061519),(-0.088093,-0.271121,0.061519),(-0.029798,-0.283512,0.061519),(0.029798,-0.283512,0.061519),(0.088093,-0.271121,0.061519),(0.142537,-0.246881,0.061519),(0.190752,-0.211851,0.061519),(0.23063,-0.167562,0.061519),(0.260428,-0.11595,0.061519),(0.278844,-0.05927,0.061519),(0.285074,0.0,0.061519),(0.0,0.0,0.061519)),$);
#143= IFCTRIANGULATEDFACESET(#142,$,$,((12,13,17),(12,17,11),(10,11,17),(10,17,9),(14,15,17),(14,17,13),(17,15,16),(7,8,17),(7,17,6),(5,6,17),(5,17,4),(3,4,17),(3,17,2),(17,1,2),(9,17,8)),$);
#144= IFCSTYLEDITEM(#143,(#121),'\X2\0110\X0\\X2\00E8\X0\n chi\X2\1EBF\X0\u s\X2\00E1\X0\ng');
#145= IFCCARTESIANPOINTLIST3D(((0.285074,0.0,0.030719),(0.278844,0.05927,0.030719),(0.260428,0.11595,0.030719),(0.23063,0.167562,0.030719),(0.190752,0.211851,0.030719),(0.142537,0.246881,0.030719),(0.088093,0.271121,0.030719),(0.029798,0.283512,0.030719),(-0.029798,0.283512,0.030719),(-0.088093,0.271121,0.030719),(-0.142537,0.246881,0.030719),(-0.190752,0.211851,0.030719),(-0.23063,0.167562,0.030719),(-0.260428,0.11595,0.030719),(-0.278844,0.05927,0.030719),(-0.285074,0.0,0.030719),(-0.295963,0.0,0.035229),(-0.300474,0.0,0.046119),(-0.295963,0.0,0.057008),(-0.285074,0.0,0.061519),(-0.278844,0.05927,0.061519),(-0.260428,0.11595,0.061519),(-0.23063,0.167562,0.061519),(-0.190752,0.211851,0.061519),(-0.142537,0.246881,0.061519),(-0.088093,0.271121,0.061519),(-0.029798,0.283512,0.061519),(0.029798,0.283512,0.061519),(0.088093,0.271121,0.061519),(0.142537,0.246881,0.061519),(0.190752,0.211851,0.061519),(0.23063,0.167562,0.061519),(0.260428,0.11595,0.061519),(0.278844,0.05927,0.061519),(0.285074,0.0,0.061519),(0.295963,0.0,0.057008),(0.300474,0.0,0.046119),(0.295963,0.0,0.035229),(-0.059303,0.294283,0.049016),(0.168286,0.245628,0.037369),(0.168223,0.245114,0.055499),(-0.116021,0.273429,0.036407),(-0.213283,0.20463,0.057385),(0.0,0.294351,0.058411),(-0.249229,0.155131,0.033271),(0.249124,0.154707,0.03307),(0.059127,0.28723,0.03307),(0.249032,0.154329,0.059337),(-0.290742,0.0,0.059171),(-0.11578,0.267646,0.032177),(0.11578,0.267632,0.060066),(-0.11578,0.267632,0.060066),(0.16761,0.238179,0.032009),(-0.290742,0.0,0.033067),(0.290742,0.0,0.059171),(0.290742,0.0,0.033067),(-0.248403,0.151575,0.060334),(0.0,0.289854,0.060758),(-0.212267,0.197415,0.031488),(-0.273445,0.096219,0.031488),(0.0,0.289719,0.031436),(0.273364,0.095965,0.031436),(0.212227,0.197016,0.060845),(0.273293,0.095743,0.060845),(-0.167507,0.235412,0.06103),(0.115777,0.264539,0.031168),(0.212127,0.195926,0.031168),(-0.272832,0.094266,0.061096),(-0.115788,0.263978,0.031051),(0.115788,0.26397,0.061188),(-0.28074,0.08271,0.059515),(-0.265803,0.137739,0.040398),(0.187155,0.226371,0.058863),(-0.036171,0.291609,0.03346),(0.031697,0.29673,0.038431),(0.130431,0.270683,0.046509),(-0.274457,0.114118,0.055565),(-0.208654,0.215554,0.04991),(-0.182249,0.229019,0.059507),(-0.123522,0.269266,0.056718),(-0.298219,0.0,0.051563),(-0.278662,0.111674,0.048977),(-0.185386,0.228183,0.033569),(-0.227669,0.191161,0.036729),(-0.173997,0.244494,0.042688),(-0.278872,0.10139,0.036056),(-0.298219,0.0,0.040674),(0.266879,0.133549,0.053788),(-0.163439,0.239518,0.031517),(-0.063916,0.282836,0.031517),(0.16365,0.239362,0.060724),(0.063986,0.28281,0.060724),(0.059835,0.286908,0.059274),(0.073481,0.287838,0.055776),(0.119818,0.269498,0.057949),(-0.03195,0.296326,0.054423),(0.050493,0.295496,0.050693),(0.024255,0.299458,0.045074),(-0.078619,0.289795,0.04362),(0.230481,0.186222,0.056649),(0.273391,0.112915,0.057177),(0.218801,0.203461,0.053137),(0.259762,0.151024,0.046083),(0.15005,0.259308,0.051254),(0.205148,0.21939,0.047962),(0.20774,0.216366,0.042137),(0.298219,0.0,0.040674),(0.272055,0.121536,0.037699),(0.252345,0.162105,0.050189),(0.298219,0.0,0.051563),(0.289881,0.078118,0.048892),(0.291107,0.062193,0.054969),(0.283863,0.074888,0.033278),(-0.255679,0.145942,0.058374),(-0.140278,0.265687,0.047054),(-0.134522,0.267328,0.052095),(0.12543,0.272229,0.041408),(0.290098,0.077981,0.044578),(0.265664,0.138987,0.041693),(0.2361,0.183079,0.03907),(0.239276,0.17489,0.035659),(0.201029,0.214858,0.033743),(0.132988,0.262721,0.033912),(0.074425,0.286865,0.035644),(0.000639,0.296354,0.035635),(-0.050024,0.294105,0.038278),(-0.120179,0.274018,0.040017),(-0.012117,0.299529,0.041529),(-0.184884,0.234609,0.038949),(-0.225266,0.197681,0.041312),(-0.259086,0.152084,0.044895),(-0.291424,0.072079,0.043258),(-0.216956,0.207795,0.044765),(0.058439,0.294142,0.041924),(-0.17811,0.237248,0.035979),(0.100648,0.280873,0.038334),(-0.198106,0.223021,0.054003),(-0.25067,0.163094,0.052571),(0.083849,0.28847,0.044704),(0.060597,0.294224,0.047628),(-0.000845,0.300359,0.047988),(-0.012204,0.299396,0.051105),(-0.073222,0.290149,0.052145),(0.104728,0.281205,0.049606),(0.098031,0.282448,0.052743),(-0.04634,0.296879,0.046099),(0.040604,0.295779,0.053568),(0.015857,0.296615,0.055815),(-0.038111,0.293676,0.05683),(-0.066752,0.285977,0.0589),(-0.090705,0.283681,0.054748),(-0.142508,0.261624,0.054614),(-0.173707,0.240277,0.056453),(-0.058313,0.284961,0.060388),(-0.101654,0.269915,0.06115),(0.279454,0.087899,0.059351),(0.289651,0.075298,0.04017),(0.297091,0.0,0.037952),(0.290443,0.062208,0.036412),(0.272683,0.114577,0.035046),(-0.061651,0.289611,0.035369),(-0.113176,0.271949,0.033987),(-0.28273,0.097583,0.052486),(-0.297091,0.0,0.054286),(-0.291906,0.054901,0.055833),(-0.293353,0.0,0.058089),(-0.281874,0.087865,0.057677),(-0.294767,0.055242,0.050288),(-0.293994,0.061937,0.047029),(-0.299346,0.0,0.048841),(0.289778,0.055508,0.057854),(0.293353,0.0,0.058089),(-0.282912,0.078447,0.033286),(0.287534,0.082923,0.052129),(-0.246868,0.148172,0.061253),(-0.21436,0.194637,0.060857),(0.112934,0.269108,0.032287),(0.062233,0.283454,0.031599),(-0.119118,0.268879,0.058608),(-0.248325,0.151207,0.031798),(-0.247494,0.146806,0.030955),(-0.287908,0.0,0.031893),(0.287908,0.0,0.031893),(0.248151,0.150368,0.060657),(0.287908,0.0,0.060345),(0.167491,0.234121,0.030974),(0.246366,0.153548,0.031632),(0.21448,0.197711,0.032219),(-0.287908,0.0,0.060345),(-0.29002,0.071512,0.038957),(-0.297091,0.0,0.037952),(0.196699,0.226172,0.050814),(0.224716,0.199414,0.045073),(0.177089,0.242662,0.044705),(0.299346,0.0,0.048841),(0.297091,0.0,0.054286),(0.293353,0.0,0.034148),(-0.225372,0.187364,0.059272),(-0.247164,0.163931,0.056347),(-0.131452,0.270055,0.044157),(0.299346,0.0,0.043396),(-0.067844,0.291747,0.040814),(-0.247197,0.170565,0.048211),(-0.299346,0.0,0.043396),(-0.293353,0.0,0.034148)),$);
#146= IFCTRIANGULATEDFACESET(#145,$,$,((23,175,22),(86,191,190),(175,57,68),(83,59,45),(59,89,12),(62,183,2),(155,27,58),(56,62,113),(21,68,189),(33,34,64),(29,70,92),(154,155,58),(65,24,25),(22,68,21),(44,150,154),(25,155,65),(100,101,88),(15,60,14),(61,8,9),(45,59,180),(86,173,17),(79,179,153),(129,130,85),(176,24,65),(194,117,76),(69,10,11),(73,100,41),(60,180,181),(86,84,45),(181,13,14),(137,138,199),(124,40,123),(122,121,46),(108,121,120),(165,167,77),(89,50,69),(93,58,92),(34,185,64),(31,32,63),(5,67,4),(15,182,60),(28,58,27),(51,91,73),(125,75,124),(48,63,184),(119,120,106),(150,44,149),(101,156,171),(79,198,176),(184,33,64),(53,123,122),(76,104,105),(67,186,53),(9,10,90),(59,12,13),(186,6,66),(66,6,7),(33,184,32),(8,61,178),(26,155,25),(63,91,31),(5,186,67),(89,83,50),(114,71,57),(62,2,3),(94,44,93),(61,74,47),(187,3,4),(177,178,47),(92,28,29),(58,93,44),(29,30,70),(67,187,4),(21,189,20),(62,56,183),(45,173,86),(90,10,69),(61,90,74),(113,62,46),(183,1,2),(73,63,48),(91,51,70),(6,186,5),(48,156,101),(79,65,52),(176,57,175),(7,8,178),(53,177,123),(188,53,122),(62,187,46),(71,68,57),(71,49,68),(11,12,89),(90,69,50),(30,31,91),(92,70,51),(57,198,114),(166,71,167),(138,163,77),(45,84,83),(100,73,48),(95,41,94),(42,161,162),(125,161,126),(127,202,126),(97,141,142),(141,97,140),(41,100,102),(80,151,152),(199,77,114),(39,141,146),(169,131,132),(79,52,179),(43,114,198),(148,94,147),(116,39,115),(163,168,81),(163,81,164),(130,133,85),(60,173,45),(83,135,162),(133,130,131),(84,129,135),(115,39,146),(129,85,127),(86,190,72),(72,84,86),(111,103,109),(18,169,132),(109,102,88),(89,69,11),(83,89,59),(74,90,50),(9,90,61),(91,70,30),(73,91,63),(92,51,93),(28,92,58),(93,95,94),(51,95,93),(144,145,104),(148,149,44),(51,73,95),(41,95,73),(147,94,145),(96,142,143),(145,41,104),(76,139,140),(139,117,134),(200,85,115),(75,126,128),(126,75,125),(101,100,48),(102,100,88),(184,156,48),(101,171,112),(174,88,112),(104,41,102),(158,159,157),(194,105,193),(109,105,192),(76,140,144),(192,105,104),(193,105,103),(201,157,118),(106,40,117),(159,108,157),(111,118,103),(118,119,103),(101,112,88),(105,109,103),(174,109,88),(111,37,118),(111,110,195),(111,195,37),(112,36,196),(112,196,110),(38,113,159),(46,121,160),(113,38,197),(113,197,56),(199,114,43),(167,165,19),(133,115,85),(116,115,78),(137,116,78),(143,151,96),(75,136,124),(75,128,134),(157,201,107),(157,107,158),(119,157,108),(120,119,108),(193,119,106),(159,160,108),(40,106,120),(188,46,187),(40,120,121),(66,177,53),(40,121,122),(124,123,47),(40,122,123),(125,47,74),(134,136,75),(47,125,124),(161,125,74),(127,126,42),(99,146,128),(83,84,135),(127,85,200),(128,126,202),(134,128,98),(42,129,127),(130,84,72),(84,130,129),(130,72,131),(132,131,72),(203,131,82),(132,72,190),(60,54,173),(203,133,131),(115,133,78),(139,134,98),(134,117,136),(129,42,135),(162,135,42),(117,40,136),(40,124,136),(137,78,138),(152,153,80),(203,138,78),(163,138,82),(140,139,98),(117,139,76),(141,140,98),(140,97,144),(98,128,146),(141,39,142),(143,142,39),(147,142,96),(39,116,143),(116,152,151),(145,144,97),(76,144,104),(147,145,97),(41,145,94),(98,146,141),(115,146,99),(142,147,97),(148,147,96),(149,148,96),(44,94,148),(151,149,96),(150,179,52),(80,150,149),(154,150,52),(116,151,143),(149,151,80),(116,137,152),(153,137,43),(137,153,152),(79,153,43),(155,154,52),(44,154,58),(65,155,52),(27,155,26),(64,55,156),(156,172,171),(118,157,119),(158,38,159),(176,198,57),(160,159,113),(46,160,113),(121,108,160),(162,74,50),(126,161,42),(74,162,161),(83,162,50),(168,163,82),(165,163,164),(166,167,19),(19,165,164),(163,165,77),(71,166,49),(114,77,167),(114,167,71),(169,168,82),(169,170,168),(131,169,82),(132,87,204),(132,204,18),(170,169,18),(170,81,168),(112,171,36),(172,156,55),(172,36,171),(205,17,173),(205,173,54),(110,174,112),(109,174,111),(22,175,68),(23,24,176),(176,175,23),(79,176,65),(178,177,66),(47,123,177),(178,66,7),(47,178,61),(150,80,179),(179,80,153),(59,13,181),(60,45,180),(60,181,14),(59,181,180),(182,15,16),(182,54,60),(184,63,32),(156,184,64),(185,34,35),(185,55,64),(53,186,66),(3,187,62),(188,187,67),(53,188,67),(46,188,122),(68,49,189),(104,102,192),(132,190,87),(191,86,17),(191,87,190),(109,192,102),(119,193,103),(194,193,106),(117,194,106),(105,194,76),(110,111,174),(43,198,79),(137,199,43),(138,77,199),(115,99,200),(127,200,99),(118,37,201),(127,99,202),(128,202,99),(138,203,82),(133,203,78)),$);
#147= IFCSTYLEDITEM(#146,(#121),'\X2\0110\X0\\X2\00E8\X0\n chi\X2\1EBF\X0\u s\X2\00E1\X0\ng');
#148= IFCCARTESIANPOINTLIST3D(((-0.285074,0.0,0.030719),(-0.278844,-0.05927,0.030719),(-0.260428,-0.11595,0.030719),(-0.23063,-0.167562,0.030719),(-0.190752,-0.211851,0.030719),(-0.142537,-0.246881,0.030719),(-0.088093,-0.271121,0.030719),(-0.029798,-0.283512,0.030719),(0.029798,-0.283512,0.030719),(0.088093,-0.271121,0.030719),(0.142537,-0.246881,0.030719),(0.190752,-0.211851,0.030719),(0.23063,-0.167562,0.030719),(0.260428,-0.11595,0.030719),(0.278844,-0.05927,0.030719),(0.285074,0.0,0.030719),(0.295963,0.0,0.035229),(0.300474,0.0,0.046119),(0.295963,0.0,0.057008),(0.285074,0.0,0.061519),(0.278844,-0.05927,0.061519),(0.260428,-0.11595,0.061519),(0.23063,-0.167562,0.061519),(0.190752,-0.211851,0.061519),(0.142537,-0.246881,0.061519),(0.088093,-0.271121,0.061519),(0.029798,-0.283512,0.061519),(-0.029798,-0.283512,0.061519),(-0.088093,-0.271121,0.061519),(-0.142537,-0.246881,0.061519),(-0.190752,-0.211851,0.061519),(-0.23063,-0.167562,0.061519),(-0.260428,-0.11595,0.061519),(-0.278844,-0.05927,0.061519),(-0.285074,0.0,0.061519),(-0.295963,0.0,0.057008),(-0.300474,0.0,0.046119),(-0.295963,0.0,0.035229),(0.059303,-0.294283,0.049016),(-0.168286,-0.245628,0.037369),(-0.168223,-0.245114,0.055499),(0.116021,-0.273429,0.036407),(0.213283,-0.20463,0.057385),(0.0,-0.294351,0.058411),(0.249229,-0.155131,0.033271),(-0.249124,-0.154707,0.03307),(-0.059127,-0.28723,0.03307),(-0.249032,-0.154329,0.059337),(0.290742,0.0,0.059171),(0.11578,-0.267646,0.032177),(-0.11578,-0.267632,0.060066),(0.11578,-0.267632,0.060066),(-0.16761,-0.238179,0.032009),(0.290742,0.0,0.033067),(-0.290742,0.0,0.059171),(-0.290742,0.0,0.033067),(0.248403,-0.151575,0.060334),(0.0,-0.289854,0.060758),(0.212267,-0.197415,0.031488),(0.273445,-0.096219,0.031488),(0.0,-0.289719,0.031436),(-0.273364,-0.095965,0.031436),(-0.212227,-0.197016,0.060845),(-0.273293,-0.095743,0.060845),(0.167507,-0.235412,0.06103),(-0.115777,-0.264539,0.031168),(-0.212127,-0.195926,0.031168),(0.272832,-0.094266,0.061096),(0.115788,-0.263978,0.031051),(-0.115788,-0.26397,0.061188),(0.28074,-0.08271,0.059515),(0.265803,-0.137739,0.040398),(-0.187155,-0.226371,0.058863),(0.036171,-0.291609,0.03346),(-0.031697,-0.29673,0.038431),(-0.130431,-0.270683,0.046509),(0.274457,-0.114118,0.055565),(0.208654,-0.215554,0.04991),(0.182249,-0.229019,0.059507),(0.123522,-0.269266,0.056718),(0.298219,0.0,0.051563),(0.278662,-0.111674,0.048977),(0.185386,-0.228183,0.033569),(0.227669,-0.191161,0.036729),(0.173997,-0.244494,0.042688),(0.278872,-0.10139,0.036056),(0.298219,0.0,0.040674),(-0.266879,-0.133549,0.053788),(0.163439,-0.239518,0.031517),(0.063916,-0.282836,0.031517),(-0.16365,-0.239362,0.060724),(-0.063986,-0.28281,0.060724),(-0.059835,-0.286908,0.059274),(-0.073481,-0.287838,0.055776),(-0.119818,-0.269498,0.057949),(0.03195,-0.296326,0.054423),(-0.050493,-0.295496,0.050693),(-0.024255,-0.299458,0.045074),(0.078619,-0.289795,0.04362),(-0.230481,-0.186222,0.056649),(-0.273391,-0.112915,0.057177),(-0.218801,-0.203461,0.053137),(-0.259762,-0.151024,0.046083),(-0.15005,-0.259308,0.051254),(-0.205148,-0.21939,0.047962),(-0.20774,-0.216366,0.042137),(-0.298219,0.0,0.040674),(-0.272055,-0.121536,0.037699),(-0.252345,-0.162105,0.050189),(-0.298219,0.0,0.051563),(-0.289881,-0.078118,0.048892),(-0.291107,-0.062193,0.054969),(-0.283863,-0.074888,0.033278),(0.255679,-0.145942,0.058374),(0.140278,-0.265687,0.047054),(0.134522,-0.267328,0.052095),(-0.12543,-0.272229,0.041408),(-0.290098,-0.077981,0.044578),(-0.265664,-0.138987,0.041693),(-0.2361,-0.183079,0.03907),(-0.239276,-0.17489,0.035659),(-0.201029,-0.214858,0.033743),(-0.132988,-0.262721,0.033912),(-0.074425,-0.286865,0.035644),(-0.000639,-0.296354,0.035635),(0.050024,-0.294105,0.038278),(0.120179,-0.274018,0.040017),(0.012117,-0.299529,0.041529),(0.184884,-0.234609,0.038949),(0.225266,-0.197681,0.041312),(0.259086,-0.152084,0.044895),(0.291424,-0.072079,0.043258),(0.216956,-0.207795,0.044765),(-0.058439,-0.294142,0.041924),(0.17811,-0.237248,0.035979),(-0.100648,-0.280873,0.038334),(0.198106,-0.223021,0.054003),(0.25067,-0.163094,0.052571),(-0.083849,-0.28847,0.044704),(-0.060597,-0.294224,0.047628),(0.000845,-0.300359,0.047988),(0.012204,-0.299396,0.051105),(0.073222,-0.290149,0.052145),(-0.104728,-0.281205,0.049606),(-0.098031,-0.282448,0.052743),(0.04634,-0.296879,0.046099),(-0.040604,-0.295779,0.053568),(-0.015857,-0.296615,0.055815),(0.038111,-0.293676,0.05683),(0.066752,-0.285977,0.0589),(0.090705,-0.283681,0.054748),(0.142508,-0.261624,0.054614),(0.173707,-0.240277,0.056453),(0.058313,-0.284961,0.060388),(0.101654,-0.269915,0.06115),(-0.279454,-0.087899,0.059351),(-0.289651,-0.075298,0.04017),(-0.297091,0.0,0.037952),(-0.290443,-0.062208,0.036412),(-0.272683,-0.114577,0.035046),(0.061651,-0.289611,0.035369),(0.113176,-0.271949,0.033987),(0.28273,-0.097583,0.052486),(0.297091,0.0,0.054286),(0.291906,-0.054901,0.055833),(0.293353,0.0,0.058089),(0.281874,-0.087865,0.057677),(0.294767,-0.055242,0.050288),(0.293994,-0.061937,0.047029),(0.299346,0.0,0.048841),(-0.289778,-0.055508,0.057854),(-0.293353,0.0,0.058089),(0.282912,-0.078447,0.033286),(-0.287534,-0.082923,0.052129),(0.246868,-0.148172,0.061253),(0.21436,-0.194637,0.060857),(-0.112934,-0.269108,0.032287),(-0.062233,-0.283454,0.031599),(0.119118,-0.268879,0.058608),(0.248325,-0.151207,0.031798),(0.247494,-0.146806,0.030955),(0.287908,0.0,0.031893),(-0.287908,0.0,0.031893),(-0.248151,-0.150368,0.060657),(-0.287908,0.0,0.060345),(-0.167491,-0.234121,0.030974),(-0.246366,-0.153548,0.031632),(-0.21448,-0.197711,0.032219),(0.287908,0.0,0.060345),(0.29002,-0.071512,0.038957),(0.297091,0.0,0.037952),(-0.196699,-0.226172,0.050814),(-0.224716,-0.199414,0.045073),(-0.177089,-0.242662,0.044705),(-0.299346,0.0,0.048841),(-0.297091,0.0,0.054286),(-0.293353,0.0,0.034148),(0.225372,-0.187364,0.059272),(0.247164,-0.163931,0.056347),(0.131452,-0.270055,0.044157),(-0.299346,0.0,0.043396),(0.067844,-0.291747,0.040814),(0.247197,-0.170565,0.048211),(0.299346,0.0,0.043396),(0.293353,0.0,0.034148)),$);
#149= IFCTRIANGULATEDFACESET(#148,$,$,((23,175,22),(79,179,153),(175,57,68),(83,59,45),(59,89,12),(89,83,50),(155,27,58),(22,68,21),(21,68,189),(62,183,2),(33,34,64),(154,155,58),(65,24,25),(29,70,92),(44,150,154),(25,155,65),(100,101,88),(15,60,14),(61,8,9),(45,59,180),(86,173,17),(119,120,106),(129,130,85),(176,24,65),(73,100,41),(69,10,11),(181,13,14),(60,180,181),(86,84,45),(137,138,199),(86,191,190),(124,40,123),(122,121,46),(194,117,76),(165,167,77),(89,50,69),(93,58,92),(67,187,4),(31,32,63),(15,182,60),(34,185,64),(28,58,27),(51,91,73),(53,123,122),(48,63,184),(125,75,124),(150,44,149),(101,156,171),(79,198,176),(184,33,64),(5,67,4),(76,104,105),(92,28,29),(9,10,90),(33,184,32),(186,6,66),(66,6,7),(67,186,53),(8,61,178),(59,12,13),(63,91,31),(5,186,67),(94,44,93),(114,71,57),(62,2,3),(26,155,25),(61,74,47),(187,3,4),(177,178,47),(108,121,120),(58,93,44),(29,30,70),(56,62,113),(21,189,20),(62,56,183),(45,173,86),(90,10,69),(61,90,74),(113,62,46),(183,1,2),(73,63,48),(91,51,70),(6,186,5),(48,156,101),(79,65,52),(176,57,175),(7,8,178),(53,177,123),(188,53,122),(62,187,46),(71,68,57),(71,49,68),(11,12,89),(90,69,50),(30,31,91),(92,70,51),(57,198,114),(166,71,167),(138,163,77),(45,84,83),(100,73,48),(95,41,94),(42,161,162),(125,161,126),(127,202,126),(97,141,142),(141,97,140),(41,100,102),(80,151,152),(199,77,114),(39,141,146),(169,131,132),(79,52,179),(43,114,198),(148,94,147),(116,39,115),(163,168,81),(163,81,164),(130,133,85),(60,173,45),(83,135,162),(133,130,131),(84,129,135),(115,39,146),(129,85,127),(86,190,72),(72,84,86),(111,103,109),(18,169,132),(109,102,88),(89,69,11),(83,89,59),(74,90,50),(9,90,61),(91,70,30),(73,91,63),(92,51,93),(28,92,58),(93,95,94),(51,95,93),(144,145,104),(148,149,44),(51,73,95),(41,95,73),(147,94,145),(96,142,143),(145,41,104),(76,139,140),(139,117,134),(200,85,115),(75,126,128),(126,75,125),(101,100,48),(102,100,88),(184,156,48),(101,171,112),(174,88,112),(104,41,102),(158,159,157),(194,105,193),(109,105,192),(76,140,144),(192,105,104),(193,105,103),(201,157,118),(106,40,117),(113,160,159),(111,118,103),(118,119,103),(101,112,88),(105,109,103),(174,109,88),(111,37,118),(111,110,195),(111,195,37),(112,36,196),(112,196,110),(38,113,159),(46,121,160),(113,38,197),(113,197,56),(199,114,43),(167,165,19),(133,115,85),(116,115,78),(137,116,78),(143,151,96),(75,136,124),(75,128,134),(157,201,107),(157,107,158),(119,157,108),(120,119,108),(193,119,106),(159,160,108),(40,106,120),(188,46,187),(40,120,121),(66,177,53),(40,121,122),(124,123,47),(40,122,123),(125,47,74),(134,136,75),(47,125,124),(161,125,74),(127,126,42),(99,146,128),(83,84,135),(127,85,200),(128,126,202),(134,128,98),(42,129,127),(130,84,72),(84,130,129),(130,72,131),(132,131,72),(203,131,82),(132,72,190),(60,54,173),(203,133,131),(115,133,78),(139,134,98),(134,117,136),(129,42,135),(162,135,42),(117,40,136),(40,124,136),(137,78,138),(152,153,80),(203,138,78),(163,138,82),(140,139,98),(117,139,76),(141,140,98),(140,97,144),(98,128,146),(141,39,142),(143,142,39),(147,142,96),(39,116,143),(116,152,151),(145,144,97),(76,144,104),(147,145,97),(41,145,94),(98,146,141),(115,146,99),(142,147,97),(148,147,96),(149,148,96),(44,94,148),(151,149,96),(150,179,52),(80,150,149),(154,150,52),(116,151,143),(149,151,80),(116,137,152),(153,137,43),(137,153,152),(79,153,43),(155,154,52),(44,154,58),(65,155,52),(27,155,26),(64,55,156),(156,172,171),(118,157,119),(159,158,38),(176,198,57),(157,159,108),(46,160,113),(121,108,160),(162,74,50),(126,161,42),(74,162,161),(83,162,50),(168,163,82),(165,163,164),(166,167,19),(19,165,164),(163,165,77),(71,166,49),(114,77,167),(114,167,71),(169,168,82),(169,170,168),(131,169,82),(132,87,204),(132,204,18),(170,169,18),(170,81,168),(112,171,36),(172,156,55),(172,36,171),(205,17,173),(205,173,54),(110,174,112),(109,174,111),(22,175,68),(23,24,176),(176,175,23),(79,176,65),(178,177,66),(47,123,177),(178,66,7),(47,178,61),(150,80,179),(179,80,153),(59,13,181),(60,45,180),(60,181,14),(59,181,180),(182,15,16),(182,54,60),(184,63,32),(156,184,64),(185,34,35),(185,55,64),(53,186,66),(3,187,62),(188,187,67),(53,188,67),(46,188,122),(68,49,189),(104,102,192),(132,190,87),(191,86,17),(191,87,190),(109,192,102),(119,193,103),(194,193,106),(117,194,106),(105,194,76),(110,111,174),(43,198,79),(137,199,43),(138,77,199),(115,99,200),(127,200,99),(118,37,201),(127,99,202),(128,202,99),(138,203,82),(133,203,78)),$);
#150= IFCSTYLEDITEM(#149,(#121),'\X2\0110\X0\\X2\00E8\X0\n chi\X2\1EBF\X0\u s\X2\00E1\X0\ng');
#151= IFCCARTESIANPOINTLIST3D(((0.0,0.0,0.030719),(-0.285074,0.0,0.030719),(-0.278844,0.05927,0.030719),(-0.260428,0.11595,0.030719),(-0.23063,0.167562,0.030719),(-0.190752,0.211851,0.030719),(-0.142537,0.246881,0.030719),(-0.088093,0.271121,0.030719),(-0.029798,0.283512,0.030719),(0.029798,0.283512,0.030719),(0.088093,0.271121,0.030719),(0.142537,0.246881,0.030719),(0.190752,0.211851,0.030719),(0.23063,0.167562,0.030719),(0.260428,0.11595,0.030719),(0.278844,0.05927,0.030719),(0.285074,0.0,0.030719)),$);
#152= IFCTRIANGULATEDFACESET(#151,$,$,((14,15,1),(14,1,13),(1,15,16),(1,16,17),(12,13,1),(12,1,11),(11,1,10),(4,5,1),(4,1,3),(2,3,1),(1,8,9),(1,9,10),(1,6,7),(1,7,8),(6,1,5)),$);
#153= IFCSTYLEDITEM(#152,(#121),'\X2\0110\X0\\X2\00E8\X0\n chi\X2\1EBF\X0\u s\X2\00E1\X0\ng');
#154= IFCCARTESIANPOINTLIST3D(((0.0,0.0,0.030719),(0.285074,0.0,0.030719),(0.278844,-0.05927,0.030719),(0.260428,-0.11595,0.030719),(0.23063,-0.167562,0.030719),(0.190752,-0.211851,0.030719),(0.142537,-0.246881,0.030719),(0.088093,-0.271121,0.030719),(0.029798,-0.283512,0.030719),(-0.029798,-0.283512,0.030719),(-0.088093,-0.271121,0.030719),(-0.142537,-0.246881,0.030719),(-0.190752,-0.211851,0.030719),(-0.23063,-0.167562,0.030719),(-0.260428,-0.11595,0.030719),(-0.278844,-0.05927,0.030719),(-0.285074,0.0,0.030719)),$);
#155= IFCTRIANGULATEDFACESET(#154,$,$,((1,5,6),(1,6,7),(1,7,8),(1,8,9),(1,3,4),(1,4,5),(2,3,1),(1,10,11),(1,11,12),(13,1,12),(14,15,1),(14,1,13),(16,17,1),(16,1,15),(10,1,9)),$);
#156= IFCSTYLEDITEM(#155,(#121),'\X2\0110\X0\\X2\00E8\X0\n chi\X2\1EBF\X0\u s\X2\00E1\X0\ng');
#157= IFCCARTESIANPOINTLIST3D(((0.254274,0.0,0.092318),(0.247899,0.056581,0.092318),(0.229093,0.110325,0.092318),(0.1988,0.158537,0.092318),(0.158537,0.1988,0.092318),(0.110325,0.229093,0.092318),(0.056581,0.247899,0.092318),(0.0,0.254274,0.092318),(-0.056581,0.247899,0.092318),(-0.110325,0.229093,0.092318),(-0.158537,0.1988,0.092318),(-0.1988,0.158537,0.092318),(-0.229093,0.110325,0.092318),(-0.247899,0.056581,0.092318),(-0.254274,0.0,0.092318),(0.0,0.0,0.092318)),$);
#158= IFCTRIANGULATEDFACESET(#157,$,$,((16,1,2),(16,2,3),(16,3,4),(16,4,5),(16,5,6),(16,6,7),(16,7,8),(16,8,9),(16,12,13),(16,13,14),(11,12,16),(11,16,10),(10,16,9),(14,15,16)),$);
#159= IFCSTYLEDITEM(#158,(#121),'\X2\0110\X0\\X2\00E8\X0\n chi\X2\1EBF\X0\u s\X2\00E1\X0\ng');
#160= IFCCARTESIANPOINTLIST3D(((-0.254274,0.0,0.092318),(-0.247899,-0.056581,0.092318),(-0.229093,-0.110325,0.092318),(-0.1988,-0.158537,0.092318),(-0.158537,-0.1988,0.092318),(-0.110325,-0.229093,0.092318),(-0.056581,-0.247899,0.092318),(0.0,-0.254274,0.092318),(0.056581,-0.247899,0.092318),(0.110325,-0.229093,0.092318),(0.158537,-0.1988,0.092318),(0.1988,-0.158537,0.092318),(0.229093,-0.110325,0.092318),(0.247899,-0.056581,0.092318),(0.254274,0.0,0.092318),(0.0,0.0,0.092318)),$);
#161= IFCTRIANGULATEDFACESET(#160,$,$,((11,12,16),(11,16,10),(9,10,16),(9,16,8),(13,14,16),(13,16,12),(16,14,15),(6,7,16),(6,16,5),(4,5,16),(4,16,3),(2,3,16),(2,16,1),(8,16,7)),$);
#162= IFCSTYLEDITEM(#161,(#121),'\X2\0110\X0\\X2\00E8\X0\n chi\X2\1EBF\X0\u s\X2\00E1\X0\ng');
#163= IFCCARTESIANPOINTLIST3D(((0.254274,0.0,0.061519),(0.247899,0.056581,0.061519),(0.229093,0.110325,0.061519),(0.1988,0.158537,0.061519),(0.158537,0.1988,0.061519),(0.110325,0.229093,0.061519),(0.056581,0.247899,0.061519),(0.0,0.254274,0.061519),(-0.056581,0.247899,0.061519),(-0.110325,0.229093,0.061519),(-0.158537,0.1988,0.061519),(-0.1988,0.158537,0.061519),(-0.229093,0.110325,0.061519),(-0.247899,0.056581,0.061519),(-0.254274,0.0,0.061519),(-0.265164,0.0,0.066029),(-0.269674,0.0,0.076918),(-0.265164,0.0,0.087808),(-0.254274,0.0,0.092318),(-0.247899,0.056581,0.092318),(-0.229093,0.110325,0.092318),(-0.1988,0.158537,0.092318),(-0.158537,0.1988,0.092318),(-0.110325,0.229093,0.092318),(-0.056581,0.247899,0.092318),(0.0,0.254274,0.092318),(0.056581,0.247899,0.092318),(0.110325,0.229093,0.092318),(0.158537,0.1988,0.092318),(0.1988,0.158537,0.092318),(0.229093,0.110325,0.092318),(0.247899,0.056581,0.092318),(0.254274,0.0,0.092318),(0.265164,0.0,0.087808),(0.269674,0.0,0.076918),(0.265164,0.0,0.066029),(-0.028475,0.26808,0.075292),(0.135738,0.229744,0.085812),(-0.181025,0.193988,0.087636),(-0.181025,0.193988,0.066201),(0.181025,0.193988,0.066201),(-0.028389,0.261999,0.089224),(-0.028389,0.261999,0.064613),(0.217284,0.147334,0.089921),(-0.260585,0.0,0.089704),(-0.260585,0.0,0.064133),(0.260585,0.0,0.064133),(0.083796,0.247192,0.090767),(0.083796,0.247192,0.06307),(-0.13523,0.222737,0.090971),(-0.13523,0.222737,0.062866),(0.216719,0.144678,0.062866),(-0.216674,0.144452,0.091043),(-0.216674,0.144452,0.062794),(0.260585,0.0,0.089704),(-0.028386,0.257468,0.091566),(-0.028386,0.257468,0.062271),(0.180066,0.186175,0.091573),(0.242147,0.091922,0.091573),(0.135167,0.220092,0.06205),(0.241715,0.090475,0.062),(-0.179972,0.184895,0.091855),(-0.241682,0.090363,0.091855),(-0.179972,0.184895,0.061982),(-0.241682,0.090363,0.061982),(-0.249515,0.080803,0.090078),(-0.249515,0.080803,0.063759),(0.083821,0.243522,0.091967),(0.249741,0.080206,0.063778),(-0.244617,0.107327,0.085402),(-0.172943,0.206737,0.078975),(-0.244617,0.107327,0.068435),(0.24464,0.10735,0.06848),(0.166176,0.212339,0.075802),(0.074159,0.2561,0.067715),(0.155646,0.212409,0.089374),(0.149877,0.215267,0.063777),(-0.189288,0.191014,0.072148),(-0.092352,0.2513,0.069432),(0.237426,0.124763,0.083472),(-0.242761,0.117429,0.076611),(0.253019,0.073631,0.089237),(0.131424,0.223542,0.091471),(0.032757,0.257235,0.091471),(0.030512,0.260758,0.089914),(0.035428,0.264555,0.085713),(0.090392,0.248715,0.088315),(-0.089454,0.252377,0.084352),(0.08946,0.254007,0.080293),(0.1992,0.176269,0.086912),(0.18592,0.19373,0.082791),(0.222263,0.152569,0.078535),(0.223282,0.15031,0.072977),(0.267419,0.0,0.071474),(0.166341,0.210516,0.070566),(0.083638,0.25587,0.073096),(0.267419,0.0,0.082363),(0.259128,0.073752,0.079707),(0.258191,0.077317,0.07474),(0.257572,0.068988,0.086083),(0.224103,0.139788,0.065082),(-0.223096,0.141125,0.088871),(-0.223096,0.141125,0.064966),(-0.267419,0.0,0.082363),(-0.267419,0.0,0.071474),(0.016651,0.264443,0.088001),(-0.032037,0.264804,0.085967),(-0.015308,0.268712,0.08091),(-0.093388,0.248145,0.087835),(-0.094986,0.252283,0.07869),(-0.107067,0.247185,0.073904),(0.101333,0.24397,0.065125),(0.036183,0.261971,0.065366),(-0.00964,0.267017,0.068533),(0.02089,0.260649,0.063311),(0.044348,0.254236,0.061995),(0.133555,0.230444,0.067359),(0.110661,0.244186,0.070117),(0.056112,0.262288,0.070393),(0.022289,0.2683,0.073222),(0.036677,0.267161,0.077382),(-0.037534,0.266101,0.071622),(0.134493,0.233079,0.072749),(0.09807,0.251207,0.076654),(0.173727,0.20564,0.073128),(0.235874,0.121778,0.087509),(-0.188607,0.182716,0.089875),(-0.14369,0.220987,0.089178),(-0.095652,0.24447,0.089927),(-0.084948,0.245257,0.091386),(-0.12542,0.224839,0.091986),(-0.139299,0.226437,0.087072),(-0.17696,0.20144,0.083644),(-0.224821,0.147883,0.081091),(-0.259098,0.073235,0.080513),(-0.080637,0.243781,0.092114),(-0.188607,0.182716,0.063962),(-0.14369,0.220987,0.064659),(-0.132305,0.230998,0.06718),(-0.088641,0.247159,0.063946),(-0.072707,0.255465,0.066495),(-0.148497,0.223227,0.070151),(-0.19232,0.18584,0.068928),(-0.224767,0.146636,0.070715),(-0.257136,0.078829,0.072246),(-0.222003,0.152617,0.074034),(-0.210876,0.168084,0.077352),(-0.17448,0.205529,0.075431),(-0.084892,0.245289,0.062456),(-0.125223,0.224953,0.061851),(-0.080347,0.24389,0.061724),(-0.150721,0.223013,0.073005),(0.215147,0.141147,0.061822),(0.182066,0.184266,0.062275),(0.187841,0.182228,0.063432),(0.216176,0.155772,0.067493),(0.223906,0.147391,0.070062),(0.249294,0.089955,0.065894),(0.266291,0.0,0.068751),(0.262011,0.05585,0.069738),(0.248426,0.102453,0.071589),(-0.21587,0.13983,0.092038),(-0.215871,0.139834,0.0618),(-0.216794,0.154738,0.086473),(-0.223528,0.147808,0.083946),(-0.248253,0.092637,0.087994),(-0.26161,0.05093,0.086255),(-0.259514,0.067557,0.083572),(-0.26023,0.044246,0.088887),(-0.266291,0.0,0.085085),(-0.248253,0.092637,0.065843),(-0.26161,0.05093,0.067582),(-0.26023,0.044246,0.06495),(-0.266291,0.0,0.068751),(-0.001747,0.268074,0.083742),(0.055336,0.262698,0.082905),(0.111075,0.24425,0.083232),(0.147245,0.225412,0.080536),(0.087407,0.252292,0.085585),(0.189225,0.191772,0.079751),(0.040002,0.266319,0.080264),(0.216446,0.14326,0.091382),(0.215764,0.139102,0.092123),(0.25743,0.0,0.091011),(0.255911,0.043752,0.091359),(0.250982,0.055568,0.092064),(0.25743,0.0,0.062826),(0.255293,0.04732,0.062484),(-0.25743,0.0,0.091011),(-0.255221,0.047715,0.091352),(-0.25743,0.0,0.062826),(-0.255221,0.047715,0.062485),(0.20645,0.173426,0.075704),(0.238025,0.126677,0.075814),(0.268547,0.0,0.079641),(0.268547,0.0,0.074196),(0.266291,0.0,0.085085),(0.260975,0.062702,0.083048),(-0.042938,0.266173,0.078282),(-0.070507,0.259558,0.081541),(-0.13225,0.234172,0.08163),(-0.007099,0.265345,0.066313),(0.091226,0.241782,0.062087),(0.145899,0.220654,0.065428),(-0.137054,0.229852,0.084618),(-0.262793,0.060522,0.077142),(-0.268547,0.0,0.079641),(-0.219716,0.150388,0.067243),(-0.268547,0.0,0.074196)),$);
#164= IFCTRIANGULATEDFACESET(#163,$,$,((22,62,162),(42,85,106),(190,189,63),(42,129,130),(21,162,63),(27,68,84),(56,25,26),(65,13,14),(130,56,42),(32,186,31),(63,66,190),(53,63,162),(14,15,191),(54,65,67),(185,186,184),(140,149,51),(103,54,67),(163,54,64),(100,126,82),(137,54,103),(26,27,84),(61,69,188),(31,183,30),(163,12,13),(136,24,25),(11,12,64),(54,163,65),(103,40,137),(116,203,7),(133,71,134),(11,64,150),(166,66,102),(39,102,127),(154,5,60),(85,56,84),(102,66,53),(29,30,58),(101,69,52),(3,61,2),(42,107,109),(76,58,44),(62,22,23),(44,58,182),(112,117,204),(128,129,109),(55,34,82),(138,51,137),(183,59,182),(57,149,140),(180,193,74),(76,90,38),(57,115,116),(164,70,166),(5,6,60),(8,57,116),(8,9,57),(77,155,154),(58,83,29),(79,139,142),(4,153,3),(52,61,153),(89,176,177),(112,113,75),(188,187,61),(7,203,6),(101,158,69),(136,56,130),(27,28,68),(21,63,20),(56,85,42),(150,151,10),(115,43,113),(44,90,76),(83,48,68),(82,185,55),(59,185,82),(77,60,49),(154,52,153),(69,61,52),(187,2,61),(131,23,24),(127,62,50),(66,63,53),(189,20,63),(137,64,54),(150,51,149),(46,192,191),(191,192,65),(53,127,102),(45,66,169),(16,173,46),(72,208,171),(28,29,83),(84,68,48),(154,155,52),(36,47,69),(42,106,107),(168,165,134),(37,111,110),(142,143,78),(145,209,206),(148,146,147),(157,73,156),(158,73,160),(95,123,125),(38,90,91),(113,202,75),(118,123,95),(87,76,38),(83,76,48),(112,77,49),(41,101,155),(144,72,145),(110,111,148),(96,119,120),(138,141,140),(97,195,198),(97,198,197),(74,178,180),(144,78,143),(171,172,72),(100,82,34),(59,82,44),(83,68,28),(76,83,58),(84,48,85),(26,84,56),(48,87,85),(87,86,106),(178,177,91),(200,108,199),(76,87,48),(87,38,179),(175,88,107),(39,132,133),(121,124,96),(37,110,199),(126,44,82),(91,90,80),(92,91,80),(177,178,89),(98,92,80),(93,193,194),(161,160,73),(158,156,73),(99,194,98),(117,41,204),(117,75,118),(96,118,119),(120,121,96),(198,195,98),(80,100,198),(98,35,99),(196,94,99),(196,99,35),(160,94,159),(160,159,36),(100,34,197),(126,80,90),(156,101,41),(101,156,158),(164,102,39),(102,164,166),(171,103,67),(103,171,208),(206,207,135),(169,167,18),(87,106,85),(107,106,86),(175,176,181),(107,88,109),(86,175,107),(176,89,181),(39,128,132),(128,39,127),(122,111,37),(71,133,201),(142,111,79),(78,146,148),(49,115,113),(112,75,117),(49,113,112),(141,114,202),(43,202,113),(120,122,37),(116,115,49),(57,43,115),(203,116,49),(116,7,8),(75,119,118),(95,41,117),(123,118,96),(95,117,118),(75,114,119),(114,122,120),(114,120,119),(121,120,37),(121,37,199),(121,89,124),(114,79,122),(111,122,79),(124,123,96),(125,123,74),(178,124,89),(123,124,74),(193,125,74),(157,125,93),(80,126,100),(44,126,90),(62,127,53),(128,127,50),(129,128,50),(132,128,109),(129,50,130),(42,109,129),(131,130,50),(130,131,136),(50,62,131),(23,131,62),(109,88,132),(201,88,200),(88,205,132),(147,134,71),(135,134,81),(164,165,70),(206,135,81),(67,173,171),(24,136,131),(56,136,25),(138,137,40),(64,137,51),(139,138,40),(140,51,138),(143,142,139),(141,139,79),(141,138,139),(57,140,43),(114,141,79),(140,141,43),(143,139,40),(152,78,148),(208,40,103),(143,208,144),(72,172,145),(146,78,144),(209,17,206),(146,145,81),(145,146,144),(147,146,81),(134,147,81),(147,71,148),(110,148,71),(152,148,111),(151,57,9),(149,151,150),(11,150,10),(64,51,150),(57,151,149),(10,151,9),(111,142,152),(142,78,152),(3,153,61),(4,5,154),(154,153,4),(77,154,60),(41,155,77),(101,52,155),(41,95,156),(95,125,157),(95,157,156),(157,93,161),(36,69,158),(73,157,161),(158,160,36),(80,198,98),(194,161,93),(160,161,99),(22,162,21),(53,162,62),(12,163,64),(13,65,163),(39,133,164),(165,133,134),(133,165,164),(168,134,135),(167,166,70),(169,66,166),(168,167,70),(168,170,167),(165,168,70),(104,168,135),(167,169,166),(45,169,18),(170,168,104),(170,18,167),(171,173,172),(172,16,174),(172,174,105),(145,172,105),(46,173,67),(172,173,16),(176,175,86),(175,108,200),(177,179,38),(89,121,181),(179,176,86),(91,177,38),(180,178,91),(124,178,74),(176,179,177),(87,179,86),(91,92,180),(180,92,193),(121,108,181),(175,181,108),(58,30,183),(59,44,182),(59,183,31),(58,183,182),(186,33,184),(184,55,185),(186,185,59),(31,186,59),(186,32,33),(187,188,47),(1,2,187),(69,47,188),(189,190,45),(19,20,189),(66,45,190),(14,191,65),(46,67,192),(67,65,192),(194,193,92),(125,193,93),(98,194,92),(194,99,161),(160,99,94),(195,35,98),(197,198,100),(200,199,110),(121,199,108),(201,200,110),(175,200,88),(71,201,110),(201,133,205),(141,202,43),(75,202,114),(49,60,203),(6,203,60),(41,77,204),(112,204,77),(201,205,88),(133,132,205),(145,206,81),(144,208,72),(207,206,17),(207,104,135),(40,208,143),(145,105,209)),$);
#165= IFCSTYLEDITEM(#164,(#121),'\X2\0110\X0\\X2\00E8\X0\n chi\X2\1EBF\X0\u s\X2\00E1\X0\ng');
#166= IFCCARTESIANPOINTLIST3D(((-0.254274,0.0,0.061519),(-0.247899,-0.056581,0.061519),(-0.229093,-0.110325,0.061519),(-0.1988,-0.158537,0.061519),(-0.158537,-0.1988,0.061519),(-0.110325,-0.229093,0.061519),(-0.056581,-0.247899,0.061519),(0.0,-0.254274,0.061519),(0.056581,-0.247899,0.061519),(0.110325,-0.229093,0.061519),(0.158537,-0.1988,0.061519),(0.1988,-0.158537,0.061519),(0.229093,-0.110325,0.061519),(0.247899,-0.056581,0.061519),(0.254274,0.0,0.061519),(0.265164,0.0,0.066029),(0.269674,0.0,0.076918),(0.265164,0.0,0.087808),(0.254274,0.0,0.092318),(0.247899,-0.056581,0.092318),(0.229093,-0.110325,0.092318),(0.1988,-0.158537,0.092318),(0.158537,-0.1988,0.092318),(0.110325,-0.229093,0.092318),(0.056581,-0.247899,0.092318),(0.0,-0.254274,0.092318),(-0.056581,-0.247899,0.092318),(-0.110325,-0.229093,0.092318),(-0.158537,-0.1988,0.092318),(-0.1988,-0.158537,0.092318),(-0.229093,-0.110325,0.092318),(-0.247899,-0.056581,0.092318),(-0.254274,0.0,0.092318),(-0.265164,0.0,0.087808),(-0.269674,0.0,0.076918),(-0.265164,0.0,0.066029),(0.028475,-0.26808,0.075292),(-0.135738,-0.229744,0.085812),(0.181025,-0.193988,0.087636),(0.181025,-0.193988,0.066201),(-0.181025,-0.193988,0.066201),(0.028389,-0.261999,0.089224),(0.028389,-0.261999,0.064613),(-0.217284,-0.147334,0.089921),(0.260585,0.0,0.089704),(0.260585,0.0,0.064133),(-0.260585,0.0,0.064133),(-0.083796,-0.247192,0.090767),(-0.083796,-0.247192,0.06307),(0.13523,-0.222737,0.090971),(0.13523,-0.222737,0.062866),(-0.216719,-0.144678,0.062866),(0.216674,-0.144452,0.091043),(0.216674,-0.144452,0.062794),(-0.260585,0.0,0.089704),(0.028386,-0.257468,0.091566),(0.028386,-0.257468,0.062271),(-0.180066,-0.186175,0.091573),(-0.242147,-0.091922,0.091573),(-0.135167,-0.220092,0.06205),(-0.241715,-0.090475,0.062),(0.179972,-0.184895,0.091855),(0.241682,-0.090363,0.091855),(0.179972,-0.184895,0.061982),(0.241682,-0.090363,0.061982),(0.249515,-0.080803,0.090078),(0.249515,-0.080803,0.063759),(-0.083821,-0.243522,0.091967),(-0.249741,-0.080206,0.063778),(0.244617,-0.107327,0.085402),(0.172943,-0.206737,0.078975),(0.244617,-0.107327,0.068435),(-0.24464,-0.10735,0.06848),(-0.166176,-0.212339,0.075802),(-0.074159,-0.2561,0.067715),(-0.155646,-0.212409,0.089374),(-0.149877,-0.215267,0.063777),(0.189288,-0.191014,0.072148),(0.092352,-0.2513,0.069432),(-0.237426,-0.124763,0.083472),(0.242761,-0.117429,0.076611),(-0.253019,-0.073631,0.089237),(-0.131424,-0.223542,0.091471),(-0.032757,-0.257235,0.091471),(-0.030512,-0.260758,0.089914),(-0.035428,-0.264555,0.085713),(-0.090392,-0.248715,0.088315),(0.089454,-0.252377,0.084352),(-0.08946,-0.254007,0.080293),(-0.1992,-0.176269,0.086912),(-0.18592,-0.19373,0.082791),(-0.222263,-0.152569,0.078535),(-0.223282,-0.15031,0.072977),(-0.267419,0.0,0.071474),(-0.166341,-0.210516,0.070566),(-0.083638,-0.25587,0.073096),(-0.267419,0.0,0.082363),(-0.259128,-0.073752,0.079707),(-0.258191,-0.077317,0.07474),(-0.257572,-0.068988,0.086083),(-0.224103,-0.139788,0.065082),(0.223096,-0.141125,0.088871),(0.223096,-0.141125,0.064966),(0.267419,0.0,0.082363),(0.267419,0.0,0.071474),(-0.016651,-0.264443,0.088001),(0.032037,-0.264804,0.085967),(0.015308,-0.268712,0.08091),(0.093388,-0.248145,0.087835),(0.094986,-0.252283,0.07869),(0.107067,-0.247185,0.073904),(-0.101333,-0.24397,0.065125),(-0.036183,-0.261971,0.065366),(0.00964,-0.267017,0.068533),(-0.02089,-0.260649,0.063311),(-0.044348,-0.254236,0.061995),(-0.133555,-0.230444,0.067359),(-0.110661,-0.244186,0.070117),(-0.056112,-0.262288,0.070393),(-0.022289,-0.2683,0.073222),(-0.036677,-0.267161,0.077382),(0.037534,-0.266101,0.071622),(-0.134493,-0.233079,0.072749),(-0.09807,-0.251207,0.076654),(-0.173727,-0.20564,0.073128),(-0.235874,-0.121778,0.087509),(0.188607,-0.182716,0.089875),(0.14369,-0.220987,0.089178),(0.095652,-0.24447,0.089927),(0.084948,-0.245257,0.091386),(0.12542,-0.224839,0.091986),(0.139299,-0.226437,0.087072),(0.17696,-0.20144,0.083644),(0.224821,-0.147883,0.081091),(0.259098,-0.073235,0.080513),(0.080637,-0.243781,0.092114),(0.188607,-0.182716,0.063962),(0.14369,-0.220987,0.064659),(0.132305,-0.230998,0.06718),(0.088641,-0.247159,0.063946),(0.072707,-0.255465,0.066495),(0.148497,-0.223227,0.070151),(0.19232,-0.18584,0.068928),(0.224767,-0.146636,0.070715),(0.257136,-0.078829,0.072246),(0.222003,-0.152617,0.074034),(0.210876,-0.168084,0.077352),(0.17448,-0.205529,0.075431),(0.084892,-0.245289,0.062456),(0.125223,-0.224953,0.061851),(0.080347,-0.24389,0.061724),(0.150721,-0.223013,0.073005),(-0.215147,-0.141147,0.061822),(-0.182066,-0.184266,0.062275),(-0.187841,-0.182228,0.063432),(-0.216176,-0.155772,0.067493),(-0.223906,-0.147391,0.070062),(-0.249294,-0.089955,0.065894),(-0.266291,0.0,0.068751),(-0.262011,-0.05585,0.069738),(-0.248426,-0.102453,0.071589),(0.21587,-0.13983,0.092038),(0.215871,-0.139834,0.0618),(0.216794,-0.154738,0.086473),(0.223528,-0.147808,0.083946),(0.248253,-0.092637,0.087994),(0.26161,-0.05093,0.086255),(0.259514,-0.067557,0.083572),(0.26023,-0.044246,0.088887),(0.266291,0.0,0.085085),(0.248253,-0.092637,0.065843),(0.26161,-0.05093,0.067582),(0.26023,-0.044246,0.06495),(0.266291,0.0,0.068751),(0.001747,-0.268074,0.083742),(-0.055336,-0.262698,0.082905),(-0.111075,-0.24425,0.083232),(-0.147245,-0.225412,0.080536),(-0.087407,-0.252292,0.085585),(-0.189225,-0.191772,0.079751),(-0.040002,-0.266319,0.080264),(-0.216446,-0.14326,0.091382),(-0.215764,-0.139102,0.092123),(-0.25743,0.0,0.091011),(-0.255911,-0.043752,0.091359),(-0.250982,-0.055568,0.092064),(-0.25743,0.0,0.062826),(-0.255293,-0.04732,0.062484),(0.25743,0.0,0.091011),(0.255221,-0.047715,0.091352),(0.25743,0.0,0.062826),(0.255221,-0.047715,0.062485),(-0.20645,-0.173426,0.075704),(-0.238025,-0.126677,0.075814),(-0.268547,0.0,0.079641),(-0.268547,0.0,0.074196),(-0.266291,0.0,0.085085),(-0.260975,-0.062702,0.083048),(0.042938,-0.266173,0.078282),(0.070507,-0.259558,0.081541),(0.13225,-0.234172,0.08163),(0.007099,-0.265345,0.066313),(-0.091226,-0.241782,0.062087),(-0.145899,-0.220654,0.065428),(0.137054,-0.229852,0.084618),(0.262793,-0.060522,0.077142),(0.268547,0.0,0.079641),(0.219716,-0.150388,0.067243),(0.268547,0.0,0.074196)),$);
#167= IFCTRIANGULATEDFACESET(#166,$,$,((22,62,162),(26,27,84),(190,189,63),(42,129,130),(21,162,63),(27,68,84),(56,25,26),(54,65,67),(79,139,142),(32,186,31),(130,56,42),(162,53,63),(14,15,191),(63,66,190),(185,186,184),(140,149,51),(103,54,67),(163,54,64),(100,126,82),(137,54,103),(112,117,204),(61,69,188),(136,24,25),(163,12,13),(103,40,137),(11,12,64),(54,163,65),(116,203,7),(42,85,106),(133,71,134),(11,64,150),(31,183,30),(39,102,127),(154,5,60),(56,84,85),(102,66,53),(42,107,109),(30,58,29),(3,61,2),(21,63,20),(76,58,44),(57,149,140),(44,58,182),(62,22,23),(128,129,109),(55,34,82),(138,51,137),(183,59,182),(101,69,52),(180,193,74),(101,158,69),(57,115,116),(76,90,38),(5,6,60),(8,57,116),(164,70,166),(77,155,154),(58,83,29),(89,176,177),(4,153,3),(52,61,153),(8,9,57),(112,113,75),(188,187,61),(7,203,6),(166,66,102),(136,56,130),(27,28,68),(65,13,14),(56,85,42),(150,151,10),(115,43,113),(44,90,76),(83,48,68),(82,185,55),(59,185,82),(77,60,49),(154,52,153),(69,61,52),(187,2,61),(131,23,24),(127,62,50),(66,63,53),(189,20,63),(137,64,54),(150,51,149),(46,192,191),(191,192,65),(53,127,102),(45,66,169),(16,173,46),(72,208,171),(28,29,83),(84,68,48),(154,155,52),(36,47,69),(42,106,107),(168,165,134),(37,111,110),(142,143,78),(145,209,206),(148,146,147),(157,73,156),(158,73,160),(95,123,125),(38,90,91),(113,202,75),(118,123,95),(87,76,38),(83,76,48),(112,77,49),(41,101,155),(144,72,145),(110,111,148),(96,119,120),(138,141,140),(97,195,198),(97,198,197),(74,178,180),(144,78,143),(171,172,72),(100,82,34),(59,82,44),(83,68,28),(76,83,58),(84,48,85),(26,84,56),(48,87,85),(87,86,106),(178,177,91),(200,108,199),(76,87,48),(87,38,179),(175,88,107),(39,132,133),(121,124,96),(110,200,199),(126,44,82),(91,90,80),(92,91,80),(177,178,89),(98,92,80),(93,193,194),(161,160,73),(158,156,73),(99,194,98),(117,41,204),(117,75,118),(96,118,119),(120,121,96),(198,195,98),(80,100,198),(98,35,99),(196,94,99),(196,99,35),(160,94,159),(160,159,36),(100,34,197),(126,80,90),(156,101,41),(101,156,158),(164,102,39),(102,164,166),(171,103,67),(103,171,208),(206,207,135),(169,167,18),(87,106,85),(107,106,86),(175,176,181),(107,88,109),(86,175,107),(176,89,181),(39,128,132),(128,39,127),(122,111,37),(71,133,201),(142,111,79),(78,146,148),(49,115,113),(112,75,117),(49,113,112),(141,114,202),(43,202,113),(120,122,37),(116,115,49),(57,43,115),(203,116,49),(116,7,8),(75,119,118),(95,41,117),(123,118,96),(95,117,118),(75,114,119),(114,122,120),(114,120,119),(121,120,37),(121,37,199),(121,89,124),(114,79,122),(111,122,79),(124,123,96),(125,123,74),(178,124,89),(123,124,74),(193,125,74),(157,125,93),(80,126,100),(44,126,90),(62,127,53),(128,127,50),(129,128,50),(132,128,109),(129,50,130),(42,109,129),(131,130,50),(130,131,136),(50,62,131),(23,131,62),(109,88,132),(201,88,200),(88,205,132),(147,134,71),(135,134,81),(164,165,70),(206,135,81),(67,173,171),(24,136,131),(56,136,25),(138,137,40),(64,137,51),(139,138,40),(140,51,138),(143,142,139),(141,139,79),(141,138,139),(57,140,43),(114,141,79),(140,141,43),(143,139,40),(152,78,148),(208,40,103),(143,208,144),(72,172,145),(146,78,144),(209,17,206),(146,145,81),(145,146,144),(147,146,81),(134,147,81),(147,71,148),(110,148,71),(152,148,111),(151,57,9),(149,151,150),(11,150,10),(64,51,150),(57,151,149),(10,151,9),(111,142,152),(142,78,152),(3,153,61),(4,5,154),(154,153,4),(77,154,60),(41,155,77),(101,52,155),(41,95,156),(95,125,157),(95,157,156),(157,93,161),(36,69,158),(73,157,161),(158,160,36),(80,198,98),(194,161,93),(160,161,99),(22,162,21),(53,162,62),(12,163,64),(13,65,163),(39,133,164),(165,133,134),(133,165,164),(168,134,135),(167,166,70),(169,66,166),(168,167,70),(168,170,167),(165,168,70),(104,168,135),(167,169,166),(45,169,18),(170,168,104),(170,18,167),(171,173,172),(172,16,174),(172,174,105),(145,172,105),(46,173,67),(172,173,16),(176,175,86),(175,108,200),(177,179,38),(89,121,181),(179,176,86),(91,177,38),(180,178,91),(124,178,74),(176,179,177),(87,179,86),(91,92,180),(180,92,193),(121,108,181),(175,181,108),(58,30,183),(59,44,182),(59,183,31),(58,183,182),(186,33,184),(184,55,185),(186,185,59),(31,186,59),(186,32,33),(187,188,47),(1,2,187),(69,47,188),(189,190,45),(19,20,189),(66,45,190),(14,191,65),(46,67,192),(67,65,192),(194,193,92),(125,193,93),(98,194,92),(194,99,161),(160,99,94),(195,35,98),(197,198,100),(121,199,108),(37,110,199),(201,200,110),(175,200,88),(71,201,110),(201,133,205),(141,202,43),(75,202,114),(49,60,203),(6,203,60),(41,77,204),(112,204,77),(201,205,88),(133,132,205),(145,206,81),(144,208,72),(207,206,17),(207,104,135),(40,208,143),(145,105,209)),$);
#168= IFCSTYLEDITEM(#167,(#121),'\X2\0110\X0\\X2\00E8\X0\n chi\X2\1EBF\X0\u s\X2\00E1\X0\ng');
#169= IFCCARTESIANPOINTLIST3D(((0.0,0.0,0.061519),(-0.254274,0.0,0.061519),(-0.247899,0.056581,0.061519),(-0.229093,0.110325,0.061519),(-0.1988,0.158537,0.061519),(-0.158537,0.1988,0.061519),(-0.110325,0.229093,0.061519),(-0.056581,0.247899,0.061519),(0.0,0.254274,0.061519),(0.056581,0.247899,0.061519),(0.110325,0.229093,0.061519),(0.158537,0.1988,0.061519),(0.1988,0.158537,0.061519),(0.229093,0.110325,0.061519),(0.247899,0.056581,0.061519),(0.254274,0.0,0.061519)),$);
#170= IFCTRIANGULATEDFACESET(#169,$,$,((15,16,1),(1,13,14),(1,14,15),(12,13,1),(12,1,11),(10,11,1),(10,1,9),(4,5,1),(4,1,3),(1,5,6),(1,6,7),(8,9,1),(8,1,7),(1,2,3)),$);
#171= IFCSTYLEDITEM(#170,(#121),'\X2\0110\X0\\X2\00E8\X0\n chi\X2\1EBF\X0\u s\X2\00E1\X0\ng');
#172= IFCCARTESIANPOINTLIST3D(((0.0,0.0,0.061519),(0.254274,0.0,0.061519),(0.247899,-0.056581,0.061519),(0.229093,-0.110325,0.061519),(0.1988,-0.158537,0.061519),(0.158537,-0.1988,0.061519),(0.110325,-0.229093,0.061519),(0.056581,-0.247899,0.061519),(0.0,-0.254274,0.061519),(-0.056581,-0.247899,0.061519),(-0.110325,-0.229093,0.061519),(-0.158537,-0.1988,0.061519),(-0.1988,-0.158537,0.061519),(-0.229093,-0.110325,0.061519),(-0.247899,-0.056581,0.061519),(-0.254274,0.0,0.061519)),$);
#173= IFCTRIANGULATEDFACESET(#172,$,$,((1,5,6),(1,6,7),(1,7,8),(1,8,9),(1,3,4),(1,4,5),(2,3,1),(1,10,11),(1,11,12),(13,1,12),(14,15,1),(14,1,13),(15,16,1),(10,1,9)),$);
#174= IFCSTYLEDITEM(#173,(#121),'\X2\0110\X0\\X2\00E8\X0\n chi\X2\1EBF\X0\u s\X2\00E1\X0\ng');
#175= IFCCARTESIANPOINTLIST3D(((0.223475,0.0,0.123118),(0.217872,0.049728,0.123118),(0.201344,0.096962,0.123118),(0.174719,0.139334,0.123118),(0.139334,0.174719,0.123118),(0.096962,0.201344,0.123118),(0.049728,0.217872,0.123118),(0.0,0.223475,0.123118),(-0.049728,0.217872,0.123118),(-0.096962,0.201344,0.123118),(-0.139334,0.174719,0.123118),(-0.174719,0.139334,0.123118),(-0.201344,0.096962,0.123118),(-0.217872,0.049728,0.123118),(-0.223475,0.0,0.123118),(0.0,0.0,0.123118)),$);
#176= IFCTRIANGULATEDFACESET(#175,$,$,((16,1,2),(16,2,3),(16,3,4),(16,4,5),(16,5,6),(16,6,7),(16,7,8),(16,8,9),(16,12,13),(16,13,14),(11,12,16),(11,16,10),(10,16,9),(14,15,16)),$);
#177= IFCSTYLEDITEM(#176,(#121),'\X2\0110\X0\\X2\00E8\X0\n chi\X2\1EBF\X0\u s\X2\00E1\X0\ng');
#178= IFCCARTESIANPOINTLIST3D(((-0.223475,0.0,0.123118),(-0.217872,-0.049728,0.123118),(-0.201344,-0.096962,0.123118),(-0.174719,-0.139334,0.123118),(-0.139334,-0.174719,0.123118),(-0.096962,-0.201344,0.123118),(-0.049728,-0.217872,0.123118),(0.0,-0.223475,0.123118),(0.049728,-0.217872,0.123118),(0.096962,-0.201344,0.123118),(0.139334,-0.174719,0.123118),(0.174719,-0.139334,0.123118),(0.201344,-0.096962,0.123118),(0.217872,-0.049728,0.123118),(0.223475,0.0,0.123118),(0.0,0.0,0.123118)),$);
#179= IFCTRIANGULATEDFACESET(#178,$,$,((11,12,16),(11,16,10),(9,10,16),(9,16,8),(13,14,16),(13,16,12),(16,14,15),(6,7,16),(6,16,5),(4,5,16),(4,16,3),(2,3,16),(2,16,1),(8,16,7)),$);
#180= IFCSTYLEDITEM(#179,(#121),'\X2\0110\X0\\X2\00E8\X0\n chi\X2\1EBF\X0\u s\X2\00E1\X0\ng');
#181= IFCCARTESIANPOINTLIST3D(((0.223475,0.0,0.092318),(0.217872,0.049728,0.092318),(0.201344,0.096962,0.092318),(0.174719,0.139334,0.092318),(0.139334,0.174719,0.092318),(0.096962,0.201344,0.092318),(0.049728,0.217872,0.092318),(0.0,0.223475,0.092318),(-0.049728,0.217872,0.092318),(-0.096962,0.201344,0.092318),(-0.139334,0.174719,0.092318),(-0.174719,0.139334,0.092318),(-0.201344,0.096962,0.092318),(-0.217872,0.049728,0.092318),(-0.223475,0.0,0.092318),(-0.234364,0.0,0.096829),(-0.238874,0.0,0.107718),(-0.234364,0.0,0.118608),(-0.223475,0.0,0.123118),(-0.217872,0.049728,0.123118),(-0.201344,0.096962,0.123118),(-0.174719,0.139334,0.123118),(-0.139334,0.174719,0.123118),(-0.096962,0.201344,0.123118),(-0.049728,0.217872,0.123118),(0.0,0.223475,0.123118),(0.049728,0.217872,0.123118),(0.096962,0.201344,0.123118),(0.139334,0.174719,0.123118),(0.174719,0.139334,0.123118),(0.201344,0.096962,0.123118),(0.217872,0.049728,0.123118),(0.223475,0.0,0.123118),(0.234364,0.0,0.118608),(0.238874,0.0,0.107718),(0.234364,0.0,0.096829),(-0.025026,0.237475,0.106105),(0.119344,0.203632,0.116639),(-0.15924,0.172231,0.118402),(-0.15924,0.172231,0.097034),(0.15924,0.172231,0.097034),(-0.02494,0.231354,0.120053),(-0.02494,0.231354,0.095383),(0.191181,0.130894,0.12074),(-0.230592,0.0,0.12017),(-0.230592,0.0,0.095267),(0.230592,0.0,0.095267),(0.073624,0.218076,0.121587),(0.073624,0.218076,0.093849),(-0.118844,0.196672,0.121763),(-0.118844,0.196672,0.093673),(0.190635,0.128304,0.093673),(-0.190575,0.127996,0.121861),(-0.190575,0.127996,0.093575),(0.230592,0.0,0.12017),(-0.024938,0.22684,0.122373),(-0.024938,0.22684,0.093063),(0.158283,0.164364,0.12238),(0.213055,0.081709,0.12238),(-0.227033,0.0,0.121644),(-0.227033,0.0,0.093792),(0.227033,0.0,0.093792),(-0.218646,0.081056,0.119669),(-0.218646,0.081056,0.095767),(-0.236619,0.0,0.113163),(-0.196077,0.136015,0.110429),(-0.236619,0.0,0.102274),(0.11878,0.19398,0.092842),(0.219252,0.079375,0.09576),(0.236619,0.0,0.102274),(0.196077,0.136015,0.105007),(0.212636,0.080294,0.092799),(-0.158189,0.163076,0.122662),(-0.158189,0.163076,0.092775),(-0.212592,0.080142,0.122662),(-0.212592,0.080142,0.092775),(0.222692,0.06896,0.119719),(0.236619,0.0,0.113163),(0.193745,0.135403,0.116135),(0.07365,0.214428,0.122771),(-0.22141,0.088961,0.104897),(-0.149091,0.18601,0.103871),(0.22141,0.088961,0.110539),(0.154093,0.182138,0.11073),(0.097339,0.217489,0.103474),(0.132321,0.189946,0.09457),(0.075796,0.222647,0.097729),(0.053061,0.232438,0.11144),(-0.071359,0.226616,0.113885),(0.136417,0.188274,0.120196),(0.228574,0.060117,0.116171),(0.115477,0.197152,0.122281),(0.028793,0.22666,0.122281),(0.026757,0.230138,0.120745),(0.031036,0.233953,0.116674),(0.079609,0.219821,0.119151),(0.228158,0.061683,0.099269),(0.227662,0.07053,0.103685),(0.201071,0.122858,0.098269),(0.165522,0.170189,0.101156),(-0.224791,0.046335,0.121883),(-0.224791,0.046335,0.093553),(-0.228065,0.06203,0.116167),(-0.227668,0.070515,0.111748),(-0.200812,0.123359,0.117115),(-0.164422,0.171274,0.114246),(-0.135666,0.196504,0.109361),(-0.228065,0.06203,0.099269),(-0.200812,0.123359,0.098322),(-0.168593,0.166554,0.100335),(-0.080156,0.222601,0.099652),(-0.192628,0.140234,0.103435),(-0.176511,0.160925,0.107008),(0.224928,0.045646,0.093551),(0.014522,0.233624,0.118889),(-0.040793,0.232101,0.117136),(-0.094383,0.213596,0.119391),(-0.011042,0.2372,0.114173),(-0.036897,0.235777,0.110361),(-0.083724,0.223721,0.107603),(-0.074446,0.226353,0.103485),(-0.000787,0.237368,0.101079),(-0.215757,0.099491,0.101564),(-0.232072,0.052729,0.102567),(-0.237747,0.0,0.104996),(-0.234455,0.045394,0.106302),(-0.222179,0.087689,0.10843),(-0.237747,0.0,0.110441),(0.150352,0.185331,0.105094),(0.103126,0.215461,0.108125),(0.044264,0.234651,0.106103),(-0.1291,0.197809,0.09906),(-0.093164,0.214228,0.096123),(-0.204705,0.123053,0.106733),(-0.234601,0.044534,0.109328),(-0.119099,0.204115,0.116211),(-0.122019,0.204327,0.112868),(-0.086037,0.222489,0.110885),(0.191539,0.132757,0.095656),(0.21215,0.088931,0.093786),(-0.19167,0.1327,0.11972),(-0.157882,0.16949,0.12078),(-0.19167,0.1327,0.095716),(-0.157882,0.16949,0.094657),(0.069313,0.21594,0.09268),(0.027409,0.227093,0.093247),(0.02902,0.230137,0.094866),(0.015748,0.234379,0.097401),(-0.039242,0.231924,0.097759),(0.074015,0.22081,0.095528),(-0.211852,0.089334,0.121706),(-0.211852,0.089334,0.093731),(0.188904,0.125032,0.092625),(0.159903,0.162922,0.093088),(0.165387,0.161128,0.094227),(-0.189784,0.123407,0.122842),(-0.189786,0.123415,0.092596),(0.212374,0.106135,0.101182),(-0.117115,0.193917,0.12281),(-0.07651,0.215095,0.122343),(-0.08109,0.216415,0.121093),(-0.117115,0.193917,0.092626),(-0.07651,0.215095,0.093093),(-0.080706,0.216605,0.094368),(-0.212515,0.10587,0.114238),(0.175617,0.161924,0.1078),(0.19352,0.13941,0.111066),(0.206172,0.120631,0.108101),(0.227796,0.071875,0.107199),(0.211717,0.108026,0.113656),(0.237747,0.0,0.110441),(0.233728,0.046137,0.112099),(0.171984,0.164009,0.113737),(0.129481,0.199355,0.113585),(0.079429,0.22359,0.114543),(0.160355,0.173335,0.116488),(0.181516,0.148145,0.118674),(0.209152,0.106589,0.118211),(0.141894,0.192163,0.107925),(0.11633,0.208251,0.110914),(0.214484,0.099293,0.116163),(0.03522,0.234889,0.114044),(0.190358,0.12685,0.122186),(0.189683,0.12271,0.122924),(0.227033,0.0,0.121644),(0.225866,0.040586,0.121897),(0.216576,0.079882,0.121243),(-0.230282,0.035194,0.119853),(-0.230282,0.035194,0.095583),(0.1177,0.202301,0.096523),(0.121484,0.202986,0.099603),(0.075719,0.224709,0.100586),(0.051575,0.232504,0.103068),(0.235492,0.0,0.115885),(0.235492,0.0,0.099551),(0.237747,0.0,0.104996),(-0.235492,0.0,0.115885),(-0.165519,0.171658,0.111269),(-0.235492,0.0,0.099551),(-0.144507,0.190159,0.106629),(-0.112389,0.210485,0.104883),(-0.113043,0.209061,0.101739),(0.00639,0.238313,0.111515),(0.02887,0.237076,0.108927),(-0.083838,0.22004,0.117375),(0.074632,0.223628,0.117013)),$);
#182= IFCTRIANGULATEDFACESET(#181,$,$,((22,73,156),(94,115,42),(75,20,21),(117,50,161),(14,15,61),(27,80,93),(56,25,26),(13,14,76),(50,159,160),(31,32,59),(60,75,101),(53,75,156),(74,157,54),(189,46,16),(32,185,59),(163,9,10),(102,152,76),(76,61,102),(59,186,187),(54,143,144),(26,27,93),(62,72,114),(31,184,30),(157,12,13),(73,159,50),(11,12,74),(54,157,76),(124,126,81),(7,145,6),(108,64,189),(11,74,162),(103,65,197),(103,197,18),(39,141,142),(154,5,68),(94,56,93),(45,188,18),(29,30,58),(47,69,36),(62,1,2),(116,42,115),(90,58,44),(73,22,23),(44,58,183),(191,192,85),(117,42,116),(34,77,55),(40,132,133),(184,59,183),(57,163,164),(97,98,70),(71,169,98),(145,146,49),(165,106,66),(5,6,68),(57,146,8),(8,9,57),(86,155,154),(58,92,29),(40,110,132),(39,105,141),(52,72,153),(170,173,79),(100,41,191),(72,2,3),(145,49,68),(97,70,195),(97,195,36),(25,56,160),(27,28,80),(60,19,20),(56,94,42),(10,162,163),(147,146,57),(79,176,177),(92,48,80),(77,186,55),(186,77,187),(21,156,75),(45,60,101),(4,153,3),(47,62,114),(18,188,103),(125,126,124),(143,64,109),(65,103,104),(63,105,103),(143,109,40),(124,108,67),(86,68,49),(154,52,153),(41,99,139),(97,36,69),(69,99,97),(130,131,204),(34,91,77),(72,140,114),(62,2,72),(159,23,24),(142,73,50),(144,74,54),(162,74,51),(75,151,101),(60,20,75),(14,61,76),(61,46,102),(168,167,83),(79,177,178),(176,79,173),(91,34,194),(91,194,78),(83,172,169),(28,29,92),(93,80,48),(112,113,82),(109,64,108),(66,106,198),(132,111,133),(168,71,166),(83,167,170),(129,71,100),(176,174,38),(100,71,158),(86,190,41),(86,49,150),(41,139,155),(146,147,49),(122,148,149),(166,179,84),(119,89,118),(138,107,137),(160,161,50),(96,90,38),(92,90,48),(172,78,171),(178,181,79),(92,80,28),(90,92,58),(93,48,94),(26,93,56),(48,96,94),(38,174,175),(96,206,115),(116,118,89),(90,96,48),(38,175,206),(139,69,140),(99,158,97),(71,168,169),(169,196,98),(100,99,41),(97,158,98),(41,190,191),(129,100,85),(151,75,53),(188,101,63),(189,102,46),(76,152,54),(63,141,105),(105,165,103),(126,127,81),(135,104,127),(106,105,39),(103,165,104),(39,136,106),(200,82,113),(137,106,136),(119,120,138),(81,123,124),(82,110,112),(112,123,81),(110,40,109),(108,123,109),(82,201,202),(82,200,201),(111,121,122),(123,110,109),(81,127,134),(134,112,81),(113,66,198),(140,72,52),(69,47,114),(96,115,94),(95,118,116),(95,116,115),(136,117,205),(205,89,136),(142,117,39),(182,95,175),(204,37,119),(203,119,118),(119,37,120),(121,120,37),(121,201,120),(122,121,37),(111,132,202),(37,131,193),(87,150,148),(123,112,110),(108,16,199),(108,199,67),(108,124,123),(124,67,125),(125,17,126),(17,128,135),(135,127,126),(104,66,127),(134,66,113),(104,128,65),(130,129,85),(166,71,129),(131,130,85),(84,180,174),(85,192,193),(119,203,204),(202,110,82),(149,133,111),(51,164,163),(133,51,144),(66,134,127),(112,134,113),(17,135,126),(128,104,135),(117,136,39),(137,136,89),(138,137,89),(137,107,198),(119,138,89),(107,138,120),(69,139,99),(155,52,154),(139,140,52),(69,114,140),(151,141,63),(53,73,142),(53,142,141),(117,142,50),(144,143,40),(152,143,54),(133,144,40),(144,51,74),(6,145,68),(7,8,146),(146,145,7),(147,57,43),(148,147,43),(150,49,147),(149,148,43),(192,148,122),(133,149,43),(122,149,111),(148,150,147),(150,87,190),(141,151,53),(63,101,151),(102,64,152),(143,152,64),(3,153,72),(4,5,154),(154,153,4),(86,154,68),(41,155,86),(139,52,155),(22,156,21),(53,156,73),(12,157,74),(13,76,157),(100,158,99),(71,98,158),(23,159,73),(24,25,160),(160,159,24),(161,56,42),(56,161,160),(42,117,161),(163,162,51),(11,162,10),(51,133,164),(9,163,57),(133,43,164),(57,164,43),(106,165,105),(66,104,165),(179,166,129),(166,84,167),(173,167,84),(167,173,170),(167,168,166),(168,83,169),(171,169,172),(137,198,106),(181,170,79),(172,170,91),(170,172,83),(35,169,171),(91,78,172),(174,173,84),(173,174,176),(84,179,180),(174,180,175),(182,175,88),(206,175,95),(38,90,176),(177,90,44),(90,177,176),(178,44,77),(44,178,177),(91,178,77),(129,130,179),(179,130,180),(130,88,180),(175,180,88),(178,91,181),(170,181,91),(203,182,88),(95,182,118),(58,30,184),(187,183,59),(59,184,31),(58,184,183),(185,32,33),(185,55,186),(59,185,186),(77,44,187),(183,187,44),(101,188,45),(103,188,63),(108,189,16),(102,189,64),(150,190,86),(190,87,191),(192,191,87),(85,100,191),(148,192,87),(85,193,131),(192,122,193),(37,193,122),(196,169,35),(196,70,98),(113,198,107),(113,107,200),(120,200,107),(120,201,200),(202,201,121),(111,202,121),(202,132,110),(182,203,118),(204,203,88),(130,204,88),(37,204,131),(117,116,205),(89,205,116),(115,206,95),(38,206,96)),$);
#183= IFCSTYLEDITEM(#182,(#121),'\X2\0110\X0\\X2\00E8\X0\n chi\X2\1EBF\X0\u s\X2\00E1\X0\ng');
#184= IFCCARTESIANPOINTLIST3D(((-0.223475,0.0,0.092318),(-0.217872,-0.049728,0.092318),(-0.201344,-0.096962,0.092318),(-0.174719,-0.139334,0.092318),(-0.139334,-0.174719,0.092318),(-0.096962,-0.201344,0.092318),(-0.049728,-0.217872,0.092318),(0.0,-0.223475,0.092318),(0.049728,-0.217872,0.092318),(0.096962,-0.201344,0.092318),(0.139334,-0.174719,0.092318),(0.174719,-0.139334,0.092318),(0.201344,-0.096962,0.092318),(0.217872,-0.049728,0.092318),(0.223475,0.0,0.092318),(0.234364,0.0,0.096829),(0.238874,0.0,0.107718),(0.234364,0.0,0.118608),(0.223475,0.0,0.123118),(0.217872,-0.049728,0.123118),(0.201344,-0.096962,0.123118),(0.174719,-0.139334,0.123118),(0.139334,-0.174719,0.123118),(0.096962,-0.201344,0.123118),(0.049728,-0.217872,0.123118),(0.0,-0.223475,0.123118),(-0.049728,-0.217872,0.123118),(-0.096962,-0.201344,0.123118),(-0.139334,-0.174719,0.123118),(-0.174719,-0.139334,0.123118),(-0.201344,-0.096962,0.123118),(-0.217872,-0.049728,0.123118),(-0.223475,0.0,0.123118),(-0.234364,0.0,0.118608),(-0.238874,0.0,0.107718),(-0.234364,0.0,0.096829),(0.025026,-0.237475,0.106105),(-0.119344,-0.203632,0.116639),(0.15924,-0.172231,0.118402),(0.15924,-0.172231,0.097034),(-0.15924,-0.172231,0.097034),(0.02494,-0.231354,0.120053),(0.02494,-0.231354,0.095383),(-0.191181,-0.130894,0.12074),(0.230592,0.0,0.12017),(0.230592,0.0,0.095267),(-0.230592,0.0,0.095267),(-0.073624,-0.218076,0.121587),(-0.073624,-0.218076,0.093849),(0.118844,-0.196672,0.121763),(0.118844,-0.196672,0.093673),(-0.190635,-0.128304,0.093673),(0.190575,-0.127996,0.121861),(0.190575,-0.127996,0.093575),(-0.230592,0.0,0.12017),(0.024938,-0.22684,0.122373),(0.024938,-0.22684,0.093063),(-0.158283,-0.164364,0.12238),(-0.213055,-0.081709,0.12238),(0.227033,0.0,0.121644),(0.227033,0.0,0.093792),(-0.227033,0.0,0.093792),(0.218646,-0.081056,0.119669),(0.218646,-0.081056,0.095767),(0.236619,0.0,0.113163),(0.196077,-0.136015,0.110429),(0.236619,0.0,0.102274),(-0.11878,-0.19398,0.092842),(-0.219252,-0.079375,0.09576),(-0.236619,0.0,0.102274),(-0.196077,-0.136015,0.105007),(-0.212636,-0.080294,0.092799),(0.158189,-0.163076,0.122662),(0.158189,-0.163076,0.092775),(0.212592,-0.080142,0.122662),(0.212592,-0.080142,0.092775),(-0.222692,-0.06896,0.119719),(-0.236619,0.0,0.113163),(-0.193745,-0.135403,0.116135),(-0.07365,-0.214428,0.122771),(0.22141,-0.088961,0.104897),(0.149091,-0.18601,0.103871),(-0.22141,-0.088961,0.110539),(-0.154093,-0.182138,0.11073),(-0.097339,-0.217489,0.103474),(-0.132321,-0.189946,0.09457),(-0.075796,-0.222647,0.097729),(-0.053061,-0.232438,0.11144),(0.071359,-0.226616,0.113885),(-0.136417,-0.188274,0.120196),(-0.228574,-0.060117,0.116171),(-0.115477,-0.197152,0.122281),(-0.028793,-0.22666,0.122281),(-0.026757,-0.230138,0.120745),(-0.031036,-0.233953,0.116674),(-0.079609,-0.219821,0.119151),(-0.228158,-0.061683,0.099269),(-0.227662,-0.07053,0.103685),(-0.201071,-0.122858,0.098269),(-0.165522,-0.170189,0.101156),(0.224791,-0.046335,0.121883),(0.224791,-0.046335,0.093553),(0.228065,-0.06203,0.116167),(0.227668,-0.070515,0.111748),(0.200812,-0.123359,0.117115),(0.164422,-0.171274,0.114246),(0.135666,-0.196504,0.109361),(0.228065,-0.06203,0.099269),(0.200812,-0.123359,0.098322),(0.168593,-0.166554,0.100335),(0.080156,-0.222601,0.099652),(0.192628,-0.140234,0.103435),(0.176511,-0.160925,0.107008),(-0.224928,-0.045646,0.093551),(-0.014522,-0.233624,0.118889),(0.040793,-0.232101,0.117136),(0.094383,-0.213596,0.119391),(0.011042,-0.2372,0.114173),(0.036897,-0.235777,0.110361),(0.083724,-0.223721,0.107603),(0.074446,-0.226353,0.103485),(0.000787,-0.237368,0.101079),(0.215757,-0.099491,0.101564),(0.232072,-0.052729,0.102567),(0.237747,0.0,0.104996),(0.234455,-0.045394,0.106302),(0.222179,-0.087689,0.10843),(0.237747,0.0,0.110441),(-0.150352,-0.185331,0.105094),(-0.103126,-0.215461,0.108125),(-0.044264,-0.234651,0.106103),(0.1291,-0.197809,0.09906),(0.093164,-0.214228,0.096123),(0.204705,-0.123053,0.106733),(0.234601,-0.044534,0.109328),(0.119099,-0.204115,0.116211),(0.122019,-0.204327,0.112868),(0.086037,-0.222489,0.110885),(-0.191539,-0.132757,0.095656),(-0.21215,-0.088931,0.093786),(0.19167,-0.1327,0.11972),(0.157882,-0.16949,0.12078),(0.19167,-0.1327,0.095716),(0.157882,-0.16949,0.094657),(-0.069313,-0.21594,0.09268),(-0.027409,-0.227093,0.093247),(-0.02902,-0.230137,0.094866),(-0.015748,-0.234379,0.097401),(0.039242,-0.231924,0.097759),(-0.074015,-0.22081,0.095528),(0.211852,-0.089334,0.121706),(0.211852,-0.089334,0.093731),(-0.188904,-0.125032,0.092625),(-0.159903,-0.162922,0.093088),(-0.165387,-0.161128,0.094227),(0.189784,-0.123407,0.122842),(0.189786,-0.123415,0.092596),(-0.212374,-0.106135,0.101182),(0.117115,-0.193917,0.12281),(0.07651,-0.215095,0.122343),(0.08109,-0.216415,0.121093),(0.117115,-0.193917,0.092626),(0.07651,-0.215095,0.093093),(0.080706,-0.216605,0.094368),(0.212515,-0.10587,0.114238),(-0.175617,-0.161924,0.1078),(-0.19352,-0.13941,0.111066),(-0.206172,-0.120631,0.108101),(-0.227796,-0.071875,0.107199),(-0.211717,-0.108026,0.113656),(-0.237747,0.0,0.110441),(-0.233728,-0.046137,0.112099),(-0.171984,-0.164009,0.113737),(-0.129481,-0.199355,0.113585),(-0.079429,-0.22359,0.114543),(-0.160355,-0.173335,0.116488),(-0.181516,-0.148145,0.118674),(-0.209152,-0.106589,0.118211),(-0.141894,-0.192163,0.107925),(-0.11633,-0.208251,0.110914),(-0.214484,-0.099293,0.116163),(-0.03522,-0.234889,0.114044),(-0.190358,-0.12685,0.122186),(-0.189683,-0.12271,0.122924),(-0.227033,0.0,0.121644),(-0.225866,-0.040586,0.121897),(-0.216576,-0.079882,0.121243),(0.230282,-0.035194,0.119853),(0.230282,-0.035194,0.095583),(-0.1177,-0.202301,0.096523),(-0.121484,-0.202986,0.099603),(-0.075719,-0.224709,0.100586),(-0.051575,-0.232504,0.103068),(-0.235492,0.0,0.115885),(-0.235492,0.0,0.099551),(-0.237747,0.0,0.104996),(0.235492,0.0,0.115885),(0.165519,-0.171658,0.111269),(0.235492,0.0,0.099551),(0.144507,-0.190159,0.106629),(0.112389,-0.210485,0.104883),(0.113043,-0.209061,0.101739),(-0.00639,-0.238313,0.111515),(-0.02887,-0.237076,0.108927),(0.083838,-0.22004,0.117375),(-0.074632,-0.223628,0.117013)),$);
#185= IFCTRIANGULATEDFACESET(#184,$,$,((22,73,156),(26,27,93),(75,20,21),(117,50,161),(14,15,61),(27,80,93),(56,25,26),(189,46,16),(40,110,132),(31,32,59),(50,159,160),(156,53,75),(74,157,54),(73,22,23),(32,185,59),(163,9,10),(102,152,76),(76,61,102),(59,186,187),(54,143,144),(191,192,85),(154,5,68),(73,159,50),(157,12,13),(127,126,135),(11,12,74),(54,157,76),(7,145,6),(94,115,42),(108,64,189),(11,74,162),(31,184,30),(39,141,142),(60,75,101),(56,93,94),(45,188,18),(116,42,115),(30,58,29),(62,1,2),(60,19,20),(90,58,44),(57,163,164),(44,58,183),(117,42,116),(25,56,160),(34,77,55),(40,132,133),(184,59,183),(47,69,36),(97,98,70),(97,70,195),(97,195,36),(145,146,49),(71,169,98),(5,6,68),(57,146,8),(165,106,66),(100,41,191),(58,92,29),(170,173,79),(39,105,141),(52,72,153),(8,9,57),(56,94,42),(72,2,3),(145,49,68),(103,65,197),(103,197,18),(86,155,154),(27,28,80),(13,14,76),(62,72,114),(10,162,163),(147,146,57),(79,176,177),(92,48,80),(77,186,55),(186,77,187),(21,156,75),(45,60,101),(4,153,3),(47,62,114),(18,188,103),(125,126,124),(143,64,109),(65,103,104),(63,105,103),(143,109,40),(199,67,108),(199,108,16),(86,68,49),(154,52,153),(41,99,139),(97,36,69),(69,99,97),(130,131,204),(34,91,77),(72,140,114),(62,2,72),(159,23,24),(142,73,50),(144,74,54),(162,74,51),(75,151,101),(60,20,75),(14,61,76),(61,46,102),(168,167,83),(79,177,178),(176,79,173),(91,34,194),(91,194,78),(83,172,169),(28,29,92),(93,80,48),(112,113,82),(109,64,108),(66,106,198),(132,111,133),(168,71,166),(83,167,170),(129,71,100),(176,174,38),(100,71,158),(86,190,41),(86,49,150),(41,139,155),(146,147,49),(122,148,149),(166,179,84),(119,89,118),(138,107,137),(160,161,50),(96,90,38),(92,90,48),(91,78,172),(178,181,79),(92,80,28),(90,92,58),(93,48,94),(26,93,56),(48,96,94),(38,174,175),(96,206,115),(116,118,89),(90,96,48),(38,175,206),(139,69,140),(99,158,97),(71,168,169),(169,196,98),(100,99,41),(97,158,98),(41,190,191),(129,100,85),(151,75,53),(188,101,63),(189,102,46),(76,152,54),(63,141,105),(105,165,103),(126,127,81),(135,104,127),(106,105,39),(103,165,104),(39,136,106),(200,82,113),(137,106,136),(119,120,138),(81,123,124),(82,110,112),(112,123,81),(110,40,109),(108,123,109),(82,201,202),(82,200,201),(111,121,122),(123,110,109),(81,127,134),(134,112,81),(113,66,198),(140,72,52),(69,47,114),(96,115,94),(95,118,116),(95,116,115),(136,117,205),(205,89,136),(142,117,39),(182,95,175),(204,37,119),(203,119,118),(119,37,120),(121,120,37),(121,201,120),(122,121,37),(111,132,202),(37,131,193),(87,150,148),(123,112,110),(108,67,124),(108,124,123),(124,67,125),(126,125,17),(128,135,17),(124,126,81),(104,66,127),(134,66,113),(104,128,65),(130,129,85),(166,71,129),(131,130,85),(84,180,174),(85,192,193),(119,203,204),(202,110,82),(149,133,111),(51,164,163),(133,51,144),(66,134,127),(112,134,113),(17,135,126),(128,104,135),(117,136,39),(137,136,89),(138,137,89),(137,107,198),(119,138,89),(107,138,120),(69,139,99),(155,52,154),(139,140,52),(69,114,140),(151,141,63),(53,73,142),(53,142,141),(117,142,50),(144,143,40),(152,143,54),(133,144,40),(144,51,74),(6,145,68),(7,8,146),(146,145,7),(147,57,43),(148,147,43),(150,49,147),(149,148,43),(192,148,122),(133,149,43),(122,149,111),(148,150,147),(150,87,190),(141,151,53),(63,101,151),(102,64,152),(143,152,64),(3,153,72),(4,5,154),(154,153,4),(86,154,68),(41,155,86),(139,52,155),(22,156,21),(53,156,73),(12,157,74),(13,76,157),(100,158,99),(71,98,158),(23,159,73),(24,25,160),(160,159,24),(161,56,42),(56,161,160),(42,117,161),(163,162,51),(11,162,10),(51,133,164),(9,163,57),(133,43,164),(57,164,43),(106,165,105),(66,104,165),(179,166,129),(166,84,167),(173,167,84),(167,173,170),(167,168,166),(168,83,169),(172,78,171),(137,198,106),(181,170,79),(172,170,91),(169,172,171),(35,169,171),(172,83,170),(174,173,84),(173,174,176),(84,179,180),(174,180,175),(182,175,88),(206,175,95),(38,90,176),(177,90,44),(90,177,176),(178,44,77),(44,178,177),(91,178,77),(129,130,179),(179,130,180),(130,88,180),(175,180,88),(178,91,181),(170,181,91),(203,182,88),(95,182,118),(58,30,184),(187,183,59),(59,184,31),(58,184,183),(185,32,33),(185,55,186),(59,185,186),(77,44,187),(183,187,44),(101,188,45),(103,188,63),(108,189,16),(102,189,64),(150,190,86),(190,87,191),(192,191,87),(85,100,191),(148,192,87),(85,193,131),(192,122,193),(37,193,122),(196,169,35),(196,70,98),(113,198,107),(113,107,200),(120,200,107),(120,201,200),(202,201,121),(111,202,121),(202,132,110),(182,203,118),(204,203,88),(130,204,88),(37,204,131),(117,116,205),(89,205,116),(115,206,95),(38,206,96)),$);
#186= IFCSTYLEDITEM(#185,(#121),'\X2\0110\X0\\X2\00E8\X0\n chi\X2\1EBF\X0\u s\X2\00E1\X0\ng');
#187= IFCCARTESIANPOINTLIST3D(((0.0,0.0,0.092318),(-0.223475,0.0,0.092318),(-0.217872,0.049728,0.092318),(-0.201344,0.096962,0.092318),(-0.174719,0.139334,0.092318),(-0.139334,0.174719,0.092318),(-0.096962,0.201344,0.092318),(-0.049728,0.217872,0.092318),(0.0,0.223475,0.092318),(0.049728,0.217872,0.092318),(0.096962,0.201344,0.092318),(0.139334,0.174719,0.092318),(0.174719,0.139334,0.092318),(0.201344,0.096962,0.092318),(0.217872,0.049728,0.092318),(0.223475,0.0,0.092318)),$);
#188= IFCTRIANGULATEDFACESET(#187,$,$,((15,16,1),(1,13,14),(1,14,15),(12,13,1),(12,1,11),(10,11,1),(10,1,9),(4,5,1),(4,1,3),(1,5,6),(1,6,7),(8,9,1),(8,1,7),(1,2,3)),$);
#189= IFCSTYLEDITEM(#188,(#121),'\X2\0110\X0\\X2\00E8\X0\n chi\X2\1EBF\X0\u s\X2\00E1\X0\ng');
#190= IFCCARTESIANPOINTLIST3D(((0.0,0.0,0.092318),(0.223475,0.0,0.092318),(0.217872,-0.049728,0.092318),(0.201344,-0.096962,0.092318),(0.174719,-0.139334,0.092318),(0.139334,-0.174719,0.092318),(0.096962,-0.201344,0.092318),(0.049728,-0.217872,0.092318),(0.0,-0.223475,0.092318),(-0.049728,-0.217872,0.092318),(-0.096962,-0.201344,0.092318),(-0.139334,-0.174719,0.092318),(-0.174719,-0.139334,0.092318),(-0.201344,-0.096962,0.092318),(-0.217872,-0.049728,0.092318),(-0.223475,0.0,0.092318)),$);
#191= IFCTRIANGULATEDFACESET(#190,$,$,((1,5,6),(1,6,7),(1,7,8),(1,8,9),(1,3,4),(1,4,5),(2,3,1),(1,10,11),(1,11,12),(13,1,12),(14,15,1),(14,1,13),(15,16,1),(10,1,9)),$);
#192= IFCSTYLEDITEM(#191,(#121),'\X2\0110\X0\\X2\00E8\X0\n chi\X2\1EBF\X0\u s\X2\00E1\X0\ng');
#193= IFCCARTESIANPOINTLIST3D(((0.182761,0.0,0.664924),(0.176534,0.047302,0.664924),(0.158276,0.091381,0.664924),(0.129232,0.129232,0.664924),(0.091381,0.158276,0.664924),(0.047302,0.176534,0.664924),(0.0,0.182761,0.664924),(-0.047302,0.176534,0.664924),(-0.091381,0.158276,0.664924),(-0.129232,0.129232,0.664924),(-0.158276,0.091381,0.664924),(-0.176534,0.047302,0.664924),(-0.182761,0.0,0.664924),(-0.177892,0.0,0.671736),(-0.171831,0.046042,0.671736),(-0.154059,0.088946,0.671736),(-0.125789,0.125789,0.671736),(-0.088946,0.154059,0.671736),(-0.046042,0.171831,0.671736),(0.0,0.177892,0.671736),(0.046042,0.171831,0.671736),(0.088946,0.154059,0.671736),(0.125789,0.125789,0.671736),(0.154059,0.088946,0.671736),(0.171831,0.046042,0.671736),(0.177892,0.0,0.671736)),$);
#194= IFCTRIANGULATEDFACESET(#193,$,$,((13,14,15),(13,15,12),(12,15,16),(12,16,11),(10,17,18),(10,18,9),(11,16,17),(11,17,10),(9,18,19),(9,19,8),(20,7,8),(20,8,19),(22,23,4),(22,4,5),(21,22,5),(21,5,6),(24,25,2),(24,2,3),(23,24,3),(23,3,4),(25,26,1),(25,1,2),(21,6,7),(21,7,20)),$);
#195= IFCSTYLEDITEM(#194,(#121),'\X2\0110\X0\\X2\00E8\X0\n chi\X2\1EBF\X0\u s\X2\00E1\X0\ng');
#196= IFCCARTESIANPOINTLIST3D(((-0.182761,0.0,0.664924),(-0.176534,-0.047302,0.664924),(-0.158276,-0.091381,0.664924),(-0.129232,-0.129232,0.664924),(-0.091381,-0.158276,0.664924),(-0.047302,-0.176534,0.664924),(0.0,-0.182761,0.664924),(0.047302,-0.176534,0.664924),(0.091381,-0.158276,0.664924),(0.129232,-0.129232,0.664924),(0.158276,-0.091381,0.664924),(0.176534,-0.047302,0.664924),(0.182761,0.0,0.664924),(0.177892,0.0,0.671736),(0.171831,-0.046042,0.671736),(0.154059,-0.088946,0.671736),(0.125789,-0.125789,0.671736),(0.088946,-0.154059,0.671736),(0.046042,-0.171831,0.671736),(0.0,-0.177892,0.671736),(-0.046042,-0.171831,0.671736),(-0.088946,-0.154059,0.671736),(-0.125789,-0.125789,0.671736),(-0.154059,-0.088946,0.671736),(-0.171831,-0.046042,0.671736),(-0.177892,0.0,0.671736)),$);
#197= IFCTRIANGULATEDFACESET(#196,$,$,((13,14,15),(13,15,12),(12,15,16),(12,16,11),(10,17,18),(10,18,9),(11,16,17),(11,17,10),(9,18,19),(9,19,8),(20,7,8),(20,8,19),(6,21,22),(6,22,5),(5,22,23),(5,23,4),(25,26,1),(25,1,2),(4,23,24),(4,24,3),(3,24,25),(3,25,2),(21,6,7),(21,7,20)),$);
#198= IFCSTYLEDITEM(#197,(#121),'\X2\0110\X0\\X2\00E8\X0\n chi\X2\1EBF\X0\u s\X2\00E1\X0\ng');
#199= IFCCARTESIANPOINTLIST3D(((0.187793,0.0,0.657608),(0.181394,0.048604,0.657608),(0.162633,0.093896,0.657608),(0.13279,0.13279,0.657608),(0.093896,0.162633,0.657608),(0.048604,0.181394,0.657608),(0.0,0.187793,0.657608),(-0.048604,0.181394,0.657608),(-0.093896,0.162633,0.657608),(-0.13279,0.13279,0.657608),(-0.162633,0.093896,0.657608),(-0.181394,0.048604,0.657608),(-0.187793,0.0,0.657608),(-0.182761,0.0,0.664924),(-0.176534,0.047302,0.664924),(-0.158276,0.091381,0.664924),(-0.129232,0.129232,0.664924),(-0.091381,0.158276,0.664924),(-0.047302,0.176534,0.664924),(0.0,0.182761,0.664924),(0.047302,0.176534,0.664924),(0.091381,0.158276,0.664924),(0.129232,0.129232,0.664924),(0.158276,0.091381,0.664924),(0.176534,0.047302,0.664924),(0.182761,0.0,0.664924)),$);
#200= IFCTRIANGULATEDFACESET(#199,$,$,((13,14,15),(13,15,12),(12,15,16),(12,16,11),(10,17,18),(10,18,9),(11,16,17),(11,17,10),(9,18,19),(9,19,8),(20,7,8),(20,8,19),(22,23,4),(22,4,5),(21,22,5),(21,5,6),(24,25,2),(24,2,3),(23,24,3),(23,3,4),(25,26,1),(25,1,2),(21,6,7),(21,7,20)),$);
#201= IFCSTYLEDITEM(#200,(#121),'\X2\0110\X0\\X2\00E8\X0\n chi\X2\1EBF\X0\u s\X2\00E1\X0\ng');
#202= IFCCARTESIANPOINTLIST3D(((-0.187793,0.0,0.657608),(-0.181394,-0.048604,0.657608),(-0.162633,-0.093896,0.657608),(-0.13279,-0.13279,0.657608),(-0.093896,-0.162633,0.657608),(-0.048604,-0.181394,0.657608),(0.0,-0.187793,0.657608),(0.048604,-0.181394,0.657608),(0.093896,-0.162633,0.657608),(0.13279,-0.13279,0.657608),(0.162633,-0.093896,0.657608),(0.181394,-0.048604,0.657608),(0.187793,0.0,0.657608),(0.182761,0.0,0.664924),(0.176534,-0.047302,0.664924),(0.158276,-0.091381,0.664924),(0.129232,-0.129232,0.664924),(0.091381,-0.158276,0.664924),(0.047302,-0.176534,0.664924),(0.0,-0.182761,0.664924),(-0.047302,-0.176534,0.664924),(-0.091381,-0.158276,0.664924),(-0.129232,-0.129232,0.664924),(-0.158276,-0.091381,0.664924),(-0.176534,-0.047302,0.664924),(-0.182761,0.0,0.664924)),$);
#203= IFCTRIANGULATEDFACESET(#202,$,$,((13,14,15),(13,15,12),(12,15,16),(12,16,11),(10,17,18),(10,18,9),(11,16,17),(11,17,10),(9,18,19),(9,19,8),(20,7,8),(20,8,19),(6,21,22),(6,22,5),(5,22,23),(5,23,4),(2,25,26),(2,26,1),(4,23,24),(4,24,3),(3,24,25),(3,25,2),(21,6,7),(21,7,20)),$);
#204= IFCSTYLEDITEM(#203,(#121),'\X2\0110\X0\\X2\00E8\X0\n chi\X2\1EBF\X0\u s\X2\00E1\X0\ng');
#205= IFCCARTESIANPOINTLIST3D(((0.192917,0.0,0.649876),(0.187311,0.046168,0.649876),(0.170819,0.089653,0.649876),(0.1444,0.127928,0.649876),(0.109589,0.158767,0.649876),(0.068409,0.18038,0.649876),(0.023254,0.19151,0.649876),(-0.023254,0.19151,0.649876),(-0.068409,0.18038,0.649876),(-0.109589,0.158767,0.649876),(-0.1444,0.127928,0.649876),(-0.170819,0.089653,0.649876),(-0.187311,0.046168,0.649876),(-0.192917,0.0,0.649876),(-0.187793,0.0,0.657608),(-0.181394,0.048604,0.657608),(-0.162633,0.093896,0.657608),(-0.13279,0.13279,0.657608),(-0.093896,0.162633,0.657608),(-0.048604,0.181394,0.657608),(0.0,0.187793,0.657608),(0.048604,0.181394,0.657608),(0.093896,0.162633,0.657608),(0.13279,0.13279,0.657608),(0.162633,0.093896,0.657608),(0.181394,0.048604,0.657608),(0.187793,0.0,0.657608)),$);
#206= IFCTRIANGULATEDFACESET(#205,$,$,((16,13,15),(17,12,16),(10,18,19),(17,18,11),(9,19,20),(16,12,13),(13,14,15),(9,10,19),(11,18,10),(11,12,17),(8,9,20),(20,21,8),(22,23,6),(21,22,7),(3,25,26),(4,24,25),(5,23,24),(2,26,27),(6,7,22),(6,23,5),(24,4,5),(25,3,4),(2,3,26),(27,1,2),(21,7,8)),$);
#207= IFCSTYLEDITEM(#206,(#121),'\X2\0110\X0\\X2\00E8\X0\n chi\X2\1EBF\X0\u s\X2\00E1\X0\ng');
#208= IFCCARTESIANPOINTLIST3D(((-0.192917,0.0,0.649876),(-0.187311,-0.046168,0.649876),(-0.170819,-0.089653,0.649876),(-0.1444,-0.127928,0.649876),(-0.109589,-0.158767,0.649876),(-0.068409,-0.18038,0.649876),(-0.023254,-0.19151,0.649876),(0.023254,-0.19151,0.649876),(0.068409,-0.18038,0.649876),(0.109589,-0.158767,0.649876),(0.1444,-0.127928,0.649876),(0.170819,-0.089653,0.649876),(0.187311,-0.046168,0.649876),(0.192917,0.0,0.649876),(0.187793,0.0,0.657608),(0.181394,-0.048604,0.657608),(0.162633,-0.093896,0.657608),(0.13279,-0.13279,0.657608),(0.093896,-0.162633,0.657608),(0.048604,-0.181394,0.657608),(0.0,-0.187793,0.657608),(-0.048604,-0.181394,0.657608),(-0.093896,-0.162633,0.657608),(-0.13279,-0.13279,0.657608),(-0.162633,-0.093896,0.657608),(-0.181394,-0.048604,0.657608),(-0.187793,0.0,0.657608)),$);
#209= IFCTRIANGULATEDFACESET(#208,$,$,((16,13,15),(17,12,16),(10,18,19),(17,18,11),(9,19,20),(16,12,13),(13,14,15),(9,10,19),(11,18,10),(11,12,17),(8,9,20),(20,21,8),(22,7,21),(23,6,22),(24,25,4),(27,2,26),(23,24,5),(3,25,26),(23,5,6),(6,7,22),(3,4,25),(2,27,1),(4,5,24),(26,2,3),(21,7,8)),$);
#210= IFCSTYLEDITEM(#209,(#121),'\X2\0110\X0\\X2\00E8\X0\n chi\X2\1EBF\X0\u s\X2\00E1\X0\ng');
#211= IFCCARTESIANPOINTLIST3D(((0.198048,0.0,0.641843),(0.192293,0.047396,0.641843),(0.175363,0.092038,0.641843),(0.148241,0.13133,0.641843),(0.112504,0.16299,0.641843),(0.070229,0.185178,0.641843),(0.023872,0.196604,0.641843),(-0.023872,0.196604,0.641843),(-0.070229,0.185178,0.641843),(-0.112504,0.16299,0.641843),(-0.148241,0.13133,0.641843),(-0.175363,0.092038,0.641843),(-0.192293,0.047396,0.641843),(-0.198048,0.0,0.641843),(-0.192917,0.0,0.649876),(-0.187311,0.046168,0.649876),(-0.170819,0.089653,0.649876),(-0.1444,0.127928,0.649876),(-0.109589,0.158767,0.649876),(-0.068409,0.18038,0.649876),(-0.023254,0.19151,0.649876),(0.023254,0.19151,0.649876),(0.068409,0.18038,0.649876),(0.109589,0.158767,0.649876),(0.1444,0.127928,0.649876),(0.170819,0.089653,0.649876),(0.187311,0.046168,0.649876),(0.192917,0.0,0.649876)),$);
#212= IFCTRIANGULATEDFACESET(#211,$,$,((14,15,16),(14,16,13),(13,16,17),(13,17,12),(11,18,19),(11,19,10),(10,19,20),(10,20,9),(12,17,18),(12,18,11),(9,20,21),(9,21,8),(8,21,22),(8,22,7),(6,23,24),(6,24,5),(7,22,23),(7,23,6),(26,27,2),(26,2,3),(25,26,3),(25,3,4),(24,25,4),(24,4,5),(27,28,1),(27,1,2)),$);
#213= IFCSTYLEDITEM(#212,(#121),'\X2\0110\X0\\X2\00E8\X0\n chi\X2\1EBF\X0\u s\X2\00E1\X0\ng');
#214= IFCCARTESIANPOINTLIST3D(((-0.198048,0.0,0.641843),(-0.192293,-0.047396,0.641843),(-0.175363,-0.092038,0.641843),(-0.148241,-0.13133,0.641843),(-0.112504,-0.16299,0.641843),(-0.070229,-0.185178,0.641843),(-0.023872,-0.196604,0.641843),(0.023872,-0.196604,0.641843),(0.070229,-0.185178,0.641843),(0.112504,-0.16299,0.641843),(0.148241,-0.13133,0.641843),(0.175363,-0.092038,0.641843),(0.192293,-0.047396,0.641843),(0.198048,0.0,0.641843),(0.192917,0.0,0.649876),(0.187311,-0.046168,0.649876),(0.170819,-0.089653,0.649876),(0.1444,-0.127928,0.649876),(0.109589,-0.158767,0.649876),(0.068409,-0.18038,0.649876),(0.023254,-0.19151,0.649876),(-0.023254,-0.19151,0.649876),(-0.068409,-0.18038,0.649876),(-0.109589,-0.158767,0.649876),(-0.1444,-0.127928,0.649876),(-0.170819,-0.089653,0.649876),(-0.187311,-0.046168,0.649876),(-0.192917,0.0,0.649876)),$);
#215= IFCTRIANGULATEDFACESET(#214,$,$,((14,15,16),(14,16,13),(13,16,17),(13,17,12),(11,18,19),(11,19,10),(10,19,20),(10,20,9),(12,17,18),(12,18,11),(9,20,21),(9,21,8),(8,21,22),(8,22,7),(7,22,23),(7,23,6),(6,23,24),(6,24,5),(3,26,27),(3,27,2),(27,28,1),(27,1,2),(5,24,25),(5,25,4),(4,25,26),(4,26,3)),$);
#216= IFCSTYLEDITEM(#215,(#121),'\X2\0110\X0\\X2\00E8\X0\n chi\X2\1EBF\X0\u s\X2\00E1\X0\ng');
#217= IFCCARTESIANPOINTLIST3D(((0.203102,0.0,0.633621),(0.1972,0.048606,0.633621),(0.179838,0.094386,0.633621),(0.152024,0.134682,0.633621),(0.115375,0.16715,0.633621),(0.072021,0.189904,0.633621),(0.024481,0.201621,0.633621),(-0.024481,0.201621,0.633621),(-0.072021,0.189904,0.633621),(-0.115375,0.16715,0.633621),(-0.152024,0.134682,0.633621),(-0.179838,0.094386,0.633621),(-0.1972,0.048606,0.633621),(-0.203102,0.0,0.633621),(-0.198048,0.0,0.641843),(-0.192293,0.047396,0.641843),(-0.175363,0.092038,0.641843),(-0.148241,0.13133,0.641843),(-0.112504,0.16299,0.641843),(-0.070229,0.185178,0.641843),(-0.023872,0.196604,0.641843),(0.023872,0.196604,0.641843),(0.070229,0.185178,0.641843),(0.112504,0.16299,0.641843),(0.148241,0.13133,0.641843),(0.175363,0.092038,0.641843),(0.192293,0.047396,0.641843),(0.198048,0.0,0.641843)),$);
#218= IFCTRIANGULATEDFACESET(#217,$,$,((14,15,16),(14,16,13),(13,16,17),(13,17,12),(11,18,19),(11,19,10),(10,19,20),(10,20,9),(12,17,18),(12,18,11),(9,20,21),(9,21,8),(8,21,22),(8,22,7),(6,23,24),(6,24,5),(7,22,23),(7,23,6),(26,27,2),(26,2,3),(25,26,3),(25,3,4),(24,25,4),(24,4,5),(27,28,1),(27,1,2)),$);
#219= IFCSTYLEDITEM(#218,(#121),'\X2\0110\X0\\X2\00E8\X0\n chi\X2\1EBF\X0\u s\X2\00E1\X0\ng');
#220= IFCCARTESIANPOINTLIST3D(((-0.203102,0.0,0.633621),(-0.1972,-0.048606,0.633621),(-0.179838,-0.094386,0.633621),(-0.152024,-0.134682,0.633621),(-0.115375,-0.16715,0.633621),(-0.072021,-0.189904,0.633621),(-0.024481,-0.201621,0.633621),(0.024481,-0.201621,0.633621),(0.072021,-0.189904,0.633621),(0.115375,-0.16715,0.633621),(0.152024,-0.134682,0.633621),(0.179838,-0.094386,0.633621),(0.1972,-0.048606,0.633621),(0.203102,0.0,0.633621),(0.198048,0.0,0.641843),(0.192293,-0.047396,0.641843),(0.175363,-0.092038,0.641843),(0.148241,-0.13133,0.641843),(0.112504,-0.16299,0.641843),(0.070229,-0.185178,0.641843),(0.023872,-0.196604,0.641843),(-0.023872,-0.196604,0.641843),(-0.070229,-0.185178,0.641843),(-0.112504,-0.16299,0.641843),(-0.148241,-0.13133,0.641843),(-0.175363,-0.092038,0.641843),(-0.192293,-0.047396,0.641843),(-0.198048,0.0,0.641843)),$);
#221= IFCTRIANGULATEDFACESET(#220,$,$,((14,15,16),(14,16,13),(13,16,17),(13,17,12),(11,18,19),(11,19,10),(10,19,20),(10,20,9),(12,17,18),(12,18,11),(9,20,21),(9,21,8),(8,21,22),(8,22,7),(7,22,23),(7,23,6),(6,23,24),(6,24,5),(3,26,27),(3,27,2),(27,28,1),(27,1,2),(5,24,25),(5,25,4),(4,25,26),(4,26,3)),$);
#222= IFCSTYLEDITEM(#221,(#121),'\X2\0110\X0\\X2\00E8\X0\n chi\X2\1EBF\X0\u s\X2\00E1\X0\ng');
#223= IFCCARTESIANPOINTLIST3D(((0.207994,0.0,0.625326),(0.20195,0.049776,0.625326),(0.184169,0.096659,0.625326),(0.155685,0.137925,0.625326),(0.118154,0.171175,0.625326),(0.073756,0.194477,0.625326),(0.025071,0.206477,0.625326),(-0.025071,0.206477,0.625326),(-0.073756,0.194477,0.625326),(-0.118154,0.171175,0.625326),(-0.155685,0.137925,0.625326),(-0.184169,0.096659,0.625326),(-0.20195,0.049776,0.625326),(-0.207994,0.0,0.625326),(-0.203102,0.0,0.633621),(-0.1972,0.048606,0.633621),(-0.179838,0.094386,0.633621),(-0.152024,0.134682,0.633621),(-0.115375,0.16715,0.633621),(-0.072021,0.189904,0.633621),(-0.024481,0.201621,0.633621),(0.024481,0.201621,0.633621),(0.072021,0.189904,0.633621),(0.115375,0.16715,0.633621),(0.152024,0.134682,0.633621),(0.179838,0.094386,0.633621),(0.1972,0.048606,0.633621),(0.203102,0.0,0.633621)),$);
#224= IFCTRIANGULATEDFACESET(#223,$,$,((14,15,16),(14,16,13),(13,16,17),(13,17,12),(11,18,19),(11,19,10),(10,19,20),(10,20,9),(12,17,18),(12,18,11),(9,20,21),(9,21,8),(8,21,22),(8,22,7),(23,24,5),(23,5,6),(22,23,6),(22,6,7),(26,27,2),(26,2,3),(25,26,3),(25,3,4),(24,25,4),(24,4,5),(27,28,1),(27,1,2)),$);
#225= IFCSTYLEDITEM(#224,(#121),'\X2\0110\X0\\X2\00E8\X0\n chi\X2\1EBF\X0\u s\X2\00E1\X0\ng');
#226= IFCCARTESIANPOINTLIST3D(((-0.207994,0.0,0.625326),(-0.20195,-0.049776,0.625326),(-0.184169,-0.096659,0.625326),(-0.155685,-0.137925,0.625326),(-0.118154,-0.171175,0.625326),(-0.073756,-0.194477,0.625326),(-0.025071,-0.206477,0.625326),(0.025071,-0.206477,0.625326),(0.073756,-0.194477,0.625326),(0.118154,-0.171175,0.625326),(0.155685,-0.137925,0.625326),(0.184169,-0.096659,0.625326),(0.20195,-0.049776,0.625326),(0.207994,0.0,0.625326),(0.203102,0.0,0.633621),(0.1972,-0.048606,0.633621),(0.179838,-0.094386,0.633621),(0.152024,-0.134682,0.633621),(0.115375,-0.16715,0.633621),(0.072021,-0.189904,0.633621),(0.024481,-0.201621,0.633621),(-0.024481,-0.201621,0.633621),(-0.072021,-0.189904,0.633621),(-0.115375,-0.16715,0.633621),(-0.152024,-0.134682,0.633621),(-0.179838,-0.094386,0.633621),(-0.1972,-0.048606,0.633621),(-0.203102,0.0,0.633621)),$);
#227= IFCTRIANGULATEDFACESET(#226,$,$,((14,15,16),(14,16,13),(13,16,17),(13,17,12),(11,18,19),(11,19,10),(10,19,20),(10,20,9),(12,17,18),(12,18,11),(9,20,21),(9,21,8),(8,21,22),(8,22,7),(7,22,23),(7,23,6),(6,23,24),(6,24,5),(26,27,2),(26,2,3),(25,26,3),(25,3,4),(27,28,1),(27,1,2),(5,24,25),(5,25,4)),$);
#228= IFCSTYLEDITEM(#227,(#121),'\X2\0110\X0\\X2\00E8\X0\n chi\X2\1EBF\X0\u s\X2\00E1\X0\ng');
#229= IFCCARTESIANPOINTLIST3D(((0.212638,0.0,0.617071),(0.206459,0.050888,0.617071),(0.188282,0.098818,0.617071),(0.159162,0.141005,0.617071),(0.120792,0.174998,0.617071),(0.075402,0.19882,0.617071),(0.025631,0.211088,0.617071),(-0.025631,0.211088,0.617071),(-0.075402,0.19882,0.617071),(-0.120792,0.174998,0.617071),(-0.159162,0.141005,0.617071),(-0.188282,0.098818,0.617071),(-0.206459,0.050888,0.617071),(-0.212638,0.0,0.617071),(-0.207994,0.0,0.625326),(-0.20195,0.049776,0.625326),(-0.184169,0.096659,0.625326),(-0.155685,0.137925,0.625326),(-0.118154,0.171175,0.625326),(-0.073756,0.194477,0.625326),(-0.025071,0.206477,0.625326),(0.025071,0.206477,0.625326),(0.073756,0.194477,0.625326),(0.118154,0.171175,0.625326),(0.155685,0.137925,0.625326),(0.184169,0.096659,0.625326),(0.20195,0.049776,0.625326),(0.207994,0.0,0.625326)),$);
#230= IFCTRIANGULATEDFACESET(#229,$,$,((14,15,16),(14,16,13),(13,16,17),(13,17,12),(11,18,19),(11,19,10),(10,19,20),(10,20,9),(12,17,18),(12,18,11),(9,20,21),(9,21,8),(8,21,22),(8,22,7),(23,24,5),(23,5,6),(22,23,6),(22,6,7),(26,27,2),(26,2,3),(25,26,3),(25,3,4),(24,25,4),(24,4,5),(27,28,1),(27,1,2)),$);
#231= IFCSTYLEDITEM(#230,(#121),'\X2\0110\X0\\X2\00E8\X0\n chi\X2\1EBF\X0\u s\X2\00E1\X0\ng');
#232= IFCCARTESIANPOINTLIST3D(((-0.212638,0.0,0.617071),(-0.206459,-0.050888,0.617071),(-0.188282,-0.098818,0.617071),(-0.159162,-0.141005,0.617071),(-0.120792,-0.174998,0.617071),(-0.075402,-0.19882,0.617071),(-0.025631,-0.211088,0.617071),(0.025631,-0.211088,0.617071),(0.075402,-0.19882,0.617071),(0.120792,-0.174998,0.617071),(0.159162,-0.141005,0.617071),(0.188282,-0.098818,0.617071),(0.206459,-0.050888,0.617071),(0.212638,0.0,0.617071),(0.207994,0.0,0.625326),(0.20195,-0.049776,0.625326),(0.184169,-0.096659,0.625326),(0.155685,-0.137925,0.625326),(0.118154,-0.171175,0.625326),(0.073756,-0.194477,0.625326),(0.025071,-0.206477,0.625326),(-0.025071,-0.206477,0.625326),(-0.073756,-0.194477,0.625326),(-0.118154,-0.171175,0.625326),(-0.155685,-0.137925,0.625326),(-0.184169,-0.096659,0.625326),(-0.20195,-0.049776,0.625326),(-0.207994,0.0,0.625326)),$);
#233= IFCTRIANGULATEDFACESET(#232,$,$,((14,15,16),(14,16,13),(13,16,17),(13,17,12),(11,18,19),(11,19,10),(10,19,20),(10,20,9),(12,17,18),(12,18,11),(9,20,21),(9,21,8),(8,21,22),(8,22,7),(7,22,23),(7,23,6),(6,23,24),(6,24,5),(26,27,2),(26,2,3),(25,26,3),(25,3,4),(27,28,1),(27,1,2),(5,24,25),(5,25,4)),$);
#234= IFCSTYLEDITEM(#233,(#121),'\X2\0110\X0\\X2\00E8\X0\n chi\X2\1EBF\X0\u s\X2\00E1\X0\ng');
#235= IFCCARTESIANPOINTLIST3D(((0.216951,0.0,0.608971),(0.210646,0.05192,0.608971),(0.1921,0.100822,0.608971),(0.16239,0.143865,0.608971),(0.123242,0.178547,0.608971),(0.076932,0.202852,0.608971),(0.02615,0.215369,0.608971),(-0.02615,0.215369,0.608971),(-0.076932,0.202852,0.608971),(-0.123242,0.178547,0.608971),(-0.16239,0.143865,0.608971),(-0.1921,0.100822,0.608971),(-0.210646,0.05192,0.608971),(-0.216951,0.0,0.608971),(-0.212638,0.0,0.617071),(-0.206459,0.050888,0.617071),(-0.188282,0.098818,0.617071),(-0.159162,0.141005,0.617071),(-0.120792,0.174998,0.617071),(-0.075402,0.19882,0.617071),(-0.025631,0.211088,0.617071),(0.025631,0.211088,0.617071),(0.075402,0.19882,0.617071),(0.120792,0.174998,0.617071),(0.159162,0.141005,0.617071),(0.188282,0.098818,0.617071),(0.206459,0.050888,0.617071),(0.212638,0.0,0.617071)),$);
#236= IFCTRIANGULATEDFACESET(#235,$,$,((14,15,16),(14,16,13),(13,16,17),(13,17,12),(11,18,19),(11,19,10),(10,19,20),(10,20,9),(12,17,18),(12,18,11),(9,20,21),(9,21,8),(8,21,22),(8,22,7),(23,24,5),(23,5,6),(22,23,6),(22,6,7),(26,27,2),(26,2,3),(25,26,3),(25,3,4),(24,25,4),(24,4,5),(27,28,1),(27,1,2)),$);
#237= IFCSTYLEDITEM(#236,(#121),'\X2\0110\X0\\X2\00E8\X0\n chi\X2\1EBF\X0\u s\X2\00E1\X0\ng');
#238= IFCCARTESIANPOINTLIST3D(((-0.216951,0.0,0.608971),(-0.210646,-0.05192,0.608971),(-0.1921,-0.100822,0.608971),(-0.16239,-0.143865,0.608971),(-0.123242,-0.178547,0.608971),(-0.076932,-0.202852,0.608971),(-0.02615,-0.215369,0.608971),(0.02615,-0.215369,0.608971),(0.076932,-0.202852,0.608971),(0.123242,-0.178547,0.608971),(0.16239,-0.143865,0.608971),(0.1921,-0.100822,0.608971),(0.210646,-0.05192,0.608971),(0.216951,0.0,0.608971),(0.212638,0.0,0.617071),(0.206459,-0.050888,0.617071),(0.188282,-0.098818,0.617071),(0.159162,-0.141005,0.617071),(0.120792,-0.174998,0.617071),(0.075402,-0.19882,0.617071),(0.025631,-0.211088,0.617071),(-0.025631,-0.211088,0.617071),(-0.075402,-0.19882,0.617071),(-0.120792,-0.174998,0.617071),(-0.159162,-0.141005,0.617071),(-0.188282,-0.098818,0.617071),(-0.206459,-0.050888,0.617071),(-0.212638,0.0,0.617071)),$);
#239= IFCTRIANGULATEDFACESET(#238,$,$,((14,15,16),(14,16,13),(13,16,17),(13,17,12),(11,18,19),(11,19,10),(10,19,20),(10,20,9),(12,17,18),(12,18,11),(9,20,21),(9,21,8),(8,21,22),(8,22,7),(7,22,23),(7,23,6),(6,23,24),(6,24,5),(26,27,2),(26,2,3),(4,25,26),(4,26,3),(27,28,1),(27,1,2),(5,24,25),(5,25,4)),$);
#240= IFCSTYLEDITEM(#239,(#121),'\X2\0110\X0\\X2\00E8\X0\n chi\X2\1EBF\X0\u s\X2\00E1\X0\ng');
#241= IFCCARTESIANPOINTLIST3D(((0.220846,0.0,0.601139),(0.215309,0.049143,0.601139),(0.198976,0.095822,0.601139),(0.172665,0.137695,0.601139),(0.137695,0.172665,0.601139),(0.095822,0.198976,0.601139),(0.049143,0.215309,0.601139),(0.0,0.220846,0.601139),(-0.049143,0.215309,0.601139),(-0.095822,0.198976,0.601139),(-0.137695,0.172665,0.601139),(-0.172665,0.137695,0.601139),(-0.198976,0.095822,0.601139),(-0.215309,0.049143,0.601139),(-0.220846,0.0,0.601139),(-0.216951,0.0,0.608971),(-0.210646,0.05192,0.608971),(-0.1921,0.100822,0.608971),(-0.16239,0.143865,0.608971),(-0.123242,0.178547,0.608971),(-0.076932,0.202852,0.608971),(-0.02615,0.215369,0.608971),(0.02615,0.215369,0.608971),(0.076932,0.202852,0.608971),(0.123242,0.178547,0.608971),(0.16239,0.143865,0.608971),(0.1921,0.100822,0.608971),(0.210646,0.05192,0.608971),(0.216951,0.0,0.608971)),$);
#242= IFCTRIANGULATEDFACESET(#241,$,$,((17,14,16),(18,13,17),(11,19,20),(20,21,10),(18,19,12),(22,9,21),(17,13,14),(14,15,16),(10,11,20),(12,19,11),(12,13,18),(9,10,21),(22,8,9),(6,24,25),(23,24,7),(27,28,3),(4,26,27),(5,25,26),(2,28,29),(7,24,6),(5,6,25),(7,8,23),(26,4,5),(27,3,4),(2,3,28),(29,1,2),(23,8,22)),$);
#243= IFCSTYLEDITEM(#242,(#121),'\X2\0110\X0\\X2\00E8\X0\n chi\X2\1EBF\X0\u s\X2\00E1\X0\ng');
#244= IFCCARTESIANPOINTLIST3D(((-0.220846,0.0,0.601139),(-0.215309,-0.049143,0.601139),(-0.198976,-0.095822,0.601139),(-0.172665,-0.137695,0.601139),(-0.137695,-0.172665,0.601139),(-0.095822,-0.198976,0.601139),(-0.049143,-0.215309,0.601139),(0.0,-0.220846,0.601139),(0.049143,-0.215309,0.601139),(0.095822,-0.198976,0.601139),(0.137695,-0.172665,0.601139),(0.172665,-0.137695,0.601139),(0.198976,-0.095822,0.601139),(0.215309,-0.049143,0.601139),(0.220846,0.0,0.601139),(0.216951,0.0,0.608971),(0.210646,-0.05192,0.608971),(0.1921,-0.100822,0.608971),(0.16239,-0.143865,0.608971),(0.123242,-0.178547,0.608971),(0.076932,-0.202852,0.608971),(0.02615,-0.215369,0.608971),(-0.02615,-0.215369,0.608971),(-0.076932,-0.202852,0.608971),(-0.123242,-0.178547,0.608971),(-0.16239,-0.143865,0.608971),(-0.1921,-0.100822,0.608971),(-0.210646,-0.05192,0.608971),(-0.216951,0.0,0.608971)),$);
#245= IFCTRIANGULATEDFACESET(#244,$,$,((17,14,16),(18,13,17),(11,19,20),(20,21,10),(18,19,12),(22,9,21),(17,13,14),(14,15,16),(10,11,20),(12,19,11),(12,13,18),(9,10,21),(22,8,9),(7,23,24),(25,6,24),(27,28,3),(26,27,4),(28,29,2),(5,25,26),(5,6,25),(6,7,24),(7,8,23),(4,27,3),(3,28,2),(29,1,2),(5,26,4),(23,8,22)),$);
#246= IFCSTYLEDITEM(#245,(#121),'\X2\0110\X0\\X2\00E8\X0\n chi\X2\1EBF\X0\u s\X2\00E1\X0\ng');
#247= IFCCARTESIANPOINTLIST3D(((0.224262,0.0,0.593663),(0.218639,0.049903,0.593663),(0.202053,0.097304,0.593663),(0.175335,0.139825,0.593663),(0.139825,0.175335,0.593663),(0.097304,0.202053,0.593663),(0.049903,0.218639,0.593663),(0.0,0.224262,0.593663),(-0.049903,0.218639,0.593663),(-0.097304,0.202053,0.593663),(-0.139825,0.175335,0.593663),(-0.175335,0.139825,0.593663),(-0.202053,0.097304,0.593663),(-0.218639,0.049903,0.593663),(-0.224262,0.0,0.593663),(-0.220846,0.0,0.601139),(-0.215309,0.049143,0.601139),(-0.198976,0.095822,0.601139),(-0.172665,0.137695,0.601139),(-0.137695,0.172665,0.601139),(-0.095822,0.198976,0.601139),(-0.049143,0.215309,0.601139),(0.0,0.220846,0.601139),(0.049143,0.215309,0.601139),(0.095822,0.198976,0.601139),(0.137695,0.172665,0.601139),(0.172665,0.137695,0.601139),(0.198976,0.095822,0.601139),(0.215309,0.049143,0.601139),(0.220846,0.0,0.601139)),$);
#248= IFCTRIANGULATEDFACESET(#247,$,$,((15,16,17),(15,17,14),(14,17,18),(14,18,13),(12,19,20),(12,20,11),(11,20,21),(11,21,10),(13,18,19),(13,19,12),(10,21,22),(10,22,9),(23,8,9),(23,9,22),(25,26,5),(25,5,6),(7,24,25),(7,25,6),(28,29,2),(28,2,3),(27,28,3),(27,3,4),(26,27,4),(26,4,5),(29,30,1),(29,1,2),(24,7,8),(24,8,23)),$);
#249= IFCSTYLEDITEM(#248,(#121),'\X2\0110\X0\\X2\00E8\X0\n chi\X2\1EBF\X0\u s\X2\00E1\X0\ng');
#250= IFCCARTESIANPOINTLIST3D(((-0.224262,0.0,0.593663),(-0.218639,-0.049903,0.593663),(-0.202053,-0.097304,0.593663),(-0.175335,-0.139825,0.593663),(-0.139825,-0.175335,0.593663),(-0.097304,-0.202053,0.593663),(-0.049903,-0.218639,0.593663),(0.0,-0.224262,0.593663),(0.049903,-0.218639,0.593663),(0.097304,-0.202053,0.593663),(0.139825,-0.175335,0.593663),(0.175335,-0.139825,0.593663),(0.202053,-0.097304,0.593663),(0.218639,-0.049903,0.593663),(0.224262,0.0,0.593663),(0.220846,0.0,0.601139),(0.215309,-0.049143,0.601139),(0.198976,-0.095822,0.601139),(0.172665,-0.137695,0.601139),(0.137695,-0.172665,0.601139),(0.095822,-0.198976,0.601139),(0.049143,-0.215309,0.601139),(0.0,-0.220846,0.601139),(-0.049143,-0.215309,0.601139),(-0.095822,-0.198976,0.601139),(-0.137695,-0.172665,0.601139),(-0.172665,-0.137695,0.601139),(-0.198976,-0.095822,0.601139),(-0.215309,-0.049143,0.601139),(-0.220846,0.0,0.601139)),$);
#251= IFCTRIANGULATEDFACESET(#250,$,$,((15,16,17),(15,17,14),(14,17,18),(14,18,13),(12,19,20),(12,20,11),(11,20,21),(11,21,10),(13,18,19),(13,19,12),(10,21,22),(10,22,9),(23,8,9),(23,9,22),(7,24,25),(7,25,6),(6,25,26),(6,26,5),(28,29,2),(28,2,3),(27,28,3),(27,3,4),(29,30,1),(29,1,2),(26,27,4),(26,4,5),(24,7,8),(24,8,23)),$);
#252= IFCSTYLEDITEM(#251,(#121),'\X2\0110\X0\\X2\00E8\X0\n chi\X2\1EBF\X0\u s\X2\00E1\X0\ng');
#253= IFCCARTESIANPOINTLIST3D(((0.22722,0.0,0.586518),(0.221523,0.050561,0.586518),(0.204718,0.098587,0.586518),(0.177648,0.141669,0.586518),(0.141669,0.177648,0.586518),(0.098587,0.204718,0.586518),(0.050561,0.221523,0.586518),(0.0,0.22722,0.586518),(-0.050561,0.221523,0.586518),(-0.098587,0.204718,0.586518),(-0.141669,0.177648,0.586518),(-0.177648,0.141669,0.586518),(-0.204718,0.098587,0.586518),(-0.221523,0.050561,0.586518),(-0.22722,0.0,0.586518),(-0.224262,0.0,0.593663),(-0.218639,0.049903,0.593663),(-0.202053,0.097304,0.593663),(-0.175335,0.139825,0.593663),(-0.139825,0.175335,0.593663),(-0.097304,0.202053,0.593663),(-0.049903,0.218639,0.593663),(0.0,0.224262,0.593663),(0.049903,0.218639,0.593663),(0.097304,0.202053,0.593663),(0.139825,0.175335,0.593663),(0.175335,0.139825,0.593663),(0.202053,0.097304,0.593663),(0.218639,0.049903,0.593663),(0.224262,0.0,0.593663)),$);
#254= IFCTRIANGULATEDFACESET(#253,$,$,((15,16,17),(15,17,14),(14,17,18),(14,18,13),(12,19,20),(12,20,11),(11,20,21),(11,21,10),(13,18,19),(13,19,12),(10,21,22),(10,22,9),(23,8,9),(23,9,22),(25,26,5),(25,5,6),(7,24,25),(7,25,6),(28,29,2),(28,2,3),(27,28,3),(27,3,4),(26,27,4),(26,4,5),(29,30,1),(29,1,2),(24,7,8),(24,8,23)),$);
#255= IFCSTYLEDITEM(#254,(#121),'\X2\0110\X0\\X2\00E8\X0\n chi\X2\1EBF\X0\u s\X2\00E1\X0\ng');
#256= IFCCARTESIANPOINTLIST3D(((-0.22722,0.0,0.586518),(-0.221523,-0.050561,0.586518),(-0.204718,-0.098587,0.586518),(-0.177648,-0.141669,0.586518),(-0.141669,-0.177648,0.586518),(-0.098587,-0.204718,0.586518),(-0.050561,-0.221523,0.586518),(0.0,-0.22722,0.586518),(0.050561,-0.221523,0.586518),(0.098587,-0.204718,0.586518),(0.141669,-0.177648,0.586518),(0.177648,-0.141669,0.586518),(0.204718,-0.098587,0.586518),(0.221523,-0.050561,0.586518),(0.22722,0.0,0.586518),(0.224262,0.0,0.593663),(0.218639,-0.049903,0.593663),(0.202053,-0.097304,0.593663),(0.175335,-0.139825,0.593663),(0.139825,-0.175335,0.593663),(0.097304,-0.202053,0.593663),(0.049903,-0.218639,0.593663),(0.0,-0.224262,0.593663),(-0.049903,-0.218639,0.593663),(-0.097304,-0.202053,0.593663),(-0.139825,-0.175335,0.593663),(-0.175335,-0.139825,0.593663),(-0.202053,-0.097304,0.593663),(-0.218639,-0.049903,0.593663),(-0.224262,0.0,0.593663)),$);
#257= IFCTRIANGULATEDFACESET(#256,$,$,((15,16,17),(15,17,14),(14,17,18),(14,18,13),(12,19,20),(12,20,11),(11,20,21),(11,21,10),(13,18,19),(13,19,12),(10,21,22),(10,22,9),(23,8,9),(23,9,22),(7,24,25),(7,25,6),(6,25,26),(6,26,5),(28,29,2),(28,2,3),(27,28,3),(27,3,4),(29,30,1),(29,1,2),(26,27,4),(26,4,5),(24,7,8),(24,8,23)),$);
#258= IFCSTYLEDITEM(#257,(#121),'\X2\0110\X0\\X2\00E8\X0\n chi\X2\1EBF\X0\u s\X2\00E1\X0\ng');
#259= IFCCARTESIANPOINTLIST3D(((0.229765,0.0,0.579654),(0.224004,0.051128,0.579654),(0.207011,0.099691,0.579654),(0.179637,0.143256,0.579654),(0.143256,0.179637,0.579654),(0.099691,0.207011,0.579654),(0.051128,0.224004,0.579654),(0.0,0.229765,0.579654),(-0.051128,0.224004,0.579654),(-0.099691,0.207011,0.579654),(-0.143256,0.179637,0.579654),(-0.179637,0.143256,0.579654),(-0.207011,0.099691,0.579654),(-0.224004,0.051128,0.579654),(-0.229765,0.0,0.579654),(-0.22722,0.0,0.586518),(-0.221523,0.050561,0.586518),(-0.204718,0.098587,0.586518),(-0.177648,0.141669,0.586518),(-0.141669,0.177648,0.586518),(-0.098587,0.204718,0.586518),(-0.050561,0.221523,0.586518),(0.0,0.22722,0.586518),(0.050561,0.221523,0.586518),(0.098587,0.204718,0.586518),(0.141669,0.177648,0.586518),(0.177648,0.141669,0.586518),(0.204718,0.098587,0.586518),(0.221523,0.050561,0.586518),(0.22722,0.0,0.586518)),$);
#260= IFCTRIANGULATEDFACESET(#259,$,$,((15,16,17),(15,17,14),(14,17,18),(14,18,13),(12,19,20),(12,20,11),(11,20,21),(11,21,10),(13,18,19),(13,19,12),(10,21,22),(10,22,9),(23,8,9),(23,9,22),(25,26,5),(25,5,6),(7,24,25),(7,25,6),(28,29,2),(28,2,3),(27,28,3),(27,3,4),(26,27,4),(26,4,5),(29,30,1),(29,1,2),(24,7,8),(24,8,23)),$);
#261= IFCSTYLEDITEM(#260,(#121),'\X2\0110\X0\\X2\00E8\X0\n chi\X2\1EBF\X0\u s\X2\00E1\X0\ng');
#262= IFCCARTESIANPOINTLIST3D(((-0.229765,0.0,0.579654),(-0.224004,-0.051128,0.579654),(-0.207011,-0.099691,0.579654),(-0.179637,-0.143256,0.579654),(-0.143256,-0.179637,0.579654),(-0.099691,-0.207011,0.579654),(-0.051128,-0.224004,0.579654),(0.0,-0.229765,0.579654),(0.051128,-0.224004,0.579654),(0.099691,-0.207011,0.579654),(0.143256,-0.179637,0.579654),(0.179637,-0.143256,0.579654),(0.207011,-0.099691,0.579654),(0.224004,-0.051128,0.579654),(0.229765,0.0,0.579654),(0.22722,0.0,0.586518),(0.221523,-0.050561,0.586518),(0.204718,-0.098587,0.586518),(0.177648,-0.141669,0.586518),(0.141669,-0.177648,0.586518),(0.098587,-0.204718,0.586518),(0.050561,-0.221523,0.586518),(0.0,-0.22722,0.586518),(-0.050561,-0.221523,0.586518),(-0.098587,-0.204718,0.586518),(-0.141669,-0.177648,0.586518),(-0.177648,-0.141669,0.586518),(-0.204718,-0.098587,0.586518),(-0.221523,-0.050561,0.586518),(-0.22722,0.0,0.586518)),$);
#263= IFCTRIANGULATEDFACESET(#262,$,$,((15,16,17),(15,17,14),(14,17,18),(14,18,13),(12,19,20),(12,20,11),(11,20,21),(11,21,10),(13,18,19),(13,19,12),(10,21,22),(10,22,9),(23,8,9),(23,9,22),(7,24,25),(7,25,6),(6,25,26),(6,26,5),(28,29,2),(28,2,3),(27,28,3),(27,3,4),(29,30,1),(29,1,2),(5,26,27),(5,27,4),(24,7,8),(24,8,23)),$);
#264= IFCSTYLEDITEM(#263,(#121),'\X2\0110\X0\\X2\00E8\X0\n chi\X2\1EBF\X0\u s\X2\00E1\X0\ng');
#265= IFCCARTESIANPOINTLIST3D(((0.231941,0.0,0.573017),(0.226126,0.051612,0.573017),(0.208972,0.100635,0.573017),(0.181339,0.144613,0.573017),(0.144613,0.181339,0.573017),(0.100635,0.208972,0.573017),(0.051612,0.226126,0.573017),(0.0,0.231941,0.573017),(-0.051612,0.226126,0.573017),(-0.100635,0.208972,0.573017),(-0.144613,0.181339,0.573017),(-0.181339,0.144613,0.573017),(-0.208972,0.100635,0.573017),(-0.226126,0.051612,0.573017),(-0.231941,0.0,0.573017),(-0.229765,0.0,0.579654),(-0.224004,0.051128,0.579654),(-0.207011,0.099691,0.579654),(-0.179637,0.143256,0.579654),(-0.143256,0.179637,0.579654),(-0.099691,0.207011,0.579654),(-0.051128,0.224004,0.579654),(0.0,0.229765,0.579654),(0.051128,0.224004,0.579654),(0.099691,0.207011,0.579654),(0.143256,0.179637,0.579654),(0.179637,0.143256,0.579654),(0.207011,0.099691,0.579654),(0.224004,0.051128,0.579654),(0.229765,0.0,0.579654),(-0.22606,0.032886,0.579654),(-0.229034,0.025806,0.573017),(-0.217549,0.076124,0.573017),(-0.215508,0.075409,0.579654),(-0.162976,0.162976,0.573017),(-0.161447,0.161447,0.579654),(-0.122624,0.195155,0.573017),(-0.121474,0.193324,0.579654),(-0.195155,0.122624,0.573017),(-0.193324,0.121474,0.579654),(-0.076124,0.217549,0.573017),(-0.075409,0.215508,0.579654),(-0.025564,0.226885,0.579654),(-0.025806,0.229034,0.573017),(0.076124,0.217549,0.573017),(0.075409,0.215508,0.579654),(0.121474,0.193324,0.579654),(0.122624,0.195155,0.573017),(0.215508,0.075409,0.579654),(0.217549,0.076124,0.573017),(0.193324,0.121474,0.579654),(0.195155,0.122624,0.573017),(0.161447,0.161447,0.579654),(0.162976,0.162976,0.573017),(0.22606,0.032886,0.579654),(0.229034,0.025806,0.573017),(0.025564,0.226885,0.579654),(0.025806,0.229034,0.573017)),$);
#266= IFCTRIANGULATEDFACESET(#265,$,$,((31,17,14),(31,14,32),(30,1,56),(30,56,55),(53,27,4),(53,4,54),(33,34,18),(33,18,13),(35,36,20),(35,20,11),(47,26,5),(47,5,48),(37,38,21),(37,21,10),(39,13,40),(39,40,19),(43,23,44),(43,44,9),(51,28,3),(51,3,52),(41,42,22),(41,22,9),(27,51,52),(27,52,4),(40,13,18),(2,29,55),(2,55,56),(14,17,34),(14,34,33),(26,53,54),(26,54,5),(32,15,16),(32,16,31),(10,21,42),(10,42,41),(9,22,43),(11,20,38),(11,38,37),(19,12,39),(12,19,36),(12,36,35),(8,44,23),(25,47,48),(25,48,6),(8,23,57),(8,57,58),(46,25,45),(46,45,7),(50,3,28),(50,28,49),(49,29,2),(49,2,50),(7,24,46),(25,6,45),(24,7,58),(24,58,57)),$);
#267= IFCSTYLEDITEM(#266,(#121),'\X2\0110\X0\\X2\00E8\X0\n chi\X2\1EBF\X0\u s\X2\00E1\X0\ng');
#268= IFCCARTESIANPOINTLIST3D(((-0.231941,0.0,0.573017),(-0.226126,-0.051612,0.573017),(-0.208972,-0.100635,0.573017),(-0.181339,-0.144613,0.573017),(-0.144613,-0.181339,0.573017),(-0.100635,-0.208972,0.573017),(-0.051612,-0.226126,0.573017),(0.0,-0.231941,0.573017),(0.051612,-0.226126,0.573017),(0.100635,-0.208972,0.573017),(0.144613,-0.181339,0.573017),(0.181339,-0.144613,0.573017),(0.208972,-0.100635,0.573017),(0.226126,-0.051612,0.573017),(0.231941,0.0,0.573017),(0.229765,0.0,0.579654),(0.224004,-0.051128,0.579654),(0.207011,-0.099691,0.579654),(0.179637,-0.143256,0.579654),(0.143256,-0.179637,0.579654),(0.099691,-0.207011,0.579654),(0.051128,-0.224004,0.579654),(0.0,-0.229765,0.579654),(-0.051128,-0.224004,0.579654),(-0.099691,-0.207011,0.579654),(-0.143256,-0.179637,0.579654),(-0.179637,-0.143256,0.579654),(-0.207011,-0.099691,0.579654),(-0.224004,-0.051128,0.579654),(-0.229765,0.0,0.579654),(0.22606,-0.032886,0.579654),(0.229034,-0.025806,0.573017),(0.217549,-0.076124,0.573017),(0.215508,-0.075409,0.579654),(0.162976,-0.162976,0.573017),(0.161447,-0.161447,0.579654),(0.122624,-0.195155,0.573017),(0.121474,-0.193324,0.579654),(0.195155,-0.122624,0.573017),(0.193324,-0.121474,0.579654),(0.076124,-0.217549,0.573017),(0.075409,-0.215508,0.579654),(0.025564,-0.226885,0.579654),(0.025806,-0.229034,0.573017),(-0.076124,-0.217549,0.573017),(-0.075409,-0.215508,0.579654),(-0.122624,-0.195155,0.573017),(-0.121474,-0.193324,0.579654),(-0.215508,-0.075409,0.579654),(-0.217549,-0.076124,0.573017),(-0.193324,-0.121474,0.579654),(-0.195155,-0.122624,0.573017),(-0.162976,-0.162976,0.573017),(-0.161447,-0.161447,0.579654),(-0.22606,-0.032886,0.579654),(-0.229034,-0.025806,0.573017),(-0.025564,-0.226885,0.579654),(-0.025806,-0.229034,0.573017)),$);
#269= IFCTRIANGULATEDFACESET(#268,$,$,((31,17,14),(31,14,32),(53,5,54),(53,54,4),(33,34,18),(33,18,13),(35,36,20),(35,20,11),(49,29,2),(49,2,50),(37,38,21),(37,21,10),(46,45,7),(46,7,24),(48,47,6),(48,6,25),(39,40,19),(39,19,12),(51,28,3),(51,3,52),(41,42,22),(41,22,9),(27,51,52),(27,52,4),(13,18,40),(13,40,39),(30,1,56),(30,56,55),(14,17,34),(14,34,33),(32,15,16),(32,16,31),(43,44,9),(43,9,22),(10,21,42),(10,42,41),(26,5,47),(26,47,48),(11,20,38),(11,38,37),(25,6,45),(25,45,46),(12,19,36),(12,36,35),(23,8,44),(23,44,43),(28,49,50),(28,50,3),(2,29,55),(2,55,56),(27,4,54),(58,8,57),(58,57,24),(5,26,54),(24,7,58),(8,23,57)),$);
#270= IFCSTYLEDITEM(#269,(#121),'\X2\0110\X0\\X2\00E8\X0\n chi\X2\1EBF\X0\u s\X2\00E1\X0\ng');
#271= IFCCARTESIANPOINTLIST3D(((0.233793,0.0,0.566557),(0.227931,0.052024,0.566557),(0.21064,0.101439,0.566557),(0.182787,0.145767,0.566557),(0.145767,0.182787,0.566557),(0.101439,0.21064,0.566557),(0.052024,0.227931,0.566557),(0.0,0.233793,0.566557),(-0.052024,0.227931,0.566557),(-0.101439,0.21064,0.566557),(-0.145767,0.182787,0.566557),(-0.182787,0.145767,0.566557),(-0.21064,0.101439,0.566557),(-0.227931,0.052024,0.566557),(-0.233793,0.0,0.566557),(-0.231941,0.0,0.573017),(-0.226126,0.051612,0.573017),(-0.208972,0.100635,0.573017),(-0.181339,0.144613,0.573017),(-0.144613,0.181339,0.573017),(-0.100635,0.208972,0.573017),(-0.051612,0.226126,0.573017),(0.0,0.231941,0.573017),(0.051612,0.226126,0.573017),(0.100635,0.208972,0.573017),(0.144613,0.181339,0.573017),(0.181339,0.144613,0.573017),(0.208972,0.100635,0.573017),(0.226126,0.051612,0.573017),(0.231941,0.0,0.573017),(-0.228217,0.033053,0.573017),(-0.230862,0.026012,0.566557),(-0.219286,0.076731,0.566557),(-0.217549,0.076124,0.573017),(-0.164277,0.164277,0.566557),(-0.162976,0.162976,0.573017),(-0.123603,0.196713,0.566557),(-0.122624,0.195155,0.573017),(-0.196713,0.123603,0.566557),(-0.195155,0.122624,0.573017),(-0.076731,0.219286,0.566557),(-0.076124,0.217549,0.573017),(-0.025806,0.229034,0.573017),(-0.026012,0.230862,0.566557),(0.076731,0.219286,0.566557),(0.076124,0.217549,0.573017),(0.122624,0.195155,0.573017),(0.123603,0.196713,0.566557),(0.217549,0.076124,0.573017),(0.219286,0.076731,0.566557),(0.195155,0.122624,0.573017),(0.196713,0.123603,0.566557),(0.162976,0.162976,0.573017),(0.164277,0.164277,0.566557),(0.228217,0.033053,0.573017),(0.230862,0.026012,0.566557),(0.025806,0.229034,0.573017),(0.026012,0.230862,0.566557)),$);
#272= IFCTRIANGULATEDFACESET(#271,$,$,((31,17,14),(31,14,32),(30,1,56),(30,56,55),(53,27,4),(53,4,54),(33,34,18),(33,18,13),(35,36,20),(35,20,11),(47,26,5),(47,5,48),(37,38,21),(37,21,10),(39,13,40),(39,40,19),(43,23,44),(43,44,9),(51,28,3),(51,3,52),(41,42,22),(41,22,9),(27,51,52),(27,52,4),(40,13,18),(2,29,55),(2,55,56),(14,17,34),(14,34,33),(26,53,54),(26,54,5),(32,15,16),(32,16,31),(10,21,42),(10,42,41),(9,22,43),(11,20,38),(11,38,37),(19,12,39),(12,19,36),(12,36,35),(8,44,23),(25,47,48),(25,48,6),(57,24,58),(57,58,8),(46,25,45),(46,45,7),(50,3,28),(50,28,49),(49,29,2),(49,2,50),(7,24,46),(8,23,57),(25,6,45),(7,58,24)),$);
#273= IFCSTYLEDITEM(#272,(#121),'\X2\0110\X0\\X2\00E8\X0\n chi\X2\1EBF\X0\u s\X2\00E1\X0\ng');
#274= IFCCARTESIANPOINTLIST3D(((-0.233793,0.0,0.566557),(-0.227931,-0.052024,0.566557),(-0.21064,-0.101439,0.566557),(-0.182787,-0.145767,0.566557),(-0.145767,-0.182787,0.566557),(-0.101439,-0.21064,0.566557),(-0.052024,-0.227931,0.566557),(0.0,-0.233793,0.566557),(0.052024,-0.227931,0.566557),(0.101439,-0.21064,0.566557),(0.145767,-0.182787,0.566557),(0.182787,-0.145767,0.566557),(0.21064,-0.101439,0.566557),(0.227931,-0.052024,0.566557),(0.233793,0.0,0.566557),(0.231941,0.0,0.573017),(0.226126,-0.051612,0.573017),(0.208972,-0.100635,0.573017),(0.181339,-0.144613,0.573017),(0.144613,-0.181339,0.573017),(0.100635,-0.208972,0.573017),(0.051612,-0.226126,0.573017),(0.0,-0.231941,0.573017),(-0.051612,-0.226126,0.573017),(-0.100635,-0.208972,0.573017),(-0.144613,-0.181339,0.573017),(-0.181339,-0.144613,0.573017),(-0.208972,-0.100635,0.573017),(-0.226126,-0.051612,0.573017),(-0.231941,0.0,0.573017),(0.228217,-0.033053,0.573017),(0.230862,-0.026012,0.566557),(0.219286,-0.076731,0.566557),(0.217549,-0.076124,0.573017),(0.164277,-0.164277,0.566557),(0.162976,-0.162976,0.573017),(0.123603,-0.196713,0.566557),(0.122624,-0.195155,0.573017),(0.196713,-0.123603,0.566557),(0.195155,-0.122624,0.573017),(0.076731,-0.219286,0.566557),(0.076124,-0.217549,0.573017),(0.025806,-0.229034,0.573017),(0.026012,-0.230862,0.566557),(-0.076731,-0.219286,0.566557),(-0.076124,-0.217549,0.573017),(-0.123603,-0.196713,0.566557),(-0.122624,-0.195155,0.573017),(-0.217549,-0.076124,0.573017),(-0.219286,-0.076731,0.566557),(-0.195155,-0.122624,0.573017),(-0.196713,-0.123603,0.566557),(-0.164277,-0.164277,0.566557),(-0.162976,-0.162976,0.573017),(-0.228217,-0.033053,0.573017),(-0.230862,-0.026012,0.566557),(-0.025806,-0.229034,0.573017),(-0.026012,-0.230862,0.566557)),$);
#275= IFCTRIANGULATEDFACESET(#274,$,$,((31,17,14),(31,14,32),(53,5,54),(53,54,4),(33,34,18),(33,18,13),(35,36,20),(35,20,11),(49,29,2),(49,2,50),(37,38,21),(37,21,10),(46,45,7),(46,7,24),(48,47,6),(48,6,25),(39,40,19),(39,19,12),(51,28,3),(51,3,52),(41,42,22),(41,22,9),(27,51,52),(27,52,4),(13,18,40),(13,40,39),(30,1,56),(30,56,55),(14,17,34),(14,34,33),(32,15,16),(32,16,31),(43,44,9),(43,9,22),(10,21,42),(10,42,41),(26,5,47),(26,47,48),(11,20,38),(11,38,37),(25,6,45),(25,45,46),(12,19,36),(12,36,35),(23,8,44),(23,44,43),(28,49,50),(28,50,3),(2,29,55),(2,55,56),(27,4,54),(58,8,57),(58,57,24),(5,26,54),(24,7,58),(8,23,57)),$);
#276= IFCSTYLEDITEM(#275,(#121),'\X2\0110\X0\\X2\00E8\X0\n chi\X2\1EBF\X0\u s\X2\00E1\X0\ng');
#277= IFCCARTESIANPOINTLIST3D(((0.235364,0.0,0.560223),(0.229463,0.052373,0.560223),(0.212056,0.102121,0.560223),(0.184015,0.146747,0.560223),(0.146747,0.184015,0.560223),(0.102121,0.212056,0.560223),(0.052373,0.229463,0.560223),(0.0,0.235364,0.560223),(-0.052373,0.229463,0.560223),(-0.102121,0.212056,0.560223),(-0.146747,0.184015,0.560223),(-0.184015,0.146747,0.560223),(-0.212056,0.102121,0.560223),(-0.229463,0.052373,0.560223),(-0.235364,0.0,0.560223),(-0.233793,0.0,0.566557),(-0.227931,0.052024,0.566557),(-0.21064,0.101439,0.566557),(-0.182787,0.145767,0.566557),(-0.145767,0.182787,0.566557),(-0.101439,0.21064,0.566557),(-0.052024,0.227931,0.566557),(0.0,0.233793,0.566557),(0.052024,0.227931,0.566557),(0.101439,0.21064,0.566557),(0.145767,0.182787,0.566557),(0.182787,0.145767,0.566557),(0.21064,0.101439,0.566557),(0.227931,0.052024,0.566557),(0.233793,0.0,0.566557),(-0.230053,0.033195,0.566557),(-0.232414,0.026187,0.560223),(-0.220759,0.077247,0.560223),(-0.219286,0.076731,0.566557),(-0.165381,0.165381,0.560223),(-0.164277,0.164277,0.566557),(-0.124434,0.198035,0.560223),(-0.123603,0.196713,0.566557),(-0.198035,0.124434,0.560223),(-0.196713,0.123603,0.566557),(-0.077247,0.220759,0.560223),(-0.076731,0.219286,0.566557),(-0.026012,0.230862,0.566557),(-0.026187,0.232414,0.560223),(0.077247,0.220759,0.560223),(0.076731,0.219286,0.566557),(0.123603,0.196713,0.566557),(0.124434,0.198035,0.560223),(0.219286,0.076731,0.566557),(0.220759,0.077247,0.560223),(0.196713,0.123603,0.566557),(0.198035,0.124434,0.560223),(0.164277,0.164277,0.566557),(0.165381,0.165381,0.560223),(0.230053,0.033195,0.566557),(0.232414,0.026187,0.560223),(0.026012,0.230862,0.566557),(0.026187,0.232414,0.560223)),$);
#278= IFCTRIANGULATEDFACESET(#277,$,$,((31,17,14),(31,14,32),(30,1,56),(30,56,55),(53,27,4),(53,4,54),(33,34,18),(33,18,13),(35,36,20),(35,20,11),(47,26,5),(47,5,48),(37,38,21),(37,21,10),(39,13,40),(39,40,19),(43,23,44),(43,44,9),(51,28,3),(51,3,52),(41,42,22),(41,22,9),(27,51,52),(27,52,4),(40,13,18),(2,29,55),(2,55,56),(14,17,34),(14,34,33),(26,53,54),(26,54,5),(32,15,16),(32,16,31),(10,21,42),(10,42,41),(9,22,43),(11,20,38),(11,38,37),(19,12,39),(12,19,36),(12,36,35),(8,44,23),(25,47,48),(25,48,6),(57,24,58),(57,58,8),(25,6,45),(25,45,46),(50,3,28),(50,28,49),(49,29,2),(49,2,50),(7,24,46),(7,46,45),(8,23,57),(7,58,24)),$);
#279= IFCSTYLEDITEM(#278,(#121),'\X2\0110\X0\\X2\00E8\X0\n chi\X2\1EBF\X0\u s\X2\00E1\X0\ng');
#280= IFCCARTESIANPOINTLIST3D(((-0.235364,0.0,0.560223),(-0.229463,-0.052373,0.560223),(-0.212056,-0.102121,0.560223),(-0.184015,-0.146747,0.560223),(-0.146747,-0.184015,0.560223),(-0.102121,-0.212056,0.560223),(-0.052373,-0.229463,0.560223),(0.0,-0.235364,0.560223),(0.052373,-0.229463,0.560223),(0.102121,-0.212056,0.560223),(0.146747,-0.184015,0.560223),(0.184015,-0.146747,0.560223),(0.212056,-0.102121,0.560223),(0.229463,-0.052373,0.560223),(0.235364,0.0,0.560223),(0.233793,0.0,0.566557),(0.227931,-0.052024,0.566557),(0.21064,-0.101439,0.566557),(0.182787,-0.145767,0.566557),(0.145767,-0.182787,0.566557),(0.101439,-0.21064,0.566557),(0.052024,-0.227931,0.566557),(0.0,-0.233793,0.566557),(-0.052024,-0.227931,0.566557),(-0.101439,-0.21064,0.566557),(-0.145767,-0.182787,0.566557),(-0.182787,-0.145767,0.566557),(-0.21064,-0.101439,0.566557),(-0.227931,-0.052024,0.566557),(-0.233793,0.0,0.566557),(0.230053,-0.033195,0.566557),(0.232414,-0.026187,0.560223),(0.220759,-0.077247,0.560223),(0.219286,-0.076731,0.566557),(0.165381,-0.165381,0.560223),(0.164277,-0.164277,0.566557),(0.124434,-0.198035,0.560223),(0.123603,-0.196713,0.566557),(0.198035,-0.124434,0.560223),(0.196713,-0.123603,0.566557),(0.077247,-0.220759,0.560223),(0.076731,-0.219286,0.566557),(0.026012,-0.230862,0.566557),(0.026187,-0.232414,0.560223),(-0.077247,-0.220759,0.560223),(-0.076731,-0.219286,0.566557),(-0.124434,-0.198035,0.560223),(-0.123603,-0.196713,0.566557),(-0.219286,-0.076731,0.566557),(-0.220759,-0.077247,0.560223),(-0.196713,-0.123603,0.566557),(-0.198035,-0.124434,0.560223),(-0.165381,-0.165381,0.560223),(-0.164277,-0.164277,0.566557),(-0.230053,-0.033195,0.566557),(-0.232414,-0.026187,0.560223),(-0.026012,-0.230862,0.566557),(-0.026187,-0.232414,0.560223)),$);
#281= IFCTRIANGULATEDFACESET(#280,$,$,((31,17,14),(31,14,32),(2,29,55),(2,55,56),(27,4,53),(27,53,54),(33,34,18),(33,18,13),(35,36,20),(35,20,11),(28,49,50),(28,50,3),(37,38,21),(37,21,10),(25,6,45),(25,45,46),(26,5,47),(26,47,48),(39,40,19),(39,19,12),(27,51,52),(27,52,4),(41,42,22),(41,22,9),(51,28,3),(51,3,52),(13,18,40),(13,40,39),(8,23,57),(8,57,58),(14,17,34),(14,34,33),(54,53,5),(54,5,26),(32,15,16),(32,16,31),(43,44,9),(43,9,22),(10,21,42),(10,42,41),(48,47,6),(48,6,25),(11,20,38),(11,38,37),(46,45,7),(46,7,24),(12,19,36),(12,36,35),(23,8,44),(23,44,43),(49,29,2),(49,2,50),(30,1,56),(30,56,55),(24,7,58),(24,58,57)),$);
#282= IFCSTYLEDITEM(#281,(#121),'\X2\0110\X0\\X2\00E8\X0\n chi\X2\1EBF\X0\u s\X2\00E1\X0\ng');
#283= IFCCARTESIANPOINTLIST3D(((0.236699,0.0,0.553962),(0.230765,0.052671,0.553962),(0.213259,0.1027,0.553962),(0.185059,0.14758,0.553962),(0.14758,0.185059,0.553962),(0.1027,0.213259,0.553962),(0.052671,0.230765,0.553962),(0.0,0.236699,0.553962),(-0.052671,0.230765,0.553962),(-0.1027,0.213259,0.553962),(-0.14758,0.185059,0.553962),(-0.185059,0.14758,0.553962),(-0.213259,0.1027,0.553962),(-0.230765,0.052671,0.553962),(-0.236699,0.0,0.553962),(-0.235364,0.0,0.560223),(-0.229463,0.052373,0.560223),(-0.212056,0.102121,0.560223),(-0.184015,0.146747,0.560223),(-0.146747,0.184015,0.560223),(-0.102121,0.212056,0.560223),(-0.052373,0.229463,0.560223),(0.0,0.235364,0.560223),(0.052373,0.229463,0.560223),(0.102121,0.212056,0.560223),(0.146747,0.184015,0.560223),(0.184015,0.146747,0.560223),(0.212056,0.102121,0.560223),(0.229463,0.052373,0.560223),(0.235364,0.0,0.560223),(-0.23161,0.033315,0.560223),(-0.233732,0.026335,0.553962),(-0.222012,0.077685,0.553962),(-0.220759,0.077247,0.560223),(-0.166319,0.166319,0.553962),(-0.165381,0.165381,0.560223),(-0.12514,0.199159,0.553962),(-0.124434,0.198035,0.560223),(-0.199159,0.12514,0.553962),(-0.198035,0.124434,0.560223),(-0.077685,0.222012,0.553962),(-0.077247,0.220759,0.560223),(-0.026187,0.232414,0.560223),(-0.026335,0.233732,0.553962),(0.077685,0.222012,0.553962),(0.077247,0.220759,0.560223),(0.124434,0.198035,0.560223),(0.12514,0.199159,0.553962),(0.220759,0.077247,0.560223),(0.222012,0.077685,0.553962),(0.198035,0.124434,0.560223),(0.199159,0.12514,0.553962),(0.165381,0.165381,0.560223),(0.166319,0.166319,0.553962),(0.23161,0.033315,0.560223),(0.233732,0.026335,0.553962),(0.026335,0.233732,0.553962),(0.026187,0.232414,0.560223)),$);
#284= IFCTRIANGULATEDFACESET(#283,$,$,((31,17,14),(31,14,32),(30,1,56),(30,56,55),(53,27,4),(53,4,54),(33,34,18),(33,18,13),(35,36,20),(35,20,11),(7,24,46),(7,46,45),(38,21,37),(38,37,11),(41,10,42),(41,42,22),(39,40,19),(39,19,12),(49,29,2),(49,2,50),(28,49,50),(28,50,3),(13,18,40),(13,40,39),(2,29,55),(2,55,56),(14,17,34),(14,34,33),(26,53,54),(26,54,5),(32,15,16),(32,16,31),(43,44,9),(43,9,22),(42,10,21),(22,9,41),(11,20,38),(21,10,37),(12,19,36),(12,36,35),(23,8,44),(23,44,43),(7,57,58),(7,58,24),(25,6,45),(25,45,46),(48,6,25),(48,25,47),(51,28,3),(51,3,52),(52,4,27),(52,27,51),(47,26,5),(47,5,48),(23,58,57),(23,57,8)),$);
#285= IFCSTYLEDITEM(#284,(#121),'\X2\0110\X0\\X2\00E8\X0\n chi\X2\1EBF\X0\u s\X2\00E1\X0\ng');
#286= IFCCARTESIANPOINTLIST3D(((-0.236699,0.0,0.553962),(-0.230765,-0.052671,0.553962),(-0.213259,-0.1027,0.553962),(-0.185059,-0.14758,0.553962),(-0.14758,-0.185059,0.553962),(-0.1027,-0.213259,0.553962),(-0.052671,-0.230765,0.553962),(0.0,-0.236699,0.553962),(0.052671,-0.230765,0.553962),(0.1027,-0.213259,0.553962),(0.14758,-0.185059,0.553962),(0.185059,-0.14758,0.553962),(0.213259,-0.1027,0.553962),(0.230765,-0.052671,0.553962),(0.236699,0.0,0.553962),(0.235364,0.0,0.560223),(0.229463,-0.052373,0.560223),(0.212056,-0.102121,0.560223),(0.184015,-0.146747,0.560223),(0.146747,-0.184015,0.560223),(0.102121,-0.212056,0.560223),(0.052373,-0.229463,0.560223),(0.0,-0.235364,0.560223),(-0.052373,-0.229463,0.560223),(-0.102121,-0.212056,0.560223),(-0.146747,-0.184015,0.560223),(-0.184015,-0.146747,0.560223),(-0.212056,-0.102121,0.560223),(-0.229463,-0.052373,0.560223),(-0.235364,0.0,0.560223),(0.23161,-0.033315,0.560223),(0.233732,-0.026335,0.553962),(0.222012,-0.077685,0.553962),(0.220759,-0.077247,0.560223),(0.166319,-0.166319,0.553962),(0.165381,-0.165381,0.560223),(0.12514,-0.199159,0.553962),(0.124434,-0.198035,0.560223),(0.199159,-0.12514,0.553962),(0.198035,-0.124434,0.560223),(0.077685,-0.222012,0.553962),(0.077247,-0.220759,0.560223),(0.026187,-0.232414,0.560223),(0.026335,-0.233732,0.553962),(-0.077685,-0.222012,0.553962),(-0.077247,-0.220759,0.560223),(-0.124434,-0.198035,0.560223),(-0.12514,-0.199159,0.553962),(-0.220759,-0.077247,0.560223),(-0.222012,-0.077685,0.553962),(-0.198035,-0.124434,0.560223),(-0.199159,-0.12514,0.553962),(-0.165381,-0.165381,0.560223),(-0.166319,-0.166319,0.553962),(-0.23161,-0.033315,0.560223),(-0.233732,-0.026335,0.553962),(-0.026187,-0.232414,0.560223),(-0.026335,-0.233732,0.553962)),$);
#287= IFCTRIANGULATEDFACESET(#286,$,$,((31,17,14),(31,14,32),(30,1,56),(30,56,55),(53,27,4),(53,4,54),(33,34,18),(33,18,13),(35,36,20),(35,20,11),(49,29,2),(49,2,50),(37,38,21),(37,21,10),(46,45,7),(46,7,24),(47,26,5),(47,5,48),(39,40,19),(39,19,12),(51,28,3),(51,3,52),(41,42,22),(41,22,9),(27,51,52),(27,52,4),(13,18,40),(13,40,39),(2,29,55),(2,55,56),(14,17,34),(14,34,33),(26,53,54),(26,54,5),(32,15,16),(32,16,31),(43,44,9),(43,9,22),(10,21,42),(10,42,41),(25,47,48),(25,48,6),(11,20,38),(11,38,37),(25,6,45),(25,45,46),(12,19,36),(12,36,35),(23,8,44),(23,44,43),(28,49,50),(28,50,3),(8,23,57),(8,57,58),(24,7,58),(24,58,57)),$);
#288= IFCSTYLEDITEM(#287,(#121),'\X2\0110\X0\\X2\00E8\X0\n chi\X2\1EBF\X0\u s\X2\00E1\X0\ng');
#289= IFCCARTESIANPOINTLIST3D(((0.237843,0.0,0.547723),(0.231879,0.052925,0.547723),(0.214289,0.103196,0.547723),(0.185953,0.148293,0.547723),(0.148293,0.185953,0.547723),(0.103196,0.214289,0.547723),(0.052925,0.231879,0.547723),(0.0,0.237843,0.547723),(-0.052925,0.231879,0.547723),(-0.103196,0.214289,0.547723),(-0.148293,0.185953,0.547723),(-0.185953,0.148293,0.547723),(-0.214289,0.103196,0.547723),(-0.231879,0.052925,0.547723),(-0.237843,0.0,0.547723),(-0.236699,0.0,0.553962),(-0.230765,0.052671,0.553962),(-0.213259,0.1027,0.553962),(-0.185059,0.14758,0.553962),(-0.14758,0.185059,0.553962),(-0.1027,0.213259,0.553962),(-0.052671,0.230765,0.553962),(0.0,0.236699,0.553962),(0.052671,0.230765,0.553962),(0.1027,0.213259,0.553962),(0.14758,0.185059,0.553962),(0.185059,0.14758,0.553962),(0.213259,0.1027,0.553962),(0.230765,0.052671,0.553962),(0.236699,0.0,0.553962),(-0.232934,0.033417,0.553962),(-0.234861,0.026462,0.547723),(-0.223084,0.078061,0.547723),(-0.222012,0.077685,0.553962),(-0.167123,0.167123,0.547723),(-0.166319,0.166319,0.553962),(-0.125744,0.200121,0.547723),(-0.12514,0.199159,0.553962),(-0.200121,0.125744,0.547723),(-0.199159,0.12514,0.553962),(-0.078061,0.223084,0.547723),(-0.077685,0.222012,0.553962),(-0.026335,0.233732,0.553962),(-0.026462,0.234861,0.547723),(0.077685,0.222012,0.553962),(0.078061,0.223084,0.547723),(0.12514,0.199159,0.553962),(0.125744,0.200121,0.547723),(0.222012,0.077685,0.553962),(0.223084,0.078061,0.547723),(0.199159,0.12514,0.553962),(0.200121,0.125744,0.547723),(0.166319,0.166319,0.553962),(0.167123,0.167123,0.547723),(0.232934,0.033417,0.553962),(0.234861,0.026462,0.547723),(0.026462,0.234861,0.547723),(0.026335,0.233732,0.553962)),$);
#290= IFCTRIANGULATEDFACESET(#289,$,$,((31,17,14),(31,14,32),(30,1,56),(30,56,55),(53,27,4),(53,4,54),(33,34,18),(33,18,13),(35,36,20),(35,20,11),(45,25,6),(45,6,46),(38,21,37),(38,37,11),(41,10,42),(41,42,22),(39,40,19),(39,19,12),(49,29,2),(49,2,50),(28,49,50),(28,50,3),(13,18,40),(13,40,39),(2,29,55),(2,55,56),(14,17,34),(14,34,33),(26,53,54),(26,54,5),(32,15,16),(32,16,31),(43,44,9),(43,9,22),(42,10,21),(22,9,41),(11,20,38),(21,10,37),(12,19,36),(12,36,35),(23,8,44),(23,44,43),(24,45,46),(24,46,7),(7,57,58),(7,58,24),(48,6,25),(48,25,47),(51,28,3),(51,3,52),(52,4,27),(52,27,51),(47,26,5),(47,5,48),(23,58,57),(23,57,8)),$);
#291= IFCSTYLEDITEM(#290,(#121),'\X2\0110\X0\\X2\00E8\X0\n chi\X2\1EBF\X0\u s\X2\00E1\X0\ng');
#292= IFCCARTESIANPOINTLIST3D(((-0.237843,0.0,0.547723),(-0.231879,-0.052925,0.547723),(-0.214289,-0.103196,0.547723),(-0.185953,-0.148293,0.547723),(-0.148293,-0.185953,0.547723),(-0.103196,-0.214289,0.547723),(-0.052925,-0.231879,0.547723),(0.0,-0.237843,0.547723),(0.052925,-0.231879,0.547723),(0.103196,-0.214289,0.547723),(0.148293,-0.185953,0.547723),(0.185953,-0.148293,0.547723),(0.214289,-0.103196,0.547723),(0.231879,-0.052925,0.547723),(0.237843,0.0,0.547723),(0.236699,0.0,0.553962),(0.230765,-0.052671,0.553962),(0.213259,-0.1027,0.553962),(0.185059,-0.14758,0.553962),(0.14758,-0.185059,0.553962),(0.1027,-0.213259,0.553962),(0.052671,-0.230765,0.553962),(0.0,-0.236699,0.553962),(-0.052671,-0.230765,0.553962),(-0.1027,-0.213259,0.553962),(-0.14758,-0.185059,0.553962),(-0.185059,-0.14758,0.553962),(-0.213259,-0.1027,0.553962),(-0.230765,-0.052671,0.553962),(-0.236699,0.0,0.553962),(0.232934,-0.033417,0.553962),(0.234861,-0.026462,0.547723),(0.223084,-0.078061,0.547723),(0.222012,-0.077685,0.553962),(0.167123,-0.167123,0.547723),(0.166319,-0.166319,0.553962),(0.125744,-0.200121,0.547723),(0.12514,-0.199159,0.553962),(0.200121,-0.125744,0.547723),(0.199159,-0.12514,0.553962),(0.078061,-0.223084,0.547723),(0.077685,-0.222012,0.553962),(0.026335,-0.233732,0.553962),(0.026462,-0.234861,0.547723),(-0.078061,-0.223084,0.547723),(-0.077685,-0.222012,0.553962),(-0.12514,-0.199159,0.553962),(-0.125744,-0.200121,0.547723),(-0.222012,-0.077685,0.553962),(-0.223084,-0.078061,0.547723),(-0.199159,-0.12514,0.553962),(-0.200121,-0.125744,0.547723),(-0.166319,-0.166319,0.553962),(-0.167123,-0.167123,0.547723),(-0.232934,-0.033417,0.553962),(-0.234861,-0.026462,0.547723),(-0.026335,-0.233732,0.553962),(-0.026462,-0.234861,0.547723)),$);
#293= IFCTRIANGULATEDFACESET(#292,$,$,((31,17,14),(31,14,32),(30,1,56),(30,56,55),(53,27,4),(53,4,54),(33,34,18),(33,18,13),(35,36,20),(35,20,11),(49,29,2),(49,2,50),(37,38,21),(37,21,10),(46,45,7),(46,7,24),(47,26,5),(47,5,48),(39,40,19),(39,19,12),(51,28,3),(51,3,52),(41,42,22),(41,22,9),(27,51,52),(27,52,4),(13,18,40),(13,40,39),(2,29,55),(2,55,56),(14,17,34),(14,34,33),(26,53,54),(26,54,5),(32,15,16),(32,16,31),(43,44,9),(43,9,22),(10,21,42),(10,42,41),(25,47,48),(25,48,6),(11,20,38),(11,38,37),(25,6,45),(25,45,46),(12,19,36),(12,36,35),(23,8,44),(23,44,43),(28,49,50),(28,50,3),(8,23,57),(8,57,58),(24,7,58),(24,58,57)),$);
#294= IFCSTYLEDITEM(#293,(#121),'\X2\0110\X0\\X2\00E8\X0\n chi\X2\1EBF\X0\u s\X2\00E1\X0\ng');
#295= IFCCARTESIANPOINTLIST3D(((0.238829,0.0,0.541457),(0.232841,0.053144,0.541457),(0.215177,0.103624,0.541457),(0.186724,0.148907,0.541457),(0.148907,0.186724,0.541457),(0.103624,0.215177,0.541457),(0.053144,0.232841,0.541457),(0.0,0.238829,0.541457),(-0.053144,0.232841,0.541457),(-0.103624,0.215177,0.541457),(-0.148907,0.186724,0.541457),(-0.186724,0.148907,0.541457),(-0.215177,0.103624,0.541457),(-0.232841,0.053144,0.541457),(-0.238829,0.0,0.541457),(-0.237843,0.0,0.547723),(-0.231879,0.052925,0.547723),(-0.214289,0.103196,0.547723),(-0.185953,0.148293,0.547723),(-0.148293,0.185953,0.547723),(-0.103196,0.214289,0.547723),(-0.052925,0.231879,0.547723),(0.0,0.237843,0.547723),(0.052925,0.231879,0.547723),(0.103196,0.214289,0.547723),(0.148293,0.185953,0.547723),(0.185953,0.148293,0.547723),(0.214289,0.103196,0.547723),(0.231879,0.052925,0.547723),(0.237843,0.0,0.547723),(-0.234068,0.033503,0.547723),(-0.235835,0.026572,0.541457),(-0.224009,0.078384,0.541457),(-0.223084,0.078061,0.547723),(-0.167816,0.167816,0.541457),(-0.167123,0.167123,0.547723),(-0.126266,0.200951,0.541457),(-0.125744,0.200121,0.547723),(-0.200951,0.126266,0.541457),(-0.200121,0.125744,0.547723),(-0.078384,0.224009,0.541457),(-0.078061,0.223084,0.547723),(-0.026462,0.234861,0.547723),(-0.026572,0.235835,0.541457),(0.078061,0.223084,0.547723),(0.078384,0.224009,0.541457),(0.125744,0.200121,0.547723),(0.126266,0.200951,0.541457),(0.223084,0.078061,0.547723),(0.224009,0.078384,0.541457),(0.200121,0.125744,0.547723),(0.200951,0.126266,0.541457),(0.167123,0.167123,0.547723),(0.167816,0.167816,0.541457),(0.234068,0.033503,0.547723),(0.235835,0.026572,0.541457),(0.026572,0.235835,0.541457),(0.026462,0.234861,0.547723)),$);
#296= IFCTRIANGULATEDFACESET(#295,$,$,((31,17,14),(31,14,32),(30,1,56),(30,56,55),(53,27,4),(53,4,54),(33,34,18),(33,18,13),(35,36,20),(35,20,11),(45,25,6),(45,6,46),(38,21,37),(38,37,11),(41,10,42),(41,42,22),(39,40,19),(39,19,12),(49,29,2),(49,2,50),(28,49,50),(28,50,3),(13,18,40),(13,40,39),(2,29,55),(2,55,56),(14,17,34),(14,34,33),(26,53,54),(26,54,5),(32,15,16),(32,16,31),(43,44,9),(43,9,22),(42,10,21),(22,9,41),(11,20,38),(21,10,37),(12,19,36),(12,36,35),(23,8,44),(23,44,43),(24,45,46),(24,46,7),(7,57,58),(7,58,24),(48,6,25),(48,25,47),(51,28,3),(51,3,52),(52,4,27),(52,27,51),(47,26,5),(47,5,48),(23,58,57),(23,57,8)),$);
#297= IFCSTYLEDITEM(#296,(#121),'\X2\0110\X0\\X2\00E8\X0\n chi\X2\1EBF\X0\u s\X2\00E1\X0\ng');
#298= IFCCARTESIANPOINTLIST3D(((-0.238829,0.0,0.541457),(-0.232841,-0.053144,0.541457),(-0.215177,-0.103624,0.541457),(-0.186724,-0.148907,0.541457),(-0.148907,-0.186724,0.541457),(-0.103624,-0.215177,0.541457),(-0.053144,-0.232841,0.541457),(0.0,-0.238829,0.541457),(0.053144,-0.232841,0.541457),(0.103624,-0.215177,0.541457),(0.148907,-0.186724,0.541457),(0.186724,-0.148907,0.541457),(0.215177,-0.103624,0.541457),(0.232841,-0.053144,0.541457),(0.238829,0.0,0.541457),(0.237843,0.0,0.547723),(0.231879,-0.052925,0.547723),(0.214289,-0.103196,0.547723),(0.185953,-0.148293,0.547723),(0.148293,-0.185953,0.547723),(0.103196,-0.214289,0.547723),(0.052925,-0.231879,0.547723),(0.0,-0.237843,0.547723),(-0.052925,-0.231879,0.547723),(-0.103196,-0.214289,0.547723),(-0.148293,-0.185953,0.547723),(-0.185953,-0.148293,0.547723),(-0.214289,-0.103196,0.547723),(-0.231879,-0.052925,0.547723),(-0.237843,0.0,0.547723),(0.234068,-0.033503,0.547723),(0.235835,-0.026572,0.541457),(0.224009,-0.078384,0.541457),(0.223084,-0.078061,0.547723),(0.167816,-0.167816,0.541457),(0.167123,-0.167123,0.547723),(0.126266,-0.200951,0.541457),(0.125744,-0.200121,0.547723),(0.200951,-0.126266,0.541457),(0.200121,-0.125744,0.547723),(0.078384,-0.224009,0.541457),(0.078061,-0.223084,0.547723),(0.026462,-0.234861,0.547723),(0.026572,-0.235835,0.541457),(-0.078384,-0.224009,0.541457),(-0.078061,-0.223084,0.547723),(-0.125744,-0.200121,0.547723),(-0.126266,-0.200951,0.541457),(-0.223084,-0.078061,0.547723),(-0.224009,-0.078384,0.541457),(-0.200121,-0.125744,0.547723),(-0.200951,-0.126266,0.541457),(-0.167123,-0.167123,0.547723),(-0.167816,-0.167816,0.541457),(-0.234068,-0.033503,0.547723),(-0.235835,-0.026572,0.541457),(-0.026462,-0.234861,0.547723),(-0.026572,-0.235835,0.541457)),$);
#299= IFCTRIANGULATEDFACESET(#298,$,$,((31,17,14),(31,14,32),(30,1,56),(30,56,55),(53,27,4),(53,4,54),(33,34,18),(33,18,13),(35,36,20),(35,20,11),(49,29,2),(49,2,50),(37,38,21),(37,21,10),(46,45,7),(46,7,24),(47,26,5),(47,5,48),(39,40,19),(39,19,12),(51,28,3),(51,3,52),(41,42,22),(41,22,9),(27,51,52),(27,52,4),(13,18,40),(13,40,39),(2,29,55),(2,55,56),(14,17,34),(14,34,33),(26,53,54),(26,54,5),(32,15,16),(32,16,31),(43,44,9),(43,9,22),(10,21,42),(10,42,41),(6,25,47),(6,47,48),(11,20,38),(11,38,37),(25,6,45),(25,45,46),(12,19,36),(12,36,35),(23,8,44),(23,44,43),(28,49,50),(28,50,3),(8,23,57),(8,57,58),(24,7,58),(24,58,57)),$);
#300= IFCSTYLEDITEM(#299,(#121),'\X2\0110\X0\\X2\00E8\X0\n chi\X2\1EBF\X0\u s\X2\00E1\X0\ng');
#301= IFCCARTESIANPOINTLIST3D(((0.239653,0.0,0.535125),(0.233644,0.053328,0.535125),(0.215919,0.103981,0.535125),(0.187368,0.149421,0.535125),(0.149421,0.187368,0.535125),(0.103981,0.215919,0.535125),(0.053328,0.233644,0.535125),(0.0,0.239653,0.535125),(-0.053328,0.233644,0.535125),(-0.103981,0.215919,0.535125),(-0.149421,0.187368,0.535125),(-0.187368,0.149421,0.535125),(-0.215919,0.103981,0.535125),(-0.233644,0.053328,0.535125),(-0.239653,0.0,0.535125),(-0.238829,0.0,0.541457),(-0.232841,0.053144,0.541457),(-0.215177,0.103624,0.541457),(-0.186724,0.148907,0.541457),(-0.148907,0.186724,0.541457),(-0.103624,0.215177,0.541457),(-0.053144,0.232841,0.541457),(0.0,0.238829,0.541457),(0.053144,0.232841,0.541457),(0.103624,0.215177,0.541457),(0.148907,0.186724,0.541457),(0.186724,0.148907,0.541457),(0.215177,0.103624,0.541457),(0.232841,0.053144,0.541457),(0.238829,0.0,0.541457),(-0.235045,0.033578,0.541457),(-0.236648,0.026664,0.535125),(-0.224782,0.078655,0.535125),(-0.224009,0.078384,0.541457),(-0.168394,0.168394,0.535125),(-0.167816,0.167816,0.541457),(-0.126701,0.201644,0.535125),(-0.126266,0.200951,0.541457),(-0.201644,0.126701,0.535125),(-0.200951,0.126266,0.541457),(-0.078655,0.224782,0.535125),(-0.078384,0.224009,0.541457),(-0.026572,0.235835,0.541457),(-0.026664,0.236648,0.535125),(0.078384,0.224009,0.541457),(0.078655,0.224782,0.535125),(0.126266,0.200951,0.541457),(0.126701,0.201644,0.535125),(0.224009,0.078384,0.541457),(0.224782,0.078655,0.535125),(0.200951,0.126266,0.541457),(0.201644,0.126701,0.535125),(0.167816,0.167816,0.541457),(0.168394,0.168394,0.535125),(0.235045,0.033578,0.541457),(0.236648,0.026664,0.535125),(0.026664,0.236648,0.535125),(0.026572,0.235835,0.541457)),$);
#302= IFCTRIANGULATEDFACESET(#301,$,$,((31,17,14),(31,14,32),(30,1,56),(30,56,55),(53,27,4),(53,4,54),(33,34,18),(33,18,13),(35,36,20),(35,20,11),(45,25,6),(45,6,46),(38,21,37),(38,37,11),(41,10,42),(41,42,22),(39,40,19),(39,19,12),(49,29,2),(49,2,50),(28,49,50),(28,50,3),(13,18,40),(13,40,39),(2,29,55),(2,55,56),(14,17,34),(14,34,33),(26,53,54),(26,54,5),(32,15,16),(32,16,31),(43,44,9),(43,9,22),(42,10,21),(22,9,41),(11,20,38),(21,10,37),(12,19,36),(12,36,35),(23,8,44),(23,44,43),(24,45,46),(24,46,7),(7,57,58),(7,58,24),(48,6,25),(48,25,47),(51,28,3),(51,3,52),(52,4,27),(52,27,51),(47,26,5),(47,5,48),(23,58,57),(23,57,8)),$);
#303= IFCSTYLEDITEM(#302,(#121),'\X2\0110\X0\\X2\00E8\X0\n chi\X2\1EBF\X0\u s\X2\00E1\X0\ng');
#304= IFCCARTESIANPOINTLIST3D(((-0.239653,0.0,0.535125),(-0.233644,-0.053328,0.535125),(-0.215919,-0.103981,0.535125),(-0.187368,-0.149421,0.535125),(-0.149421,-0.187368,0.535125),(-0.103981,-0.215919,0.535125),(-0.053328,-0.233644,0.535125),(0.0,-0.239653,0.535125),(0.053328,-0.233644,0.535125),(0.103981,-0.215919,0.535125),(0.149421,-0.187368,0.535125),(0.187368,-0.149421,0.535125),(0.215919,-0.103981,0.535125),(0.233644,-0.053328,0.535125),(0.239653,0.0,0.535125),(0.238829,0.0,0.541457),(0.232841,-0.053144,0.541457),(0.215177,-0.103624,0.541457),(0.186724,-0.148907,0.541457),(0.148907,-0.186724,0.541457),(0.103624,-0.215177,0.541457),(0.053144,-0.232841,0.541457),(0.0,-0.238829,0.541457),(-0.053144,-0.232841,0.541457),(-0.103624,-0.215177,0.541457),(-0.148907,-0.186724,0.541457),(-0.186724,-0.148907,0.541457),(-0.215177,-0.103624,0.541457),(-0.232841,-0.053144,0.541457),(-0.238829,0.0,0.541457),(0.235045,-0.033578,0.541457),(0.236648,-0.026664,0.535125),(0.224782,-0.078655,0.535125),(0.224009,-0.078384,0.541457),(0.168394,-0.168394,0.535125),(0.167816,-0.167816,0.541457),(0.126701,-0.201644,0.535125),(0.126266,-0.200951,0.541457),(0.201644,-0.126701,0.535125),(0.200951,-0.126266,0.541457),(0.078655,-0.224782,0.535125),(0.078384,-0.224009,0.541457),(0.026572,-0.235835,0.541457),(0.026664,-0.236648,0.535125),(-0.126266,-0.200951,0.541457),(-0.126701,-0.201644,0.535125),(-0.078655,-0.224782,0.535125),(-0.078384,-0.224009,0.541457),(-0.224009,-0.078384,0.541457),(-0.224782,-0.078655,0.535125),(-0.200951,-0.126266,0.541457),(-0.201644,-0.126701,0.535125),(-0.167816,-0.167816,0.541457),(-0.168394,-0.168394,0.535125),(-0.235045,-0.033578,0.541457),(-0.236648,-0.026664,0.535125),(-0.026572,-0.235835,0.541457),(-0.026664,-0.236648,0.535125)),$);
#305= IFCTRIANGULATEDFACESET(#304,$,$,((31,17,14),(31,14,32),(30,1,56),(30,56,55),(53,27,4),(53,4,54),(33,34,18),(33,18,13),(35,36,20),(35,20,11),(49,29,2),(49,2,50),(37,38,21),(37,21,10),(45,26,5),(45,5,46),(47,7,48),(47,48,25),(39,40,19),(39,19,12),(51,28,3),(51,3,52),(41,42,22),(41,22,9),(27,51,52),(27,52,4),(13,18,40),(13,40,39),(2,29,55),(2,55,56),(14,17,34),(14,34,33),(26,53,54),(26,54,5),(32,15,16),(32,16,31),(43,44,9),(43,9,22),(10,21,42),(10,42,41),(25,6,47),(11,20,38),(11,38,37),(6,25,45),(6,45,46),(12,19,36),(12,36,35),(23,8,44),(23,44,43),(28,49,50),(28,50,3),(8,23,57),(8,57,58),(48,7,24),(24,7,58),(24,58,57)),$);
#306= IFCSTYLEDITEM(#305,(#121),'\X2\0110\X0\\X2\00E8\X0\n chi\X2\1EBF\X0\u s\X2\00E1\X0\ng');
#307= IFCCARTESIANPOINTLIST3D(((0.240299,0.0,0.52869),(0.234274,0.053472,0.52869),(0.216502,0.104262,0.52869),(0.187873,0.149824,0.52869),(0.149824,0.187873,0.52869),(0.104262,0.216502,0.52869),(0.053472,0.234274,0.52869),(0.0,0.240299,0.52869),(-0.053472,0.234274,0.52869),(-0.104262,0.216502,0.52869),(-0.149824,0.187873,0.52869),(-0.187873,0.149824,0.52869),(-0.216502,0.104262,0.52869),(-0.234274,0.053472,0.52869),(-0.240299,0.0,0.52869),(-0.239653,0.0,0.535125),(-0.233644,0.053328,0.535125),(-0.215919,0.103981,0.535125),(-0.187368,0.149421,0.535125),(-0.149421,0.187368,0.535125),(-0.103981,0.215919,0.535125),(-0.053328,0.233644,0.535125),(0.0,0.239653,0.535125),(0.053328,0.233644,0.535125),(0.103981,0.215919,0.535125),(0.149421,0.187368,0.535125),(0.187368,0.149421,0.535125),(0.215919,0.103981,0.535125),(0.233644,0.053328,0.535125),(0.239653,0.0,0.535125),(-0.235862,0.033642,0.535125),(-0.237287,0.026736,0.52869),(-0.225388,0.078867,0.52869),(-0.224782,0.078655,0.535125),(-0.168849,0.168849,0.52869),(-0.168394,0.168394,0.535125),(-0.127043,0.202188,0.52869),(-0.126701,0.201644,0.535125),(-0.202188,0.127043,0.52869),(-0.201644,0.126701,0.535125),(-0.078867,0.225388,0.52869),(-0.078655,0.224782,0.535125),(-0.026664,0.236648,0.535125),(-0.026736,0.237287,0.52869),(0.078655,0.224782,0.535125),(0.078867,0.225388,0.52869),(0.126701,0.201644,0.535125),(0.127043,0.202188,0.52869),(0.224782,0.078655,0.535125),(0.225388,0.078867,0.52869),(0.201644,0.126701,0.535125),(0.202188,0.127043,0.52869),(0.168394,0.168394,0.535125),(0.168849,0.168849,0.52869),(0.235862,0.033642,0.535125),(0.237287,0.026736,0.52869),(0.026736,0.237287,0.52869),(0.026664,0.236648,0.535125)),$);
#308= IFCTRIANGULATEDFACESET(#307,$,$,((31,17,14),(31,14,32),(30,1,56),(30,56,55),(53,27,4),(53,4,54),(33,34,18),(33,18,13),(35,36,20),(35,20,11),(45,25,6),(45,6,46),(38,21,37),(38,37,11),(41,10,42),(41,42,22),(39,40,19),(39,19,12),(49,29,2),(49,2,50),(28,49,50),(28,50,3),(13,18,40),(13,40,39),(2,29,55),(2,55,56),(14,17,34),(14,34,33),(26,53,54),(26,54,5),(32,15,16),(32,16,31),(43,44,9),(43,9,22),(42,10,21),(22,9,41),(11,20,38),(21,10,37),(12,19,36),(12,36,35),(23,8,44),(23,44,43),(24,45,46),(24,46,7),(7,57,58),(7,58,24),(48,6,25),(48,25,47),(51,28,3),(51,3,52),(52,4,27),(52,27,51),(47,26,5),(47,5,48),(23,58,57),(23,57,8)),$);
#309= IFCSTYLEDITEM(#308,(#121),'\X2\0110\X0\\X2\00E8\X0\n chi\X2\1EBF\X0\u s\X2\00E1\X0\ng');
#310= IFCCARTESIANPOINTLIST3D(((-0.240299,0.0,0.52869),(-0.234274,-0.053472,0.52869),(-0.216502,-0.104262,0.52869),(-0.187873,-0.149824,0.52869),(-0.149824,-0.187873,0.52869),(-0.104262,-0.216502,0.52869),(-0.053472,-0.234274,0.52869),(0.0,-0.240299,0.52869),(0.053472,-0.234274,0.52869),(0.104262,-0.216502,0.52869),(0.149824,-0.187873,0.52869),(0.187873,-0.149824,0.52869),(0.216502,-0.104262,0.52869),(0.234274,-0.053472,0.52869),(0.240299,0.0,0.52869),(0.239653,0.0,0.535125),(0.233644,-0.053328,0.535125),(0.215919,-0.103981,0.535125),(0.187368,-0.149421,0.535125),(0.149421,-0.187368,0.535125),(0.103981,-0.215919,0.535125),(0.053328,-0.233644,0.535125),(0.0,-0.239653,0.535125),(-0.053328,-0.233644,0.535125),(-0.103981,-0.215919,0.535125),(-0.149421,-0.187368,0.535125),(-0.187368,-0.149421,0.535125),(-0.215919,-0.103981,0.535125),(-0.233644,-0.053328,0.535125),(-0.239653,0.0,0.535125),(0.235862,-0.033642,0.535125),(0.237287,-0.026736,0.52869),(0.225388,-0.078867,0.52869),(0.224782,-0.078655,0.535125),(0.168849,-0.168849,0.52869),(0.168394,-0.168394,0.535125),(0.127043,-0.202188,0.52869),(0.126701,-0.201644,0.535125),(0.202188,-0.127043,0.52869),(0.201644,-0.126701,0.535125),(0.078867,-0.225388,0.52869),(0.078655,-0.224782,0.535125),(0.026664,-0.236648,0.535125),(0.026736,-0.237287,0.52869),(-0.126701,-0.201644,0.535125),(-0.127043,-0.202188,0.52869),(-0.078867,-0.225388,0.52869),(-0.078655,-0.224782,0.535125),(-0.224782,-0.078655,0.535125),(-0.225388,-0.078867,0.52869),(-0.201644,-0.126701,0.535125),(-0.202188,-0.127043,0.52869),(-0.168394,-0.168394,0.535125),(-0.168849,-0.168849,0.52869),(-0.235862,-0.033642,0.535125),(-0.237287,-0.026736,0.52869),(-0.026664,-0.236648,0.535125),(-0.026736,-0.237287,0.52869)),$);
#311= IFCTRIANGULATEDFACESET(#310,$,$,((31,17,14),(31,14,32),(30,1,56),(30,56,55),(53,27,4),(53,4,54),(33,34,18),(33,18,13),(35,36,20),(35,20,11),(49,29,2),(49,2,50),(37,38,21),(37,21,10),(45,26,5),(45,5,46),(47,7,48),(47,48,25),(39,40,19),(39,19,12),(51,28,3),(51,3,52),(41,42,22),(41,22,9),(27,51,52),(27,52,4),(13,18,40),(13,40,39),(2,29,55),(2,55,56),(14,17,34),(14,34,33),(26,53,54),(26,54,5),(32,15,16),(32,16,31),(43,44,9),(43,9,22),(10,21,42),(10,42,41),(25,6,47),(11,20,38),(11,38,37),(6,25,45),(6,45,46),(12,19,36),(12,36,35),(23,8,44),(23,44,43),(28,49,50),(28,50,3),(8,23,57),(8,57,58),(48,7,24),(24,7,58),(24,58,57)),$);
#312= IFCSTYLEDITEM(#311,(#121),'\X2\0110\X0\\X2\00E8\X0\n chi\X2\1EBF\X0\u s\X2\00E1\X0\ng');
#313= IFCCARTESIANPOINTLIST3D(((0.240754,0.0,0.522115),(0.234718,0.053573,0.522115),(0.216912,0.104459,0.522115),(0.188229,0.150108,0.522115),(0.150108,0.188229,0.522115),(0.104459,0.216912,0.522115),(0.053573,0.234718,0.522115),(0.0,0.240754,0.522115),(-0.053573,0.234718,0.522115),(-0.104459,0.216912,0.522115),(-0.150108,0.188229,0.522115),(-0.188229,0.150108,0.522115),(-0.216912,0.104459,0.522115),(-0.234718,0.053573,0.522115),(-0.240754,0.0,0.522115),(-0.240299,0.0,0.52869),(-0.234274,0.053472,0.52869),(-0.216502,0.104262,0.52869),(-0.187873,0.149824,0.52869),(-0.149824,0.187873,0.52869),(-0.104262,0.216502,0.52869),(-0.053472,0.234274,0.52869),(0.0,0.240299,0.52869),(0.053472,0.234274,0.52869),(0.104262,0.216502,0.52869),(0.149824,0.187873,0.52869),(0.187873,0.149824,0.52869),(0.216502,0.104262,0.52869),(0.234274,0.053472,0.52869),(0.240299,0.0,0.52869),(-0.236503,0.033695,0.52869),(-0.237736,0.026786,0.522115),(-0.225815,0.079016,0.522115),(-0.225388,0.078867,0.52869),(-0.169168,0.169168,0.522115),(-0.168849,0.168849,0.52869),(-0.127284,0.202571,0.522115),(-0.127043,0.202188,0.52869),(-0.202571,0.127284,0.522115),(-0.202188,0.127043,0.52869),(-0.079016,0.225815,0.522115),(-0.078867,0.225388,0.52869),(-0.026736,0.237287,0.52869),(-0.026786,0.237736,0.522115),(0.078867,0.225388,0.52869),(0.079016,0.225815,0.522115),(0.127043,0.202188,0.52869),(0.127284,0.202571,0.522115),(0.225388,0.078867,0.52869),(0.225815,0.079016,0.522115),(0.202188,0.127043,0.52869),(0.202571,0.127284,0.522115),(0.168849,0.168849,0.52869),(0.169168,0.169168,0.522115),(0.236503,0.033695,0.52869),(0.237736,0.026786,0.522115),(0.026786,0.237736,0.522115),(0.026736,0.237287,0.52869)),$);
#314= IFCTRIANGULATEDFACESET(#313,$,$,((31,17,14),(31,14,32),(30,1,56),(30,56,55),(53,27,4),(53,4,54),(33,34,18),(33,18,13),(35,36,20),(35,20,11),(45,25,6),(45,6,46),(38,21,37),(38,37,11),(41,10,42),(41,42,22),(39,40,19),(39,19,12),(49,29,2),(49,2,50),(28,49,50),(28,50,3),(13,18,40),(13,40,39),(2,29,55),(2,55,56),(14,17,34),(14,34,33),(26,53,54),(26,54,5),(32,15,16),(32,16,31),(43,44,9),(43,9,22),(42,10,21),(22,9,41),(11,20,38),(21,10,37),(12,19,36),(12,36,35),(23,8,44),(23,44,43),(24,45,46),(24,46,7),(7,57,58),(7,58,24),(48,6,25),(48,25,47),(51,28,3),(51,3,52),(52,4,27),(52,27,51),(47,26,5),(47,5,48),(23,58,57),(23,57,8)),$);
#315= IFCSTYLEDITEM(#314,(#121),'\X2\0110\X0\\X2\00E8\X0\n chi\X2\1EBF\X0\u s\X2\00E1\X0\ng');
#316= IFCCARTESIANPOINTLIST3D(((-0.240754,0.0,0.522115),(-0.234718,-0.053573,0.522115),(-0.216912,-0.104459,0.522115),(-0.188229,-0.150108,0.522115),(-0.150108,-0.188229,0.522115),(-0.104459,-0.216912,0.522115),(-0.053573,-0.234718,0.522115),(0.0,-0.240754,0.522115),(0.053573,-0.234718,0.522115),(0.104459,-0.216912,0.522115),(0.150108,-0.188229,0.522115),(0.188229,-0.150108,0.522115),(0.216912,-0.104459,0.522115),(0.234718,-0.053573,0.522115),(0.240754,0.0,0.522115),(0.240299,0.0,0.52869),(0.234274,-0.053472,0.52869),(0.216502,-0.104262,0.52869),(0.187873,-0.149824,0.52869),(0.149824,-0.187873,0.52869),(0.104262,-0.216502,0.52869),(0.053472,-0.234274,0.52869),(0.0,-0.240299,0.52869),(-0.053472,-0.234274,0.52869),(-0.104262,-0.216502,0.52869),(-0.149824,-0.187873,0.52869),(-0.187873,-0.149824,0.52869),(-0.216502,-0.104262,0.52869),(-0.234274,-0.053472,0.52869),(-0.240299,0.0,0.52869),(0.236503,-0.033695,0.52869),(0.237736,-0.026786,0.522115),(0.225815,-0.079016,0.522115),(0.225388,-0.078867,0.52869),(0.169168,-0.169168,0.522115),(0.168849,-0.168849,0.52869),(0.127284,-0.202571,0.522115),(0.127043,-0.202188,0.52869),(0.202571,-0.127284,0.522115),(0.202188,-0.127043,0.52869),(0.079016,-0.225815,0.522115),(0.078867,-0.225388,0.52869),(0.026736,-0.237287,0.52869),(0.026786,-0.237736,0.522115),(-0.127043,-0.202188,0.52869),(-0.127284,-0.202571,0.522115),(-0.079016,-0.225815,0.522115),(-0.078867,-0.225388,0.52869),(-0.225388,-0.078867,0.52869),(-0.225815,-0.079016,0.522115),(-0.202188,-0.127043,0.52869),(-0.202571,-0.127284,0.522115),(-0.168849,-0.168849,0.52869),(-0.169168,-0.169168,0.522115),(-0.236503,-0.033695,0.52869),(-0.237736,-0.026786,0.522115),(-0.026736,-0.237287,0.52869),(-0.026786,-0.237736,0.522115)),$);
#317= IFCTRIANGULATEDFACESET(#316,$,$,((31,17,14),(31,14,32),(30,1,56),(30,56,55),(53,27,4),(53,4,54),(33,34,18),(33,18,13),(35,36,20),(35,20,11),(49,29,2),(49,2,50),(37,38,21),(37,21,10),(45,26,5),(45,5,46),(47,7,48),(47,48,25),(39,40,19),(39,19,12),(51,28,3),(51,3,52),(41,42,22),(41,22,9),(27,51,52),(27,52,4),(13,18,40),(13,40,39),(2,29,55),(2,55,56),(14,17,34),(14,34,33),(26,53,54),(26,54,5),(32,15,16),(32,16,31),(43,44,9),(43,9,22),(10,21,42),(10,42,41),(25,6,47),(11,20,38),(11,38,37),(6,25,45),(6,45,46),(12,19,36),(12,36,35),(23,8,44),(23,44,43),(28,49,50),(28,50,3),(8,23,57),(8,57,58),(48,7,24),(24,7,58),(24,58,57)),$);
#318= IFCSTYLEDITEM(#317,(#121),'\X2\0110\X0\\X2\00E8\X0\n chi\X2\1EBF\X0\u s\X2\00E1\X0\ng');
#319= IFCCARTESIANPOINTLIST3D(((0.241002,0.0,0.515363),(0.23496,0.053628,0.515363),(0.217136,0.104567,0.515363),(0.188423,0.150263,0.515363),(0.150263,0.188423,0.515363),(0.104567,0.217136,0.515363),(0.053628,0.23496,0.515363),(0.0,0.241002,0.515363),(-0.053628,0.23496,0.515363),(-0.104567,0.217136,0.515363),(-0.150263,0.188423,0.515363),(-0.188423,0.150263,0.515363),(-0.217136,0.104567,0.515363),(-0.23496,0.053628,0.515363),(-0.241002,0.0,0.515363),(-0.240754,0.0,0.522115),(-0.234718,0.053573,0.522115),(-0.216912,0.104459,0.522115),(-0.188229,0.150108,0.522115),(-0.150108,0.188229,0.522115),(-0.104459,0.216912,0.522115),(-0.053573,0.234718,0.522115),(0.0,0.240754,0.522115),(0.053573,0.234718,0.522115),(0.104459,0.216912,0.522115),(0.150108,0.188229,0.522115),(0.188229,0.150108,0.522115),(0.216912,0.104459,0.522115),(0.234718,0.053573,0.522115),(0.240754,0.0,0.522115),(-0.236953,0.033734,0.522115),(-0.237981,0.026814,0.515363),(-0.226048,0.079098,0.515363),(-0.225815,0.079016,0.522115),(-0.169343,0.169343,0.515363),(-0.169168,0.169168,0.522115),(-0.127415,0.20278,0.515363),(-0.127284,0.202571,0.522115),(-0.20278,0.127415,0.515363),(-0.202571,0.127284,0.522115),(-0.079098,0.226048,0.515363),(-0.079016,0.225815,0.522115),(-0.026786,0.237736,0.522115),(-0.026814,0.237981,0.515363),(0.079016,0.225815,0.522115),(0.079098,0.226048,0.515363),(0.127284,0.202571,0.522115),(0.127415,0.20278,0.515363),(0.225815,0.079016,0.522115),(0.226048,0.079098,0.515363),(0.202571,0.127284,0.522115),(0.20278,0.127415,0.515363),(0.169168,0.169168,0.522115),(0.169343,0.169343,0.515363),(0.236953,0.033734,0.522115),(0.237981,0.026814,0.515363),(0.026814,0.237981,0.515363),(0.026786,0.237736,0.522115)),$);
#320= IFCTRIANGULATEDFACESET(#319,$,$,((31,17,14),(31,14,32),(30,1,56),(30,56,55),(53,27,4),(53,4,54),(33,34,18),(33,18,13),(35,36,20),(35,20,11),(45,25,6),(45,6,46),(38,21,37),(38,37,11),(41,10,42),(41,42,22),(39,40,19),(39,19,12),(49,29,2),(49,2,50),(28,49,50),(28,50,3),(13,18,40),(13,40,39),(2,29,55),(2,55,56),(14,17,34),(14,34,33),(26,53,54),(26,54,5),(32,15,16),(32,16,31),(43,44,9),(43,9,22),(42,10,21),(22,9,41),(11,20,38),(21,10,37),(12,19,36),(12,36,35),(23,8,44),(23,44,43),(24,45,46),(24,46,7),(7,57,58),(7,58,24),(48,6,25),(48,25,47),(51,28,3),(51,3,52),(52,4,27),(52,27,51),(47,26,5),(47,5,48),(23,58,57),(23,57,8)),$);
#321= IFCSTYLEDITEM(#320,(#121),'\X2\0110\X0\\X2\00E8\X0\n chi\X2\1EBF\X0\u s\X2\00E1\X0\ng');
#322= IFCCARTESIANPOINTLIST3D(((-0.241002,0.0,0.515363),(-0.23496,-0.053628,0.515363),(-0.217136,-0.104567,0.515363),(-0.188423,-0.150263,0.515363),(-0.150263,-0.188423,0.515363),(-0.104567,-0.217136,0.515363),(-0.053628,-0.23496,0.515363),(0.0,-0.241002,0.515363),(0.053628,-0.23496,0.515363),(0.104567,-0.217136,0.515363),(0.150263,-0.188423,0.515363),(0.188423,-0.150263,0.515363),(0.217136,-0.104567,0.515363),(0.23496,-0.053628,0.515363),(0.241002,0.0,0.515363),(0.240754,0.0,0.522115),(0.234718,-0.053573,0.522115),(0.216912,-0.104459,0.522115),(0.188229,-0.150108,0.522115),(0.150108,-0.188229,0.522115),(0.104459,-0.216912,0.522115),(0.053573,-0.234718,0.522115),(0.0,-0.240754,0.522115),(-0.053573,-0.234718,0.522115),(-0.104459,-0.216912,0.522115),(-0.150108,-0.188229,0.522115),(-0.188229,-0.150108,0.522115),(-0.216912,-0.104459,0.522115),(-0.234718,-0.053573,0.522115),(-0.240754,0.0,0.522115),(0.236953,-0.033734,0.522115),(0.237981,-0.026814,0.515363),(0.226048,-0.079098,0.515363),(0.225815,-0.079016,0.522115),(0.169343,-0.169343,0.515363),(0.169168,-0.169168,0.522115),(0.127415,-0.20278,0.515363),(0.127284,-0.202571,0.522115),(0.20278,-0.127415,0.515363),(0.202571,-0.127284,0.522115),(0.079098,-0.226048,0.515363),(0.079016,-0.225815,0.522115),(0.026786,-0.237736,0.522115),(0.026814,-0.237981,0.515363),(-0.127284,-0.202571,0.522115),(-0.127415,-0.20278,0.515363),(-0.079098,-0.226048,0.515363),(-0.079016,-0.225815,0.522115),(-0.225815,-0.079016,0.522115),(-0.226048,-0.079098,0.515363),(-0.202571,-0.127284,0.522115),(-0.20278,-0.127415,0.515363),(-0.169168,-0.169168,0.522115),(-0.169343,-0.169343,0.515363),(-0.236953,-0.033734,0.522115),(-0.237981,-0.026814,0.515363),(-0.026786,-0.237736,0.522115),(-0.026814,-0.237981,0.515363)),$);
#323= IFCTRIANGULATEDFACESET(#322,$,$,((31,17,14),(31,14,32),(30,1,56),(30,56,55),(53,27,4),(53,4,54),(33,34,18),(33,18,13),(35,36,20),(35,20,11),(49,29,2),(49,2,50),(37,38,21),(37,21,10),(45,26,5),(45,5,46),(47,7,48),(47,48,25),(39,40,19),(39,19,12),(51,28,3),(51,3,52),(41,42,22),(41,22,9),(27,51,52),(27,52,4),(13,18,40),(13,40,39),(2,29,55),(2,55,56),(14,17,34),(14,34,33),(26,53,54),(26,54,5),(32,15,16),(32,16,31),(43,44,9),(43,9,22),(10,21,42),(10,42,41),(25,6,47),(11,20,38),(11,38,37),(6,25,45),(6,45,46),(12,19,36),(12,36,35),(23,8,44),(23,44,43),(28,49,50),(28,50,3),(8,23,57),(8,57,58),(48,7,24),(24,7,58),(24,58,57)),$);
#324= IFCSTYLEDITEM(#323,(#121),'\X2\0110\X0\\X2\00E8\X0\n chi\X2\1EBF\X0\u s\X2\00E1\X0\ng');
#325= IFCCARTESIANPOINTLIST3D(((0.24103,0.0,0.508397),(0.234986,0.053634,0.508397),(0.21716,0.104579,0.508397),(0.188444,0.150279,0.508397),(0.150279,0.188444,0.508397),(0.104579,0.21716,0.508397),(0.053634,0.234986,0.508397),(0.0,0.24103,0.508397),(-0.053634,0.234986,0.508397),(-0.104579,0.21716,0.508397),(-0.150279,0.188444,0.508397),(-0.188444,0.150279,0.508397),(-0.21716,0.104579,0.508397),(-0.234986,0.053634,0.508397),(-0.24103,0.0,0.508397),(-0.241002,0.0,0.515363),(-0.23496,0.053628,0.515363),(-0.217136,0.104567,0.515363),(-0.188423,0.150263,0.515363),(-0.150263,0.188423,0.515363),(-0.104567,0.217136,0.515363),(-0.053628,0.23496,0.515363),(0.0,0.241002,0.515363),(0.053628,0.23496,0.515363),(0.104567,0.217136,0.515363),(0.150263,0.188423,0.515363),(0.188423,0.150263,0.515363),(0.217136,0.104567,0.515363),(0.23496,0.053628,0.515363),(0.241002,0.0,0.515363),(-0.237199,0.033759,0.515363),(-0.238008,0.026817,0.508397),(-0.226073,0.079106,0.508397),(-0.226048,0.079098,0.515363),(-0.169362,0.169362,0.508397),(-0.169343,0.169343,0.515363),(-0.127429,0.202802,0.508397),(-0.127415,0.20278,0.515363),(-0.202802,0.127429,0.508397),(-0.20278,0.127415,0.515363),(-0.079106,0.226073,0.508397),(-0.079098,0.226048,0.515363),(-0.026814,0.237981,0.515363),(-0.026817,0.238008,0.508397),(0.079098,0.226048,0.515363),(0.079106,0.226073,0.508397),(0.127415,0.20278,0.515363),(0.127429,0.202802,0.508397),(0.226048,0.079098,0.515363),(0.226073,0.079106,0.508397),(0.20278,0.127415,0.515363),(0.202802,0.127429,0.508397),(0.169343,0.169343,0.515363),(0.169362,0.169362,0.508397),(0.237199,0.033759,0.515363),(0.238008,0.026817,0.508397),(0.026817,0.238008,0.508397),(0.026814,0.237981,0.515363)),$);
#326= IFCTRIANGULATEDFACESET(#325,$,$,((31,17,14),(31,14,32),(30,1,56),(30,56,55),(53,27,4),(53,4,54),(33,34,18),(33,18,13),(35,36,20),(35,20,11),(45,25,6),(45,6,46),(38,21,37),(38,37,11),(41,10,42),(41,42,22),(39,40,19),(39,19,12),(49,29,2),(49,2,50),(28,49,50),(28,50,3),(13,18,40),(13,40,39),(2,29,55),(2,55,56),(14,17,34),(14,34,33),(26,53,54),(26,54,5),(32,15,16),(32,16,31),(43,44,9),(43,9,22),(42,10,21),(22,9,41),(11,20,38),(21,10,37),(12,19,36),(12,36,35),(23,8,44),(23,44,43),(24,45,46),(24,46,7),(7,57,58),(7,58,24),(48,6,25),(48,25,47),(51,28,3),(51,3,52),(52,4,27),(52,27,51),(47,26,5),(47,5,48),(23,58,57),(23,57,8)),$);
#327= IFCSTYLEDITEM(#326,(#121),'\X2\0110\X0\\X2\00E8\X0\n chi\X2\1EBF\X0\u s\X2\00E1\X0\ng');
#328= IFCCARTESIANPOINTLIST3D(((-0.24103,0.0,0.508397),(-0.234986,-0.053634,0.508397),(-0.21716,-0.104579,0.508397),(-0.188444,-0.150279,0.508397),(-0.150279,-0.188444,0.508397),(-0.104579,-0.21716,0.508397),(-0.053634,-0.234986,0.508397),(0.0,-0.24103,0.508397),(0.053634,-0.234986,0.508397),(0.104579,-0.21716,0.508397),(0.150279,-0.188444,0.508397),(0.188444,-0.150279,0.508397),(0.21716,-0.104579,0.508397),(0.234986,-0.053634,0.508397),(0.24103,0.0,0.508397),(0.241002,0.0,0.515363),(0.23496,-0.053628,0.515363),(0.217136,-0.104567,0.515363),(0.188423,-0.150263,0.515363),(0.150263,-0.188423,0.515363),(0.104567,-0.217136,0.515363),(0.053628,-0.23496,0.515363),(0.0,-0.241002,0.515363),(-0.053628,-0.23496,0.515363),(-0.104567,-0.217136,0.515363),(-0.150263,-0.188423,0.515363),(-0.188423,-0.150263,0.515363),(-0.217136,-0.104567,0.515363),(-0.23496,-0.053628,0.515363),(-0.241002,0.0,0.515363),(0.237199,-0.033759,0.515363),(0.238008,-0.026817,0.508397),(0.226073,-0.079106,0.508397),(0.226048,-0.079098,0.515363),(0.169362,-0.169362,0.508397),(0.169343,-0.169343,0.515363),(0.127429,-0.202802,0.508397),(0.127415,-0.20278,0.515363),(0.202802,-0.127429,0.508397),(0.20278,-0.127415,0.515363),(0.079106,-0.226073,0.508397),(0.079098,-0.226048,0.515363),(0.026814,-0.237981,0.515363),(0.026817,-0.238008,0.508397),(-0.127415,-0.20278,0.515363),(-0.127429,-0.202802,0.508397),(-0.079106,-0.226073,0.508397),(-0.079098,-0.226048,0.515363),(-0.226048,-0.079098,0.515363),(-0.226073,-0.079106,0.508397),(-0.20278,-0.127415,0.515363),(-0.202802,-0.127429,0.508397),(-0.169343,-0.169343,0.515363),(-0.169362,-0.169362,0.508397),(-0.237199,-0.033759,0.515363),(-0.238008,-0.026817,0.508397),(-0.026814,-0.237981,0.515363),(-0.026817,-0.238008,0.508397)),$);
#329= IFCTRIANGULATEDFACESET(#328,$,$,((31,17,14),(31,14,32),(30,1,56),(30,56,55),(53,27,4),(53,4,54),(33,34,18),(33,18,13),(35,36,20),(35,20,11),(49,29,2),(49,2,50),(37,38,21),(37,21,10),(45,26,5),(45,5,46),(47,7,48),(47,48,25),(39,40,19),(39,19,12),(51,28,3),(51,3,52),(41,42,22),(41,22,9),(27,51,52),(27,52,4),(13,18,40),(13,40,39),(2,29,55),(2,55,56),(14,17,34),(14,34,33),(26,53,54),(26,54,5),(32,15,16),(32,16,31),(43,44,9),(43,9,22),(10,21,42),(10,42,41),(25,6,47),(11,20,38),(11,38,37),(6,25,45),(6,45,46),(12,19,36),(12,36,35),(23,8,44),(23,44,43),(28,49,50),(28,50,3),(8,23,57),(8,57,58),(48,7,24),(24,7,58),(24,58,57)),$);
#330= IFCSTYLEDITEM(#329,(#121),'\X2\0110\X0\\X2\00E8\X0\n chi\X2\1EBF\X0\u s\X2\00E1\X0\ng');
#331= IFCCARTESIANPOINTLIST3D(((0.240821,0.0,0.501181),(0.234783,0.053588,0.501181),(0.216972,0.104488,0.501181),(0.188281,0.150149,0.501181),(0.150149,0.188281,0.501181),(0.104488,0.216972,0.501181),(0.053588,0.234783,0.501181),(0.0,0.240821,0.501181),(-0.053588,0.234783,0.501181),(-0.104488,0.216972,0.501181),(-0.150149,0.188281,0.501181),(-0.188281,0.150149,0.501181),(-0.216972,0.104488,0.501181),(-0.234783,0.053588,0.501181),(-0.240821,0.0,0.501181),(-0.24103,0.0,0.508397),(-0.234986,0.053634,0.508397),(-0.21716,0.104579,0.508397),(-0.188444,0.150279,0.508397),(-0.150279,0.188444,0.508397),(-0.104579,0.21716,0.508397),(-0.053634,0.234986,0.508397),(0.0,0.24103,0.508397),(0.053634,0.234986,0.508397),(0.104579,0.21716,0.508397),(0.150279,0.188444,0.508397),(0.188444,0.150279,0.508397),(0.21716,0.104579,0.508397),(0.234986,0.053634,0.508397),(0.24103,0.0,0.508397),(-0.237225,0.033769,0.508397),(-0.237802,0.026794,0.501181),(-0.225877,0.079038,0.501181),(-0.226073,0.079106,0.508397),(-0.169215,0.169215,0.501181),(-0.169362,0.169362,0.508397),(-0.127319,0.202626,0.501181),(-0.127429,0.202802,0.508397),(-0.202626,0.127319,0.501181),(-0.202802,0.127429,0.508397),(-0.079038,0.225877,0.501181),(-0.079106,0.226073,0.508397),(-0.026817,0.238008,0.508397),(-0.026794,0.237802,0.501181),(0.079106,0.226073,0.508397),(0.079038,0.225877,0.501181),(0.127429,0.202802,0.508397),(0.127319,0.202626,0.501181),(0.226073,0.079106,0.508397),(0.225877,0.079038,0.501181),(0.202802,0.127429,0.508397),(0.202626,0.127319,0.501181),(0.169362,0.169362,0.508397),(0.169215,0.169215,0.501181),(0.237225,0.033769,0.508397),(0.237802,0.026794,0.501181),(0.026794,0.237802,0.501181),(0.026817,0.238008,0.508397)),$);
#332= IFCTRIANGULATEDFACESET(#331,$,$,((31,17,14),(31,14,32),(30,1,56),(30,56,55),(53,27,4),(53,4,54),(33,34,18),(33,18,13),(35,36,20),(35,20,11),(45,25,6),(45,6,46),(38,21,37),(38,37,11),(41,10,42),(41,42,22),(39,40,19),(39,19,12),(49,29,2),(49,2,50),(28,49,50),(28,50,3),(13,18,40),(13,40,39),(2,29,55),(2,55,56),(14,17,34),(14,34,33),(26,53,54),(26,54,5),(32,15,16),(32,16,31),(43,44,9),(43,9,22),(42,10,21),(22,9,41),(11,20,38),(21,10,37),(12,19,36),(12,36,35),(23,8,44),(23,44,43),(24,45,46),(24,46,7),(7,57,58),(7,58,24),(48,6,25),(48,25,47),(51,28,3),(51,3,52),(52,4,27),(52,27,51),(47,26,5),(47,5,48),(23,58,57),(23,57,8)),$);
#333= IFCSTYLEDITEM(#332,(#121),'\X2\0110\X0\\X2\00E8\X0\n chi\X2\1EBF\X0\u s\X2\00E1\X0\ng');
#334= IFCCARTESIANPOINTLIST3D(((-0.240821,0.0,0.501181),(-0.234783,-0.053588,0.501181),(-0.216972,-0.104488,0.501181),(-0.188281,-0.150149,0.501181),(-0.150149,-0.188281,0.501181),(-0.104488,-0.216972,0.501181),(-0.053588,-0.234783,0.501181),(0.0,-0.240821,0.501181),(0.053588,-0.234783,0.501181),(0.104488,-0.216972,0.501181),(0.150149,-0.188281,0.501181),(0.188281,-0.150149,0.501181),(0.216972,-0.104488,0.501181),(0.234783,-0.053588,0.501181),(0.240821,0.0,0.501181),(0.24103,0.0,0.508397),(0.234986,-0.053634,0.508397),(0.21716,-0.104579,0.508397),(0.188444,-0.150279,0.508397),(0.150279,-0.188444,0.508397),(0.104579,-0.21716,0.508397),(0.053634,-0.234986,0.508397),(0.0,-0.24103,0.508397),(-0.053634,-0.234986,0.508397),(-0.104579,-0.21716,0.508397),(-0.150279,-0.188444,0.508397),(-0.188444,-0.150279,0.508397),(-0.21716,-0.104579,0.508397),(-0.234986,-0.053634,0.508397),(-0.24103,0.0,0.508397),(0.237225,-0.033769,0.508397),(0.237802,-0.026794,0.501181),(0.225877,-0.079038,0.501181),(0.226073,-0.079106,0.508397),(0.169215,-0.169215,0.501181),(0.169362,-0.169362,0.508397),(0.127319,-0.202626,0.501181),(0.127429,-0.202802,0.508397),(0.202626,-0.127319,0.501181),(0.202802,-0.127429,0.508397),(0.079038,-0.225877,0.501181),(0.079106,-0.226073,0.508397),(0.026817,-0.238008,0.508397),(0.026794,-0.237802,0.501181),(-0.127429,-0.202802,0.508397),(-0.127319,-0.202626,0.501181),(-0.079038,-0.225877,0.501181),(-0.079106,-0.226073,0.508397),(-0.226073,-0.079106,0.508397),(-0.225877,-0.079038,0.501181),(-0.202802,-0.127429,0.508397),(-0.202626,-0.127319,0.501181),(-0.169362,-0.169362,0.508397),(-0.169215,-0.169215,0.501181),(-0.237225,-0.033769,0.508397),(-0.237802,-0.026794,0.501181),(-0.026817,-0.238008,0.508397),(-0.026794,-0.237802,0.501181)),$);
#335= IFCTRIANGULATEDFACESET(#334,$,$,((31,17,14),(31,14,32),(30,1,56),(30,56,55),(53,27,4),(53,4,54),(33,34,18),(33,18,13),(35,36,20),(35,20,11),(49,29,2),(49,2,50),(37,38,21),(37,21,10),(45,26,5),(45,5,46),(47,7,48),(47,48,25),(39,40,19),(39,19,12),(51,28,3),(51,3,52),(41,42,22),(41,22,9),(27,51,52),(27,52,4),(13,18,40),(13,40,39),(2,29,55),(2,55,56),(14,17,34),(14,34,33),(26,53,54),(26,54,5),(32,15,16),(32,16,31),(43,44,9),(43,9,22),(10,21,42),(10,42,41),(25,6,47),(11,20,38),(11,38,37),(6,25,45),(6,45,46),(12,19,36),(12,36,35),(23,8,44),(23,44,43),(28,49,50),(28,50,3),(8,23,57),(8,57,58),(48,7,24),(24,7,58),(24,58,57)),$);
#336= IFCSTYLEDITEM(#335,(#121),'\X2\0110\X0\\X2\00E8\X0\n chi\X2\1EBF\X0\u s\X2\00E1\X0\ng');
#337= IFCCARTESIANPOINTLIST3D(((0.240361,0.0,0.493678),(0.234334,0.053485,0.493678),(0.216558,0.104289,0.493678),(0.187922,0.149862,0.493678),(0.149862,0.187922,0.493678),(0.104289,0.216558,0.493678),(0.053485,0.234334,0.493678),(0.0,0.240361,0.493678),(-0.053485,0.234334,0.493678),(-0.104289,0.216558,0.493678),(-0.149862,0.187922,0.493678),(-0.187922,0.149862,0.493678),(-0.216558,0.104289,0.493678),(-0.234334,0.053485,0.493678),(-0.240361,0.0,0.493678),(-0.240821,0.0,0.501181),(-0.234783,0.053588,0.501181),(-0.216972,0.104488,0.501181),(-0.188281,0.150149,0.501181),(-0.150149,0.188281,0.501181),(-0.104488,0.216972,0.501181),(-0.053588,0.234783,0.501181),(0.0,0.240821,0.501181),(0.053588,0.234783,0.501181),(0.104488,0.216972,0.501181),(0.150149,0.188281,0.501181),(0.188281,0.150149,0.501181),(0.216972,0.104488,0.501181),(0.234783,0.053588,0.501181),(0.240821,0.0,0.501181),(-0.237016,0.033763,0.501181),(-0.237348,0.026743,0.493678),(-0.225446,0.078887,0.493678),(-0.225877,0.079038,0.501181),(-0.168892,0.168892,0.493678),(-0.169215,0.169215,0.501181),(-0.127076,0.20224,0.493678),(-0.127319,0.202626,0.501181),(-0.20224,0.127076,0.493678),(-0.202626,0.127319,0.501181),(-0.078887,0.225446,0.493678),(-0.079038,0.225877,0.501181),(-0.026794,0.237802,0.501181),(-0.026743,0.237348,0.493678),(0.079038,0.225877,0.501181),(0.078887,0.225446,0.493678),(0.127319,0.202626,0.501181),(0.127076,0.20224,0.493678),(0.225877,0.079038,0.501181),(0.225446,0.078887,0.493678),(0.202626,0.127319,0.501181),(0.20224,0.127076,0.493678),(0.169215,0.169215,0.501181),(0.168892,0.168892,0.493678),(0.237016,0.033763,0.501181),(0.237348,0.026743,0.493678),(0.026743,0.237348,0.493678),(0.026794,0.237802,0.501181)),$);
#338= IFCTRIANGULATEDFACESET(#337,$,$,((31,17,14),(31,14,32),(30,1,56),(30,56,55),(53,27,4),(53,4,54),(33,34,18),(33,18,13),(35,36,20),(35,20,11),(45,25,6),(45,6,46),(38,21,37),(38,37,11),(41,10,42),(41,42,22),(39,40,19),(39,19,12),(49,29,2),(49,2,50),(28,49,50),(28,50,3),(13,18,40),(13,40,39),(2,29,55),(2,55,56),(14,17,34),(14,34,33),(26,53,54),(26,54,5),(32,15,16),(32,16,31),(43,44,9),(43,9,22),(42,10,21),(22,9,41),(11,20,38),(21,10,37),(12,19,36),(12,36,35),(23,8,44),(23,44,43),(24,45,46),(24,46,7),(7,57,58),(7,58,24),(48,6,25),(48,25,47),(51,28,3),(51,3,52),(52,4,27),(52,27,51),(47,26,5),(47,5,48),(23,58,57),(23,57,8)),$);
#339= IFCSTYLEDITEM(#338,(#121),'\X2\0110\X0\\X2\00E8\X0\n chi\X2\1EBF\X0\u s\X2\00E1\X0\ng');
#340= IFCCARTESIANPOINTLIST3D(((-0.240361,0.0,0.493678),(-0.234334,-0.053485,0.493678),(-0.216558,-0.104289,0.493678),(-0.187922,-0.149862,0.493678),(-0.149862,-0.187922,0.493678),(-0.104289,-0.216558,0.493678),(-0.053485,-0.234334,0.493678),(0.0,-0.240361,0.493678),(0.053485,-0.234334,0.493678),(0.104289,-0.216558,0.493678),(0.149862,-0.187922,0.493678),(0.187922,-0.149862,0.493678),(0.216558,-0.104289,0.493678),(0.234334,-0.053485,0.493678),(0.240361,0.0,0.493678),(0.240821,0.0,0.501181),(0.234783,-0.053588,0.501181),(0.216972,-0.104488,0.501181),(0.188281,-0.150149,0.501181),(0.150149,-0.188281,0.501181),(0.104488,-0.216972,0.501181),(0.053588,-0.234783,0.501181),(0.0,-0.240821,0.501181),(-0.053588,-0.234783,0.501181),(-0.104488,-0.216972,0.501181),(-0.150149,-0.188281,0.501181),(-0.188281,-0.150149,0.501181),(-0.216972,-0.104488,0.501181),(-0.234783,-0.053588,0.501181),(-0.240821,0.0,0.501181),(0.237016,-0.033763,0.501181),(0.237348,-0.026743,0.493678),(0.225446,-0.078887,0.493678),(0.225877,-0.079038,0.501181),(0.168892,-0.168892,0.493678),(0.169215,-0.169215,0.501181),(0.127076,-0.20224,0.493678),(0.127319,-0.202626,0.501181),(0.20224,-0.127076,0.493678),(0.202626,-0.127319,0.501181),(0.078887,-0.225446,0.493678),(0.079038,-0.225877,0.501181),(0.026794,-0.237802,0.501181),(0.026743,-0.237348,0.493678),(-0.127319,-0.202626,0.501181),(-0.127076,-0.20224,0.493678),(-0.078887,-0.225446,0.493678),(-0.079038,-0.225877,0.501181),(-0.225877,-0.079038,0.501181),(-0.225446,-0.078887,0.493678),(-0.202626,-0.127319,0.501181),(-0.20224,-0.127076,0.493678),(-0.169215,-0.169215,0.501181),(-0.168892,-0.168892,0.493678),(-0.237016,-0.033763,0.501181),(-0.237348,-0.026743,0.493678),(-0.026794,-0.237802,0.501181),(-0.026743,-0.237348,0.493678)),$);
#341= IFCTRIANGULATEDFACESET(#340,$,$,((31,17,14),(31,14,32),(30,1,56),(30,56,55),(53,27,4),(53,4,54),(33,34,18),(33,18,13),(35,36,20),(35,20,11),(49,29,2),(49,2,50),(37,38,21),(37,21,10),(45,26,5),(45,5,46),(47,7,48),(47,48,25),(39,40,19),(39,19,12),(51,28,3),(51,3,52),(41,42,22),(41,22,9),(27,51,52),(27,52,4),(13,18,40),(13,40,39),(2,29,55),(2,55,56),(14,17,34),(14,34,33),(26,53,54),(26,54,5),(32,15,16),(32,16,31),(43,44,9),(43,9,22),(10,21,42),(10,42,41),(25,6,47),(11,20,38),(11,38,37),(6,25,45),(6,45,46),(12,19,36),(12,36,35),(23,8,44),(23,44,43),(28,49,50),(28,50,3),(8,23,57),(8,57,58),(48,7,24),(24,7,58),(24,58,57)),$);
#342= IFCSTYLEDITEM(#341,(#121),'\X2\0110\X0\\X2\00E8\X0\n chi\X2\1EBF\X0\u s\X2\00E1\X0\ng');
#343= IFCCARTESIANPOINTLIST3D(((0.239635,0.0,0.485864),(0.233627,0.053324,0.485864),(0.215904,0.103974,0.485864),(0.187354,0.14941,0.485864),(0.14941,0.187354,0.485864),(0.103974,0.215904,0.485864),(0.053324,0.233627,0.485864),(0.0,0.239635,0.485864),(-0.053324,0.233627,0.485864),(-0.103974,0.215904,0.485864),(-0.14941,0.187354,0.485864),(-0.187354,0.14941,0.485864),(-0.215904,0.103974,0.485864),(-0.233627,0.053324,0.485864),(-0.239635,0.0,0.485864),(-0.240361,0.0,0.493678),(-0.234334,0.053485,0.493678),(-0.216558,0.104289,0.493678),(-0.187922,0.149862,0.493678),(-0.149862,0.187922,0.493678),(-0.104289,0.216558,0.493678),(-0.053485,0.234334,0.493678),(0.0,0.240361,0.493678),(0.053485,0.234334,0.493678),(0.104289,0.216558,0.493678),(0.149862,0.187922,0.493678),(0.187922,0.149862,0.493678),(0.216558,0.104289,0.493678),(0.234334,0.053485,0.493678),(0.240361,0.0,0.493678)),$);
#344= IFCTRIANGULATEDFACESET(#343,$,$,((15,16,17),(15,17,14),(14,17,18),(14,18,13),(12,19,20),(12,20,11),(11,20,21),(11,21,10),(13,18,19),(13,19,12),(10,21,22),(10,22,9),(23,8,9),(23,9,22),(24,25,6),(24,6,7),(25,26,5),(25,5,6),(28,29,2),(28,2,3),(27,28,3),(27,3,4),(26,27,4),(26,4,5),(29,30,1),(29,1,2),(7,8,23),(7,23,24)),$);
#345= IFCSTYLEDITEM(#344,(#121),'\X2\0110\X0\\X2\00E8\X0\n chi\X2\1EBF\X0\u s\X2\00E1\X0\ng');
#346= IFCCARTESIANPOINTLIST3D(((-0.239635,0.0,0.485864),(-0.233627,-0.053324,0.485864),(-0.215904,-0.103974,0.485864),(-0.187354,-0.14941,0.485864),(-0.14941,-0.187354,0.485864),(-0.103974,-0.215904,0.485864),(-0.053324,-0.233627,0.485864),(0.0,-0.239635,0.485864),(0.053324,-0.233627,0.485864),(0.103974,-0.215904,0.485864),(0.14941,-0.187354,0.485864),(0.187354,-0.14941,0.485864),(0.215904,-0.103974,0.485864),(0.233627,-0.053324,0.485864),(0.239635,0.0,0.485864),(0.240361,0.0,0.493678),(0.234334,-0.053485,0.493678),(0.216558,-0.104289,0.493678),(0.187922,-0.149862,0.493678),(0.149862,-0.187922,0.493678),(0.104289,-0.216558,0.493678),(0.053485,-0.234334,0.493678),(0.0,-0.240361,0.493678),(-0.053485,-0.234334,0.493678),(-0.104289,-0.216558,0.493678),(-0.149862,-0.187922,0.493678),(-0.187922,-0.149862,0.493678),(-0.216558,-0.104289,0.493678),(-0.234334,-0.053485,0.493678),(-0.240361,0.0,0.493678)),$);
#347= IFCTRIANGULATEDFACESET(#346,$,$,((15,16,17),(15,17,14),(14,17,18),(14,18,13),(12,19,20),(12,20,11),(11,20,21),(11,21,10),(13,18,19),(13,19,12),(10,21,22),(10,22,9),(23,8,9),(23,9,22),(25,26,5),(25,5,6),(7,24,25),(7,25,6),(28,29,2),(28,2,3),(27,28,3),(27,3,4),(26,27,4),(26,4,5),(29,30,1),(29,1,2),(24,7,8),(24,8,23)),$);
#348= IFCSTYLEDITEM(#347,(#121),'\X2\0110\X0\\X2\00E8\X0\n chi\X2\1EBF\X0\u s\X2\00E1\X0\ng');
#349= IFCCARTESIANPOINTLIST3D(((0.23863,0.0,0.477766),(0.232647,0.0531,0.477766),(0.214998,0.103537,0.477766),(0.186568,0.148783,0.477766),(0.148783,0.186568,0.477766),(0.103537,0.214998,0.477766),(0.0531,0.232647,0.477766),(0.0,0.23863,0.477766),(-0.0531,0.232647,0.477766),(-0.103537,0.214998,0.477766),(-0.148783,0.186568,0.477766),(-0.186568,0.148783,0.477766),(-0.214998,0.103537,0.477766),(-0.232647,0.0531,0.477766),(-0.23863,0.0,0.477766),(-0.239635,0.0,0.485864),(-0.233627,0.053324,0.485864),(-0.215904,0.103974,0.485864),(-0.187354,0.14941,0.485864),(-0.14941,0.187354,0.485864),(-0.103974,0.215904,0.485864),(-0.053324,0.233627,0.485864),(0.0,0.239635,0.485864),(0.053324,0.233627,0.485864),(0.103974,0.215904,0.485864),(0.14941,0.187354,0.485864),(0.187354,0.14941,0.485864),(0.215904,0.103974,0.485864),(0.233627,0.053324,0.485864),(0.239635,0.0,0.485864)),$);
#350= IFCTRIANGULATEDFACESET(#349,$,$,((15,16,17),(15,17,14),(14,17,18),(14,18,13),(12,19,20),(12,20,11),(11,20,21),(11,21,10),(13,18,19),(13,19,12),(10,21,22),(10,22,9),(23,8,9),(23,9,22),(24,25,6),(24,6,7),(25,26,5),(25,5,6),(28,29,2),(28,2,3),(27,28,3),(27,3,4),(26,27,4),(26,4,5),(29,30,1),(29,1,2),(7,8,23),(7,23,24)),$);
#351= IFCSTYLEDITEM(#350,(#121),'\X2\0110\X0\\X2\00E8\X0\n chi\X2\1EBF\X0\u s\X2\00E1\X0\ng');
#352= IFCCARTESIANPOINTLIST3D(((-0.23863,0.0,0.477766),(-0.232647,-0.0531,0.477766),(-0.214998,-0.103537,0.477766),(-0.186568,-0.148783,0.477766),(-0.148783,-0.186568,0.477766),(-0.103537,-0.214998,0.477766),(-0.0531,-0.232647,0.477766),(0.0,-0.23863,0.477766),(0.0531,-0.232647,0.477766),(0.103537,-0.214998,0.477766),(0.148783,-0.186568,0.477766),(0.186568,-0.148783,0.477766),(0.214998,-0.103537,0.477766),(0.232647,-0.0531,0.477766),(0.23863,0.0,0.477766),(0.239635,0.0,0.485864),(0.233627,-0.053324,0.485864),(0.215904,-0.103974,0.485864),(0.187354,-0.14941,0.485864),(0.14941,-0.187354,0.485864),(0.103974,-0.215904,0.485864),(0.053324,-0.233627,0.485864),(0.0,-0.239635,0.485864),(-0.053324,-0.233627,0.485864),(-0.103974,-0.215904,0.485864),(-0.14941,-0.187354,0.485864),(-0.187354,-0.14941,0.485864),(-0.215904,-0.103974,0.485864),(-0.233627,-0.053324,0.485864),(-0.239635,0.0,0.485864)),$);
#353= IFCTRIANGULATEDFACESET(#352,$,$,((15,16,17),(15,17,14),(14,17,18),(14,18,13),(12,19,20),(12,20,11),(11,20,21),(11,21,10),(13,18,19),(13,19,12),(10,21,22),(10,22,9),(23,8,9),(23,9,22),(25,26,5),(25,5,6),(7,24,25),(7,25,6),(28,29,2),(28,2,3),(27,28,3),(27,3,4),(26,27,4),(26,4,5),(29,30,1),(29,1,2),(24,7,8),(24,8,23)),$);
#354= IFCSTYLEDITEM(#353,(#121),'\X2\0110\X0\\X2\00E8\X0\n chi\X2\1EBF\X0\u s\X2\00E1\X0\ng');
#355= IFCCARTESIANPOINTLIST3D(((0.237329,0.0,0.469426),(0.231378,0.052811,0.469426),(0.213826,0.102973,0.469426),(0.185551,0.147972,0.469426),(0.147972,0.185551,0.469426),(0.102973,0.213826,0.469426),(0.052811,0.231378,0.469426),(0.0,0.237329,0.469426),(-0.052811,0.231378,0.469426),(-0.102973,0.213826,0.469426),(-0.147972,0.185551,0.469426),(-0.185551,0.147972,0.469426),(-0.213826,0.102973,0.469426),(-0.231378,0.052811,0.469426),(-0.237329,0.0,0.469426),(-0.23863,0.0,0.477766),(-0.232647,0.0531,0.477766),(-0.214998,0.103537,0.477766),(-0.186568,0.148783,0.477766),(-0.148783,0.186568,0.477766),(-0.103537,0.214998,0.477766),(-0.0531,0.232647,0.477766),(0.0,0.23863,0.477766),(0.0531,0.232647,0.477766),(0.103537,0.214998,0.477766),(0.148783,0.186568,0.477766),(0.186568,0.148783,0.477766),(0.214998,0.103537,0.477766),(0.232647,0.0531,0.477766),(0.23863,0.0,0.477766)),$);
#356= IFCTRIANGULATEDFACESET(#355,$,$,((15,16,17),(15,17,14),(14,17,18),(14,18,13),(12,19,20),(12,20,11),(11,20,21),(11,21,10),(13,18,19),(13,19,12),(10,21,22),(10,22,9),(23,8,9),(23,9,22),(24,25,6),(24,6,7),(25,26,5),(25,5,6),(28,29,2),(28,2,3),(27,28,3),(27,3,4),(26,27,4),(26,4,5),(29,30,1),(29,1,2),(7,8,23),(7,23,24)),$);
#357= IFCSTYLEDITEM(#356,(#121),'\X2\0110\X0\\X2\00E8\X0\n chi\X2\1EBF\X0\u s\X2\00E1\X0\ng');
#358= IFCCARTESIANPOINTLIST3D(((-0.237329,0.0,0.469426),(-0.231378,-0.052811,0.469426),(-0.213826,-0.102973,0.469426),(-0.185551,-0.147972,0.469426),(-0.147972,-0.185551,0.469426),(-0.102973,-0.213826,0.469426),(-0.052811,-0.231378,0.469426),(0.0,-0.237329,0.469426),(0.052811,-0.231378,0.469426),(0.102973,-0.213826,0.469426),(0.147972,-0.185551,0.469426),(0.185551,-0.147972,0.469426),(0.213826,-0.102973,0.469426),(0.231378,-0.052811,0.469426),(0.237329,0.0,0.469426),(0.23863,0.0,0.477766),(0.232647,-0.0531,0.477766),(0.214998,-0.103537,0.477766),(0.186568,-0.148783,0.477766),(0.148783,-0.186568,0.477766),(0.103537,-0.214998,0.477766),(0.0531,-0.232647,0.477766),(0.0,-0.23863,0.477766),(-0.0531,-0.232647,0.477766),(-0.103537,-0.214998,0.477766),(-0.148783,-0.186568,0.477766),(-0.186568,-0.148783,0.477766),(-0.214998,-0.103537,0.477766),(-0.232647,-0.0531,0.477766),(-0.23863,0.0,0.477766)),$);
#359= IFCTRIANGULATEDFACESET(#358,$,$,((15,16,17),(15,17,14),(14,17,18),(14,18,13),(12,19,20),(12,20,11),(11,20,21),(11,21,10),(13,18,19),(13,19,12),(10,21,22),(10,22,9),(23,8,9),(23,9,22),(25,26,5),(25,5,6),(7,24,25),(7,25,6),(28,29,2),(28,2,3),(27,28,3),(27,3,4),(26,27,4),(26,4,5),(29,30,1),(29,1,2),(24,7,8),(24,8,23)),$);
#360= IFCSTYLEDITEM(#359,(#121),'\X2\0110\X0\\X2\00E8\X0\n chi\X2\1EBF\X0\u s\X2\00E1\X0\ng');
#361= IFCCARTESIANPOINTLIST3D(((0.235718,0.0,0.460882),(0.229808,0.052452,0.460882),(0.212375,0.102274,0.460882),(0.184292,0.146968,0.460882),(0.146968,0.184292,0.460882),(0.102274,0.212375,0.460882),(0.052452,0.229808,0.460882),(0.0,0.235718,0.460882),(-0.052452,0.229808,0.460882),(-0.102274,0.212375,0.460882),(-0.146968,0.184292,0.460882),(-0.184292,0.146968,0.460882),(-0.212375,0.102274,0.460882),(-0.229808,0.052452,0.460882),(-0.235718,0.0,0.460882),(-0.237329,0.0,0.469426),(-0.231378,0.052811,0.469426),(-0.213826,0.102973,0.469426),(-0.185551,0.147972,0.469426),(-0.147972,0.185551,0.469426),(-0.102973,0.213826,0.469426),(-0.052811,0.231378,0.469426),(0.0,0.237329,0.469426),(0.052811,0.231378,0.469426),(0.102973,0.213826,0.469426),(0.147972,0.185551,0.469426),(0.185551,0.147972,0.469426),(0.213826,0.102973,0.469426),(0.231378,0.052811,0.469426),(0.237329,0.0,0.469426)),$);
#362= IFCTRIANGULATEDFACESET(#361,$,$,((15,16,17),(15,17,14),(14,17,18),(14,18,13),(12,19,20),(12,20,11),(11,20,21),(11,21,10),(13,18,19),(13,19,12),(10,21,22),(10,22,9),(23,8,9),(23,9,22),(7,24,25),(7,25,6),(25,26,5),(25,5,6),(28,29,2),(28,2,3),(27,28,3),(27,3,4),(26,27,4),(26,4,5),(29,30,1),(29,1,2),(7,8,23),(7,23,24)),$);
#363= IFCSTYLEDITEM(#362,(#121),'\X2\0110\X0\\X2\00E8\X0\n chi\X2\1EBF\X0\u s\X2\00E1\X0\ng');
#364= IFCCARTESIANPOINTLIST3D(((-0.235718,0.0,0.460882),(-0.229808,-0.052452,0.460882),(-0.212375,-0.102274,0.460882),(-0.184292,-0.146968,0.460882),(-0.146968,-0.184292,0.460882),(-0.102274,-0.212375,0.460882),(-0.052452,-0.229808,0.460882),(0.0,-0.235718,0.460882),(0.052452,-0.229808,0.460882),(0.102274,-0.212375,0.460882),(0.146968,-0.184292,0.460882),(0.184292,-0.146968,0.460882),(0.212375,-0.102274,0.460882),(0.229808,-0.052452,0.460882),(0.235718,0.0,0.460882),(0.237329,0.0,0.469426),(0.231378,-0.052811,0.469426),(0.213826,-0.102973,0.469426),(0.185551,-0.147972,0.469426),(0.147972,-0.185551,0.469426),(0.102973,-0.213826,0.469426),(0.052811,-0.231378,0.469426),(0.0,-0.237329,0.469426),(-0.052811,-0.231378,0.469426),(-0.102973,-0.213826,0.469426),(-0.147972,-0.185551,0.469426),(-0.185551,-0.147972,0.469426),(-0.213826,-0.102973,0.469426),(-0.231378,-0.052811,0.469426),(-0.237329,0.0,0.469426)),$);
#365= IFCTRIANGULATEDFACESET(#364,$,$,((15,16,17),(15,17,14),(14,17,18),(14,18,13),(12,19,20),(12,20,11),(11,20,21),(11,21,10),(13,18,19),(13,19,12),(10,21,22),(10,22,9),(23,8,9),(23,9,22),(25,26,5),(25,5,6),(7,24,25),(7,25,6),(28,29,2),(28,2,3),(27,28,3),(27,3,4),(26,27,4),(26,4,5),(29,30,1),(29,1,2),(24,7,8),(24,8,23)),$);
#366= IFCSTYLEDITEM(#365,(#121),'\X2\0110\X0\\X2\00E8\X0\n chi\X2\1EBF\X0\u s\X2\00E1\X0\ng');
#367= IFCCARTESIANPOINTLIST3D(((0.233783,0.0,0.452177),(0.227922,0.052022,0.452177),(0.210631,0.101435,0.452177),(0.182779,0.145761,0.452177),(0.145761,0.182779,0.452177),(0.101435,0.210631,0.452177),(0.052022,0.227922,0.452177),(0.0,0.233783,0.452177),(-0.052022,0.227922,0.452177),(-0.101435,0.210631,0.452177),(-0.145761,0.182779,0.452177),(-0.182779,0.145761,0.452177),(-0.210631,0.101435,0.452177),(-0.227922,0.052022,0.452177),(-0.233783,0.0,0.452177),(-0.235718,0.0,0.460882),(-0.229808,0.052452,0.460882),(-0.212375,0.102274,0.460882),(-0.184292,0.146968,0.460882),(-0.146968,0.184292,0.460882),(-0.102274,0.212375,0.460882),(-0.052452,0.229808,0.460882),(0.0,0.235718,0.460882),(0.052452,0.229808,0.460882),(0.102274,0.212375,0.460882),(0.146968,0.184292,0.460882),(0.184292,0.146968,0.460882),(0.212375,0.102274,0.460882),(0.229808,0.052452,0.460882),(0.235718,0.0,0.460882)),$);
#368= IFCTRIANGULATEDFACESET(#367,$,$,((15,16,17),(15,17,14),(14,17,18),(14,18,13),(12,19,20),(12,20,11),(11,20,21),(11,21,10),(13,18,19),(13,19,12),(10,21,22),(10,22,9),(23,8,9),(23,9,22),(25,26,5),(25,5,6),(7,24,25),(7,25,6),(28,29,2),(28,2,3),(27,28,3),(27,3,4),(26,27,4),(26,4,5),(29,30,1),(29,1,2),(7,8,23),(7,23,24)),$);
#369= IFCSTYLEDITEM(#368,(#121),'\X2\0110\X0\\X2\00E8\X0\n chi\X2\1EBF\X0\u s\X2\00E1\X0\ng');
#370= IFCCARTESIANPOINTLIST3D(((-0.233783,0.0,0.452177),(-0.227922,-0.052022,0.452177),(-0.210631,-0.101435,0.452177),(-0.182779,-0.145761,0.452177),(-0.145761,-0.182779,0.452177),(-0.101435,-0.210631,0.452177),(-0.052022,-0.227922,0.452177),(0.0,-0.233783,0.452177),(0.052022,-0.227922,0.452177),(0.101435,-0.210631,0.452177),(0.145761,-0.182779,0.452177),(0.182779,-0.145761,0.452177),(0.210631,-0.101435,0.452177),(0.227922,-0.052022,0.452177),(0.233783,0.0,0.452177),(0.235718,0.0,0.460882),(0.229808,-0.052452,0.460882),(0.212375,-0.102274,0.460882),(0.184292,-0.146968,0.460882),(0.146968,-0.184292,0.460882),(0.102274,-0.212375,0.460882),(0.052452,-0.229808,0.460882),(0.0,-0.235718,0.460882),(-0.052452,-0.229808,0.460882),(-0.102274,-0.212375,0.460882),(-0.146968,-0.184292,0.460882),(-0.184292,-0.146968,0.460882),(-0.212375,-0.102274,0.460882),(-0.229808,-0.052452,0.460882),(-0.235718,0.0,0.460882)),$);
#371= IFCTRIANGULATEDFACESET(#370,$,$,((15,16,17),(15,17,14),(14,17,18),(14,18,13),(12,19,20),(12,20,11),(11,20,21),(11,21,10),(13,18,19),(13,19,12),(10,21,22),(10,22,9),(23,8,9),(23,9,22),(7,24,25),(7,25,6),(6,25,26),(6,26,5),(28,29,2),(28,2,3),(27,28,3),(27,3,4),(5,26,27),(5,27,4),(29,30,1),(29,1,2),(24,7,8),(24,8,23)),$);
#372= IFCSTYLEDITEM(#371,(#121),'\X2\0110\X0\\X2\00E8\X0\n chi\X2\1EBF\X0\u s\X2\00E1\X0\ng');
#373= IFCCARTESIANPOINTLIST3D(((0.231508,0.0,0.44335),(0.225704,0.051515,0.44335),(0.208582,0.100448,0.44335),(0.181001,0.144343,0.44335),(0.144343,0.181001,0.44335),(0.100448,0.208582,0.44335),(0.051515,0.225704,0.44335),(0.0,0.231508,0.44335),(-0.051515,0.225704,0.44335),(-0.100448,0.208582,0.44335),(-0.144343,0.181001,0.44335),(-0.181001,0.144343,0.44335),(-0.208582,0.100448,0.44335),(-0.225704,0.051515,0.44335),(-0.231508,0.0,0.44335),(-0.233783,0.0,0.452177),(-0.227922,0.052022,0.452177),(-0.210631,0.101435,0.452177),(-0.182779,0.145761,0.452177),(-0.145761,0.182779,0.452177),(-0.101435,0.210631,0.452177),(-0.052022,0.227922,0.452177),(0.0,0.233783,0.452177),(0.052022,0.227922,0.452177),(0.101435,0.210631,0.452177),(0.145761,0.182779,0.452177),(0.182779,0.145761,0.452177),(0.210631,0.101435,0.452177),(0.227922,0.052022,0.452177),(0.233783,0.0,0.452177)),$);
#374= IFCTRIANGULATEDFACESET(#373,$,$,((15,16,17),(15,17,14),(14,17,18),(14,18,13),(12,19,20),(12,20,11),(11,20,21),(11,21,10),(13,18,19),(13,19,12),(10,21,22),(10,22,9),(23,8,9),(23,9,22),(25,26,5),(25,5,6),(7,24,25),(7,25,6),(28,29,2),(28,2,3),(27,28,3),(27,3,4),(26,27,4),(26,4,5),(29,30,1),(29,1,2),(24,7,8),(24,8,23)),$);
#375= IFCSTYLEDITEM(#374,(#121),'\X2\0110\X0\\X2\00E8\X0\n chi\X2\1EBF\X0\u s\X2\00E1\X0\ng');
#376= IFCCARTESIANPOINTLIST3D(((-0.231508,0.0,0.44335),(-0.225704,-0.051515,0.44335),(-0.208582,-0.100448,0.44335),(-0.181001,-0.144343,0.44335),(-0.144343,-0.181001,0.44335),(-0.100448,-0.208582,0.44335),(-0.051515,-0.225704,0.44335),(0.0,-0.231508,0.44335),(0.051515,-0.225704,0.44335),(0.100448,-0.208582,0.44335),(0.144343,-0.181001,0.44335),(0.181001,-0.144343,0.44335),(0.208582,-0.100448,0.44335),(0.225704,-0.051515,0.44335),(0.231508,0.0,0.44335),(0.233783,0.0,0.452177),(0.227922,-0.052022,0.452177),(0.210631,-0.101435,0.452177),(0.182779,-0.145761,0.452177),(0.145761,-0.182779,0.452177),(0.101435,-0.210631,0.452177),(0.052022,-0.227922,0.452177),(0.0,-0.233783,0.452177),(-0.052022,-0.227922,0.452177),(-0.101435,-0.210631,0.452177),(-0.145761,-0.182779,0.452177),(-0.182779,-0.145761,0.452177),(-0.210631,-0.101435,0.452177),(-0.227922,-0.052022,0.452177),(-0.233783,0.0,0.452177)),$);
#377= IFCTRIANGULATEDFACESET(#376,$,$,((15,16,17),(15,17,14),(14,17,18),(14,18,13),(12,19,20),(12,20,11),(11,20,21),(11,21,10),(13,18,19),(13,19,12),(10,21,22),(10,22,9),(23,8,9),(23,9,22),(7,24,25),(7,25,6),(6,25,26),(6,26,5),(28,29,2),(28,2,3),(27,28,3),(27,3,4),(5,26,27),(5,27,4),(29,30,1),(29,1,2),(24,7,8),(24,8,23)),$);
#378= IFCSTYLEDITEM(#377,(#121),'\X2\0110\X0\\X2\00E8\X0\n chi\X2\1EBF\X0\u s\X2\00E1\X0\ng');
#379= IFCCARTESIANPOINTLIST3D(((0.22888,0.0,0.434442),(0.223141,0.050931,0.434442),(0.206213,0.099307,0.434442),(0.178945,0.142704,0.434442),(0.142704,0.178945,0.434442),(0.099307,0.206213,0.434442),(0.050931,0.223141,0.434442),(0.0,0.22888,0.434442),(-0.050931,0.223141,0.434442),(-0.099307,0.206213,0.434442),(-0.142704,0.178945,0.434442),(-0.178945,0.142704,0.434442),(-0.206213,0.099307,0.434442),(-0.223141,0.050931,0.434442),(-0.22888,0.0,0.434442),(-0.231508,0.0,0.44335),(-0.225704,0.051515,0.44335),(-0.208582,0.100448,0.44335),(-0.181001,0.144343,0.44335),(-0.144343,0.181001,0.44335),(-0.100448,0.208582,0.44335),(-0.051515,0.225704,0.44335),(0.0,0.231508,0.44335),(0.051515,0.225704,0.44335),(0.100448,0.208582,0.44335),(0.144343,0.181001,0.44335),(0.181001,0.144343,0.44335),(0.208582,0.100448,0.44335),(0.225704,0.051515,0.44335),(0.231508,0.0,0.44335)),$);
#380= IFCTRIANGULATEDFACESET(#379,$,$,((15,16,17),(15,17,14),(14,17,18),(14,18,13),(12,19,20),(12,20,11),(11,20,21),(11,21,10),(13,18,19),(13,19,12),(10,21,22),(10,22,9),(23,8,9),(23,9,22),(25,26,5),(25,5,6),(7,24,25),(7,25,6),(28,29,2),(28,2,3),(27,28,3),(27,3,4),(26,27,4),(26,4,5),(29,30,1),(29,1,2),(24,7,8),(24,8,23)),$);
#381= IFCSTYLEDITEM(#380,(#121),'\X2\0110\X0\\X2\00E8\X0\n chi\X2\1EBF\X0\u s\X2\00E1\X0\ng');
#382= IFCCARTESIANPOINTLIST3D(((-0.22888,0.0,0.434442),(-0.223141,-0.050931,0.434442),(-0.206213,-0.099307,0.434442),(-0.178945,-0.142704,0.434442),(-0.142704,-0.178945,0.434442),(-0.099307,-0.206213,0.434442),(-0.050931,-0.223141,0.434442),(0.0,-0.22888,0.434442),(0.050931,-0.223141,0.434442),(0.099307,-0.206213,0.434442),(0.142704,-0.178945,0.434442),(0.178945,-0.142704,0.434442),(0.206213,-0.099307,0.434442),(0.223141,-0.050931,0.434442),(0.22888,0.0,0.434442),(0.231508,0.0,0.44335),(0.225704,-0.051515,0.44335),(0.208582,-0.100448,0.44335),(0.181001,-0.144343,0.44335),(0.144343,-0.181001,0.44335),(0.100448,-0.208582,0.44335),(0.051515,-0.225704,0.44335),(0.0,-0.231508,0.44335),(-0.051515,-0.225704,0.44335),(-0.100448,-0.208582,0.44335),(-0.144343,-0.181001,0.44335),(-0.181001,-0.144343,0.44335),(-0.208582,-0.100448,0.44335),(-0.225704,-0.051515,0.44335),(-0.231508,0.0,0.44335)),$);
#383= IFCTRIANGULATEDFACESET(#382,$,$,((15,16,17),(15,17,14),(14,17,18),(14,18,13),(12,19,20),(12,20,11),(11,20,21),(11,21,10),(13,18,19),(13,19,12),(10,21,22),(10,22,9),(23,8,9),(23,9,22),(7,24,25),(7,25,6),(6,25,26),(6,26,5),(28,29,2),(28,2,3),(27,28,3),(27,3,4),(29,30,1),(29,1,2),(5,26,27),(5,27,4),(24,7,8),(24,8,23)),$);
#384= IFCSTYLEDITEM(#383,(#121),'\X2\0110\X0\\X2\00E8\X0\n chi\X2\1EBF\X0\u s\X2\00E1\X0\ng');
#385= IFCCARTESIANPOINTLIST3D(((0.225882,0.0,0.425494),(0.220219,0.050264,0.425494),(0.203513,0.098007,0.425494),(0.176602,0.140835,0.425494),(0.140835,0.176602,0.425494),(0.098007,0.203513,0.425494),(0.050264,0.220219,0.425494),(0.0,0.225882,0.425494),(-0.050264,0.220219,0.425494),(-0.098007,0.203513,0.425494),(-0.140835,0.176602,0.425494),(-0.176602,0.140835,0.425494),(-0.203513,0.098007,0.425494),(-0.220219,0.050264,0.425494),(-0.225882,0.0,0.425494),(-0.22888,0.0,0.434442),(-0.223141,0.050931,0.434442),(-0.206213,0.099307,0.434442),(-0.178945,0.142704,0.434442),(-0.142704,0.178945,0.434442),(-0.099307,0.206213,0.434442),(-0.050931,0.223141,0.434442),(0.0,0.22888,0.434442),(0.050931,0.223141,0.434442),(0.099307,0.206213,0.434442),(0.142704,0.178945,0.434442),(0.178945,0.142704,0.434442),(0.206213,0.099307,0.434442),(0.223141,0.050931,0.434442),(0.22888,0.0,0.434442)),$);
#386= IFCTRIANGULATEDFACESET(#385,$,$,((15,16,17),(15,17,14),(14,17,18),(14,18,13),(12,19,20),(12,20,11),(11,20,21),(11,21,10),(13,18,19),(13,19,12),(10,21,22),(10,22,9),(23,8,9),(23,9,22),(25,26,5),(25,5,6),(7,24,25),(7,25,6),(28,29,2),(28,2,3),(27,28,3),(27,3,4),(26,27,4),(26,4,5),(29,30,1),(29,1,2),(24,7,8),(24,8,23)),$);
#387= IFCSTYLEDITEM(#386,(#121),'\X2\0110\X0\\X2\00E8\X0\n chi\X2\1EBF\X0\u s\X2\00E1\X0\ng');
#388= IFCCARTESIANPOINTLIST3D(((-0.225882,0.0,0.425494),(-0.220219,-0.050264,0.425494),(-0.203513,-0.098007,0.425494),(-0.176602,-0.140835,0.425494),(-0.140835,-0.176602,0.425494),(-0.098007,-0.203513,0.425494),(-0.050264,-0.220219,0.425494),(0.0,-0.225882,0.425494),(0.050264,-0.220219,0.425494),(0.098007,-0.203513,0.425494),(0.140835,-0.176602,0.425494),(0.176602,-0.140835,0.425494),(0.203513,-0.098007,0.425494),(0.220219,-0.050264,0.425494),(0.225882,0.0,0.425494),(0.22888,0.0,0.434442),(0.223141,-0.050931,0.434442),(0.206213,-0.099307,0.434442),(0.178945,-0.142704,0.434442),(0.142704,-0.178945,0.434442),(0.099307,-0.206213,0.434442),(0.050931,-0.223141,0.434442),(0.0,-0.22888,0.434442),(-0.050931,-0.223141,0.434442),(-0.099307,-0.206213,0.434442),(-0.142704,-0.178945,0.434442),(-0.178945,-0.142704,0.434442),(-0.206213,-0.099307,0.434442),(-0.223141,-0.050931,0.434442),(-0.22888,0.0,0.434442)),$);
#389= IFCTRIANGULATEDFACESET(#388,$,$,((15,16,17),(15,17,14),(14,17,18),(14,18,13),(12,19,20),(12,20,11),(11,20,21),(11,21,10),(13,18,19),(13,19,12),(10,21,22),(10,22,9),(23,8,9),(23,9,22),(7,24,25),(7,25,6),(6,25,26),(6,26,5),(28,29,2),(28,2,3),(27,28,3),(27,3,4),(29,30,1),(29,1,2),(5,26,27),(5,27,4),(24,7,8),(24,8,23)),$);
#390= IFCSTYLEDITEM(#389,(#121),'\X2\0110\X0\\X2\00E8\X0\n chi\X2\1EBF\X0\u s\X2\00E1\X0\ng');
#391= IFCCARTESIANPOINTLIST3D(((0.222501,0.0,0.416544),(0.216922,0.049511,0.416544),(0.200466,0.096539,0.416544),(0.173958,0.138727,0.416544),(0.138727,0.173958,0.416544),(0.096539,0.200466,0.416544),(0.049511,0.216922,0.416544),(0.0,0.222501,0.416544),(-0.049511,0.216922,0.416544),(-0.096539,0.200466,0.416544),(-0.138727,0.173958,0.416544),(-0.173958,0.138727,0.416544),(-0.200466,0.096539,0.416544),(-0.216922,0.049511,0.416544),(-0.222501,0.0,0.416544),(-0.225882,0.0,0.425494),(-0.220219,0.050264,0.425494),(-0.203513,0.098007,0.425494),(-0.176602,0.140835,0.425494),(-0.140835,0.176602,0.425494),(-0.098007,0.203513,0.425494),(-0.050264,0.220219,0.425494),(0.0,0.225882,0.425494),(0.050264,0.220219,0.425494),(0.098007,0.203513,0.425494),(0.140835,0.176602,0.425494),(0.176602,0.140835,0.425494),(0.203513,0.098007,0.425494),(0.220219,0.050264,0.425494),(0.225882,0.0,0.425494)),$);
#392= IFCTRIANGULATEDFACESET(#391,$,$,((15,16,17),(15,17,14),(14,17,18),(14,18,13),(12,19,20),(12,20,11),(11,20,21),(11,21,10),(13,18,19),(13,19,12),(10,21,22),(10,22,9),(23,8,9),(23,9,22),(25,26,5),(25,5,6),(7,24,25),(7,25,6),(28,29,2),(28,2,3),(27,28,3),(27,3,4),(26,27,4),(26,4,5),(29,30,1),(29,1,2),(24,7,8),(24,8,23)),$);
#393= IFCSTYLEDITEM(#392,(#121),'\X2\0110\X0\\X2\00E8\X0\n chi\X2\1EBF\X0\u s\X2\00E1\X0\ng');
#394= IFCCARTESIANPOINTLIST3D(((-0.222501,0.0,0.416544),(-0.216922,-0.049511,0.416544),(-0.200466,-0.096539,0.416544),(-0.173958,-0.138727,0.416544),(-0.138727,-0.173958,0.416544),(-0.096539,-0.200466,0.416544),(-0.049511,-0.216922,0.416544),(0.0,-0.222501,0.416544),(0.049511,-0.216922,0.416544),(0.096539,-0.200466,0.416544),(0.138727,-0.173958,0.416544),(0.173958,-0.138727,0.416544),(0.200466,-0.096539,0.416544),(0.216922,-0.049511,0.416544),(0.222501,0.0,0.416544),(0.225882,0.0,0.425494),(0.220219,-0.050264,0.425494),(0.203513,-0.098007,0.425494),(0.176602,-0.140835,0.425494),(0.140835,-0.176602,0.425494),(0.098007,-0.203513,0.425494),(0.050264,-0.220219,0.425494),(0.0,-0.225882,0.425494),(-0.050264,-0.220219,0.425494),(-0.098007,-0.203513,0.425494),(-0.140835,-0.176602,0.425494),(-0.176602,-0.140835,0.425494),(-0.203513,-0.098007,0.425494),(-0.220219,-0.050264,0.425494),(-0.225882,0.0,0.425494)),$);
#395= IFCTRIANGULATEDFACESET(#394,$,$,((15,16,17),(15,17,14),(14,17,18),(14,18,13),(12,19,20),(12,20,11),(11,20,21),(11,21,10),(13,18,19),(13,19,12),(10,21,22),(10,22,9),(23,8,9),(23,9,22),(7,24,25),(7,25,6),(6,25,26),(6,26,5),(28,29,2),(28,2,3),(27,28,3),(27,3,4),(29,30,1),(29,1,2),(26,27,4),(26,4,5),(24,7,8),(24,8,23)),$);
#396= IFCSTYLEDITEM(#395,(#121),'\X2\0110\X0\\X2\00E8\X0\n chi\X2\1EBF\X0\u s\X2\00E1\X0\ng');
#397= IFCCARTESIANPOINTLIST3D(((0.218719,0.0,0.407623),(0.212364,0.052343,0.407623),(0.193666,0.101644,0.407623),(0.163714,0.145038,0.407623),(0.124247,0.180002,0.407623),(0.077559,0.204506,0.407623),(0.026364,0.217124,0.407623),(-0.026364,0.217124,0.407623),(-0.077559,0.204506,0.407623),(-0.124247,0.180002,0.407623),(-0.163714,0.145038,0.407623),(-0.193666,0.101644,0.407623),(-0.212364,0.052343,0.407623),(-0.218719,0.0,0.407623),(-0.222501,0.0,0.416544),(-0.216922,0.049511,0.416544),(-0.200466,0.096539,0.416544),(-0.173958,0.138727,0.416544),(-0.138727,0.173958,0.416544),(-0.096539,0.200466,0.416544),(-0.049511,0.216922,0.416544),(0.0,0.222501,0.416544),(0.049511,0.216922,0.416544),(0.096539,0.200466,0.416544),(0.138727,0.173958,0.416544),(0.173958,0.138727,0.416544),(0.200466,0.096539,0.416544),(0.216922,0.049511,0.416544),(0.222501,0.0,0.416544)),$);
#398= IFCTRIANGULATEDFACESET(#397,$,$,((16,14,15),(17,13,16),(11,18,19),(19,20,10),(17,18,12),(21,9,20),(17,12,13),(13,14,16),(9,10,20),(11,19,10),(11,12,18),(8,9,21),(21,22,8),(5,24,25),(27,28,2),(3,26,27),(4,25,26),(1,28,29),(23,6,7),(23,24,6),(5,6,24),(23,7,22),(25,4,5),(26,3,4),(2,3,27),(28,1,2),(22,7,8)),$);
#399= IFCSTYLEDITEM(#398,(#121),'\X2\0110\X0\\X2\00E8\X0\n chi\X2\1EBF\X0\u s\X2\00E1\X0\ng');
#400= IFCCARTESIANPOINTLIST3D(((-0.218719,0.0,0.407623),(-0.212364,-0.052343,0.407623),(-0.193666,-0.101644,0.407623),(-0.163714,-0.145038,0.407623),(-0.124247,-0.180002,0.407623),(-0.077559,-0.204506,0.407623),(-0.026364,-0.217124,0.407623),(0.026364,-0.217124,0.407623),(0.077559,-0.204506,0.407623),(0.124247,-0.180002,0.407623),(0.163714,-0.145038,0.407623),(0.193666,-0.101644,0.407623),(0.212364,-0.052343,0.407623),(0.218719,0.0,0.407623),(0.222501,0.0,0.416544),(0.216922,-0.049511,0.416544),(0.200466,-0.096539,0.416544),(0.173958,-0.138727,0.416544),(0.138727,-0.173958,0.416544),(0.096539,-0.200466,0.416544),(0.049511,-0.216922,0.416544),(0.0,-0.222501,0.416544),(-0.049511,-0.216922,0.416544),(-0.096539,-0.200466,0.416544),(-0.138727,-0.173958,0.416544),(-0.173958,-0.138727,0.416544),(-0.200466,-0.096539,0.416544),(-0.216922,-0.049511,0.416544),(-0.222501,0.0,0.416544)),$);
#401= IFCTRIANGULATEDFACESET(#400,$,$,((16,14,15),(17,13,16),(11,18,19),(19,20,10),(17,18,12),(21,9,20),(17,12,13),(13,14,16),(9,10,20),(11,19,10),(11,12,18),(8,9,21),(21,22,8),(23,7,22),(24,6,23),(27,28,2),(28,29,1),(25,5,24),(4,5,25),(5,6,24),(6,7,23),(26,3,4),(26,27,3),(3,27,2),(28,1,2),(4,25,26),(22,7,8)),$);
#402= IFCSTYLEDITEM(#401,(#121),'\X2\0110\X0\\X2\00E8\X0\n chi\X2\1EBF\X0\u s\X2\00E1\X0\ng');
#403= IFCCARTESIANPOINTLIST3D(((0.214521,0.0,0.398762),(0.208287,0.051338,0.398762),(0.189949,0.099693,0.398762),(0.160571,0.142254,0.398762),(0.121862,0.176547,0.398762),(0.07607,0.20058,0.398762),(0.025858,0.212957,0.398762),(-0.025858,0.212957,0.398762),(-0.07607,0.20058,0.398762),(-0.121862,0.176547,0.398762),(-0.160571,0.142254,0.398762),(-0.189949,0.099693,0.398762),(-0.208287,0.051338,0.398762),(-0.214521,0.0,0.398762),(-0.218719,0.0,0.407623),(-0.212364,0.052343,0.407623),(-0.193666,0.101644,0.407623),(-0.163714,0.145038,0.407623),(-0.124247,0.180002,0.407623),(-0.077559,0.204506,0.407623),(-0.026364,0.217124,0.407623),(0.026364,0.217124,0.407623),(0.077559,0.204506,0.407623),(0.124247,0.180002,0.407623),(0.163714,0.145038,0.407623),(0.193666,0.101644,0.407623),(0.212364,0.052343,0.407623),(0.218719,0.0,0.407623)),$);
#404= IFCTRIANGULATEDFACESET(#403,$,$,((14,15,16),(14,16,13),(13,16,17),(13,17,12),(11,18,19),(11,19,10),(10,19,20),(10,20,9),(12,17,18),(12,18,11),(9,20,21),(9,21,8),(8,21,22),(8,22,7),(23,24,5),(23,5,6),(22,23,6),(22,6,7),(26,27,2),(26,2,3),(25,26,3),(25,3,4),(24,25,4),(24,4,5),(27,28,1),(27,1,2)),$);
#405= IFCSTYLEDITEM(#404,(#121),'\X2\0110\X0\\X2\00E8\X0\n chi\X2\1EBF\X0\u s\X2\00E1\X0\ng');
#406= IFCCARTESIANPOINTLIST3D(((-0.214521,0.0,0.398762),(-0.208287,-0.051338,0.398762),(-0.189949,-0.099693,0.398762),(-0.160571,-0.142254,0.398762),(-0.121862,-0.176547,0.398762),(-0.07607,-0.20058,0.398762),(-0.025858,-0.212957,0.398762),(0.025858,-0.212957,0.398762),(0.07607,-0.20058,0.398762),(0.121862,-0.176547,0.398762),(0.160571,-0.142254,0.398762),(0.189949,-0.099693,0.398762),(0.208287,-0.051338,0.398762),(0.214521,0.0,0.398762),(0.218719,0.0,0.407623),(0.212364,-0.052343,0.407623),(0.193666,-0.101644,0.407623),(0.163714,-0.145038,0.407623),(0.124247,-0.180002,0.407623),(0.077559,-0.204506,0.407623),(0.026364,-0.217124,0.407623),(-0.026364,-0.217124,0.407623),(-0.077559,-0.204506,0.407623),(-0.124247,-0.180002,0.407623),(-0.163714,-0.145038,0.407623),(-0.193666,-0.101644,0.407623),(-0.212364,-0.052343,0.407623),(-0.218719,0.0,0.407623)),$);
#407= IFCTRIANGULATEDFACESET(#406,$,$,((14,15,16),(14,16,13),(13,16,17),(13,17,12),(11,18,19),(11,19,10),(10,19,20),(10,20,9),(12,17,18),(12,18,11),(9,20,21),(9,21,8),(8,21,22),(8,22,7),(7,22,23),(7,23,6),(6,23,24),(6,24,5),(26,27,2),(26,2,3),(4,25,26),(4,26,3),(27,28,1),(27,1,2),(5,24,25),(5,25,4)),$);
#408= IFCSTYLEDITEM(#407,(#121),'\X2\0110\X0\\X2\00E8\X0\n chi\X2\1EBF\X0\u s\X2\00E1\X0\ng');
#409= IFCCARTESIANPOINTLIST3D(((0.209889,0.0,0.389988),(0.20379,0.05023,0.389988),(0.185847,0.09754,0.389988),(0.157104,0.139182,0.389988),(0.11923,0.172735,0.389988),(0.074428,0.19625,0.389988),(0.025299,0.208359,0.389988),(-0.025299,0.208359,0.389988),(-0.074428,0.19625,0.389988),(-0.11923,0.172735,0.389988),(-0.157104,0.139182,0.389988),(-0.185847,0.09754,0.389988),(-0.20379,0.05023,0.389988),(-0.209889,0.0,0.389988),(-0.214521,0.0,0.398762),(-0.208287,0.051338,0.398762),(-0.189949,0.099693,0.398762),(-0.160571,0.142254,0.398762),(-0.121862,0.176547,0.398762),(-0.07607,0.20058,0.398762),(-0.025858,0.212957,0.398762),(0.025858,0.212957,0.398762),(0.07607,0.20058,0.398762),(0.121862,0.176547,0.398762),(0.160571,0.142254,0.398762),(0.189949,0.099693,0.398762),(0.208287,0.051338,0.398762),(0.214521,0.0,0.398762)),$);
#410= IFCTRIANGULATEDFACESET(#409,$,$,((14,15,16),(14,16,13),(13,16,17),(13,17,12),(11,18,19),(11,19,10),(10,19,20),(10,20,9),(12,17,18),(12,18,11),(9,20,21),(9,21,8),(8,21,22),(8,22,7),(23,24,5),(23,5,6),(22,23,6),(22,6,7),(26,27,2),(26,2,3),(25,26,3),(25,3,4),(24,25,4),(24,4,5),(27,28,1),(27,1,2)),$);
#411= IFCSTYLEDITEM(#410,(#121),'\X2\0110\X0\\X2\00E8\X0\n chi\X2\1EBF\X0\u s\X2\00E1\X0\ng');
#412= IFCCARTESIANPOINTLIST3D(((-0.209889,0.0,0.389988),(-0.20379,-0.05023,0.389988),(-0.185847,-0.09754,0.389988),(-0.157104,-0.139182,0.389988),(-0.11923,-0.172735,0.389988),(-0.074428,-0.19625,0.389988),(-0.025299,-0.208359,0.389988),(0.025299,-0.208359,0.389988),(0.074428,-0.19625,0.389988),(0.11923,-0.172735,0.389988),(0.157104,-0.139182,0.389988),(0.185847,-0.09754,0.389988),(0.20379,-0.05023,0.389988),(0.209889,0.0,0.389988),(0.214521,0.0,0.398762),(0.208287,-0.051338,0.398762),(0.189949,-0.099693,0.398762),(0.160571,-0.142254,0.398762),(0.121862,-0.176547,0.398762),(0.07607,-0.20058,0.398762),(0.025858,-0.212957,0.398762),(-0.025858,-0.212957,0.398762),(-0.07607,-0.20058,0.398762),(-0.121862,-0.176547,0.398762),(-0.160571,-0.142254,0.398762),(-0.189949,-0.099693,0.398762),(-0.208287,-0.051338,0.398762),(-0.214521,0.0,0.398762)),$);
#413= IFCTRIANGULATEDFACESET(#412,$,$,((14,15,16),(14,16,13),(13,16,17),(13,17,12),(11,18,19),(11,19,10),(10,19,20),(10,20,9),(12,17,18),(12,18,11),(9,20,21),(9,21,8),(8,21,22),(8,22,7),(7,22,23),(7,23,6),(6,23,24),(6,24,5),(26,27,2),(26,2,3),(4,25,26),(4,26,3),(27,28,1),(27,1,2),(5,24,25),(5,25,4)),$);
#414= IFCSTYLEDITEM(#413,(#121),'\X2\0110\X0\\X2\00E8\X0\n chi\X2\1EBF\X0\u s\X2\00E1\X0\ng');
#415= IFCCARTESIANPOINTLIST3D(((0.204807,0.0,0.381333),(0.198856,0.049014,0.381333),(0.181348,0.095179,0.381333),(0.1533,0.135812,0.381333),(0.116344,0.168553,0.381333),(0.072626,0.191498,0.381333),(0.024687,0.203314,0.381333),(-0.024687,0.203314,0.381333),(-0.072626,0.191498,0.381333),(-0.116344,0.168553,0.381333),(-0.1533,0.135812,0.381333),(-0.181348,0.095179,0.381333),(-0.198856,0.049014,0.381333),(-0.204807,0.0,0.381333),(-0.209889,0.0,0.389988),(-0.20379,0.05023,0.389988),(-0.185847,0.09754,0.389988),(-0.157104,0.139182,0.389988),(-0.11923,0.172735,0.389988),(-0.074428,0.19625,0.389988),(-0.025299,0.208359,0.389988),(0.025299,0.208359,0.389988),(0.074428,0.19625,0.389988),(0.11923,0.172735,0.389988),(0.157104,0.139182,0.389988),(0.185847,0.09754,0.389988),(0.20379,0.05023,0.389988),(0.209889,0.0,0.389988)),$);
#416= IFCTRIANGULATEDFACESET(#415,$,$,((14,15,16),(14,16,13),(13,16,17),(13,17,12),(11,18,19),(11,19,10),(10,19,20),(10,20,9),(12,17,18),(12,18,11),(9,20,21),(9,21,8),(8,21,22),(8,22,7),(23,24,5),(23,5,6),(22,23,6),(22,6,7),(26,27,2),(26,2,3),(25,26,3),(25,3,4),(24,25,4),(24,4,5),(27,28,1),(27,1,2)),$);
#417= IFCSTYLEDITEM(#416,(#121),'\X2\0110\X0\\X2\00E8\X0\n chi\X2\1EBF\X0\u s\X2\00E1\X0\ng');
#418= IFCCARTESIANPOINTLIST3D(((-0.204807,0.0,0.381333),(-0.198856,-0.049014,0.381333),(-0.181348,-0.095179,0.381333),(-0.1533,-0.135812,0.381333),(-0.116344,-0.168553,0.381333),(-0.072626,-0.191498,0.381333),(-0.024687,-0.203314,0.381333),(0.024687,-0.203314,0.381333),(0.072626,-0.191498,0.381333),(0.116344,-0.168553,0.381333),(0.1533,-0.135812,0.381333),(0.181348,-0.095179,0.381333),(0.198856,-0.049014,0.381333),(0.204807,0.0,0.381333),(0.209889,0.0,0.389988),(0.20379,-0.05023,0.389988),(0.185847,-0.09754,0.389988),(0.157104,-0.139182,0.389988),(0.11923,-0.172735,0.389988),(0.074428,-0.19625,0.389988),(0.025299,-0.208359,0.389988),(-0.025299,-0.208359,0.389988),(-0.074428,-0.19625,0.389988),(-0.11923,-0.172735,0.389988),(-0.157104,-0.139182,0.389988),(-0.185847,-0.09754,0.389988),(-0.20379,-0.05023,0.389988),(-0.209889,0.0,0.389988)),$);
#419= IFCTRIANGULATEDFACESET(#418,$,$,((14,15,16),(14,16,13),(13,16,17),(13,17,12),(11,18,19),(11,19,10),(10,19,20),(10,20,9),(12,17,18),(12,18,11),(9,20,21),(9,21,8),(8,21,22),(8,22,7),(7,22,23),(7,23,6),(6,23,24),(6,24,5),(26,27,2),(26,2,3),(25,26,3),(25,3,4),(27,28,1),(27,1,2),(5,24,25),(5,25,4)),$);
#420= IFCSTYLEDITEM(#419,(#121),'\X2\0110\X0\\X2\00E8\X0\n chi\X2\1EBF\X0\u s\X2\00E1\X0\ng');
#421= IFCCARTESIANPOINTLIST3D(((0.199259,0.0,0.372824),(0.193469,0.047686,0.372824),(0.176435,0.0926,0.372824),(0.149147,0.132133,0.372824),(0.113192,0.163987,0.372824),(0.070658,0.18631,0.372824),(0.024018,0.197806,0.372824),(-0.024018,0.197806,0.372824),(-0.070658,0.18631,0.372824),(-0.113192,0.163987,0.372824),(-0.149147,0.132133,0.372824),(-0.176435,0.0926,0.372824),(-0.193469,0.047686,0.372824),(-0.199259,0.0,0.372824),(-0.204807,0.0,0.381333),(-0.198856,0.049014,0.381333),(-0.181348,0.095179,0.381333),(-0.1533,0.135812,0.381333),(-0.116344,0.168553,0.381333),(-0.072626,0.191498,0.381333),(-0.024687,0.203314,0.381333),(0.024687,0.203314,0.381333),(0.072626,0.191498,0.381333),(0.116344,0.168553,0.381333),(0.1533,0.135812,0.381333),(0.181348,0.095179,0.381333),(0.198856,0.049014,0.381333),(0.204807,0.0,0.381333)),$);
#422= IFCTRIANGULATEDFACESET(#421,$,$,((14,15,16),(14,16,13),(13,16,17),(13,17,12),(11,18,19),(11,19,10),(10,19,20),(10,20,9),(12,17,18),(12,18,11),(9,20,21),(9,21,8),(8,21,22),(8,22,7),(6,23,24),(6,24,5),(22,23,6),(22,6,7),(26,27,2),(26,2,3),(25,26,3),(25,3,4),(24,25,4),(24,4,5),(27,28,1),(27,1,2)),$);
#423= IFCSTYLEDITEM(#422,(#121),'\X2\0110\X0\\X2\00E8\X0\n chi\X2\1EBF\X0\u s\X2\00E1\X0\ng');
#424= IFCCARTESIANPOINTLIST3D(((-0.199259,0.0,0.372824),(-0.193469,-0.047686,0.372824),(-0.176435,-0.0926,0.372824),(-0.149147,-0.132133,0.372824),(-0.113192,-0.163987,0.372824),(-0.070658,-0.18631,0.372824),(-0.024018,-0.197806,0.372824),(0.024018,-0.197806,0.372824),(0.070658,-0.18631,0.372824),(0.113192,-0.163987,0.372824),(0.149147,-0.132133,0.372824),(0.176435,-0.0926,0.372824),(0.193469,-0.047686,0.372824),(0.199259,0.0,0.372824),(0.204807,0.0,0.381333),(0.198856,-0.049014,0.381333),(0.181348,-0.095179,0.381333),(0.1533,-0.135812,0.381333),(0.116344,-0.168553,0.381333),(0.072626,-0.191498,0.381333),(0.024687,-0.203314,0.381333),(-0.024687,-0.203314,0.381333),(-0.072626,-0.191498,0.381333),(-0.116344,-0.168553,0.381333),(-0.1533,-0.135812,0.381333),(-0.181348,-0.095179,0.381333),(-0.198856,-0.049014,0.381333),(-0.204807,0.0,0.381333)),$);
#425= IFCTRIANGULATEDFACESET(#424,$,$,((14,15,16),(14,16,13),(13,16,17),(13,17,12),(11,18,19),(11,19,10),(10,19,20),(10,20,9),(12,17,18),(12,18,11),(9,20,21),(9,21,8),(8,21,22),(8,22,7),(7,22,23),(7,23,6),(6,23,24),(6,24,5),(3,26,27),(3,27,2),(27,28,1),(27,1,2),(5,24,25),(5,25,4),(4,25,26),(4,26,3)),$);
#426= IFCSTYLEDITEM(#425,(#121),'\X2\0110\X0\\X2\00E8\X0\n chi\X2\1EBF\X0\u s\X2\00E1\X0\ng');
#427= IFCCARTESIANPOINTLIST3D(((0.193227,0.0,0.364493),(0.187612,0.046242,0.364493),(0.171094,0.089797,0.364493),(0.144633,0.128133,0.364493),(0.109765,0.159023,0.364493),(0.068519,0.18067,0.364493),(0.023291,0.191818,0.364493),(-0.023291,0.191818,0.364493),(-0.068519,0.18067,0.364493),(-0.109765,0.159023,0.364493),(-0.144633,0.128133,0.364493),(-0.171094,0.089797,0.364493),(-0.187612,0.046242,0.364493),(-0.193227,0.0,0.364493),(-0.199259,0.0,0.372824),(-0.193469,0.047686,0.372824),(-0.176435,0.0926,0.372824),(-0.149147,0.132133,0.372824),(-0.113192,0.163987,0.372824),(-0.070658,0.18631,0.372824),(-0.024018,0.197806,0.372824),(0.024018,0.197806,0.372824),(0.070658,0.18631,0.372824),(0.113192,0.163987,0.372824),(0.149147,0.132133,0.372824),(0.176435,0.0926,0.372824),(0.193469,0.047686,0.372824),(0.199259,0.0,0.372824)),$);
#428= IFCTRIANGULATEDFACESET(#427,$,$,((14,15,16),(14,16,13),(13,16,17),(13,17,12),(11,18,19),(11,19,10),(10,19,20),(10,20,9),(12,17,18),(12,18,11),(9,20,21),(9,21,8),(8,21,22),(8,22,7),(6,23,24),(6,24,5),(7,22,23),(7,23,6),(26,27,2),(26,2,3),(25,26,3),(25,3,4),(24,25,4),(24,4,5),(27,28,1),(27,1,2)),$);
#429= IFCSTYLEDITEM(#428,(#121),'\X2\0110\X0\\X2\00E8\X0\n chi\X2\1EBF\X0\u s\X2\00E1\X0\ng');
#430= IFCCARTESIANPOINTLIST3D(((-0.193227,0.0,0.364493),(-0.187612,-0.046242,0.364493),(-0.171094,-0.089797,0.364493),(-0.144633,-0.128133,0.364493),(-0.109765,-0.159023,0.364493),(-0.068519,-0.18067,0.364493),(-0.023291,-0.191818,0.364493),(0.023291,-0.191818,0.364493),(0.068519,-0.18067,0.364493),(0.109765,-0.159023,0.364493),(0.144633,-0.128133,0.364493),(0.171094,-0.089797,0.364493),(0.187612,-0.046242,0.364493),(0.193227,0.0,0.364493),(0.199259,0.0,0.372824),(0.193469,-0.047686,0.372824),(0.176435,-0.0926,0.372824),(0.149147,-0.132133,0.372824),(0.113192,-0.163987,0.372824),(0.070658,-0.18631,0.372824),(0.024018,-0.197806,0.372824),(-0.024018,-0.197806,0.372824),(-0.070658,-0.18631,0.372824),(-0.113192,-0.163987,0.372824),(-0.149147,-0.132133,0.372824),(-0.176435,-0.0926,0.372824),(-0.193469,-0.047686,0.372824),(-0.199259,0.0,0.372824)),$);
#431= IFCTRIANGULATEDFACESET(#430,$,$,((14,15,16),(14,16,13),(13,16,17),(13,17,12),(11,18,19),(11,19,10),(10,19,20),(10,20,9),(12,17,18),(12,18,11),(9,20,21),(9,21,8),(8,21,22),(8,22,7),(7,22,23),(7,23,6),(6,23,24),(6,24,5),(3,26,27),(3,27,2),(27,28,1),(27,1,2),(5,24,25),(5,25,4),(4,25,26),(4,26,3)),$);
#432= IFCSTYLEDITEM(#431,(#121),'\X2\0110\X0\\X2\00E8\X0\n chi\X2\1EBF\X0\u s\X2\00E1\X0\ng');
#433= IFCCARTESIANPOINTLIST3D(((0.186696,0.0,0.356367),(0.180334,0.04832,0.356367),(0.161683,0.093348,0.356367),(0.132014,0.132014,0.356367),(0.093348,0.161683,0.356367),(0.04832,0.180334,0.356367),(0.0,0.186696,0.356367),(-0.04832,0.180334,0.356367),(-0.093348,0.161683,0.356367),(-0.132014,0.132014,0.356367),(-0.161683,0.093348,0.356367),(-0.180334,0.04832,0.356367),(-0.186696,0.0,0.356367),(-0.193227,0.0,0.364493),(-0.187612,0.046242,0.364493),(-0.171094,0.089797,0.364493),(-0.144633,0.128133,0.364493),(-0.109765,0.159023,0.364493),(-0.068519,0.18067,0.364493),(-0.023291,0.191818,0.364493),(0.023291,0.191818,0.364493),(0.068519,0.18067,0.364493),(0.109765,0.159023,0.364493),(0.144633,0.128133,0.364493),(0.171094,0.089797,0.364493),(0.187612,0.046242,0.364493),(0.193227,0.0,0.364493)),$);
#434= IFCTRIANGULATEDFACESET(#433,$,$,((15,13,14),(16,12,15),(10,17,18),(16,17,11),(9,18,19),(16,11,12),(12,13,15),(8,20,7),(8,9,19),(10,18,9),(10,11,17),(20,8,19),(22,23,5),(21,22,6),(25,26,2),(3,24,25),(23,24,4),(1,26,27),(21,6,7),(6,22,5),(5,23,4),(24,3,4),(2,3,25),(26,1,2),(21,7,20)),$);
#435= IFCSTYLEDITEM(#434,(#121),'\X2\0110\X0\\X2\00E8\X0\n chi\X2\1EBF\X0\u s\X2\00E1\X0\ng');
#436= IFCCARTESIANPOINTLIST3D(((-0.186696,0.0,0.356367),(-0.180334,-0.04832,0.356367),(-0.161683,-0.093348,0.356367),(-0.132014,-0.132014,0.356367),(-0.093348,-0.161683,0.356367),(-0.04832,-0.180334,0.356367),(0.0,-0.186696,0.356367),(0.04832,-0.180334,0.356367),(0.093348,-0.161683,0.356367),(0.132014,-0.132014,0.356367),(0.161683,-0.093348,0.356367),(0.180334,-0.04832,0.356367),(0.186696,0.0,0.356367),(0.193227,0.0,0.364493),(0.187612,-0.046242,0.364493),(0.171094,-0.089797,0.364493),(0.144633,-0.128133,0.364493),(0.109765,-0.159023,0.364493),(0.068519,-0.18067,0.364493),(0.023291,-0.191818,0.364493),(-0.023291,-0.191818,0.364493),(-0.068519,-0.18067,0.364493),(-0.109765,-0.159023,0.364493),(-0.144633,-0.128133,0.364493),(-0.171094,-0.089797,0.364493),(-0.187612,-0.046242,0.364493),(-0.193227,0.0,0.364493)),$);
#437= IFCTRIANGULATEDFACESET(#436,$,$,((15,13,14),(16,12,15),(10,17,18),(16,17,11),(9,18,19),(16,11,12),(12,13,15),(8,20,7),(8,9,19),(10,18,9),(10,11,17),(20,8,19),(22,6,21),(23,5,22),(25,26,2),(27,1,26),(23,24,4),(24,25,3),(22,5,6),(6,7,21),(3,4,24),(2,26,1),(4,5,23),(25,2,3),(21,7,20)),$);
#438= IFCSTYLEDITEM(#437,(#121),'\X2\0110\X0\\X2\00E8\X0\n chi\X2\1EBF\X0\u s\X2\00E1\X0\ng');
#439= IFCCARTESIANPOINTLIST3D(((0.179668,0.0,0.348453),(0.173546,0.046502,0.348453),(0.155597,0.089834,0.348453),(0.127045,0.127045,0.348453),(0.089834,0.155597,0.348453),(0.046502,0.173546,0.348453),(0.0,0.179668,0.348453),(-0.046502,0.173546,0.348453),(-0.089834,0.155597,0.348453),(-0.127045,0.127045,0.348453),(-0.155597,0.089834,0.348453),(-0.173546,0.046502,0.348453),(-0.179668,0.0,0.348453),(-0.186696,0.0,0.356367),(-0.180334,0.04832,0.356367),(-0.161683,0.093348,0.356367),(-0.132014,0.132014,0.356367),(-0.093348,0.161683,0.356367),(-0.04832,0.180334,0.356367),(0.0,0.186696,0.356367),(0.04832,0.180334,0.356367),(0.093348,0.161683,0.356367),(0.132014,0.132014,0.356367),(0.161683,0.093348,0.356367),(0.180334,0.04832,0.356367),(0.186696,0.0,0.356367)),$);
#440= IFCTRIANGULATEDFACESET(#439,$,$,((13,14,15),(13,15,12),(12,15,16),(12,16,11),(10,17,18),(10,18,9),(11,16,17),(11,17,10),(9,18,19),(9,19,8),(20,7,8),(20,8,19),(22,23,4),(22,4,5),(21,22,5),(21,5,6),(24,25,2),(24,2,3),(23,24,3),(23,3,4),(25,26,1),(25,1,2),(21,6,7),(21,7,20)),$);
#441= IFCSTYLEDITEM(#440,(#121),'\X2\0110\X0\\X2\00E8\X0\n chi\X2\1EBF\X0\u s\X2\00E1\X0\ng');
#442= IFCCARTESIANPOINTLIST3D(((-0.179668,0.0,0.348453),(-0.173546,-0.046502,0.348453),(-0.155597,-0.089834,0.348453),(-0.127045,-0.127045,0.348453),(-0.089834,-0.155597,0.348453),(-0.046502,-0.173546,0.348453),(0.0,-0.179668,0.348453),(0.046502,-0.173546,0.348453),(0.089834,-0.155597,0.348453),(0.127045,-0.127045,0.348453),(0.155597,-0.089834,0.348453),(0.173546,-0.046502,0.348453),(0.179668,0.0,0.348453),(0.186696,0.0,0.356367),(0.180334,-0.04832,0.356367),(0.161683,-0.093348,0.356367),(0.132014,-0.132014,0.356367),(0.093348,-0.161683,0.356367),(0.04832,-0.180334,0.356367),(0.0,-0.186696,0.356367),(-0.04832,-0.180334,0.356367),(-0.093348,-0.161683,0.356367),(-0.132014,-0.132014,0.356367),(-0.161683,-0.093348,0.356367),(-0.180334,-0.04832,0.356367),(-0.186696,0.0,0.356367)),$);
#443= IFCTRIANGULATEDFACESET(#442,$,$,((13,14,15),(13,15,12),(12,15,16),(12,16,11),(10,17,18),(10,18,9),(11,16,17),(11,17,10),(9,18,19),(9,19,8),(20,7,8),(20,8,19),(6,21,22),(6,22,5),(5,22,23),(5,23,4),(2,25,26),(2,26,1),(4,23,24),(4,24,3),(3,24,25),(3,25,2),(21,6,7),(21,7,20)),$);
#444= IFCSTYLEDITEM(#443,(#121),'\X2\0110\X0\\X2\00E8\X0\n chi\X2\1EBF\X0\u s\X2\00E1\X0\ng');
#445= IFCCARTESIANPOINTLIST3D(((0.17223,0.0,0.340654),(0.166361,0.044576,0.340654),(0.149155,0.086115,0.340654),(0.121785,0.121785,0.340654),(0.086115,0.149155,0.340654),(0.044576,0.166361,0.340654),(0.0,0.17223,0.340654),(-0.044576,0.166361,0.340654),(-0.086115,0.149155,0.340654),(-0.121785,0.121785,0.340654),(-0.149155,0.086115,0.340654),(-0.166361,0.044576,0.340654),(-0.17223,0.0,0.340654),(-0.179668,0.0,0.348453),(-0.173546,0.046502,0.348453),(-0.155597,0.089834,0.348453),(-0.127045,0.127045,0.348453),(-0.089834,0.155597,0.348453),(-0.046502,0.173546,0.348453),(0.0,0.179668,0.348453),(0.046502,0.173546,0.348453),(0.089834,0.155597,0.348453),(0.127045,0.127045,0.348453),(0.155597,0.089834,0.348453),(0.173546,0.046502,0.348453),(0.179668,0.0,0.348453)),$);
#446= IFCTRIANGULATEDFACESET(#445,$,$,((13,14,15),(13,15,12),(12,15,16),(12,16,11),(10,17,18),(10,18,9),(11,16,17),(11,17,10),(9,18,19),(9,19,8),(20,7,8),(20,8,19),(22,23,4),(22,4,5),(21,22,5),(21,5,6),(24,25,2),(24,2,3),(23,24,3),(23,3,4),(25,26,1),(25,1,2),(21,6,7),(21,7,20)),$);
#447= IFCSTYLEDITEM(#446,(#121),'\X2\0110\X0\\X2\00E8\X0\n chi\X2\1EBF\X0\u s\X2\00E1\X0\ng');
#448= IFCCARTESIANPOINTLIST3D(((-0.17223,0.0,0.340654),(-0.166361,-0.044576,0.340654),(-0.149155,-0.086115,0.340654),(-0.121785,-0.121785,0.340654),(-0.086115,-0.149155,0.340654),(-0.044576,-0.166361,0.340654),(0.0,-0.17223,0.340654),(0.044576,-0.166361,0.340654),(0.086115,-0.149155,0.340654),(0.121785,-0.121785,0.340654),(0.149155,-0.086115,0.340654),(0.166361,-0.044576,0.340654),(0.17223,0.0,0.340654),(0.179668,0.0,0.348453),(0.173546,-0.046502,0.348453),(0.155597,-0.089834,0.348453),(0.127045,-0.127045,0.348453),(0.089834,-0.155597,0.348453),(0.046502,-0.173546,0.348453),(0.0,-0.179668,0.348453),(-0.046502,-0.173546,0.348453),(-0.089834,-0.155597,0.348453),(-0.127045,-0.127045,0.348453),(-0.155597,-0.089834,0.348453),(-0.173546,-0.046502,0.348453),(-0.179668,0.0,0.348453)),$);
#449= IFCTRIANGULATEDFACESET(#448,$,$,((13,14,15),(13,15,12),(12,15,16),(12,16,11),(10,17,18),(10,18,9),(11,16,17),(11,17,10),(9,18,19),(9,19,8),(20,7,8),(20,8,19),(6,21,22),(6,22,5),(5,22,23),(5,23,4),(3,24,25),(3,25,2),(4,23,24),(4,24,3),(25,26,1),(25,1,2),(21,6,7),(21,7,20)),$);
#450= IFCSTYLEDITEM(#449,(#121),'\X2\0110\X0\\X2\00E8\X0\n chi\X2\1EBF\X0\u s\X2\00E1\X0\ng');
#451= IFCCARTESIANPOINTLIST3D(((0.164486,0.0,0.332853),(0.158881,0.042572,0.332853),(0.142449,0.082243,0.332853),(0.116309,0.116309,0.332853),(0.082243,0.142449,0.332853),(0.042572,0.158881,0.332853),(0.0,0.164486,0.332853),(-0.042572,0.158881,0.332853),(-0.082243,0.142449,0.332853),(-0.116309,0.116309,0.332853),(-0.142449,0.082243,0.332853),(-0.158881,0.042572,0.332853),(-0.164486,0.0,0.332853),(-0.17223,0.0,0.340654),(-0.166361,0.044576,0.340654),(-0.149155,0.086115,0.340654),(-0.121785,0.121785,0.340654),(-0.086115,0.149155,0.340654),(-0.044576,0.166361,0.340654),(0.0,0.17223,0.340654),(0.044576,0.166361,0.340654),(0.086115,0.149155,0.340654),(0.121785,0.121785,0.340654),(0.149155,0.086115,0.340654),(0.166361,0.044576,0.340654),(0.17223,0.0,0.340654)),$);
#452= IFCTRIANGULATEDFACESET(#451,$,$,((13,14,15),(13,15,12),(12,15,16),(12,16,11),(10,17,18),(10,18,9),(11,16,17),(11,17,10),(9,18,19),(9,19,8),(20,7,8),(20,8,19),(5,22,23),(5,23,4),(6,21,22),(6,22,5),(24,25,2),(24,2,3),(23,24,3),(23,3,4),(25,26,1),(25,1,2),(21,6,7),(21,7,20)),$);
#453= IFCSTYLEDITEM(#452,(#121),'\X2\0110\X0\\X2\00E8\X0\n chi\X2\1EBF\X0\u s\X2\00E1\X0\ng');
#454= IFCCARTESIANPOINTLIST3D(((-0.164486,0.0,0.332853),(-0.158881,-0.042572,0.332853),(-0.142449,-0.082243,0.332853),(-0.116309,-0.116309,0.332853),(-0.082243,-0.142449,0.332853),(-0.042572,-0.158881,0.332853),(0.0,-0.164486,0.332853),(0.042572,-0.158881,0.332853),(0.082243,-0.142449,0.332853),(0.116309,-0.116309,0.332853),(0.142449,-0.082243,0.332853),(0.158881,-0.042572,0.332853),(0.164486,0.0,0.332853),(0.17223,0.0,0.340654),(0.166361,-0.044576,0.340654),(0.149155,-0.086115,0.340654),(0.121785,-0.121785,0.340654),(0.086115,-0.149155,0.340654),(0.044576,-0.166361,0.340654),(0.0,-0.17223,0.340654),(-0.044576,-0.166361,0.340654),(-0.086115,-0.149155,0.340654),(-0.121785,-0.121785,0.340654),(-0.149155,-0.086115,0.340654),(-0.166361,-0.044576,0.340654),(-0.17223,0.0,0.340654)),$);
#455= IFCTRIANGULATEDFACESET(#454,$,$,((13,14,15),(13,15,12),(12,15,16),(12,16,11),(10,17,18),(10,18,9),(11,16,17),(11,17,10),(9,18,19),(9,19,8),(20,7,8),(20,8,19),(6,21,22),(6,22,5),(5,22,23),(5,23,4),(3,24,25),(3,25,2),(4,23,24),(4,24,3),(2,25,26),(2,26,1),(21,6,7),(21,7,20)),$);
#456= IFCSTYLEDITEM(#455,(#121),'\X2\0110\X0\\X2\00E8\X0\n chi\X2\1EBF\X0\u s\X2\00E1\X0\ng');
#457= IFCCARTESIANPOINTLIST3D(((0.156541,0.0,0.324928),(0.1502,0.044103,0.324928),(0.131691,0.084633,0.324928),(0.102513,0.118306,0.324928),(0.06503,0.142395,0.324928),(0.022278,0.154948,0.324928),(-0.022278,0.154948,0.324928),(-0.06503,0.142395,0.324928),(-0.102513,0.118306,0.324928),(-0.131691,0.084633,0.324928),(-0.1502,0.044103,0.324928),(-0.156541,0.0,0.324928),(-0.164486,0.0,0.332853),(-0.158881,0.042572,0.332853),(-0.142449,0.082243,0.332853),(-0.116309,0.116309,0.332853),(-0.082243,0.142449,0.332853),(-0.042572,0.158881,0.332853),(0.0,0.164486,0.332853),(0.042572,0.158881,0.332853),(0.082243,0.142449,0.332853),(0.116309,0.116309,0.332853),(0.142449,0.082243,0.332853),(0.158881,0.042572,0.332853),(0.164486,0.0,0.332853)),$);
#458= IFCTRIANGULATEDFACESET(#457,$,$,((14,12,13),(15,11,14),(9,16,17),(15,16,10),(8,17,18),(15,10,11),(11,12,14),(17,8,9),(9,10,16),(18,7,8),(18,19,7),(19,20,6),(2,23,24),(23,3,22),(1,24,25),(20,5,6),(5,20,21),(5,21,4),(21,22,4),(22,3,4),(2,3,23),(24,1,2),(19,6,7)),$);
#459= IFCSTYLEDITEM(#458,(#121),'\X2\0110\X0\\X2\00E8\X0\n chi\X2\1EBF\X0\u s\X2\00E1\X0\ng');
#460= IFCCARTESIANPOINTLIST3D(((-0.156541,0.0,0.324928),(-0.1502,-0.044103,0.324928),(-0.131691,-0.084633,0.324928),(-0.102513,-0.118306,0.324928),(-0.06503,-0.142395,0.324928),(-0.022278,-0.154948,0.324928),(0.022278,-0.154948,0.324928),(0.06503,-0.142395,0.324928),(0.102513,-0.118306,0.324928),(0.131691,-0.084633,0.324928),(0.1502,-0.044103,0.324928),(0.156541,0.0,0.324928),(0.164486,0.0,0.332853),(0.158881,-0.042572,0.332853),(0.142449,-0.082243,0.332853),(0.116309,-0.116309,0.332853),(0.082243,-0.142449,0.332853),(0.042572,-0.158881,0.332853),(0.0,-0.164486,0.332853),(-0.042572,-0.158881,0.332853),(-0.082243,-0.142449,0.332853),(-0.116309,-0.116309,0.332853),(-0.142449,-0.082243,0.332853),(-0.158881,-0.042572,0.332853),(-0.164486,0.0,0.332853)),$);
#461= IFCTRIANGULATEDFACESET(#460,$,$,((14,12,13),(15,11,14),(9,16,17),(15,16,10),(8,17,18),(15,10,11),(11,12,14),(17,8,9),(9,10,16),(18,7,8),(18,19,7),(20,6,19),(21,5,20),(3,22,23),(21,22,4),(2,23,24),(21,4,5),(5,6,20),(1,2,24),(3,23,2),(3,4,22),(25,1,24),(19,6,7)),$);
#462= IFCSTYLEDITEM(#461,(#121),'\X2\0110\X0\\X2\00E8\X0\n chi\X2\1EBF\X0\u s\X2\00E1\X0\ng');
#463= IFCCARTESIANPOINTLIST3D(((0.148503,0.0,0.316762),(0.142487,0.041838,0.316762),(0.124928,0.080287,0.316762),(0.097248,0.112231,0.316762),(0.06169,0.135083,0.316762),(0.021134,0.146991,0.316762),(-0.021134,0.146991,0.316762),(-0.06169,0.135083,0.316762),(-0.097248,0.112231,0.316762),(-0.124928,0.080287,0.316762),(-0.142487,0.041838,0.316762),(-0.148503,0.0,0.316762),(-0.156541,0.0,0.324928),(-0.1502,0.044103,0.324928),(-0.131691,0.084633,0.324928),(-0.102513,0.118306,0.324928),(-0.06503,0.142395,0.324928),(-0.022278,0.154948,0.324928),(0.022278,0.154948,0.324928),(0.06503,0.142395,0.324928),(0.102513,0.118306,0.324928),(0.131691,0.084633,0.324928),(0.1502,0.044103,0.324928),(0.156541,0.0,0.324928)),$);
#464= IFCTRIANGULATEDFACESET(#463,$,$,((12,13,14),(12,14,11),(11,14,15),(11,15,10),(9,16,17),(9,17,8),(10,15,16),(10,16,9),(8,17,18),(8,18,7),(7,18,19),(7,19,6),(20,21,4),(20,4,5),(6,19,20),(6,20,5),(22,23,2),(22,2,3),(21,22,3),(21,3,4),(23,24,1),(23,1,2)),$);
#465= IFCSTYLEDITEM(#464,(#121),'\X2\0110\X0\\X2\00E8\X0\n chi\X2\1EBF\X0\u s\X2\00E1\X0\ng');
#466= IFCCARTESIANPOINTLIST3D(((-0.148503,0.0,0.316762),(-0.142487,-0.041838,0.316762),(-0.124928,-0.080287,0.316762),(-0.097248,-0.112231,0.316762),(-0.06169,-0.135083,0.316762),(-0.021134,-0.146991,0.316762),(0.021134,-0.146991,0.316762),(0.06169,-0.135083,0.316762),(0.097248,-0.112231,0.316762),(0.124928,-0.080287,0.316762),(0.142487,-0.041838,0.316762),(0.148503,0.0,0.316762),(0.156541,0.0,0.324928),(0.1502,-0.044103,0.324928),(0.131691,-0.084633,0.324928),(0.102513,-0.118306,0.324928),(0.06503,-0.142395,0.324928),(0.022278,-0.154948,0.324928),(-0.022278,-0.154948,0.324928),(-0.06503,-0.142395,0.324928),(-0.102513,-0.118306,0.324928),(-0.131691,-0.084633,0.324928),(-0.1502,-0.044103,0.324928),(-0.156541,0.0,0.324928)),$);
#467= IFCTRIANGULATEDFACESET(#466,$,$,((12,13,14),(12,14,11),(11,14,15),(11,15,10),(9,16,17),(9,17,8),(10,15,16),(10,16,9),(8,17,18),(8,18,7),(7,18,19),(7,19,6),(6,19,20),(6,20,5),(5,20,21),(5,21,4),(3,22,23),(3,23,2),(4,21,22),(4,22,3),(2,23,24),(2,24,1)),$);
#468= IFCSTYLEDITEM(#467,(#121),'\X2\0110\X0\\X2\00E8\X0\n chi\X2\1EBF\X0\u s\X2\00E1\X0\ng');
#469= IFCCARTESIANPOINTLIST3D(((0.140474,0.0,0.308233),(0.134784,0.039576,0.308233),(0.118174,0.075946,0.308233),(0.091991,0.106163,0.308233),(0.058355,0.12778,0.308233),(0.019992,0.139044,0.308233),(-0.019992,0.139044,0.308233),(-0.058355,0.12778,0.308233),(-0.091991,0.106163,0.308233),(-0.118174,0.075946,0.308233),(-0.134784,0.039576,0.308233),(-0.140474,0.0,0.308233),(-0.148503,0.0,0.316762),(-0.142487,0.041838,0.316762),(-0.124928,0.080287,0.316762),(-0.097248,0.112231,0.316762),(-0.06169,0.135083,0.316762),(-0.021134,0.146991,0.316762),(0.021134,0.146991,0.316762),(0.06169,0.135083,0.316762),(0.097248,0.112231,0.316762),(0.124928,0.080287,0.316762),(0.142487,0.041838,0.316762),(0.148503,0.0,0.316762)),$);
#470= IFCTRIANGULATEDFACESET(#469,$,$,((12,13,14),(12,14,11),(11,14,15),(11,15,10),(9,16,17),(9,17,8),(10,15,16),(10,16,9),(8,17,18),(8,18,7),(7,18,19),(7,19,6),(6,19,20),(6,20,5),(20,21,4),(20,4,5),(22,23,2),(22,2,3),(4,21,22),(4,22,3),(23,24,1),(23,1,2)),$);
#471= IFCSTYLEDITEM(#470,(#121),'\X2\0110\X0\\X2\00E8\X0\n chi\X2\1EBF\X0\u s\X2\00E1\X0\ng');
#472= IFCCARTESIANPOINTLIST3D(((-0.140474,0.0,0.308233),(-0.134784,-0.039576,0.308233),(-0.118174,-0.075946,0.308233),(-0.091991,-0.106163,0.308233),(-0.058355,-0.12778,0.308233),(-0.019992,-0.139044,0.308233),(0.019992,-0.139044,0.308233),(0.058355,-0.12778,0.308233),(0.091991,-0.106163,0.308233),(0.118174,-0.075946,0.308233),(0.134784,-0.039576,0.308233),(0.140474,0.0,0.308233),(0.148503,0.0,0.316762),(0.142487,-0.041838,0.316762),(0.124928,-0.080287,0.316762),(0.097248,-0.112231,0.316762),(0.06169,-0.135083,0.316762),(0.021134,-0.146991,0.316762),(-0.021134,-0.146991,0.316762),(-0.06169,-0.135083,0.316762),(-0.097248,-0.112231,0.316762),(-0.124928,-0.080287,0.316762),(-0.142487,-0.041838,0.316762),(-0.148503,0.0,0.316762)),$);
#473= IFCTRIANGULATEDFACESET(#472,$,$,((12,13,14),(12,14,11),(11,14,15),(11,15,10),(9,16,17),(9,17,8),(10,15,16),(10,16,9),(8,17,18),(8,18,7),(7,18,19),(7,19,6),(6,19,20),(6,20,5),(5,20,21),(5,21,4),(3,22,23),(3,23,2),(4,21,22),(4,22,3),(2,23,24),(2,24,1)),$);
#474= IFCSTYLEDITEM(#473,(#121),'\X2\0110\X0\\X2\00E8\X0\n chi\X2\1EBF\X0\u s\X2\00E1\X0\ng');
#475= IFCCARTESIANPOINTLIST3D(((0.127409,0.0,0.293355),(0.121173,0.039371,0.293355),(0.103076,0.074889,0.293355),(0.074889,0.103076,0.293355),(0.039371,0.121173,0.293355),(0.0,0.127409,0.293355),(-0.039371,0.121173,0.293355),(-0.074889,0.103076,0.293355),(-0.103076,0.074889,0.293355),(-0.121173,0.039371,0.293355),(-0.127409,0.0,0.293355),(-0.140474,0.0,0.308233),(-0.134784,0.039576,0.308233),(-0.118174,0.075946,0.308233),(-0.091991,0.106163,0.308233),(-0.058355,0.12778,0.308233),(-0.019992,0.139044,0.308233),(0.019992,0.139044,0.308233),(0.058355,0.12778,0.308233),(0.091991,0.106163,0.308233),(0.118174,0.075946,0.308233),(0.134784,0.039576,0.308233),(0.140474,0.0,0.308233)),$);
#476= IFCTRIANGULATEDFACESET(#475,$,$,((11,12,13),(9,14,15),(13,14,10),(15,16,8),(14,9,10),(10,11,13),(16,7,8),(8,9,15),(7,17,6),(16,17,7),(5,18,19),(4,19,20),(2,21,22),(1,22,23),(20,21,3),(18,5,6),(5,19,4),(21,2,3),(2,22,1),(4,20,3),(18,6,17)),$);
#477= IFCSTYLEDITEM(#476,(#121),'\X2\0110\X0\\X2\00E8\X0\n chi\X2\1EBF\X0\u s\X2\00E1\X0\ng');
#478= IFCCARTESIANPOINTLIST3D(((-0.127409,0.0,0.293355),(-0.121173,-0.039371,0.293355),(-0.103076,-0.074889,0.293355),(-0.074889,-0.103076,0.293355),(-0.039371,-0.121173,0.293355),(0.0,-0.127409,0.293355),(0.039371,-0.121173,0.293355),(0.074889,-0.103076,0.293355),(0.103076,-0.074889,0.293355),(0.121173,-0.039371,0.293355),(0.127409,0.0,0.293355),(0.140474,0.0,0.308233),(0.134784,-0.039576,0.308233),(0.118174,-0.075946,0.308233),(0.091991,-0.106163,0.308233),(0.058355,-0.12778,0.308233),(0.019992,-0.139044,0.308233),(-0.019992,-0.139044,0.308233),(-0.058355,-0.12778,0.308233),(-0.091991,-0.106163,0.308233),(-0.118174,-0.075946,0.308233),(-0.134784,-0.039576,0.308233),(-0.140474,0.0,0.308233)),$);
#479= IFCTRIANGULATEDFACESET(#478,$,$,((11,12,13),(9,14,15),(13,14,10),(15,16,8),(14,9,10),(10,11,13),(16,7,8),(8,9,15),(7,17,6),(16,17,7),(19,5,18),(20,4,19),(2,21,22),(20,21,3),(1,22,23),(19,4,5),(5,6,18),(21,2,3),(3,4,20),(22,1,2),(18,6,17)),$);
#480= IFCSTYLEDITEM(#479,(#121),'\X2\0110\X0\\X2\00E8\X0\n chi\X2\1EBF\X0\u s\X2\00E1\X0\ng');
#481= IFCCARTESIANPOINTLIST3D(((0.0,0.0,0.293355),(-0.127409,0.0,0.293355),(-0.121173,0.039371,0.293355),(-0.103076,0.074889,0.293355),(-0.074889,0.103076,0.293355),(-0.039371,0.121173,0.293355),(0.0,0.127409,0.293355),(0.039371,0.121173,0.293355),(0.074889,0.103076,0.293355),(0.103076,0.074889,0.293355),(0.121173,0.039371,0.293355),(0.127409,0.0,0.293355)),$);
#482= IFCTRIANGULATEDFACESET(#481,$,$,((11,12,1),(11,1,10),(9,10,1),(9,1,8),(7,8,1),(7,1,6),(1,3,4),(1,4,5),(1,5,6),(1,2,3)),$);
#483= IFCSTYLEDITEM(#482,(#121),'\X2\0110\X0\\X2\00E8\X0\n chi\X2\1EBF\X0\u s\X2\00E1\X0\ng');
#484= IFCCARTESIANPOINTLIST3D(((0.0,0.0,0.293355),(0.127409,0.0,0.293355),(0.121173,-0.039371,0.293355),(0.103076,-0.074889,0.293355),(0.074889,-0.103076,0.293355),(0.039371,-0.121173,0.293355),(0.0,-0.127409,0.293355),(-0.039371,-0.121173,0.293355),(-0.074889,-0.103076,0.293355),(-0.103076,-0.074889,0.293355),(-0.121173,-0.039371,0.293355),(-0.127409,0.0,0.293355)),$);
#485= IFCTRIANGULATEDFACESET(#484,$,$,((1,4,5),(1,5,6),(3,4,1),(3,1,2),(1,6,7),(1,7,8),(1,8,9),(1,9,10),(11,12,1),(11,1,10)),$);
#486= IFCSTYLEDITEM(#485,(#121),'\X2\0110\X0\\X2\00E8\X0\n chi\X2\1EBF\X0\u s\X2\00E1\X0\ng');
#487= IFCCARTESIANPOINTLIST3D(((0.124906,0.0,0.746263),(0.118792,0.038598,0.746263),(0.101051,0.073418,0.746263),(0.073418,0.101051,0.746263),(0.038598,0.118792,0.746263),(0.0,0.124906,0.746263),(-0.038598,0.118792,0.746263),(-0.073418,0.101051,0.746263),(-0.101051,0.073418,0.746263),(-0.118792,0.038598,0.746263),(-0.124906,0.0,0.746263),(0.0,0.0,0.746263)),$);
#488= IFCTRIANGULATEDFACESET(#487,$,$,((12,1,2),(12,2,3),(12,3,4),(12,4,5),(12,5,6),(12,6,7),(9,10,12),(9,12,8),(7,8,12),(10,11,12)),$);
#489= IFCSTYLEDITEM(#488,(#121),'\X2\0110\X0\\X2\00E8\X0\n chi\X2\1EBF\X0\u s\X2\00E1\X0\ng');
#490= IFCCARTESIANPOINTLIST3D(((-0.124906,0.0,0.746263),(-0.118792,-0.038598,0.746263),(-0.101051,-0.073418,0.746263),(-0.073418,-0.101051,0.746263),(-0.038598,-0.118792,0.746263),(0.0,-0.124906,0.746263),(0.038598,-0.118792,0.746263),(0.073418,-0.101051,0.746263),(0.101051,-0.073418,0.746263),(0.118792,-0.038598,0.746263),(0.124906,0.0,0.746263),(0.0,0.0,0.746263)),$);
#491= IFCTRIANGULATEDFACESET(#490,$,$,((8,9,12),(8,12,7),(12,9,10),(12,10,11),(6,7,12),(6,12,5),(4,5,12),(4,12,3),(12,1,2),(12,2,3)),$);
#492= IFCSTYLEDITEM(#491,(#121),'\X2\0110\X0\\X2\00E8\X0\n chi\X2\1EBF\X0\u s\X2\00E1\X0\ng');
#493= IFCCARTESIANPOINTLIST3D(((0.127054,0.0,0.741227),(0.120835,0.039262,0.741227),(0.102789,0.07468,0.741227),(0.07468,0.102789,0.741227),(0.039262,0.120835,0.741227),(0.0,0.127054,0.741227),(-0.039262,0.120835,0.741227),(-0.07468,0.102789,0.741227),(-0.102789,0.07468,0.741227),(-0.120835,0.039262,0.741227),(-0.127054,0.0,0.741227),(-0.124906,0.0,0.746263),(-0.118792,0.038598,0.746263),(-0.101051,0.073418,0.746263),(-0.073418,0.101051,0.746263),(-0.038598,0.118792,0.746263),(0.0,0.124906,0.746263),(0.038598,0.118792,0.746263),(0.073418,0.101051,0.746263),(0.101051,0.073418,0.746263),(0.118792,0.038598,0.746263),(0.124906,0.0,0.746263),(-0.121104,0.024005,0.746263),(-0.123945,0.019631,0.741227),(-0.088735,0.088735,0.741227),(-0.087234,0.087234,0.746263),(-0.111812,0.056971,0.741227),(-0.109922,0.056008,0.746263),(-0.056971,0.111812,0.741227),(-0.056008,0.109922,0.746263),(-0.019299,0.121849,0.746263),(-0.019631,0.123945,0.741227),(0.056971,0.111812,0.741227),(0.056008,0.109922,0.746263),(0.109922,0.056008,0.746263),(0.111812,0.056971,0.741227),(0.121104,0.024005,0.746263),(0.123945,0.019631,0.741227),(0.087234,0.087234,0.746263),(0.088735,0.088735,0.741227),(0.019299,0.121849,0.746263),(0.019631,0.123945,0.741227)),$);
#494= IFCTRIANGULATEDFACESET(#493,$,$,((23,13,10),(23,10,24),(25,26,15),(25,15,8),(35,21,2),(35,2,36),(33,5,34),(33,34,19),(27,28,14),(27,14,9),(29,30,16),(29,16,7),(10,13,28),(10,28,27),(24,11,12),(24,12,23),(4,19,39),(4,39,40),(22,1,38),(22,38,37),(8,15,30),(8,30,29),(9,14,26),(9,26,25),(31,32,7),(31,7,16),(19,4,33),(17,6,32),(17,32,31),(20,35,36),(20,36,3),(2,21,37),(2,37,38),(18,34,5),(41,42,6),(41,6,17),(3,40,39),(3,39,20),(18,5,42),(18,42,41)),$);
#495= IFCSTYLEDITEM(#494,(#121),'\X2\0110\X0\\X2\00E8\X0\n chi\X2\1EBF\X0\u s\X2\00E1\X0\ng');
#496= IFCCARTESIANPOINTLIST3D(((-0.127054,0.0,0.741227),(-0.120835,-0.039262,0.741227),(-0.102789,-0.07468,0.741227),(-0.07468,-0.102789,0.741227),(-0.039262,-0.120835,0.741227),(0.0,-0.127054,0.741227),(0.039262,-0.120835,0.741227),(0.07468,-0.102789,0.741227),(0.102789,-0.07468,0.741227),(0.120835,-0.039262,0.741227),(0.127054,0.0,0.741227),(0.124906,0.0,0.746263),(0.118792,-0.038598,0.746263),(0.101051,-0.073418,0.746263),(0.073418,-0.101051,0.746263),(0.038598,-0.118792,0.746263),(0.0,-0.124906,0.746263),(-0.038598,-0.118792,0.746263),(-0.073418,-0.101051,0.746263),(-0.101051,-0.073418,0.746263),(-0.118792,-0.038598,0.746263),(-0.124906,0.0,0.746263),(0.121104,-0.024005,0.746263),(0.123945,-0.019631,0.741227),(0.088735,-0.088735,0.741227),(0.087234,-0.087234,0.746263),(0.111812,-0.056971,0.741227),(0.109922,-0.056008,0.746263),(0.056971,-0.111812,0.741227),(0.056008,-0.109922,0.746263),(0.019299,-0.121849,0.746263),(0.019631,-0.123945,0.741227),(-0.056971,-0.111812,0.741227),(-0.056008,-0.109922,0.746263),(-0.111812,-0.056971,0.741227),(-0.109922,-0.056008,0.746263),(-0.088735,-0.088735,0.741227),(-0.087234,-0.087234,0.746263),(-0.123186,-0.024418,0.741227),(-0.121849,-0.019299,0.746263),(-0.019299,-0.121849,0.746263),(-0.019631,-0.123945,0.741227)),$);
#497= IFCTRIANGULATEDFACESET(#496,$,$,((23,13,10),(23,10,24),(25,26,15),(25,15,8),(41,18,42),(41,42,6),(6,17,41),(27,28,14),(27,14,9),(29,30,16),(29,16,7),(10,13,28),(10,28,27),(24,11,12),(24,12,23),(8,15,30),(8,30,29),(9,14,26),(9,26,25),(31,32,7),(31,7,16),(17,6,32),(17,32,31),(21,40,39),(21,39,2),(33,34,19),(33,19,4),(37,4,38),(37,38,20),(36,21,35),(36,35,3),(21,2,35),(20,3,37),(40,22,1),(40,1,39),(5,18,34),(5,34,33),(20,36,3),(38,4,19),(18,5,42)),$);
#498= IFCSTYLEDITEM(#497,(#121),'\X2\0110\X0\\X2\00E8\X0\n chi\X2\1EBF\X0\u s\X2\00E1\X0\ng');
#499= IFCCARTESIANPOINTLIST3D(((0.129912,0.0,0.735328),(0.123554,0.040145,0.735328),(0.105101,0.076361,0.735328),(0.076361,0.105101,0.735328),(0.040145,0.123554,0.735328),(0.0,0.129912,0.735328),(-0.040145,0.123554,0.735328),(-0.076361,0.105101,0.735328),(-0.105101,0.076361,0.735328),(-0.123554,0.040145,0.735328),(-0.129912,0.0,0.735328),(-0.127054,0.0,0.741227),(-0.120835,0.039262,0.741227),(-0.102789,0.07468,0.741227),(-0.07468,0.102789,0.741227),(-0.039262,0.120835,0.741227),(0.0,0.127054,0.741227),(0.039262,0.120835,0.741227),(0.07468,0.102789,0.741227),(0.102789,0.07468,0.741227),(0.120835,0.039262,0.741227),(0.127054,0.0,0.741227)),$);
#500= IFCTRIANGULATEDFACESET(#499,$,$,((11,12,13),(11,13,10),(9,14,15),(9,15,8),(10,13,14),(10,14,9),(8,15,16),(8,16,7),(17,6,7),(17,7,16),(5,18,19),(5,19,4),(20,21,2),(20,2,3),(21,22,1),(21,1,2),(19,20,3),(19,3,4),(18,5,6),(18,6,17)),$);
#501= IFCSTYLEDITEM(#500,(#121),'\X2\0110\X0\\X2\00E8\X0\n chi\X2\1EBF\X0\u s\X2\00E1\X0\ng');
#502= IFCCARTESIANPOINTLIST3D(((-0.129912,0.0,0.735328),(-0.123554,-0.040145,0.735328),(-0.105101,-0.076361,0.735328),(-0.076361,-0.105101,0.735328),(-0.040145,-0.123554,0.735328),(0.0,-0.129912,0.735328),(0.040145,-0.123554,0.735328),(0.076361,-0.105101,0.735328),(0.105101,-0.076361,0.735328),(0.123554,-0.040145,0.735328),(0.129912,0.0,0.735328),(0.127054,0.0,0.741227),(0.120835,-0.039262,0.741227),(0.102789,-0.07468,0.741227),(0.07468,-0.102789,0.741227),(0.039262,-0.120835,0.741227),(0.0,-0.127054,0.741227),(-0.039262,-0.120835,0.741227),(-0.07468,-0.102789,0.741227),(-0.102789,-0.07468,0.741227),(-0.120835,-0.039262,0.741227),(-0.127054,0.0,0.741227)),$);
#503= IFCTRIANGULATEDFACESET(#502,$,$,((11,12,13),(11,13,10),(9,14,15),(9,15,8),(10,13,14),(10,14,9),(8,15,16),(8,16,7),(17,6,7),(17,7,16),(5,18,19),(5,19,4),(3,20,21),(3,21,2),(4,19,20),(4,20,3),(2,21,22),(2,22,1),(18,5,6),(18,6,17)),$);
#504= IFCSTYLEDITEM(#503,(#121),'\X2\0110\X0\\X2\00E8\X0\n chi\X2\1EBF\X0\u s\X2\00E1\X0\ng');
#505= IFCCARTESIANPOINTLIST3D(((0.132815,0.0,0.730047),(0.127435,0.037418,0.730047),(0.111731,0.071805,0.730047),(0.086976,0.100375,0.730047),(0.055173,0.120813,0.730047),(0.018902,0.131463,0.730047),(-0.018902,0.131463,0.730047),(-0.055173,0.120813,0.730047),(-0.086976,0.100375,0.730047),(-0.111731,0.071805,0.730047),(-0.127435,0.037418,0.730047),(-0.132815,0.0,0.730047),(-0.129912,0.0,0.735328),(-0.123554,0.040145,0.735328),(-0.105101,0.076361,0.735328),(-0.076361,0.105101,0.735328),(-0.040145,0.123554,0.735328),(0.0,0.129912,0.735328),(0.040145,0.123554,0.735328),(0.076361,0.105101,0.735328),(0.105101,0.076361,0.735328),(0.123554,0.040145,0.735328),(0.129912,0.0,0.735328)),$);
#506= IFCTRIANGULATEDFACESET(#505,$,$,((11,13,14),(9,15,16),(14,15,10),(16,17,8),(14,10,11),(11,12,13),(16,8,9),(9,10,15),(17,7,8),(17,18,7),(6,18,19),(5,19,20),(3,21,22),(2,22,23),(20,21,4),(19,5,6),(5,20,4),(22,2,3),(2,23,1),(4,21,3),(18,6,7)),$);
#507= IFCSTYLEDITEM(#506,(#121),'\X2\0110\X0\\X2\00E8\X0\n chi\X2\1EBF\X0\u s\X2\00E1\X0\ng');
#508= IFCCARTESIANPOINTLIST3D(((-0.132815,0.0,0.730047),(-0.127435,-0.037418,0.730047),(-0.111731,-0.071805,0.730047),(-0.086976,-0.100375,0.730047),(-0.055173,-0.120813,0.730047),(-0.018902,-0.131463,0.730047),(0.018902,-0.131463,0.730047),(0.055173,-0.120813,0.730047),(0.086976,-0.100375,0.730047),(0.111731,-0.071805,0.730047),(0.127435,-0.037418,0.730047),(0.132815,0.0,0.730047),(0.129912,0.0,0.735328),(0.123554,-0.040145,0.735328),(0.105101,-0.076361,0.735328),(0.076361,-0.105101,0.735328),(0.040145,-0.123554,0.735328),(0.0,-0.129912,0.735328),(-0.040145,-0.123554,0.735328),(-0.076361,-0.105101,0.735328),(-0.105101,-0.076361,0.735328),(-0.123554,-0.040145,0.735328),(-0.129912,0.0,0.735328)),$);
#509= IFCTRIANGULATEDFACESET(#508,$,$,((11,13,14),(9,15,16),(14,15,10),(16,17,8),(14,10,11),(11,12,13),(16,8,9),(9,10,15),(17,7,8),(17,18,7),(19,6,18),(20,5,19),(3,21,22),(20,21,4),(2,22,23),(20,4,5),(5,6,19),(22,2,3),(3,4,21),(23,1,2),(18,6,7)),$);
#510= IFCSTYLEDITEM(#509,(#121),'\X2\0110\X0\\X2\00E8\X0\n chi\X2\1EBF\X0\u s\X2\00E1\X0\ng');
#511= IFCCARTESIANPOINTLIST3D(((0.135785,0.0,0.725253),(0.130284,0.038255,0.725253),(0.114229,0.073411,0.725253),(0.08892,0.102619,0.725253),(0.056407,0.123514,0.725253),(0.019324,0.134402,0.725253),(-0.019324,0.134402,0.725253),(-0.056407,0.123514,0.725253),(-0.08892,0.102619,0.725253),(-0.114229,0.073411,0.725253),(-0.130284,0.038255,0.725253),(-0.135785,0.0,0.725253),(-0.132815,0.0,0.730047),(-0.127435,0.037418,0.730047),(-0.111731,0.071805,0.730047),(-0.086976,0.100375,0.730047),(-0.055173,0.120813,0.730047),(-0.018902,0.131463,0.730047),(0.018902,0.131463,0.730047),(0.055173,0.120813,0.730047),(0.086976,0.100375,0.730047),(0.111731,0.071805,0.730047),(0.127435,0.037418,0.730047),(0.132815,0.0,0.730047)),$);
#512= IFCTRIANGULATEDFACESET(#511,$,$,((12,13,14),(12,14,11),(11,14,15),(11,15,10),(9,16,17),(9,17,8),(10,15,16),(10,16,9),(8,17,18),(8,18,7),(7,18,19),(7,19,6),(6,19,20),(6,20,5),(5,20,21),(5,21,4),(22,23,2),(22,2,3),(23,24,1),(23,1,2),(4,21,22),(4,22,3)),$);
#513= IFCSTYLEDITEM(#512,(#121),'\X2\0110\X0\\X2\00E8\X0\n chi\X2\1EBF\X0\u s\X2\00E1\X0\ng');
#514= IFCCARTESIANPOINTLIST3D(((-0.135785,0.0,0.725253),(-0.130284,-0.038255,0.725253),(-0.114229,-0.073411,0.725253),(-0.08892,-0.102619,0.725253),(-0.056407,-0.123514,0.725253),(-0.019324,-0.134402,0.725253),(0.019324,-0.134402,0.725253),(0.056407,-0.123514,0.725253),(0.08892,-0.102619,0.725253),(0.114229,-0.073411,0.725253),(0.130284,-0.038255,0.725253),(0.135785,0.0,0.725253),(0.132815,0.0,0.730047),(0.127435,-0.037418,0.730047),(0.111731,-0.071805,0.730047),(0.086976,-0.100375,0.730047),(0.055173,-0.120813,0.730047),(0.018902,-0.131463,0.730047),(-0.018902,-0.131463,0.730047),(-0.055173,-0.120813,0.730047),(-0.086976,-0.100375,0.730047),(-0.111731,-0.071805,0.730047),(-0.127435,-0.037418,0.730047),(-0.132815,0.0,0.730047)),$);
#515= IFCTRIANGULATEDFACESET(#514,$,$,((12,13,14),(12,14,11),(11,14,15),(11,15,10),(9,16,17),(9,17,8),(10,15,16),(10,16,9),(8,17,18),(8,18,7),(7,18,19),(7,19,6),(6,19,20),(6,20,5),(5,20,21),(5,21,4),(3,22,23),(3,23,2),(4,21,22),(4,22,3),(2,23,24),(2,24,1)),$);
#516= IFCSTYLEDITEM(#515,(#121),'\X2\0110\X0\\X2\00E8\X0\n chi\X2\1EBF\X0\u s\X2\00E1\X0\ng');
#517= IFCCARTESIANPOINTLIST3D(((0.138842,0.0,0.720813),(0.133218,0.039116,0.720813),(0.116802,0.075064,0.720813),(0.090922,0.10493,0.720813),(0.057677,0.126295,0.720813),(0.019759,0.137429,0.720813),(-0.019759,0.137429,0.720813),(-0.057677,0.126295,0.720813),(-0.090922,0.10493,0.720813),(-0.116802,0.075064,0.720813),(-0.133218,0.039116,0.720813),(-0.138842,0.0,0.720813),(-0.135785,0.0,0.725253),(-0.130284,0.038255,0.725253),(-0.114229,0.073411,0.725253),(-0.08892,0.102619,0.725253),(-0.056407,0.123514,0.725253),(-0.019324,0.134402,0.725253),(0.019324,0.134402,0.725253),(0.056407,0.123514,0.725253),(0.08892,0.102619,0.725253),(0.114229,0.073411,0.725253),(0.130284,0.038255,0.725253),(0.135785,0.0,0.725253),(-0.13218,0.025068,0.725253),(-0.13603,0.019558,0.720813),(-0.12501,0.05709,0.720813),(-0.122257,0.055833,0.725253),(-0.0743,0.115613,0.720813),(-0.072663,0.113067,0.725253),(-0.103862,0.089997,0.720813),(-0.101575,0.088015,0.725253),(-0.038718,0.131862,0.720813),(-0.037866,0.128958,0.725253),(0.0,0.137429,0.720813),(0.0,0.134402,0.725253),(0.038718,0.131862,0.720813),(0.037866,0.128958,0.725253),(0.0743,0.115613,0.720813),(0.072663,0.113067,0.725253),(0.122257,0.055833,0.725253),(0.12501,0.05709,0.720813),(0.13218,0.025068,0.725253),(0.13603,0.019558,0.720813),(0.103862,0.089997,0.720813),(0.101575,0.088015,0.725253)),$);
#518= IFCTRIANGULATEDFACESET(#517,$,$,((25,14,11),(25,11,26),(22,41,42),(22,42,3),(27,28,15),(27,15,10),(29,30,17),(29,17,8),(20,5,37),(20,37,38),(19,6,35),(31,32,16),(31,16,9),(21,4,39),(21,39,40),(33,34,18),(33,18,7),(11,14,28),(11,28,27),(26,12,13),(26,13,25),(24,1,44),(24,44,43),(2,23,43),(2,43,44),(9,16,30),(9,30,29),(10,15,32),(10,32,31),(35,7,36),(35,36,19),(38,37,6),(38,6,19),(8,17,34),(8,34,33),(40,39,5),(40,5,20),(41,23,2),(41,2,42),(46,22,3),(46,3,45),(4,21,46),(4,46,45),(18,36,7)),$);
#519= IFCSTYLEDITEM(#518,(#121),'\X2\0110\X0\\X2\00E8\X0\n chi\X2\1EBF\X0\u s\X2\00E1\X0\ng');
#520= IFCCARTESIANPOINTLIST3D(((-0.138842,0.0,0.720813),(-0.133218,-0.039116,0.720813),(-0.116802,-0.075064,0.720813),(-0.090922,-0.10493,0.720813),(-0.057677,-0.126295,0.720813),(-0.019759,-0.137429,0.720813),(0.019759,-0.137429,0.720813),(0.057677,-0.126295,0.720813),(0.090922,-0.10493,0.720813),(0.116802,-0.075064,0.720813),(0.133218,-0.039116,0.720813),(0.138842,0.0,0.720813),(0.135785,0.0,0.725253),(0.130284,-0.038255,0.725253),(0.114229,-0.073411,0.725253),(0.08892,-0.102619,0.725253),(0.056407,-0.123514,0.725253),(0.019324,-0.134402,0.725253),(-0.019324,-0.134402,0.725253),(-0.056407,-0.123514,0.725253),(-0.08892,-0.102619,0.725253),(-0.114229,-0.073411,0.725253),(-0.130284,-0.038255,0.725253),(-0.135785,0.0,0.725253),(0.13218,-0.025068,0.725253),(0.13603,-0.019558,0.720813),(0.12501,-0.05709,0.720813),(0.122257,-0.055833,0.725253),(0.0743,-0.115613,0.720813),(0.072663,-0.113067,0.725253),(0.103862,-0.089997,0.720813),(0.101575,-0.088015,0.725253),(0.038718,-0.131862,0.720813),(0.037866,-0.128958,0.725253),(0.0,-0.137429,0.720813),(0.0,-0.134402,0.725253),(-0.038718,-0.131862,0.720813),(-0.037866,-0.128958,0.725253),(-0.0743,-0.115613,0.720813),(-0.072663,-0.113067,0.725253),(-0.12501,-0.05709,0.720813),(-0.122257,-0.055833,0.725253),(-0.103862,-0.089997,0.720813),(-0.101575,-0.088015,0.725253),(-0.135157,-0.025632,0.720813),(-0.133034,-0.019127,0.725253)),$);
#521= IFCTRIANGULATEDFACESET(#520,$,$,((25,14,11),(25,11,26),(27,28,15),(27,15,10),(29,30,17),(29,17,8),(46,1,45),(46,45,23),(43,4,44),(43,44,22),(31,32,16),(31,16,9),(33,34,18),(33,18,7),(11,14,28),(11,28,27),(26,12,13),(26,13,25),(9,16,30),(9,30,29),(10,15,32),(10,32,31),(8,17,34),(8,34,33),(36,19,35),(36,35,7),(38,20,37),(38,37,6),(42,41,3),(42,3,22),(23,2,41),(23,41,42),(39,40,21),(39,21,4),(40,39,5),(40,5,20),(1,46,24),(38,6,19),(44,4,21),(19,6,35),(2,23,45),(20,5,37),(18,36,7),(22,3,43)),$);
#522= IFCSTYLEDITEM(#521,(#121),'\X2\0110\X0\\X2\00E8\X0\n chi\X2\1EBF\X0\u s\X2\00E1\X0\ng');
#523= IFCCARTESIANPOINTLIST3D(((0.142011,0.0,0.716593),(0.136258,0.040009,0.716593),(0.119467,0.076777,0.716593),(0.092997,0.107325,0.716593),(0.058993,0.129177,0.716593),(0.02021,0.140565,0.716593),(-0.02021,0.140565,0.716593),(-0.058993,0.129177,0.716593),(-0.092997,0.107325,0.716593),(-0.119467,0.076777,0.716593),(-0.136258,0.040009,0.716593),(-0.142011,0.0,0.716593),(-0.138842,0.0,0.720813),(-0.133218,0.039116,0.720813),(-0.116802,0.075064,0.720813),(-0.090922,0.10493,0.720813),(-0.057677,0.126295,0.720813),(-0.019759,0.137429,0.720813),(0.019759,0.137429,0.720813),(0.057677,0.126295,0.720813),(0.090922,0.10493,0.720813),(0.116802,0.075064,0.720813),(0.133218,0.039116,0.720813),(0.138842,0.0,0.720813),(-0.135198,0.025346,0.720813),(-0.139134,0.020005,0.716593),(-0.127863,0.058393,0.716593),(-0.12501,0.05709,0.720813),(-0.075995,0.118251,0.716593),(-0.0743,0.115613,0.720813),(-0.106232,0.092051,0.716593),(-0.103862,0.089997,0.720813),(-0.039602,0.134871,0.716593),(-0.038718,0.131862,0.720813),(0.0,0.140565,0.716593),(0.0,0.137429,0.720813),(0.039602,0.134871,0.716593),(0.038718,0.131862,0.720813),(0.075995,0.118251,0.716593),(0.0743,0.115613,0.720813),(0.12501,0.05709,0.720813),(0.127863,0.058393,0.716593),(0.106232,0.092051,0.716593),(0.103862,0.089997,0.720813),(0.135198,0.025346,0.720813),(0.139134,0.020005,0.716593)),$);
#524= IFCTRIANGULATEDFACESET(#523,$,$,((25,14,11),(25,11,26),(41,23,2),(41,2,42),(27,28,15),(27,15,10),(29,30,17),(29,17,8),(38,37,6),(38,6,19),(35,7,36),(35,36,19),(31,32,16),(31,16,9),(40,39,5),(40,5,20),(33,34,18),(33,18,7),(11,14,28),(11,28,27),(26,12,13),(26,13,25),(22,41,42),(22,42,3),(43,4,44),(43,44,3),(9,16,30),(9,30,29),(10,15,32),(10,32,31),(19,6,35),(20,5,37),(20,37,38),(8,17,34),(8,34,33),(21,4,39),(21,39,40),(44,22,3),(46,2,45),(46,45,24),(21,44,4),(24,1,46),(18,36,7),(45,2,23)),$);
#525= IFCSTYLEDITEM(#524,(#121),'\X2\0110\X0\\X2\00E8\X0\n chi\X2\1EBF\X0\u s\X2\00E1\X0\ng');
#526= IFCCARTESIANPOINTLIST3D(((-0.142011,0.0,0.716593),(-0.136258,-0.040009,0.716593),(-0.119467,-0.076777,0.716593),(-0.092997,-0.107325,0.716593),(-0.058993,-0.129177,0.716593),(-0.02021,-0.140565,0.716593),(0.02021,-0.140565,0.716593),(0.058993,-0.129177,0.716593),(0.092997,-0.107325,0.716593),(0.119467,-0.076777,0.716593),(0.136258,-0.040009,0.716593),(0.142011,0.0,0.716593),(0.138842,0.0,0.720813),(0.133218,-0.039116,0.720813),(0.116802,-0.075064,0.720813),(0.090922,-0.10493,0.720813),(0.057677,-0.126295,0.720813),(0.019759,-0.137429,0.720813),(-0.019759,-0.137429,0.720813),(-0.057677,-0.126295,0.720813),(-0.090922,-0.10493,0.720813),(-0.116802,-0.075064,0.720813),(-0.133218,-0.039116,0.720813),(-0.138842,0.0,0.720813),(0.135198,-0.025346,0.720813),(0.139134,-0.020005,0.716593),(0.127863,-0.058393,0.716593),(0.12501,-0.05709,0.720813),(0.075995,-0.118251,0.716593),(0.0743,-0.115613,0.720813),(0.106232,-0.092051,0.716593),(0.103862,-0.089997,0.720813),(0.039602,-0.134871,0.716593),(0.038718,-0.131862,0.720813),(0.0,-0.140565,0.716593),(0.0,-0.137429,0.720813),(-0.039602,-0.134871,0.716593),(-0.038718,-0.131862,0.720813),(-0.075995,-0.118251,0.716593),(-0.0743,-0.115613,0.720813),(-0.127863,-0.058393,0.716593),(-0.12501,-0.05709,0.720813),(-0.106232,-0.092051,0.716593),(-0.103862,-0.089997,0.720813),(-0.138283,-0.025925,0.716593),(-0.13603,-0.019558,0.720813)),$);
#527= IFCTRIANGULATEDFACESET(#526,$,$,((25,14,11),(25,11,26),(27,28,15),(27,15,10),(29,30,17),(29,17,8),(46,1,45),(46,45,23),(43,4,44),(43,44,22),(31,32,16),(31,16,9),(33,34,18),(33,18,7),(11,14,28),(11,28,27),(26,12,13),(26,13,25),(9,16,30),(9,30,29),(10,15,32),(10,32,31),(8,17,34),(8,34,33),(36,19,35),(36,35,7),(38,20,37),(38,37,6),(42,41,3),(42,3,22),(23,2,41),(23,41,42),(39,40,21),(39,21,4),(40,39,5),(40,5,20),(1,46,24),(38,6,19),(44,4,21),(19,6,35),(2,23,45),(20,5,37),(18,36,7),(22,3,43)),$);
#528= IFCSTYLEDITEM(#527,(#121),'\X2\0110\X0\\X2\00E8\X0\n chi\X2\1EBF\X0\u s\X2\00E1\X0\ng');
#529= IFCCARTESIANPOINTLIST3D(((0.145312,0.0,0.712461),(0.139426,0.040939,0.712461),(0.122244,0.078562,0.712461),(0.095159,0.109819,0.712461),(0.060365,0.13218,0.712461),(0.02068,0.143833,0.712461),(-0.02068,0.143833,0.712461),(-0.060365,0.13218,0.712461),(-0.095159,0.109819,0.712461),(-0.122244,0.078562,0.712461),(-0.139426,0.040939,0.712461),(-0.145312,0.0,0.712461),(-0.142011,0.0,0.716593),(-0.136258,0.040009,0.716593),(-0.119467,0.076777,0.716593),(-0.092997,0.107325,0.716593),(-0.058993,0.129177,0.716593),(-0.02021,0.140565,0.716593),(0.02021,0.140565,0.716593),(0.058993,0.129177,0.716593),(0.092997,0.107325,0.716593),(0.119467,0.076777,0.716593),(0.136258,0.040009,0.716593),(0.142011,0.0,0.716593),(-0.138325,0.025631,0.716593),(-0.142369,0.02047,0.712461),(-0.130835,0.05975,0.712461),(-0.127863,0.058393,0.716593),(-0.077762,0.121,0.712461),(-0.075995,0.118251,0.716593),(-0.108702,0.09419,0.712461),(-0.106232,0.092051,0.716593),(-0.040522,0.138007,0.712461),(-0.039602,0.134871,0.716593),(0.0,0.143833,0.712461),(0.0,0.140565,0.716593),(0.040522,0.138007,0.712461),(0.039602,0.134871,0.716593),(0.077762,0.121,0.712461),(0.075995,0.118251,0.716593),(0.127863,0.058393,0.716593),(0.130835,0.05975,0.712461),(0.108702,0.09419,0.712461),(0.106232,0.092051,0.716593),(0.138325,0.025631,0.716593),(0.142369,0.02047,0.712461)),$);
#530= IFCTRIANGULATEDFACESET(#529,$,$,((25,14,11),(25,11,26),(41,23,2),(41,2,42),(27,28,15),(27,15,10),(29,30,17),(29,17,8),(38,37,6),(38,6,19),(35,7,36),(35,36,19),(31,32,16),(31,16,9),(40,39,5),(40,5,20),(33,34,18),(33,18,7),(11,14,28),(11,28,27),(26,12,13),(26,13,25),(22,41,42),(22,42,3),(43,4,44),(43,44,22),(9,16,30),(9,30,29),(10,15,32),(10,32,31),(19,6,35),(20,5,37),(20,37,38),(8,17,34),(8,34,33),(21,4,39),(21,39,40),(22,3,43),(46,2,45),(46,45,24),(21,44,4),(24,1,46),(18,36,7),(45,2,23)),$);
#531= IFCSTYLEDITEM(#530,(#121),'\X2\0110\X0\\X2\00E8\X0\n chi\X2\1EBF\X0\u s\X2\00E1\X0\ng');
#532= IFCCARTESIANPOINTLIST3D(((-0.145312,0.0,0.712461),(-0.139426,-0.040939,0.712461),(-0.122244,-0.078562,0.712461),(-0.095159,-0.109819,0.712461),(-0.060365,-0.13218,0.712461),(-0.02068,-0.143833,0.712461),(0.02068,-0.143833,0.712461),(0.060365,-0.13218,0.712461),(0.095159,-0.109819,0.712461),(0.122244,-0.078562,0.712461),(0.139426,-0.040939,0.712461),(0.145312,0.0,0.712461),(0.142011,0.0,0.716593),(0.136258,-0.040009,0.716593),(0.119467,-0.076777,0.716593),(0.092997,-0.107325,0.716593),(0.058993,-0.129177,0.716593),(0.02021,-0.140565,0.716593),(-0.02021,-0.140565,0.716593),(-0.058993,-0.129177,0.716593),(-0.092997,-0.107325,0.716593),(-0.119467,-0.076777,0.716593),(-0.136258,-0.040009,0.716593),(-0.142011,0.0,0.716593),(0.138325,-0.025631,0.716593),(0.142369,-0.02047,0.712461),(0.130835,-0.05975,0.712461),(0.127863,-0.058393,0.716593),(0.077762,-0.121,0.712461),(0.075995,-0.118251,0.716593),(0.108702,-0.09419,0.712461),(0.106232,-0.092051,0.716593),(0.040522,-0.138007,0.712461),(0.039602,-0.134871,0.716593),(0.0,-0.143833,0.712461),(0.0,-0.140565,0.716593),(-0.040522,-0.138007,0.712461),(-0.039602,-0.134871,0.716593),(-0.077762,-0.121,0.712461),(-0.075995,-0.118251,0.716593),(-0.130835,-0.05975,0.712461),(-0.127863,-0.058393,0.716593),(-0.108702,-0.09419,0.712461),(-0.106232,-0.092051,0.716593),(-0.141541,-0.026227,0.712461),(-0.139134,-0.020005,0.716593)),$);
#533= IFCTRIANGULATEDFACESET(#532,$,$,((25,14,11),(25,11,26),(27,28,15),(27,15,10),(29,30,17),(29,17,8),(46,1,45),(46,45,23),(43,4,44),(43,44,22),(31,32,16),(31,16,9),(33,34,18),(33,18,7),(11,14,28),(11,28,27),(26,12,13),(26,13,25),(9,16,30),(9,30,29),(10,15,32),(10,32,31),(8,17,34),(8,34,33),(36,19,35),(36,35,7),(38,20,37),(38,37,6),(42,41,3),(42,3,22),(23,2,41),(23,41,42),(39,40,21),(39,21,4),(40,39,5),(40,5,20),(1,46,24),(38,6,19),(44,4,21),(19,6,35),(2,23,45),(20,5,37),(18,36,7),(22,3,43)),$);
#534= IFCSTYLEDITEM(#533,(#121),'\X2\0110\X0\\X2\00E8\X0\n chi\X2\1EBF\X0\u s\X2\00E1\X0\ng');
#535= IFCCARTESIANPOINTLIST3D(((0.148768,0.0,0.708286),(0.142742,0.041913,0.708286),(0.125152,0.08043,0.708286),(0.097422,0.112431,0.708286),(0.0618,0.135324,0.708286),(0.021172,0.147254,0.708286),(-0.021172,0.147254,0.708286),(-0.0618,0.135324,0.708286),(-0.097422,0.112431,0.708286),(-0.125152,0.08043,0.708286),(-0.142742,0.041913,0.708286),(-0.148768,0.0,0.708286),(-0.145312,0.0,0.712461),(-0.139426,0.040939,0.712461),(-0.122244,0.078562,0.712461),(-0.095159,0.109819,0.712461),(-0.060365,0.13218,0.712461),(-0.02068,0.143833,0.712461),(0.02068,0.143833,0.712461),(0.060365,0.13218,0.712461),(0.095159,0.109819,0.712461),(0.122244,0.078562,0.712461),(0.139426,0.040939,0.712461),(0.145312,0.0,0.712461),(-0.141585,0.025924,0.712461),(-0.145755,0.020956,0.708286),(-0.133947,0.061171,0.708286),(-0.130835,0.05975,0.712461),(-0.079611,0.123878,0.708286),(-0.077762,0.121,0.712461),(-0.111287,0.096431,0.708286),(-0.108702,0.09419,0.712461),(-0.041486,0.141289,0.708286),(-0.040522,0.138007,0.712461),(0.0,0.147254,0.708286),(0.0,0.143833,0.712461),(0.041486,0.141289,0.708286),(0.040522,0.138007,0.712461),(0.077762,0.121,0.712461),(0.079611,0.123878,0.708286),(0.130835,0.05975,0.712461),(0.133947,0.061171,0.708286),(0.108702,0.09419,0.712461),(0.111287,0.096431,0.708286),(0.141585,0.025924,0.712461),(0.145755,0.020956,0.708286)),$);
#536= IFCTRIANGULATEDFACESET(#535,$,$,((25,14,11),(25,11,26),(21,43,44),(21,44,4),(22,41,42),(22,42,3),(27,28,15),(27,15,10),(29,30,17),(29,17,8),(20,5,37),(20,37,38),(19,6,35),(31,32,16),(31,16,9),(20,39,40),(20,40,5),(33,34,18),(33,18,7),(11,14,28),(11,28,27),(26,12,13),(26,13,25),(41,23,2),(41,2,42),(2,23,45),(2,45,46),(9,16,30),(9,30,29),(10,15,32),(10,32,31),(35,7,36),(35,36,19),(38,37,6),(38,6,19),(8,17,34),(8,34,33),(39,21,4),(39,4,40),(43,22,3),(43,3,44),(46,45,24),(46,24,1),(18,36,7)),$);
#537= IFCSTYLEDITEM(#536,(#121),'\X2\0110\X0\\X2\00E8\X0\n chi\X2\1EBF\X0\u s\X2\00E1\X0\ng');
#538= IFCCARTESIANPOINTLIST3D(((-0.148768,0.0,0.708286),(-0.142742,-0.041913,0.708286),(-0.125152,-0.08043,0.708286),(-0.097422,-0.112431,0.708286),(-0.0618,-0.135324,0.708286),(-0.021172,-0.147254,0.708286),(0.021172,-0.147254,0.708286),(0.0618,-0.135324,0.708286),(0.097422,-0.112431,0.708286),(0.125152,-0.08043,0.708286),(0.142742,-0.041913,0.708286),(0.148768,0.0,0.708286),(0.145312,0.0,0.712461),(0.139426,-0.040939,0.712461),(0.122244,-0.078562,0.712461),(0.095159,-0.109819,0.712461),(0.060365,-0.13218,0.712461),(0.02068,-0.143833,0.712461),(-0.02068,-0.143833,0.712461),(-0.060365,-0.13218,0.712461),(-0.095159,-0.109819,0.712461),(-0.122244,-0.078562,0.712461),(-0.139426,-0.040939,0.712461),(-0.145312,0.0,0.712461),(0.141585,-0.025924,0.712461),(0.145755,-0.020956,0.708286),(0.133947,-0.061171,0.708286),(0.130835,-0.05975,0.712461),(0.079611,-0.123878,0.708286),(0.077762,-0.121,0.712461),(0.111287,-0.096431,0.708286),(0.108702,-0.09419,0.712461),(0.041486,-0.141289,0.708286),(0.040522,-0.138007,0.712461),(0.0,-0.147254,0.708286),(0.0,-0.143833,0.712461),(-0.041486,-0.141289,0.708286),(-0.040522,-0.138007,0.712461),(-0.079611,-0.123878,0.708286),(-0.077762,-0.121,0.712461),(-0.133947,-0.061171,0.708286),(-0.130835,-0.05975,0.712461),(-0.111287,-0.096431,0.708286),(-0.108702,-0.09419,0.712461),(-0.144952,-0.026541,0.708286),(-0.142369,-0.02047,0.712461)),$);
#539= IFCTRIANGULATEDFACESET(#538,$,$,((25,14,11),(25,11,26),(27,28,15),(27,15,10),(29,30,17),(29,17,8),(46,1,45),(46,45,23),(43,4,44),(43,44,22),(31,32,16),(31,16,9),(33,34,18),(33,18,7),(11,14,28),(11,28,27),(26,12,13),(26,13,25),(9,16,30),(9,30,29),(10,15,32),(10,32,31),(8,17,34),(8,34,33),(36,19,35),(36,35,7),(38,20,37),(38,37,6),(42,41,3),(42,3,22),(23,2,41),(23,41,42),(39,40,21),(39,21,4),(40,39,5),(40,5,20),(1,46,24),(38,6,19),(44,4,21),(19,6,35),(2,23,45),(20,5,37),(18,36,7),(22,3,43)),$);
#540= IFCSTYLEDITEM(#539,(#121),'\X2\0110\X0\\X2\00E8\X0\n chi\X2\1EBF\X0\u s\X2\00E1\X0\ng');
#541= IFCCARTESIANPOINTLIST3D(((0.152397,0.0,0.703948),(0.146224,0.042935,0.703948),(0.128205,0.082392,0.703948),(0.099799,0.115174,0.703948),(0.063308,0.138626,0.703948),(0.021688,0.150846,0.703948),(-0.021688,0.150846,0.703948),(-0.063308,0.138626,0.703948),(-0.099799,0.115174,0.703948),(-0.128205,0.082392,0.703948),(-0.146224,0.042935,0.703948),(-0.152397,0.0,0.703948),(-0.148768,0.0,0.708286),(-0.142742,0.041913,0.708286),(-0.125152,0.08043,0.708286),(-0.097422,0.112431,0.708286),(-0.0618,0.135324,0.708286),(-0.021172,0.147254,0.708286),(0.021172,0.147254,0.708286),(0.0618,0.135324,0.708286),(0.097422,0.112431,0.708286),(0.125152,0.08043,0.708286),(0.142742,0.041913,0.708286),(0.148768,0.0,0.708286),(-0.144997,0.026227,0.708286),(-0.149311,0.021468,0.703948),(-0.137215,0.062664,0.703948),(-0.133947,0.061171,0.708286),(-0.081554,0.1269,0.703948),(-0.079611,0.123878,0.708286),(-0.114002,0.098783,0.703948),(-0.111287,0.096431,0.708286),(-0.042498,0.144736,0.703948),(-0.041486,0.141289,0.708286),(0.0,0.150846,0.703948),(0.0,0.147254,0.708286),(0.079611,0.123878,0.708286),(0.081554,0.1269,0.703948),(0.042498,0.144736,0.703948),(0.041486,0.141289,0.708286),(0.133947,0.061171,0.708286),(0.137215,0.062664,0.703948),(0.111287,0.096431,0.708286),(0.114002,0.098783,0.703948),(0.144997,0.026227,0.708286),(0.149311,0.021468,0.703948)),$);
#542= IFCTRIANGULATEDFACESET(#541,$,$,((25,14,11),(25,11,26),(43,22,3),(43,3,44),(41,23,2),(41,2,42),(27,28,15),(27,15,10),(29,30,17),(29,17,8),(37,21,4),(37,4,38),(35,7,36),(35,36,19),(31,32,16),(31,16,9),(39,6,40),(39,40,20),(33,34,18),(33,18,7),(11,14,28),(11,28,27),(26,12,13),(26,13,25),(22,41,42),(22,42,3),(21,43,44),(21,44,4),(9,16,30),(9,30,29),(10,15,32),(10,32,31),(19,6,35),(5,20,37),(5,37,38),(8,17,34),(8,34,33),(20,5,39),(2,23,45),(2,45,46),(19,40,6),(46,45,24),(46,24,1),(18,36,7)),$);
#543= IFCSTYLEDITEM(#542,(#121),'\X2\0110\X0\\X2\00E8\X0\n chi\X2\1EBF\X0\u s\X2\00E1\X0\ng');
#544= IFCCARTESIANPOINTLIST3D(((-0.152397,0.0,0.703948),(-0.146224,-0.042935,0.703948),(-0.128205,-0.082392,0.703948),(-0.099799,-0.115174,0.703948),(-0.063308,-0.138626,0.703948),(-0.021688,-0.150846,0.703948),(0.021688,-0.150846,0.703948),(0.063308,-0.138626,0.703948),(0.099799,-0.115174,0.703948),(0.128205,-0.082392,0.703948),(0.146224,-0.042935,0.703948),(0.152397,0.0,0.703948),(0.148768,0.0,0.708286),(0.142742,-0.041913,0.708286),(0.125152,-0.08043,0.708286),(0.097422,-0.112431,0.708286),(0.0618,-0.135324,0.708286),(0.021172,-0.147254,0.708286),(-0.021172,-0.147254,0.708286),(-0.0618,-0.135324,0.708286),(-0.097422,-0.112431,0.708286),(-0.125152,-0.08043,0.708286),(-0.142742,-0.041913,0.708286),(-0.148768,0.0,0.708286),(0.144997,-0.026227,0.708286),(0.149311,-0.021468,0.703948),(0.137215,-0.062664,0.703948),(0.133947,-0.061171,0.708286),(0.081554,-0.1269,0.703948),(0.079611,-0.123878,0.708286),(0.114002,-0.098783,0.703948),(0.111287,-0.096431,0.708286),(0.042498,-0.144736,0.703948),(0.041486,-0.141289,0.708286),(0.0,-0.150846,0.703948),(0.0,-0.147254,0.708286),(-0.042498,-0.144736,0.703948),(-0.041486,-0.141289,0.708286),(-0.081554,-0.1269,0.703948),(-0.079611,-0.123878,0.708286),(-0.137215,-0.062664,0.703948),(-0.133947,-0.061171,0.708286),(-0.114002,-0.098783,0.703948),(-0.111287,-0.096431,0.708286),(-0.148535,-0.026866,0.703948),(-0.145755,-0.020956,0.708286)),$);
#545= IFCTRIANGULATEDFACESET(#544,$,$,((25,14,11),(25,11,26),(27,28,15),(27,15,10),(29,30,17),(29,17,8),(46,1,45),(46,45,23),(43,4,44),(43,44,22),(31,32,16),(31,16,9),(33,34,18),(33,18,7),(11,14,28),(11,28,27),(26,12,13),(26,13,25),(9,16,30),(9,30,29),(10,15,32),(10,32,31),(8,17,34),(8,34,33),(36,19,35),(36,35,7),(38,20,37),(38,37,6),(42,41,3),(42,3,22),(23,2,41),(23,41,42),(39,40,21),(39,21,4),(40,39,5),(40,5,20),(1,46,24),(38,6,19),(44,4,21),(19,6,35),(2,23,45),(20,5,37),(18,36,7),(22,3,43)),$);
#546= IFCSTYLEDITEM(#545,(#121),'\X2\0110\X0\\X2\00E8\X0\n chi\X2\1EBF\X0\u s\X2\00E1\X0\ng');
#547= IFCCARTESIANPOINTLIST3D(((0.156204,0.0,0.69939),(0.149877,0.044008,0.69939),(0.131407,0.08445,0.69939),(0.102292,0.118051,0.69939),(0.064889,0.142088,0.69939),(0.02223,0.154614,0.69939),(-0.02223,0.154614,0.69939),(-0.064889,0.142088,0.69939),(-0.102292,0.118051,0.69939),(-0.131407,0.08445,0.69939),(-0.149877,0.044008,0.69939),(-0.156204,0.0,0.69939),(-0.152397,0.0,0.703948),(-0.146224,0.042935,0.703948),(-0.128205,0.082392,0.703948),(-0.099799,0.115174,0.703948),(-0.063308,0.138626,0.703948),(-0.021688,0.150846,0.703948),(0.021688,0.150846,0.703948),(0.063308,0.138626,0.703948),(0.099799,0.115174,0.703948),(0.128205,0.082392,0.703948),(0.146224,0.042935,0.703948),(0.152397,0.0,0.703948),(-0.148581,0.026541,0.703948),(-0.15304,0.022004,0.69939),(-0.140642,0.064229,0.69939),(-0.137215,0.062664,0.703948),(-0.083591,0.13007,0.69939),(-0.081554,0.1269,0.703948),(-0.11685,0.101251,0.69939),(-0.114002,0.098783,0.703948),(-0.04356,0.148351,0.69939),(-0.042498,0.144736,0.703948),(0.0,0.154614,0.69939),(0.0,0.150846,0.703948),(0.081554,0.1269,0.703948),(0.083591,0.13007,0.69939),(0.04356,0.148351,0.69939),(0.042498,0.144736,0.703948),(0.137215,0.062664,0.703948),(0.140642,0.064229,0.69939),(0.114002,0.098783,0.703948),(0.11685,0.101251,0.69939),(0.148581,0.026541,0.703948),(0.15304,0.022004,0.69939)),$);
#548= IFCTRIANGULATEDFACESET(#547,$,$,((25,14,11),(25,11,26),(43,22,3),(43,3,44),(41,23,2),(41,2,42),(27,28,15),(27,15,10),(29,30,17),(29,17,8),(37,21,4),(37,4,38),(35,7,36),(35,36,19),(31,32,16),(31,16,9),(39,6,40),(39,40,20),(33,34,18),(33,18,7),(11,14,28),(11,28,27),(26,12,13),(26,13,25),(22,41,42),(22,42,3),(21,43,44),(21,44,4),(9,16,30),(9,30,29),(10,15,32),(10,32,31),(19,6,35),(5,20,37),(5,37,38),(8,17,34),(8,34,33),(20,5,39),(2,23,45),(2,45,46),(19,40,6),(46,45,24),(46,24,1),(18,36,7)),$);
#549= IFCSTYLEDITEM(#548,(#121),'\X2\0110\X0\\X2\00E8\X0\n chi\X2\1EBF\X0\u s\X2\00E1\X0\ng');
#550= IFCCARTESIANPOINTLIST3D(((-0.156204,0.0,0.69939),(-0.149877,-0.044008,0.69939),(-0.131407,-0.08445,0.69939),(-0.102292,-0.118051,0.69939),(-0.064889,-0.142088,0.69939),(-0.02223,-0.154614,0.69939),(0.02223,-0.154614,0.69939),(0.064889,-0.142088,0.69939),(0.102292,-0.118051,0.69939),(0.131407,-0.08445,0.69939),(0.149877,-0.044008,0.69939),(0.156204,0.0,0.69939),(0.152397,0.0,0.703948),(0.146224,-0.042935,0.703948),(0.128205,-0.082392,0.703948),(0.099799,-0.115174,0.703948),(0.063308,-0.138626,0.703948),(0.021688,-0.150846,0.703948),(-0.021688,-0.150846,0.703948),(-0.063308,-0.138626,0.703948),(-0.099799,-0.115174,0.703948),(-0.128205,-0.082392,0.703948),(-0.146224,-0.042935,0.703948),(-0.152397,0.0,0.703948),(0.148581,-0.026541,0.703948),(0.15304,-0.022004,0.69939),(0.140642,-0.064229,0.69939),(0.137215,-0.062664,0.703948),(0.083591,-0.13007,0.69939),(0.081554,-0.1269,0.703948),(0.11685,-0.101251,0.69939),(0.114002,-0.098783,0.703948),(0.04356,-0.148351,0.69939),(0.042498,-0.144736,0.703948),(0.0,-0.154614,0.69939),(0.0,-0.150846,0.703948),(-0.04356,-0.148351,0.69939),(-0.042498,-0.144736,0.703948),(-0.083591,-0.13007,0.69939),(-0.081554,-0.1269,0.703948),(-0.140642,-0.064229,0.69939),(-0.137215,-0.062664,0.703948),(-0.11685,-0.101251,0.69939),(-0.114002,-0.098783,0.703948),(-0.152293,-0.027204,0.69939),(-0.149311,-0.021468,0.703948)),$);
#551= IFCTRIANGULATEDFACESET(#550,$,$,((25,14,11),(25,11,26),(27,28,15),(27,15,10),(29,30,17),(29,17,8),(46,1,45),(46,45,23),(43,4,44),(43,44,22),(31,32,16),(31,16,9),(33,34,18),(33,18,7),(11,14,28),(11,28,27),(26,12,13),(26,13,25),(9,16,30),(9,30,29),(10,15,32),(10,32,31),(8,17,34),(8,34,33),(36,19,35),(36,35,7),(38,20,37),(38,37,6),(42,41,3),(42,3,22),(23,2,41),(23,41,42),(39,40,21),(39,21,4),(40,39,5),(40,5,20),(1,46,24),(38,6,19),(44,4,21),(19,6,35),(2,23,45),(20,5,37),(18,36,7),(22,3,43)),$);
#552= IFCSTYLEDITEM(#551,(#121),'\X2\0110\X0\\X2\00E8\X0\n chi\X2\1EBF\X0\u s\X2\00E1\X0\ng');
#553= IFCCARTESIANPOINTLIST3D(((0.160188,0.0,0.694566),(0.154729,0.04146,0.694566),(0.138727,0.080094,0.694566),(0.11327,0.11327,0.694566),(0.080094,0.138727,0.694566),(0.04146,0.154729,0.694566),(0.0,0.160188,0.694566),(-0.04146,0.154729,0.694566),(-0.080094,0.138727,0.694566),(-0.11327,0.11327,0.694566),(-0.138727,0.080094,0.694566),(-0.154729,0.04146,0.694566),(-0.160188,0.0,0.694566),(-0.156204,0.0,0.69939),(-0.149877,0.044008,0.69939),(-0.131407,0.08445,0.69939),(-0.102292,0.118051,0.69939),(-0.064889,0.142088,0.69939),(-0.02223,0.154614,0.69939),(0.02223,0.154614,0.69939),(0.064889,0.142088,0.69939),(0.102292,0.118051,0.69939),(0.131407,0.08445,0.69939),(0.149877,0.044008,0.69939),(0.156204,0.0,0.69939),(-0.15304,0.022004,0.69939),(-0.140642,0.064229,0.69939),(-0.083591,0.13007,0.69939),(-0.11685,0.101251,0.69939),(-0.04356,0.148351,0.69939),(0.083591,0.13007,0.69939),(0.04356,0.148351,0.69939),(0.140642,0.064229,0.69939),(0.11685,0.101251,0.69939),(0.15304,0.022004,0.69939),(0.0,0.154614,0.69939)),$);
#554= IFCTRIANGULATEDFACESET(#553,$,$,((13,26,12),(12,27,11),(28,18,9),(28,9,17),(17,10,29),(30,19,8),(30,8,18),(27,12,15),(9,10,17),(16,29,11),(8,9,18),(27,16,11),(19,7,8),(5,21,31),(5,31,22),(32,21,6),(32,6,20),(24,2,33),(34,3,4),(4,22,34),(7,20,6),(25,1,35),(7,19,36),(7,36,20),(26,13,14),(11,29,10),(26,15,12),(2,24,35),(34,23,3),(6,21,5),(2,3,33),(5,22,4),(2,35,1),(3,23,33)),$);
#555= IFCSTYLEDITEM(#554,(#121),'\X2\0110\X0\\X2\00E8\X0\n chi\X2\1EBF\X0\u s\X2\00E1\X0\ng');
#556= IFCCARTESIANPOINTLIST3D(((-0.160188,0.0,0.694566),(-0.154729,-0.04146,0.694566),(-0.138727,-0.080094,0.694566),(-0.11327,-0.11327,0.694566),(-0.080094,-0.138727,0.694566),(-0.04146,-0.154729,0.694566),(0.0,-0.160188,0.694566),(0.04146,-0.154729,0.694566),(0.080094,-0.138727,0.694566),(0.11327,-0.11327,0.694566),(0.138727,-0.080094,0.694566),(0.154729,-0.04146,0.694566),(0.160188,0.0,0.694566),(0.156204,0.0,0.69939),(0.149877,-0.044008,0.69939),(0.131407,-0.08445,0.69939),(0.102292,-0.118051,0.69939),(0.064889,-0.142088,0.69939),(0.02223,-0.154614,0.69939),(-0.02223,-0.154614,0.69939),(-0.064889,-0.142088,0.69939),(-0.102292,-0.118051,0.69939),(-0.131407,-0.08445,0.69939),(-0.149877,-0.044008,0.69939),(-0.156204,0.0,0.69939),(0.15304,-0.022004,0.69939),(0.140642,-0.064229,0.69939),(0.083591,-0.13007,0.69939),(0.11685,-0.101251,0.69939),(0.04356,-0.148351,0.69939),(-0.04356,-0.148351,0.69939),(-0.083591,-0.13007,0.69939),(-0.140642,-0.064229,0.69939),(-0.11685,-0.101251,0.69939),(-0.15304,-0.022004,0.69939),(0.0,-0.154614,0.69939)),$);
#557= IFCTRIANGULATEDFACESET(#556,$,$,((13,26,12),(12,27,11),(28,18,9),(28,9,17),(17,10,29),(30,19,8),(30,8,18),(27,12,15),(27,16,11),(26,15,12),(9,10,17),(16,29,11),(6,21,5),(19,7,8),(8,9,18),(11,29,10),(26,13,14),(31,21,6),(31,6,20),(5,21,32),(5,32,22),(24,2,33),(4,22,34),(25,1,35),(7,19,36),(7,36,20),(34,3,4),(33,2,3),(7,20,6),(2,24,35),(3,23,33),(35,1,2),(34,23,3),(5,22,4)),$);
#558= IFCSTYLEDITEM(#557,(#121),'\X2\0110\X0\\X2\00E8\X0\n chi\X2\1EBF\X0\u s\X2\00E1\X0\ng');
#559= IFCCARTESIANPOINTLIST3D(((0.164348,0.0,0.689433),(0.158748,0.042536,0.689433),(0.14233,0.082174,0.689433),(0.116212,0.116212,0.689433),(0.082174,0.14233,0.689433),(0.042536,0.158748,0.689433),(0.0,0.164348,0.689433),(-0.042536,0.158748,0.689433),(-0.082174,0.14233,0.689433),(-0.116212,0.116212,0.689433),(-0.14233,0.082174,0.689433),(-0.158748,0.042536,0.689433),(-0.164348,0.0,0.689433),(-0.160188,0.0,0.694566),(-0.154729,0.04146,0.694566),(-0.138727,0.080094,0.694566),(-0.11327,0.11327,0.694566),(-0.080094,0.138727,0.694566),(-0.04146,0.154729,0.694566),(0.0,0.160188,0.694566),(0.04146,0.154729,0.694566),(0.080094,0.138727,0.694566),(0.11327,0.11327,0.694566),(0.138727,0.080094,0.694566),(0.154729,0.04146,0.694566),(0.160188,0.0,0.694566)),$);
#560= IFCTRIANGULATEDFACESET(#559,$,$,((13,14,15),(13,15,12),(12,15,16),(12,16,11),(10,17,18),(10,18,9),(11,16,17),(11,17,10),(9,18,19),(9,19,8),(20,7,8),(20,8,19),(5,22,23),(5,23,4),(6,21,22),(6,22,5),(24,25,2),(24,2,3),(23,24,3),(23,3,4),(25,26,1),(25,1,2),(21,6,7),(21,7,20)),$);
#561= IFCSTYLEDITEM(#560,(#121),'\X2\0110\X0\\X2\00E8\X0\n chi\X2\1EBF\X0\u s\X2\00E1\X0\ng');
#562= IFCCARTESIANPOINTLIST3D(((-0.164348,0.0,0.689433),(-0.158748,-0.042536,0.689433),(-0.14233,-0.082174,0.689433),(-0.116212,-0.116212,0.689433),(-0.082174,-0.14233,0.689433),(-0.042536,-0.158748,0.689433),(0.0,-0.164348,0.689433),(0.042536,-0.158748,0.689433),(0.082174,-0.14233,0.689433),(0.116212,-0.116212,0.689433),(0.14233,-0.082174,0.689433),(0.158748,-0.042536,0.689433),(0.164348,0.0,0.689433),(0.160188,0.0,0.694566),(0.154729,-0.04146,0.694566),(0.138727,-0.080094,0.694566),(0.11327,-0.11327,0.694566),(0.080094,-0.138727,0.694566),(0.04146,-0.154729,0.694566),(0.0,-0.160188,0.694566),(-0.04146,-0.154729,0.694566),(-0.080094,-0.138727,0.694566),(-0.11327,-0.11327,0.694566),(-0.138727,-0.080094,0.694566),(-0.154729,-0.04146,0.694566),(-0.160188,0.0,0.694566)),$);
#563= IFCTRIANGULATEDFACESET(#562,$,$,((13,14,15),(13,15,12),(12,15,16),(12,16,11),(10,17,18),(10,18,9),(11,16,17),(11,17,10),(9,18,19),(9,19,8),(20,7,8),(20,8,19),(6,21,22),(6,22,5),(5,22,23),(5,23,4),(3,24,25),(3,25,2),(4,23,24),(4,24,3),(2,25,26),(2,26,1),(21,6,7),(21,7,20)),$);
#564= IFCSTYLEDITEM(#563,(#121),'\X2\0110\X0\\X2\00E8\X0\n chi\X2\1EBF\X0\u s\X2\00E1\X0\ng');
#565= IFCCARTESIANPOINTLIST3D(((0.168686,0.0,0.683946),(0.162938,0.043659,0.683946),(0.146086,0.084343,0.683946),(0.119279,0.119279,0.683946),(0.084343,0.146086,0.683946),(0.043659,0.162938,0.683946),(0.0,0.168686,0.683946),(-0.043659,0.162938,0.683946),(-0.084343,0.146086,0.683946),(-0.119279,0.119279,0.683946),(-0.146086,0.084343,0.683946),(-0.162938,0.043659,0.683946),(-0.168686,0.0,0.683946),(-0.164348,0.0,0.689433),(-0.158748,0.042536,0.689433),(-0.14233,0.082174,0.689433),(-0.116212,0.116212,0.689433),(-0.082174,0.14233,0.689433),(-0.042536,0.158748,0.689433),(0.0,0.164348,0.689433),(0.042536,0.158748,0.689433),(0.082174,0.14233,0.689433),(0.116212,0.116212,0.689433),(0.14233,0.082174,0.689433),(0.158748,0.042536,0.689433),(0.164348,0.0,0.689433)),$);
#566= IFCTRIANGULATEDFACESET(#565,$,$,((13,14,15),(13,15,12),(12,15,16),(12,16,11),(10,17,18),(10,18,9),(11,16,17),(11,17,10),(9,18,19),(9,19,8),(20,7,8),(20,8,19),(5,22,23),(5,23,4),(6,21,22),(6,22,5),(24,25,2),(24,2,3),(23,24,3),(23,3,4),(25,26,1),(25,1,2),(21,6,7),(21,7,20)),$);
#567= IFCSTYLEDITEM(#566,(#121),'\X2\0110\X0\\X2\00E8\X0\n chi\X2\1EBF\X0\u s\X2\00E1\X0\ng');
#568= IFCCARTESIANPOINTLIST3D(((-0.168686,0.0,0.683946),(-0.162938,-0.043659,0.683946),(-0.146086,-0.084343,0.683946),(-0.119279,-0.119279,0.683946),(-0.084343,-0.146086,0.683946),(-0.043659,-0.162938,0.683946),(0.0,-0.168686,0.683946),(0.043659,-0.162938,0.683946),(0.084343,-0.146086,0.683946),(0.119279,-0.119279,0.683946),(0.146086,-0.084343,0.683946),(0.162938,-0.043659,0.683946),(0.168686,0.0,0.683946),(0.164348,0.0,0.689433),(0.158748,-0.042536,0.689433),(0.14233,-0.082174,0.689433),(0.116212,-0.116212,0.689433),(0.082174,-0.14233,0.689433),(0.042536,-0.158748,0.689433),(0.0,-0.164348,0.689433),(-0.042536,-0.158748,0.689433),(-0.082174,-0.14233,0.689433),(-0.116212,-0.116212,0.689433),(-0.14233,-0.082174,0.689433),(-0.158748,-0.042536,0.689433),(-0.164348,0.0,0.689433)),$);
#569= IFCTRIANGULATEDFACESET(#568,$,$,((13,14,15),(13,15,12),(12,15,16),(12,16,11),(10,17,18),(10,18,9),(11,16,17),(11,17,10),(9,18,19),(9,19,8),(20,7,8),(20,8,19),(6,21,22),(6,22,5),(5,22,23),(5,23,4),(3,24,25),(3,25,2),(4,23,24),(4,24,3),(2,25,26),(2,26,1),(21,6,7),(21,7,20)),$);
#570= IFCSTYLEDITEM(#569,(#121),'\X2\0110\X0\\X2\00E8\X0\n chi\X2\1EBF\X0\u s\X2\00E1\X0\ng');
#571= IFCCARTESIANPOINTLIST3D(((0.173201,0.0,0.678062),(0.167299,0.044828,0.678062),(0.149996,0.0866,0.678062),(0.122471,0.122471,0.678062),(0.0866,0.149996,0.678062),(0.044828,0.167299,0.678062),(0.0,0.173201,0.678062),(-0.044828,0.167299,0.678062),(-0.0866,0.149996,0.678062),(-0.122471,0.122471,0.678062),(-0.149996,0.0866,0.678062),(-0.167299,0.044828,0.678062),(-0.173201,0.0,0.678062),(-0.168686,0.0,0.683946),(-0.162938,0.043659,0.683946),(-0.146086,0.084343,0.683946),(-0.119279,0.119279,0.683946),(-0.084343,0.146086,0.683946),(-0.043659,0.162938,0.683946),(0.0,0.168686,0.683946),(0.043659,0.162938,0.683946),(0.084343,0.146086,0.683946),(0.119279,0.119279,0.683946),(0.146086,0.084343,0.683946),(0.162938,0.043659,0.683946),(0.168686,0.0,0.683946)),$);
#572= IFCTRIANGULATEDFACESET(#571,$,$,((13,14,15),(13,15,12),(12,15,16),(12,16,11),(10,17,18),(10,18,9),(11,16,17),(11,17,10),(9,18,19),(9,19,8),(20,7,8),(20,8,19),(5,22,23),(5,23,4),(6,21,22),(6,22,5),(24,25,2),(24,2,3),(23,24,3),(23,3,4),(25,26,1),(25,1,2),(21,6,7),(21,7,20)),$);
#573= IFCSTYLEDITEM(#572,(#121),'\X2\0110\X0\\X2\00E8\X0\n chi\X2\1EBF\X0\u s\X2\00E1\X0\ng');
#574= IFCCARTESIANPOINTLIST3D(((-0.173201,0.0,0.678062),(-0.167299,-0.044828,0.678062),(-0.149996,-0.0866,0.678062),(-0.122471,-0.122471,0.678062),(-0.0866,-0.149996,0.678062),(-0.044828,-0.167299,0.678062),(0.0,-0.173201,0.678062),(0.044828,-0.167299,0.678062),(0.0866,-0.149996,0.678062),(0.122471,-0.122471,0.678062),(0.149996,-0.0866,0.678062),(0.167299,-0.044828,0.678062),(0.173201,0.0,0.678062),(0.168686,0.0,0.683946),(0.162938,-0.043659,0.683946),(0.146086,-0.084343,0.683946),(0.119279,-0.119279,0.683946),(0.084343,-0.146086,0.683946),(0.043659,-0.162938,0.683946),(0.0,-0.168686,0.683946),(-0.043659,-0.162938,0.683946),(-0.084343,-0.146086,0.683946),(-0.119279,-0.119279,0.683946),(-0.146086,-0.084343,0.683946),(-0.162938,-0.043659,0.683946),(-0.168686,0.0,0.683946)),$);
#575= IFCTRIANGULATEDFACESET(#574,$,$,((13,14,15),(13,15,12),(12,15,16),(12,16,11),(10,17,18),(10,18,9),(11,16,17),(11,17,10),(9,18,19),(9,19,8),(20,7,8),(20,8,19),(6,21,22),(6,22,5),(5,22,23),(5,23,4),(3,24,25),(3,25,2),(4,23,24),(4,24,3),(2,25,26),(2,26,1),(21,6,7),(21,7,20)),$);
#576= IFCSTYLEDITEM(#575,(#121),'\X2\0110\X0\\X2\00E8\X0\n chi\X2\1EBF\X0\u s\X2\00E1\X0\ng');
#577= IFCCARTESIANPOINTLIST3D(((0.177892,0.0,0.671736),(0.171831,0.046042,0.671736),(0.154059,0.088946,0.671736),(0.125789,0.125789,0.671736),(0.088946,0.154059,0.671736),(0.046042,0.171831,0.671736),(0.0,0.177892,0.671736),(-0.046042,0.171831,0.671736),(-0.088946,0.154059,0.671736),(-0.125789,0.125789,0.671736),(-0.154059,0.088946,0.671736),(-0.171831,0.046042,0.671736),(-0.177892,0.0,0.671736),(-0.173201,0.0,0.678062),(-0.167299,0.044828,0.678062),(-0.149996,0.0866,0.678062),(-0.122471,0.122471,0.678062),(-0.0866,0.149996,0.678062),(-0.044828,0.167299,0.678062),(0.0,0.173201,0.678062),(0.044828,0.167299,0.678062),(0.0866,0.149996,0.678062),(0.122471,0.122471,0.678062),(0.149996,0.0866,0.678062),(0.167299,0.044828,0.678062),(0.173201,0.0,0.678062)),$);
#578= IFCTRIANGULATEDFACESET(#577,$,$,((13,14,15),(13,15,12),(12,15,16),(12,16,11),(10,17,18),(10,18,9),(11,16,17),(11,17,10),(9,18,19),(9,19,8),(20,7,8),(20,8,19),(22,23,4),(22,4,5),(21,22,5),(21,5,6),(24,25,2),(24,2,3),(23,24,3),(23,3,4),(25,26,1),(25,1,2),(21,6,7),(21,7,20)),$);
#579= IFCSTYLEDITEM(#578,(#121),'\X2\0110\X0\\X2\00E8\X0\n chi\X2\1EBF\X0\u s\X2\00E1\X0\ng');
#580= IFCCARTESIANPOINTLIST3D(((-0.177892,0.0,0.671736),(-0.171831,-0.046042,0.671736),(-0.154059,-0.088946,0.671736),(-0.125789,-0.125789,0.671736),(-0.088946,-0.154059,0.671736),(-0.046042,-0.171831,0.671736),(0.0,-0.177892,0.671736),(0.046042,-0.171831,0.671736),(0.088946,-0.154059,0.671736),(0.125789,-0.125789,0.671736),(0.154059,-0.088946,0.671736),(0.171831,-0.046042,0.671736),(0.177892,0.0,0.671736),(0.173201,0.0,0.678062),(0.167299,-0.044828,0.678062),(0.149996,-0.0866,0.678062),(0.122471,-0.122471,0.678062),(0.0866,-0.149996,0.678062),(0.044828,-0.167299,0.678062),(0.0,-0.173201,0.678062),(-0.044828,-0.167299,0.678062),(-0.0866,-0.149996,0.678062),(-0.122471,-0.122471,0.678062),(-0.149996,-0.0866,0.678062),(-0.167299,-0.044828,0.678062),(-0.173201,0.0,0.678062)),$);
#581= IFCTRIANGULATEDFACESET(#580,$,$,((13,14,15),(13,15,12),(12,15,16),(12,16,11),(10,17,18),(10,18,9),(11,16,17),(11,17,10),(9,18,19),(9,19,8),(20,7,8),(20,8,19),(6,21,22),(6,22,5),(5,22,23),(5,23,4),(3,24,25),(3,25,2),(4,23,24),(4,24,3),(25,26,1),(25,1,2),(21,6,7),(21,7,20)),$);
#582= IFCSTYLEDITEM(#581,(#121),'\X2\0110\X0\\X2\00E8\X0\n chi\X2\1EBF\X0\u s\X2\00E1\X0\ng');
#583= IFCCARTESIANPOINTLIST3D(((0.166495,0.0,0.123118),(0.160822,0.043092,0.123118),(0.144189,0.083247,0.123118),(0.11773,0.11773,0.123118),(0.083247,0.144189,0.123118),(0.043092,0.160822,0.123118),(0.0,0.166495,0.123118),(-0.043092,0.160822,0.123118),(-0.083247,0.144189,0.123118),(-0.11773,0.11773,0.123118),(-0.144189,0.083247,0.123118),(-0.160822,0.043092,0.123118),(-0.166495,0.0,0.123118),(-0.192575,0.0,0.127309),(-0.21603,0.0,0.13946),(-0.234497,0.0,0.158347),(-0.246118,0.0,0.182069),(-0.249721,0.0,0.208237),(-0.24346,0.055568,0.208237),(-0.224991,0.10835,0.208237),(-0.19524,0.155699,0.208237),(-0.155699,0.19524,0.208237),(-0.10835,0.224991,0.208237),(-0.055568,0.24346,0.208237),(0.0,0.249721,0.208237),(0.055568,0.24346,0.208237),(0.10835,0.224991,0.208237),(0.155699,0.19524,0.208237),(0.19524,0.155699,0.208237),(0.224991,0.10835,0.208237),(0.24346,0.055568,0.208237),(0.249721,0.0,0.208237),(0.246118,0.0,0.182069),(0.234497,0.0,0.158347),(0.21603,0.0,0.13946),(0.192575,0.0,0.127309),(-0.141223,0.176359,0.148081),(0.064469,0.216483,0.148024),(0.167309,0.122517,0.133844),(-0.063775,0.195172,0.13273),(-0.209012,0.118124,0.167441),(0.209012,0.118124,0.167441),(-0.16516,0.112916,0.130189),(0.063597,0.187765,0.12941),(-0.028119,0.238905,0.168347),(0.133127,0.202046,0.171225),(-0.133301,0.204541,0.176353),(0.135545,0.132866,0.126448),(0.179871,0.059209,0.126321),(-0.10207,0.158844,0.126165),(-0.021521,0.18758,0.126165),(-0.178185,0.054651,0.125527),(-0.234595,0.075882,0.183574),(0.234595,0.075882,0.183574),(0.028134,0.245065,0.183976),(0.177013,0.172279,0.185209),(-0.082923,0.233206,0.187218),(-0.17706,0.172948,0.187218),(0.004873,0.211486,0.136359),(-0.196241,0.069539,0.134317),(0.063414,0.170281,0.12452),(0.11688,0.177339,0.136913),(0.199928,0.06755,0.136033),(0.082902,0.233766,0.189573),(0.071151,0.229238,0.167336),(0.211671,0.129393,0.189849),(0.158336,0.164411,0.150548),(-0.028113,0.246561,0.190206),(-0.211686,0.129506,0.190206),(0.133418,0.209346,0.190653),(0.024544,0.18851,0.126535),(0.099499,0.161983,0.126535),(-0.046392,0.220866,0.147828),(-0.118942,0.172108,0.134911),(-0.086173,0.22367,0.16672),(-0.173202,0.165725,0.166756),(-0.189431,0.123457,0.148261),(-0.218719,0.066281,0.150865),(0.2229,0.059444,0.153365),(0.198855,0.109861,0.149384),(0.02104,0.233714,0.158577),(-0.133377,0.209985,0.193634),(-0.096323,0.201002,0.14513),(-0.157742,0.092947,0.124789),(-0.137213,0.135628,0.127427),(-0.125945,0.199701,0.160699),(0.173964,0.164506,0.16623),(0.159397,0.088395,0.124626),(-0.063414,0.170572,0.124571),(0.051303,0.206731,0.13732),(-0.204303,0.0,0.133384),(-0.211304,0.044643,0.139414),(0.114492,0.196842,0.149957),(-0.154315,0.147832,0.137795),(-0.180363,0.112287,0.136958),(-0.23225,0.055975,0.165285),(0.228217,0.075109,0.167777),(0.240307,0.0,0.170208),(0.020785,0.222827,0.145976)),$);
#584= IFCTRIANGULATEDFACESET(#583,$,$,((18,19,17),(47,57,75),(20,53,19),(58,69,21),(48,62,39),(23,24,57),(20,21,69),(62,38,93),(48,3,4),(71,59,44),(26,55,25),(57,47,82),(15,92,91),(21,22,58),(62,67,39),(45,57,68),(72,5,61),(78,16,96),(2,3,88),(43,84,52),(17,53,96),(48,72,62),(52,12,13),(40,50,74),(45,81,73),(89,40,51),(10,11,85),(35,79,34),(52,60,43),(73,81,99),(50,9,10),(22,82,58),(89,9,50),(58,76,41),(23,82,22),(8,51,7),(56,46,70),(52,84,12),(56,29,66),(70,27,28),(31,32,33),(26,64,55),(97,34,79),(56,66,42),(17,19,53),(31,54,30),(31,33,54),(81,55,65),(95,94,43),(79,63,80),(51,71,7),(5,6,61),(85,11,84),(88,39,49),(89,8,9),(56,28,29),(60,52,14),(36,1,49),(48,88,3),(49,1,2),(71,44,61),(59,51,40),(13,14,52),(5,72,4),(63,36,49),(74,94,37),(41,78,96),(57,24,68),(98,54,33),(63,49,39),(64,26,27),(55,64,65),(29,30,66),(46,87,67),(24,25,68),(75,57,45),(76,58,47),(69,41,53),(59,40,73),(90,44,59),(41,77,78),(41,76,77),(6,7,71),(72,61,44),(90,62,44),(62,93,67),(39,67,80),(35,36,63),(70,64,27),(46,93,65),(46,65,64),(81,65,38),(30,54,66),(42,66,54),(87,46,56),(80,42,79),(25,55,68),(45,68,55),(41,69,58),(53,20,69),(56,70,28),(64,70,46),(71,61,6),(59,71,51),(62,72,44),(4,72,48),(83,40,74),(75,86,47),(74,50,85),(83,74,37),(45,73,75),(75,73,83),(86,76,47),(92,60,91),(76,37,77),(77,37,94),(92,77,60),(16,78,15),(63,79,35),(97,79,42),(39,80,63),(87,80,67),(81,38,99),(55,81,45),(57,82,23),(58,82,47),(83,37,86),(40,83,73),(85,84,43),(12,84,11),(85,43,94),(10,85,50),(83,86,75),(76,86,37),(56,42,87),(80,87,42),(39,88,48),(2,88,49),(40,89,50),(8,89,51),(99,90,59),(62,90,38),(60,14,91),(15,78,92),(77,92,78),(65,93,38),(46,67,93),(85,94,74),(43,60,95),(60,77,95),(77,94,95),(17,96,16),(41,96,53),(42,54,97),(54,98,97),(90,99,38),(34,97,98),(73,99,59)),$);
#585= IFCSTYLEDITEM(#584,(#121),'\X2\0110\X0\\X2\00E8\X0\n chi\X2\1EBF\X0\u s\X2\00E1\X0\ng');
#586= IFCCARTESIANPOINTLIST3D(((-0.166495,0.0,0.123118),(-0.160822,-0.043092,0.123118),(-0.144189,-0.083247,0.123118),(-0.11773,-0.11773,0.123118),(-0.083247,-0.144189,0.123118),(-0.043092,-0.160822,0.123118),(0.0,-0.166495,0.123118),(0.043092,-0.160822,0.123118),(0.083247,-0.144189,0.123118),(0.11773,-0.11773,0.123118),(0.144189,-0.083247,0.123118),(0.160822,-0.043092,0.123118),(0.166495,0.0,0.123118),(0.192575,0.0,0.127309),(0.21603,0.0,0.13946),(0.234497,0.0,0.158347),(0.246118,0.0,0.182069),(0.249721,0.0,0.208237),(0.24346,-0.055568,0.208237),(0.224991,-0.10835,0.208237),(0.19524,-0.155699,0.208237),(0.155699,-0.19524,0.208237),(0.10835,-0.224991,0.208237),(0.055568,-0.24346,0.208237),(0.0,-0.249721,0.208237),(-0.055568,-0.24346,0.208237),(-0.10835,-0.224991,0.208237),(-0.155699,-0.19524,0.208237),(-0.19524,-0.155699,0.208237),(-0.224991,-0.10835,0.208237),(-0.24346,-0.055568,0.208237),(-0.249721,0.0,0.208237),(-0.246118,0.0,0.182069),(-0.234497,0.0,0.158347),(-0.21603,0.0,0.13946),(-0.192575,0.0,0.127309),(0.141223,-0.176359,0.148081),(-0.104784,-0.200072,0.147996),(0.021641,-0.21253,0.137747),(-0.166704,-0.119802,0.132709),(0.209012,-0.118124,0.167441),(-0.209012,-0.118124,0.167441),(0.16516,-0.112916,0.130189),(-0.063637,-0.189625,0.130166),(0.028122,-0.239224,0.168972),(0.102571,-0.168225,0.12892),(-0.133278,-0.204168,0.175525),(0.133301,-0.204541,0.176353),(0.02152,-0.189337,0.126671),(-0.135388,-0.131576,0.126159),(-0.179551,-0.058339,0.126159),(0.178185,-0.054651,0.125527),(0.234595,-0.075882,0.183574),(-0.234595,-0.075882,0.183574),(-0.028134,-0.245142,0.18425),(0.134817,-0.126775,0.125215),(-0.177054,-0.17285,0.186912),(0.082923,-0.233206,0.187218),(0.17706,-0.172948,0.187218),(-0.063413,-0.171351,0.124712),(0.196241,-0.069539,0.134317),(-0.042428,-0.23115,0.159083),(-0.199227,-0.068198,0.135747),(-0.183432,-0.132723,0.148573),(-0.082901,-0.233781,0.189638),(-0.211684,-0.129491,0.19016),(0.028113,-0.246561,0.190206),(0.211686,-0.129506,0.190206),(-0.124469,-0.168097,0.134884),(-0.024913,-0.189885,0.126966),(-0.022857,-0.206586,0.134115),(-0.018752,-0.222767,0.14575),(-0.065996,-0.206503,0.140031),(0.034696,-0.226451,0.151487),(0.086004,-0.200153,0.140845),(0.088667,-0.219721,0.162003),(-0.099571,-0.163593,0.126966),(0.173202,-0.165725,0.166756),(0.189431,-0.123457,0.148261),(0.218719,-0.066281,0.150865),(-0.173541,-0.16527,0.166631),(-0.137796,-0.189891,0.15852),(-0.092931,-0.219778,0.164791),(-0.145387,-0.168417,0.144764),(-0.133385,-0.20989,0.193152),(-0.2229,-0.059444,0.153365),(0.133377,-0.209985,0.193634),(0.101527,-0.149893,0.124399),(0.066049,-0.177311,0.126278),(0.067597,-0.19346,0.132522),(0.136794,-0.146546,0.130366),(0.155657,-0.146837,0.137994),(0.121945,-0.174764,0.137389),(0.180507,-0.111209,0.136665),(-0.159438,-0.087713,0.12457),(0.159424,-0.086107,0.124426),(0.204303,0.0,0.133384),(0.211304,-0.044643,0.139414),(0.130418,-0.196982,0.16092),(0.23225,-0.055975,0.165285),(-0.205922,-0.089187,0.146562),(-0.213462,-0.045355,0.141143),(-0.204303,0.0,0.133384),(-0.228217,-0.075109,0.167777),(-0.240307,0.0,0.170208)),$);
#587= IFCTRIANGULATEDFACESET(#586,$,$,((18,19,17),(105,54,33),(20,53,19),(59,68,21),(31,33,54),(23,24,58),(21,22,59),(49,89,90),(58,24,67),(44,70,71),(15,98,97),(87,58,48),(62,74,45),(20,21,68),(47,57,81),(45,58,67),(9,88,89),(80,16,100),(77,5,60),(96,43,56),(17,53,100),(71,70,49),(46,56,91),(39,75,74),(7,49,70),(56,46,88),(10,11,56),(25,26,55),(52,61,43),(57,28,29),(10,56,88),(52,12,13),(69,40,50),(59,78,41),(55,26,65),(2,51,1),(66,57,29),(76,45,74),(94,92,43),(85,57,47),(66,42,57),(23,87,22),(104,34,86),(33,31,32),(41,80,100),(61,52,14),(85,27,28),(31,54,30),(101,42,86),(63,102,103),(22,87,59),(49,7,8),(62,45,55),(95,40,51),(44,60,70),(8,9,89),(36,1,51),(3,50,95),(5,6,60),(3,4,50),(3,95,2),(52,96,12),(63,51,40),(5,77,4),(36,51,63),(35,86,34),(13,14,52),(74,62,72),(17,19,53),(44,73,69),(65,26,27),(47,82,83),(11,12,96),(91,56,43),(29,30,66),(81,57,42),(24,25,67),(76,58,45),(78,59,48),(68,41,53),(6,7,70),(77,60,44),(41,79,80),(41,78,79),(55,65,83),(73,44,71),(64,63,40),(63,64,101),(84,40,69),(81,82,47),(85,65,27),(65,47,83),(30,54,66),(42,66,54),(25,55,67),(45,67,55),(41,68,59),(53,20,68),(69,50,77),(38,82,84),(70,60,6),(71,49,39),(39,72,71),(62,73,72),(72,39,74),(73,62,38),(72,73,71),(69,73,38),(89,46,90),(76,48,58),(93,46,91),(76,75,37),(75,76,74),(99,48,76),(69,77,44),(4,77,50),(99,78,48),(98,61,97),(78,37,79),(75,93,37),(98,79,61),(16,80,15),(42,64,81),(69,38,84),(64,82,81),(83,38,62),(38,83,82),(83,62,55),(82,64,84),(40,84,64),(57,85,28),(65,85,47),(101,102,63),(104,86,42),(58,87,23),(59,87,48),(89,88,46),(10,88,9),(93,90,46),(8,89,49),(75,39,90),(49,90,39),(92,91,43),(91,92,93),(94,43,61),(79,37,92),(37,93,92),(93,75,90),(61,79,94),(79,92,94),(40,95,50),(2,95,51),(43,96,52),(11,96,56),(61,14,97),(15,80,98),(79,98,80),(76,37,99),(78,99,37),(17,100,16),(41,100,53),(42,101,64),(102,86,35),(86,102,101),(103,36,63),(102,35,103),(42,54,104),(54,105,104),(34,104,105)),$);
#588= IFCSTYLEDITEM(#587,(#121),'\X2\0110\X0\\X2\00E8\X0\n chi\X2\1EBF\X0\u s\X2\00E1\X0\ng');
#589= IFCCARTESIANPOINTLIST3D(((0.0,0.0,0.123118),(-0.166495,0.0,0.123118),(-0.160822,0.043092,0.123118),(-0.144189,0.083247,0.123118),(-0.11773,0.11773,0.123118),(-0.083247,0.144189,0.123118),(-0.043092,0.160822,0.123118),(0.0,0.166495,0.123118),(0.043092,0.160822,0.123118),(0.083247,0.144189,0.123118),(0.11773,0.11773,0.123118),(0.144189,0.083247,0.123118),(0.160822,0.043092,0.123118),(0.166495,0.0,0.123118)),$);
#590= IFCTRIANGULATEDFACESET(#589,$,$,((13,14,1),(13,1,12),(11,12,1),(11,1,10),(9,10,1),(9,1,8),(1,3,4),(1,4,5),(7,8,1),(7,1,6),(6,1,5),(1,2,3)),$);
#591= IFCSTYLEDITEM(#590,(#121),'\X2\0110\X0\\X2\00E8\X0\n chi\X2\1EBF\X0\u s\X2\00E1\X0\ng');
#592= IFCCARTESIANPOINTLIST3D(((0.0,0.0,0.123118),(0.166495,0.0,0.123118),(0.160822,-0.043092,0.123118),(0.144189,-0.083247,0.123118),(0.11773,-0.11773,0.123118),(0.083247,-0.144189,0.123118),(0.043092,-0.160822,0.123118),(0.0,-0.166495,0.123118),(-0.043092,-0.160822,0.123118),(-0.083247,-0.144189,0.123118),(-0.11773,-0.11773,0.123118),(-0.144189,-0.083247,0.123118),(-0.160822,-0.043092,0.123118),(-0.166495,0.0,0.123118)),$);
#593= IFCTRIANGULATEDFACESET(#592,$,$,((1,5,6),(1,6,7),(1,3,4),(1,4,5),(2,3,1),(1,7,8),(1,8,9),(1,9,10),(1,10,11),(12,13,1),(12,1,11),(13,14,1)),$);
#594= IFCSTYLEDITEM(#593,(#121),'\X2\0110\X0\\X2\00E8\X0\n chi\X2\1EBF\X0\u s\X2\00E1\X0\ng');
#595= IFCCARTESIANPOINTLIST3D(((0.166495,0.0,0.293355),(0.160822,0.043092,0.293355),(0.144189,0.083247,0.293355),(0.11773,0.11773,0.293355),(0.083247,0.144189,0.293355),(0.043092,0.160822,0.293355),(0.0,0.166495,0.293355),(-0.043092,0.160822,0.293355),(-0.083247,0.144189,0.293355),(-0.11773,0.11773,0.293355),(-0.144189,0.083247,0.293355),(-0.160822,0.043092,0.293355),(-0.166495,0.0,0.293355),(0.0,0.0,0.293355)),$);
#596= IFCTRIANGULATEDFACESET(#595,$,$,((14,1,2),(14,2,3),(14,3,4),(14,4,5),(14,5,6),(14,6,7),(11,12,14),(11,14,10),(14,7,8),(14,8,9),(10,14,9),(12,13,14)),$);
#597= IFCSTYLEDITEM(#596,(#121),'\X2\0110\X0\\X2\00E8\X0\n chi\X2\1EBF\X0\u s\X2\00E1\X0\ng');
#598= IFCCARTESIANPOINTLIST3D(((-0.166495,0.0,0.293355),(-0.160822,-0.043092,0.293355),(-0.144189,-0.083247,0.293355),(-0.11773,-0.11773,0.293355),(-0.083247,-0.144189,0.293355),(-0.043092,-0.160822,0.293355),(0.0,-0.166495,0.293355),(0.043092,-0.160822,0.293355),(0.083247,-0.144189,0.293355),(0.11773,-0.11773,0.293355),(0.144189,-0.083247,0.293355),(0.160822,-0.043092,0.293355),(0.166495,0.0,0.293355),(0.0,0.0,0.293355)),$);
#599= IFCTRIANGULATEDFACESET(#598,$,$,((9,10,14),(9,14,8),(11,12,14),(11,14,10),(14,12,13),(7,8,14),(7,14,6),(5,6,14),(5,14,4),(14,2,3),(14,3,4),(14,1,2)),$);
#600= IFCSTYLEDITEM(#599,(#121),'\X2\0110\X0\\X2\00E8\X0\n chi\X2\1EBF\X0\u s\X2\00E1\X0\ng');
#601= IFCCARTESIANPOINTLIST3D(((0.249721,0.0,0.208237),(0.24346,0.055568,0.208237),(0.224991,0.10835,0.208237),(0.19524,0.155699,0.208237),(0.155699,0.19524,0.208237),(0.10835,0.224991,0.208237),(0.055568,0.24346,0.208237),(0.0,0.249721,0.208237),(-0.055568,0.24346,0.208237),(-0.10835,0.224991,0.208237),(-0.155699,0.19524,0.208237),(-0.19524,0.155699,0.208237),(-0.224991,0.10835,0.208237),(-0.24346,0.055568,0.208237),(-0.249721,0.0,0.208237),(-0.246118,0.0,0.234405),(-0.234497,0.0,0.258127),(-0.21603,0.0,0.277014),(-0.192575,0.0,0.289165),(-0.166495,0.0,0.293355),(-0.160822,0.043092,0.293355),(-0.144189,0.083247,0.293355),(-0.11773,0.11773,0.293355),(-0.083247,0.144189,0.293355),(-0.043092,0.160822,0.293355),(0.0,0.166495,0.293355),(0.043092,0.160822,0.293355),(0.083247,0.144189,0.293355),(0.11773,0.11773,0.293355),(0.144189,0.083247,0.293355),(0.160822,0.043092,0.293355),(0.166495,0.0,0.293355),(0.192575,0.0,0.289165),(0.21603,0.0,0.277014),(0.234497,0.0,0.258127),(0.246118,0.0,0.234405),(-0.104784,0.200072,0.268477),(0.104784,0.200072,0.268477),(-0.021576,0.20415,0.283765),(-0.166704,0.119802,0.283765),(0.166704,0.119802,0.283765),(-0.209012,0.118124,0.249033),(0.209012,0.118124,0.249033),(-0.102626,0.169157,0.287223),(0.063588,0.187358,0.287223),(-0.028127,0.239888,0.246159),(-0.133278,0.204168,0.240949),(0.133278,0.204168,0.240949),(-0.179551,0.058339,0.290314),(0.135388,0.131576,0.290314),(0.179551,0.058339,0.290314),(-0.021526,0.184447,0.29111),(-0.234595,0.075882,0.232899),(0.234595,0.075882,0.232899),(-0.134871,0.127228,0.291178),(0.028132,0.2453,0.231647),(-0.082925,0.233128,0.229561),(-0.177054,0.17285,0.229561),(0.177054,0.17285,0.229561),(0.041785,0.231397,0.257204),(0.063415,0.170047,0.291994),(-0.199227,0.068198,0.280727),(-0.183432,0.132723,0.267901),(0.199227,0.068198,0.280727),(0.183432,0.132723,0.267901),(0.0829,0.233809,0.226706),(-0.028113,0.246552,0.226314),(-0.211684,0.129491,0.226314),(0.211684,0.129491,0.226314),(0.023804,0.188294,0.290029),(0.099579,0.161572,0.290029),(0.123281,0.168759,0.281691),(0.024717,0.20423,0.283535),(-0.00012,0.223432,0.270839),(0.068416,0.204114,0.277566),(-0.085341,0.223796,0.250084),(-0.047567,0.226142,0.26262),(-0.173541,0.16527,0.249843),(0.173541,0.16527,0.249843),(-0.137796,0.189891,0.257953),(-0.147521,0.165421,0.272467),(0.137796,0.189891,0.257953),(0.092723,0.21986,0.251692),(0.145909,0.167694,0.271895),(-0.133385,0.20989,0.223322),(0.133385,0.20989,0.223322),(-0.2229,0.059444,0.263109),(0.2229,0.059444,0.263109),(-0.116482,0.178102,0.279281),(-0.06693,0.204364,0.277732),(-0.137373,0.147643,0.28556),(-0.059383,0.186498,0.288055),(-0.063419,0.168809,0.292198),(0.162174,0.099701,0.289858),(-0.16161,0.100063,0.289945),(-0.003479,0.234363,0.258281),(0.016381,0.24103,0.246045),(-0.205922,0.089187,0.269911),(-0.213462,0.045355,0.27533),(-0.204303,0.0,0.283089),(-0.228217,0.075109,0.248696),(-0.240307,0.0,0.246266),(0.23469,0.049963,0.249282),(0.206833,0.1024,0.262983),(-0.101966,0.15109,0.291846)),$);
#602= IFCTRIANGULATEDFACESET(#601,$,$,((49,62,19),(92,52,39),(100,62,99),(102,53,16),(95,22,55),(14,16,53),(92,93,52),(21,49,20),(98,42,87),(64,33,34),(95,21,22),(105,24,93),(93,92,105),(41,51,64),(60,74,75),(52,25,26),(58,68,42),(17,87,101),(90,74,77),(14,15,16),(50,71,29),(36,2,54),(57,76,46),(57,9,10),(18,87,17),(14,53,13),(12,68,58),(86,59,5),(89,90,37),(47,85,58),(10,85,57),(26,27,70),(28,61,27),(43,88,103),(37,81,89),(64,51,33),(9,57,67),(23,55,22),(29,30,50),(83,66,56),(71,72,45),(71,45,61),(34,35,88),(19,20,49),(62,49,40),(94,41,50),(38,75,72),(94,31,51),(32,33,51),(54,103,36),(25,93,24),(56,66,7),(7,8,56),(85,10,11),(6,86,5),(56,8,67),(3,54,2),(82,65,79),(51,31,32),(4,59,69),(1,2,36),(73,39,70),(47,58,78),(3,4,69),(65,41,64),(94,30,31),(5,59,4),(39,52,70),(27,61,70),(58,11,12),(91,55,44),(49,95,40),(46,96,97),(7,66,6),(76,57,47),(9,67,8),(12,13,68),(78,58,42),(79,59,48),(69,43,54),(73,74,39),(38,82,83),(28,29,71),(70,61,45),(63,62,40),(62,63,98),(37,80,81),(78,80,47),(88,64,34),(88,104,64),(79,43,59),(82,38,84),(56,97,83),(86,66,48),(57,46,67),(67,46,97),(13,53,68),(42,68,53),(43,69,59),(54,3,69),(70,45,73),(26,70,52),(71,61,28),(71,50,72),(50,41,72),(84,41,65),(75,73,45),(75,74,73),(60,96,74),(46,76,77),(72,75,45),(75,38,60),(80,76,47),(77,74,96),(76,37,77),(77,37,90),(42,63,78),(63,81,80),(82,79,48),(104,79,65),(63,80,78),(76,80,37),(63,40,81),(89,91,44),(83,82,48),(38,72,84),(66,83,48),(38,83,60),(41,84,72),(65,82,84),(58,85,11),(57,85,47),(66,86,6),(59,86,48),(98,99,62),(101,87,42),(103,88,35),(88,43,104),(91,81,40),(44,92,90),(44,90,89),(90,39,74),(81,91,89),(91,40,95),(90,92,39),(55,105,44),(52,93,25),(105,92,44),(94,50,30),(51,41,94),(21,95,49),(91,95,55),(97,96,60),(77,96,46),(83,97,60),(97,56,67),(42,98,63),(99,87,18),(87,99,98),(100,19,62),(99,18,100),(42,53,101),(53,102,101),(36,103,35),(17,101,102),(43,103,54),(79,104,43),(64,104,65),(55,23,105),(24,105,23)),$);
#603= IFCSTYLEDITEM(#602,(#121),'\X2\0110\X0\\X2\00E8\X0\n chi\X2\1EBF\X0\u s\X2\00E1\X0\ng');
#604= IFCCARTESIANPOINTLIST3D(((-0.249721,0.0,0.208237),(-0.24346,-0.055568,0.208237),(-0.224991,-0.10835,0.208237),(-0.19524,-0.155699,0.208237),(-0.155699,-0.19524,0.208237),(-0.10835,-0.224991,0.208237),(-0.055568,-0.24346,0.208237),(0.0,-0.249721,0.208237),(0.055568,-0.24346,0.208237),(0.10835,-0.224991,0.208237),(0.155699,-0.19524,0.208237),(0.19524,-0.155699,0.208237),(0.224991,-0.10835,0.208237),(0.24346,-0.055568,0.208237),(0.249721,0.0,0.208237),(0.246118,0.0,0.234405),(0.234497,0.0,0.258127),(0.21603,0.0,0.277014),(0.192575,0.0,0.289165),(0.166495,0.0,0.293355),(0.160822,-0.043092,0.293355),(0.144189,-0.083247,0.293355),(0.11773,-0.11773,0.293355),(0.083247,-0.144189,0.293355),(0.043092,-0.160822,0.293355),(0.0,-0.166495,0.293355),(-0.043092,-0.160822,0.293355),(-0.083247,-0.144189,0.293355),(-0.11773,-0.11773,0.293355),(-0.144189,-0.083247,0.293355),(-0.160822,-0.043092,0.293355),(-0.166495,0.0,0.293355),(-0.192575,0.0,0.289165),(-0.21603,0.0,0.277014),(-0.234497,0.0,0.258127),(-0.246118,0.0,0.234405),(0.104784,-0.200072,0.268477),(-0.104784,-0.200072,0.268477),(0.021576,-0.20415,0.283765),(0.166704,-0.119802,0.283765),(-0.166704,-0.119802,0.283765),(0.209012,-0.118124,0.249033),(-0.209012,-0.118124,0.249033),(-0.063588,-0.187358,0.287223),(0.102626,-0.169157,0.287223),(0.028127,-0.239888,0.246159),(0.133278,-0.204168,0.240949),(-0.133278,-0.204168,0.240949),(0.179551,-0.058339,0.290314),(-0.135388,-0.131576,0.290314),(-0.179551,-0.058339,0.290314),(0.021526,-0.184447,0.29111),(0.234595,-0.075882,0.232899),(-0.234595,-0.075882,0.232899),(0.134871,-0.127228,0.291178),(-0.028132,-0.2453,0.231647),(0.082925,-0.233128,0.229561),(0.177054,-0.17285,0.229561),(-0.177054,-0.17285,0.229561),(-0.041785,-0.231397,0.257204),(-0.063415,-0.170047,0.291994),(0.199227,-0.068198,0.280727),(0.183432,-0.132723,0.267901),(-0.199227,-0.068198,0.280727),(-0.183432,-0.132723,0.267901),(-0.0829,-0.233809,0.226706),(0.028113,-0.246552,0.226314),(0.211684,-0.129491,0.226314),(-0.211684,-0.129491,0.226314),(-0.023804,-0.188294,0.290029),(-0.099579,-0.161572,0.290029),(-0.123281,-0.168759,0.281691),(-0.024717,-0.20423,0.283535),(0.00012,-0.223432,0.270839),(-0.068416,-0.204114,0.277566),(0.085341,-0.223796,0.250084),(0.047567,-0.226142,0.26262),(0.173541,-0.16527,0.249843),(-0.173541,-0.16527,0.249843),(0.137796,-0.189891,0.257953),(0.147521,-0.165421,0.272467),(-0.137796,-0.189891,0.257953),(-0.092723,-0.21986,0.251692),(-0.145909,-0.167694,0.271895),(0.133385,-0.20989,0.223322),(-0.133385,-0.20989,0.223322),(0.2229,-0.059444,0.263109),(-0.2229,-0.059444,0.263109),(0.116482,-0.178102,0.279281),(0.06693,-0.204364,0.277732),(0.137373,-0.147643,0.28556),(0.059383,-0.186498,0.288055),(0.063419,-0.168809,0.292198),(-0.162174,-0.099701,0.289858),(0.16161,-0.100063,0.289945),(0.003479,-0.234363,0.258281),(-0.016381,-0.24103,0.246045),(0.205922,-0.089187,0.269911),(0.213462,-0.045355,0.27533),(0.204303,0.0,0.283089),(0.228217,-0.075109,0.248696),(0.240307,0.0,0.246266),(-0.23469,-0.049963,0.249282),(-0.206833,-0.1024,0.262983),(0.101966,-0.15109,0.291846)),$);
#605= IFCTRIANGULATEDFACESET(#604,$,$,((49,62,19),(92,52,39),(100,62,99),(102,53,16),(95,22,55),(14,16,53),(55,22,23),(41,51,64),(89,90,37),(60,74,75),(95,21,22),(105,24,93),(92,105,93),(83,66,56),(47,58,78),(52,25,26),(58,68,42),(17,87,101),(82,65,79),(14,15,16),(5,59,4),(36,2,54),(86,59,5),(85,58,47),(13,14,53),(58,12,68),(93,52,92),(90,74,77),(50,71,29),(9,10,57),(10,85,57),(58,11,12),(28,61,27),(43,88,103),(30,50,29),(73,39,70),(57,67,9),(21,49,20),(81,89,37),(64,33,34),(41,94,51),(85,10,11),(88,34,35),(44,71,72),(32,33,51),(31,94,30),(64,51,33),(7,8,56),(98,42,87),(54,103,36),(57,76,46),(5,6,86),(51,31,32),(56,8,67),(26,27,70),(56,66,7),(3,54,2),(38,75,72),(25,93,24),(4,59,69),(1,2,36),(94,31,51),(19,20,49),(3,4,69),(65,41,64),(18,87,17),(71,44,61),(39,52,70),(27,61,70),(62,49,40),(91,55,45),(49,95,40),(46,96,97),(7,66,6),(76,57,47),(9,67,8),(12,13,68),(78,58,42),(79,59,48),(69,43,54),(73,74,39),(38,82,83),(28,29,71),(70,61,44),(63,62,40),(62,63,98),(37,80,81),(78,80,47),(88,64,34),(88,104,64),(79,43,59),(82,38,84),(56,97,83),(86,66,48),(57,46,67),(67,46,97),(13,53,68),(42,68,53),(43,69,59),(54,3,69),(70,44,73),(26,70,52),(71,61,28),(71,50,72),(50,41,72),(84,41,65),(75,73,44),(75,74,73),(60,96,74),(46,76,77),(72,75,44),(75,38,60),(80,76,47),(77,74,96),(76,37,77),(77,37,90),(42,63,78),(63,81,80),(82,79,48),(104,79,65),(63,80,78),(76,80,37),(63,40,81),(89,91,45),(83,82,48),(38,72,84),(66,83,48),(38,83,60),(41,84,72),(65,82,84),(58,85,11),(57,85,47),(66,86,6),(59,86,48),(98,99,62),(101,87,42),(103,88,35),(88,43,104),(91,81,40),(45,92,90),(45,90,89),(90,39,74),(81,91,89),(91,40,95),(90,92,39),(55,105,45),(52,93,25),(105,92,45),(41,50,94),(30,94,50),(21,95,49),(91,95,55),(97,96,60),(77,96,46),(83,97,60),(97,56,67),(42,98,63),(99,87,18),(87,99,98),(100,19,62),(99,18,100),(42,53,101),(53,102,101),(36,103,35),(17,101,102),(43,103,54),(79,104,43),(64,104,65),(55,23,105),(24,105,23)),$);
#606= IFCSTYLEDITEM(#605,(#121),'\X2\0110\X0\\X2\00E8\X0\n chi\X2\1EBF\X0\u s\X2\00E1\X0\ng');
#607= IFCCARTESIANPOINTLIST3D(((0.0,0.0,0.746263),(-0.124872,0.0,0.746263),(-0.11876,0.038588,0.746263),(-0.101024,0.073398,0.746263),(-0.073398,0.101024,0.746263),(-0.038588,0.11876,0.746263),(0.0,0.124872,0.746263),(0.038588,0.11876,0.746263),(0.073398,0.101024,0.746263),(0.101024,0.073398,0.746263),(0.11876,0.038588,0.746263),(0.124872,0.0,0.746263)),$);
#608= IFCTRIANGULATEDFACESET(#607,$,$,((11,12,1),(11,1,10),(9,10,1),(9,1,8),(7,8,1),(7,1,6),(1,3,4),(1,4,5),(1,5,6),(1,2,3)),$);
#609= IFCSTYLEDITEM(#608,(#121),'\X2\0110\X0\\X2\00E8\X0\n chi\X2\1EBF\X0\u s\X2\00E1\X0\ng');
#610= IFCCARTESIANPOINTLIST3D(((0.0,0.0,0.746263),(0.124872,0.0,0.746263),(0.11876,-0.038588,0.746263),(0.101024,-0.073398,0.746263),(0.073398,-0.101024,0.746263),(0.038588,-0.11876,0.746263),(0.0,-0.124872,0.746263),(-0.038588,-0.11876,0.746263),(-0.073398,-0.101024,0.746263),(-0.101024,-0.073398,0.746263),(-0.11876,-0.038588,0.746263),(-0.124872,0.0,0.746263)),$);
#611= IFCTRIANGULATEDFACESET(#610,$,$,((1,4,5),(1,5,6),(3,4,1),(3,1,2),(1,6,7),(1,7,8),(1,8,9),(1,9,10),(11,12,1),(11,1,10)),$);
#612= IFCSTYLEDITEM(#611,(#121),'\X2\0110\X0\\X2\00E8\X0\n chi\X2\1EBF\X0\u s\X2\00E1\X0\ng');
#613= IFCCARTESIANPOINTLIST3D(((0.124872,0.0,0.746263),(0.11876,0.038588,0.746263),(0.101024,0.073398,0.746263),(0.073398,0.101024,0.746263),(0.038588,0.11876,0.746263),(0.0,0.124872,0.746263),(-0.038588,0.11876,0.746263),(-0.073398,0.101024,0.746263),(-0.101024,0.073398,0.746263),(-0.11876,0.038588,0.746263),(-0.124872,0.0,0.746263),(-0.117168,0.0,1.346428),(-0.111433,0.036207,1.346428),(-0.094791,0.068869,1.346428),(-0.068869,0.094791,1.346428),(-0.036207,0.111433,1.346428),(0.0,0.117168,1.346428),(0.036207,0.111433,1.346428),(0.068869,0.094791,1.346428),(0.094791,0.068869,1.346428),(0.111433,0.036207,1.346428),(0.117168,0.0,1.346428)),$);
#614= IFCTRIANGULATEDFACESET(#613,$,$,((12,13,10),(12,10,11),(14,15,8),(14,8,9),(13,14,9),(13,9,10),(15,16,7),(15,7,8),(6,7,16),(6,16,17),(18,19,4),(18,4,5),(20,21,2),(20,2,3),(19,20,3),(19,3,4),(21,22,1),(21,1,2),(17,18,5),(17,5,6)),$);
#615= IFCSTYLEDITEM(#614,(#121),'\X2\0110\X0\\X2\00E8\X0\n chi\X2\1EBF\X0\u s\X2\00E1\X0\ng');
#616= IFCCARTESIANPOINTLIST3D(((-0.124872,0.0,0.746263),(-0.11876,-0.038588,0.746263),(-0.101024,-0.073398,0.746263),(-0.073398,-0.101024,0.746263),(-0.038588,-0.11876,0.746263),(0.0,-0.124872,0.746263),(0.038588,-0.11876,0.746263),(0.073398,-0.101024,0.746263),(0.101024,-0.073398,0.746263),(0.11876,-0.038588,0.746263),(0.124872,0.0,0.746263),(0.117168,0.0,1.346428),(0.111433,-0.036207,1.346428),(0.094791,-0.068869,1.346428),(0.068869,-0.094791,1.346428),(0.036207,-0.111433,1.346428),(0.0,-0.117168,1.346428),(-0.036207,-0.111433,1.346428),(-0.068869,-0.094791,1.346428),(-0.094791,-0.068869,1.346428),(-0.111433,-0.036207,1.346428),(-0.117168,0.0,1.346428)),$);
#617= IFCTRIANGULATEDFACESET(#616,$,$,((12,13,10),(12,10,11),(14,15,8),(14,8,9),(13,14,9),(13,9,10),(15,16,7),(15,7,8),(6,7,16),(6,16,17),(18,19,4),(18,4,5),(20,21,2),(20,2,3),(19,20,3),(19,3,4),(21,22,1),(21,1,2),(17,18,5),(17,5,6)),$);
#618= IFCSTYLEDITEM(#617,(#121),'\X2\0110\X0\\X2\00E8\X0\n chi\X2\1EBF\X0\u s\X2\00E1\X0\ng');
#619= IFCCARTESIANPOINTLIST3D(((0.105527,0.0,1.344916),(0.099163,0.036092,1.344916),(0.080838,0.067832,1.344916),(0.052764,0.091389,1.344916),(0.018325,0.103924,1.344916),(-0.018325,0.103924,1.344916),(-0.052764,0.091389,1.344916),(-0.080838,0.067832,1.344916),(-0.099163,0.036092,1.344916),(-0.105527,0.0,1.344916),(0.0,0.0,1.344916)),$);
#620= IFCTRIANGULATEDFACESET(#619,$,$,((11,2,3),(11,3,4),(11,4,5),(11,5,6),(11,1,2),(9,10,11),(9,11,8),(11,6,7),(11,7,8)),$);
#621= IFCSTYLEDITEM(#620,(#121),'\X2\0110\X0\\X2\00E8\X0\n chi\X2\1EBF\X0\u s\X2\00E1\X0\ng');
#622= IFCCARTESIANPOINTLIST3D(((-0.105527,0.0,1.344916),(-0.099163,-0.036092,1.344916),(-0.080838,-0.067832,1.344916),(-0.052764,-0.091389,1.344916),(-0.018325,-0.103924,1.344916),(0.018325,-0.103924,1.344916),(0.052764,-0.091389,1.344916),(0.080838,-0.067832,1.344916),(0.099163,-0.036092,1.344916),(0.105527,0.0,1.344916),(0.0,0.0,1.344916)),$);
#623= IFCTRIANGULATEDFACESET(#622,$,$,((11,7,8),(11,8,9),(11,9,10),(6,7,11),(6,11,5),(4,5,11),(4,11,3),(11,1,2),(11,2,3)),$);
#624= IFCSTYLEDITEM(#623,(#121),'\X2\0110\X0\\X2\00E8\X0\n chi\X2\1EBF\X0\u s\X2\00E1\X0\ng');
#625= IFCCARTESIANPOINTLIST3D(((0.117168,0.0,1.346428),(0.111433,0.036207,1.346428),(0.094791,0.068869,1.346428),(0.068869,0.094791,1.346428),(0.036207,0.111433,1.346428),(0.0,0.117168,1.346428),(-0.036207,0.111433,1.346428),(-0.068869,0.094791,1.346428),(-0.094791,0.068869,1.346428),(-0.111433,0.036207,1.346428),(-0.117168,0.0,1.346428),(-0.111396,0.0,1.345296),(-0.105527,0.0,1.344916),(-0.099163,0.036092,1.344916),(-0.080838,0.067832,1.344916),(-0.052764,0.091389,1.344916),(-0.018325,0.103924,1.344916),(0.018325,0.103924,1.344916),(0.052764,0.091389,1.344916),(0.080838,0.067832,1.344916),(0.099163,0.036092,1.344916),(0.105527,0.0,1.344916),(0.111396,0.0,1.345296),(-0.068387,0.087519,1.345255),(-0.10212,0.045316,1.345339),(-0.018322,0.11021,1.345339),(0.068387,0.087519,1.345255),(0.10212,0.045316,1.345339),(0.018323,0.110895,1.345437),(-0.053088,0.101037,1.345736),(-0.044046,0.100821,1.345139),(-0.082377,0.079009,1.345738),(-0.087985,0.066101,1.345141),(-0.110503,0.025397,1.345599),(-0.108462,0.0,1.345106),(-0.101589,0.022332,1.344916),(-0.103139,0.034115,1.345022),(0.0,0.108631,1.345022),(0.022992,0.10652,1.345047),(0.044485,0.102213,1.345306),(0.058628,0.097927,1.345737),(0.077407,0.083882,1.345738),(0.08793,0.067353,1.345218),(0.09431,0.063739,1.345679),(0.096714,0.049463,1.345022),(0.105864,0.024394,1.345023),(0.109484,0.023735,1.345382),(-0.02537,0.105629,1.345022),(0.042793,0.099454,1.344999)),$);
#626= IFCTRIANGULATEDFACESET(#625,$,$,((37,14,33),(25,32,9),(24,15,16),(31,30,24),(38,29,26),(32,33,24),(24,16,31),(31,26,30),(12,34,11),(37,34,35),(35,34,12),(48,16,17),(9,10,25),(32,25,33),(45,46,28),(38,39,29),(32,30,8),(26,7,30),(26,6,7),(14,37,36),(34,25,10),(30,7,8),(27,19,20),(40,29,39),(47,46,23),(45,28,43),(15,24,33),(28,44,43),(42,43,44),(47,28,46),(9,32,8),(26,29,6),(5,29,40),(48,26,31),(2,3,44),(47,1,2),(41,5,40),(14,15,33),(42,4,41),(18,38,17),(33,25,37),(29,5,6),(11,34,10),(30,32,24),(35,13,36),(34,37,25),(35,36,37),(38,18,39),(48,38,26),(19,49,18),(49,27,40),(49,40,39),(40,27,41),(42,41,27),(5,41,4),(42,27,43),(3,4,42),(27,20,43),(45,20,21),(2,44,28),(42,44,3),(20,45,43),(46,45,21),(21,22,46),(23,46,22),(1,47,23),(2,28,47),(16,48,31),(38,48,17),(18,49,39),(27,49,19)),$);
#627= IFCSTYLEDITEM(#626,(#121),'\X2\0110\X0\\X2\00E8\X0\n chi\X2\1EBF\X0\u s\X2\00E1\X0\ng');
#628= IFCCARTESIANPOINTLIST3D(((-0.117168,0.0,1.346428),(-0.111433,-0.036207,1.346428),(-0.094791,-0.068869,1.346428),(-0.068869,-0.094791,1.346428),(-0.036207,-0.111433,1.346428),(0.0,-0.117168,1.346428),(0.036207,-0.111433,1.346428),(0.068869,-0.094791,1.346428),(0.094791,-0.068869,1.346428),(0.111433,-0.036207,1.346428),(0.117168,0.0,1.346428),(0.111396,0.0,1.345296),(0.105527,0.0,1.344916),(0.099163,-0.036092,1.344916),(0.080838,-0.067832,1.344916),(0.052764,-0.091389,1.344916),(0.018325,-0.103924,1.344916),(-0.018325,-0.103924,1.344916),(-0.052764,-0.091389,1.344916),(-0.080838,-0.067832,1.344916),(-0.099163,-0.036092,1.344916),(-0.105527,0.0,1.344916),(-0.111396,0.0,1.345296),(0.068387,-0.087519,1.345255),(0.10212,-0.045316,1.345339),(0.018322,-0.11021,1.345339),(-0.036164,-0.105016,1.345255),(-0.093156,-0.060483,1.345255),(-0.068322,-0.086711,1.345177),(-0.106593,-0.024138,1.345072),(-0.110156,-0.026338,1.345577),(-0.103112,-0.052538,1.346428),(-0.098903,-0.056977,1.345738),(-0.082388,-0.078984,1.345736),(-0.064751,-0.093587,1.345674),(0.053088,-0.101037,1.345736),(0.044046,-0.100821,1.345139),(0.082377,-0.079009,1.345738),(0.087985,-0.066101,1.345141),(0.110503,-0.025397,1.345599),(0.108462,0.0,1.345106),(0.101589,-0.022332,1.344916),(0.103139,-0.034115,1.345022),(0.0,-0.108631,1.345022),(-0.009918,-0.112316,1.345493),(-0.045092,-0.104855,1.345737),(0.02537,-0.105629,1.345022)),$);
#629= IFCTRIANGULATEDFACESET(#628,$,$,((43,14,39),(29,28,34),(24,15,16),(33,28,30),(34,33,3),(38,39,24),(35,34,4),(37,26,36),(12,40,11),(29,35,46),(41,40,12),(47,26,37),(9,10,25),(38,25,39),(14,15,39),(40,25,10),(38,36,8),(9,38,8),(26,6,7),(46,4,5),(19,27,18),(32,33,31),(1,31,23),(19,29,27),(22,23,30),(31,30,23),(28,33,34),(20,21,28),(28,21,30),(31,33,30),(27,29,46),(44,45,26),(19,20,29),(18,44,17),(29,34,35),(3,33,32),(34,3,4),(21,22,30),(2,31,1),(5,6,45),(20,28,29),(45,44,27),(31,2,32),(36,7,8),(37,36,24),(26,7,36),(24,16,37),(47,16,17),(25,38,9),(36,38,24),(39,25,43),(15,24,39),(11,40,10),(14,43,42),(43,40,41),(41,13,42),(40,43,25),(41,42,43),(27,44,18),(47,44,26),(45,27,46),(6,26,45),(4,46,35),(45,46,5),(16,47,37),(44,47,17)),$);
#630= IFCSTYLEDITEM(#629,(#121),'\X2\0110\X0\\X2\00E8\X0\n chi\X2\1EBF\X0\u s\X2\00E1\X0\ng');
#631= IFCCARTESIANPOINTLIST3D(((0.117168,0.0,1.346428),(0.111433,0.036207,1.346428),(0.094791,0.068869,1.346428),(0.068869,0.094791,1.346428),(0.036207,0.111433,1.346428),(0.0,0.117168,1.346428),(-0.036207,0.111433,1.346428),(-0.068869,0.094791,1.346428),(-0.094791,0.068869,1.346428),(-0.111433,0.036207,1.346428),(-0.117168,0.0,1.346428),(-0.136223,0.0,1.356801),(-0.148324,0.0,1.374808),(-0.150731,0.0,1.396369),(-0.142898,0.0,1.416601),(-0.126599,0.0,1.43092),(-0.105527,0.0,1.436083),(-0.099163,0.036092,1.436083),(-0.080838,0.067832,1.436083),(-0.052764,0.091389,1.436083),(-0.018325,0.103924,1.436083),(0.018325,0.103924,1.436083),(0.052764,0.091389,1.436083),(0.080838,0.067832,1.436083),(0.099163,0.036092,1.436083),(0.105527,0.0,1.436083),(0.126599,0.0,1.43092),(0.142898,0.0,1.416601),(0.150731,0.0,1.396369),(0.148324,0.0,1.374808),(0.136223,0.0,1.356801),(-0.036385,0.144946,1.402716),(0.086164,0.119924,1.373124),(0.069439,0.121333,1.420556),(-0.053791,0.13473,1.367825),(-0.068843,0.114644,1.426315),(-0.110494,0.082808,1.358591),(0.018245,0.136869,1.358591),(0.0,0.127436,1.430473),(0.110021,0.080578,1.356938),(0.095235,0.08162,1.431511),(-0.053273,0.121781,1.354068),(-0.112862,0.046077,1.43304),(-0.118649,0.093361,1.38701),(-0.067892,0.098906,1.433736),(-0.126695,0.0,1.351614),(0.053196,0.11869,1.352085),(0.122524,0.085157,1.403522),(0.035551,0.113351,1.434109),(0.126695,0.0,1.351614),(-0.124475,0.063544,1.420603),(0.116063,0.0,1.433502),(-0.107625,0.069097,1.350783),(-0.01821,0.12645,1.350703),(0.118659,0.044946,1.430769),(0.109165,0.084606,1.422375),(0.134749,0.0,1.423761),(0.133472,0.049493,1.417364),(-0.128965,0.042091,1.356297),(-0.132135,0.063837,1.371039),(0.129125,0.041392,1.356241),(0.127768,0.072103,1.370957),(-0.035595,0.110348,1.434876),(-0.093367,0.068749,1.434876),(0.083674,0.095267,1.350182),(0.080029,0.111435,1.357712),(0.067745,0.093707,1.43495),(0.06252,0.111801,1.430105),(0.109613,0.035654,1.435031),(-0.083626,0.09466,1.349929),(-0.041252,0.120289,1.43062),(-0.022352,0.138276,1.420242),(-0.091559,0.08825,1.43062),(-0.100027,0.094247,1.423055),(-0.105906,0.103837,1.40621),(-0.071676,0.125196,1.41453),(0.018215,0.124966,1.349918),(0.0,0.115137,1.435059),(0.107128,0.066675,1.349864),(0.093185,0.06739,1.435088),(0.142274,0.0,1.365804),(0.142646,0.036353,1.37204),(0.13614,0.065365,1.387605),(0.149528,0.0,1.385588),(0.147459,0.032978,1.391419),(0.146815,0.0,1.406485),(0.014001,0.149194,1.37985),(0.025842,0.145007,1.408763),(0.101847,0.111605,1.38918),(0.079798,0.125503,1.405057),(0.138423,0.058886,1.39836),(0.121268,0.034109,1.349759),(0.142916,0.031391,1.410836),(-0.020507,0.135708,1.357765),(-0.005248,0.145141,1.368116),(0.043265,0.13905,1.368821),(-0.030877,0.146281,1.378506),(-0.08106,0.126268,1.380712),(-0.012578,0.150583,1.391075),(0.039271,0.145796,1.393781),(-0.055674,0.140479,1.390905),(-0.075293,0.129399,1.401713),(0.129611,0.032269,1.426438),(-0.138592,0.057168,1.40085),(0.146896,0.031208,1.381309),(0.031335,0.131891,1.424789),(0.137805,0.058107,1.378694),(0.119683,0.090671,1.381195),(0.146577,0.030093,1.402006),(0.133526,0.061617,1.40929),(0.115255,0.087761,1.413532),(-0.100743,0.112284,1.395334),(-0.123325,0.086461,1.39721),(-0.125907,0.078143,1.406566),(-0.139417,0.04164,1.412405),(-0.114609,0.087747,1.4144),(-0.134749,0.0,1.423761),(-0.129399,0.033458,1.42637),(-0.115081,0.064382,1.427704),(-0.146815,0.0,1.406485),(0.093933,0.10734,1.416971),(0.073158,0.125281,1.413164),(0.054211,0.137529,1.407487),(0.137888,0.03328,1.362956),(0.126704,0.063212,1.362628),(0.106905,0.096426,1.366001),(-0.143783,0.04537,1.384948),(-0.136315,0.065164,1.391869),(-0.146868,0.03487,1.394311),(-0.132799,0.070992,1.383589),(-0.118391,0.090464,1.37678),(-0.114403,0.08847,1.367057),(-0.086359,0.113047,1.363507),(-0.127698,0.061618,1.362876),(-0.142274,0.0,1.365804),(-0.139413,0.035036,1.36566),(-0.143873,0.036225,1.374914),(-0.146477,0.029212,1.403006),(-0.053116,0.112735,1.349108),(0.055801,0.139216,1.380422),(-0.095129,0.109442,1.413285),(-0.13659,0.031083,1.420229),(0.089636,0.103556,1.423511),(0.125331,0.084125,1.394366),(-0.087949,0.1025,1.355777),(-0.121255,0.034653,1.349828),(-0.116063,0.0,1.433502),(0.10352,0.105886,1.406839),(0.096765,0.115187,1.398302),(0.072715,0.132448,1.391661),(0.061218,0.137189,1.399426),(0.083092,0.12543,1.382799),(-0.094994,0.112527,1.372169),(-0.108382,0.031776,1.435476),(0.120003,0.05999,1.425967),(-0.122912,0.028474,1.431143),(-0.129106,0.065032,1.414043),(-0.000318,0.149775,1.401451),(-0.014652,0.145434,1.41114),(-0.045447,0.138881,1.411222),(-0.049619,0.132423,1.418607),(0.050763,0.128308,1.358494),(-0.041461,0.128427,1.425313),(-0.013486,0.133296,1.426115),(0.006354,0.138696,1.421612),(0.033897,0.138306,1.4173),(-0.048233,0.131106,1.360329),(0.071579,0.124322,1.365216),(-0.058412,0.136804,1.37603),(0.031128,0.123775,1.430367),(-0.079128,0.128617,1.393548),(0.108426,0.100783,1.374031),(-0.149528,0.0,1.385588)),$);
#632= IFCTRIANGULATEDFACESET(#631,$,$,((19,20,45),(12,59,46),(162,66,47),(17,18,154),(78,63,21),(32,99,101),(45,20,63),(17,154,147),(18,19,64),(20,21,63),(45,73,64),(74,51,119),(53,146,59),(128,129,104),(94,95,38),(9,10,53),(132,60,131),(60,130,131),(70,8,9),(146,11,46),(95,96,38),(42,70,145),(116,75,114),(132,134,60),(117,142,15),(69,41,80),(6,77,5),(4,65,3),(49,23,67),(64,19,45),(106,170,68),(36,71,163),(54,94,38),(119,73,74),(29,85,109),(85,83,91),(155,41,55),(50,92,61),(69,25,26),(69,26,52),(9,53,70),(105,107,83),(71,45,63),(7,139,54),(54,77,6),(139,7,8),(5,47,4),(7,54,6),(72,164,165),(65,4,47),(80,24,25),(65,79,3),(49,22,23),(61,31,50),(82,30,81),(91,144,48),(62,124,125),(39,63,78),(114,75,113),(40,65,66),(85,29,84),(99,100,87),(67,23,24),(49,67,68),(51,118,119),(2,92,1),(114,104,115),(146,53,10),(55,52,27),(37,133,145),(94,54,42),(77,38,47),(27,57,103),(56,121,143),(28,58,57),(58,111,56),(155,55,103),(103,55,27),(58,110,111),(136,12,135),(53,59,37),(136,59,12),(128,104,113),(79,92,2),(62,125,126),(107,108,83),(62,82,124),(21,22,78),(45,71,36),(73,45,36),(156,147,43),(66,65,47),(3,79,2),(162,47,38),(66,168,126),(80,67,24),(68,67,41),(143,68,41),(68,34,106),(52,55,69),(41,69,55),(145,53,37),(139,70,42),(63,39,71),(163,164,72),(39,170,106),(159,160,72),(73,36,74),(43,64,73),(116,141,75),(113,75,112),(76,74,36),(102,32,101),(160,161,72),(76,160,102),(38,77,54),(47,5,77),(22,49,78),(39,78,49),(65,40,79),(92,40,61),(69,80,25),(67,80,41),(124,82,81),(61,124,31),(152,108,172),(97,87,95),(83,85,105),(105,85,84),(82,105,30),(93,58,28),(144,91,83),(86,93,28),(159,88,158),(111,121,56),(100,99,158),(33,96,140),(148,149,90),(140,150,152),(121,122,34),(93,110,58),(91,110,109),(92,79,40),(1,92,50),(109,93,86),(110,91,48),(42,167,94),(95,87,96),(167,95,94),(97,95,35),(140,96,87),(168,96,33),(169,97,35),(99,87,97),(134,37,59),(75,102,112),(97,169,101),(158,99,32),(151,88,123),(149,150,151),(97,101,99),(44,112,98),(98,112,171),(102,75,141),(57,58,103),(155,58,56),(130,127,128),(138,115,104),(30,105,84),(105,82,107),(166,88,159),(106,165,164),(82,62,107),(108,89,144),(107,62,108),(62,126,172),(29,109,86),(85,91,109),(110,93,109),(110,48,111),(48,148,111),(121,34,143),(112,102,171),(113,112,44),(44,130,128),(113,104,114),(148,121,111),(115,157,114),(117,118,142),(116,157,51),(51,74,116),(141,74,76),(156,118,16),(16,118,117),(51,157,142),(156,119,118),(73,119,43),(104,129,138),(120,15,115),(121,148,122),(90,123,122),(122,123,166),(149,151,90),(166,123,88),(31,124,81),(124,61,125),(61,40,125),(126,33,172),(125,40,126),(66,126,40),(60,136,137),(13,173,137),(44,128,113),(129,128,127),(129,127,173),(138,14,120),(131,130,44),(137,130,60),(44,98,131),(133,153,35),(153,131,98),(133,37,132),(153,133,132),(133,35,167),(37,134,132),(127,130,137),(134,136,60),(136,134,59),(137,135,13),(135,137,136),(14,129,173),(14,138,129),(115,138,120),(70,139,8),(54,139,42),(87,100,140),(140,100,150),(74,141,116),(102,141,76),(51,142,118),(15,142,115),(68,143,34),(41,56,143),(108,144,83),(144,89,149),(145,133,167),(53,145,70),(11,146,10),(59,146,46),(154,64,43),(48,144,149),(148,90,122),(149,148,48),(150,149,89),(150,89,152),(151,123,90),(150,100,151),(88,151,100),(108,152,89),(33,140,152),(131,153,132),(153,98,169),(64,154,18),(147,154,43),(58,155,103),(41,155,56),(147,156,16),(119,156,43),(114,157,116),(142,157,115),(159,158,32),(100,158,88),(160,159,32),(159,72,165),(102,160,32),(160,76,161),(76,36,161),(163,161,36),(38,96,162),(168,162,96),(164,71,39),(161,163,72),(71,164,163),(106,164,39),(166,165,106),(165,166,159),(106,34,166),(122,166,34),(167,42,145),(95,167,35),(126,168,33),(162,168,66),(153,169,35),(101,169,98),(39,49,170),(68,170,49),(102,101,171),(98,171,101),(152,172,33),(62,172,108),(137,173,127)),$);
#633= IFCSTYLEDITEM(#632,(#121),'\X2\0110\X0\\X2\00E8\X0\n chi\X2\1EBF\X0\u s\X2\00E1\X0\ng');
#634= IFCCARTESIANPOINTLIST3D(((-0.117168,0.0,1.346428),(-0.111433,-0.036207,1.346428),(-0.094791,-0.068869,1.346428),(-0.068869,-0.094791,1.346428),(-0.036207,-0.111433,1.346428),(0.0,-0.117168,1.346428),(0.036207,-0.111433,1.346428),(0.068869,-0.094791,1.346428),(0.094791,-0.068869,1.346428),(0.111433,-0.036207,1.346428),(0.117168,0.0,1.346428),(0.136223,0.0,1.356801),(0.148324,0.0,1.374808),(0.150731,0.0,1.396369),(0.142898,0.0,1.416601),(0.126599,0.0,1.43092),(0.105527,0.0,1.436083),(0.099163,-0.036092,1.436083),(0.080838,-0.067832,1.436083),(0.052764,-0.091389,1.436083),(0.018325,-0.103924,1.436083),(-0.018325,-0.103924,1.436083),(-0.052764,-0.091389,1.436083),(-0.080838,-0.067832,1.436083),(-0.099163,-0.036092,1.436083),(-0.105527,0.0,1.436083),(-0.126599,0.0,1.43092),(-0.142898,0.0,1.416601),(-0.150731,0.0,1.396369),(-0.148324,0.0,1.374808),(-0.136223,0.0,1.356801),(0.036385,-0.144946,1.402716),(-0.086164,-0.119924,1.373124),(-0.069439,-0.121333,1.420556),(0.053791,-0.13473,1.367825),(0.068843,-0.114644,1.426315),(0.110494,-0.082808,1.358591),(-0.018245,-0.136869,1.358591),(0.0,-0.127436,1.430473),(-0.110021,-0.080578,1.356938),(-0.095235,-0.08162,1.431511),(0.053273,-0.121781,1.354068),(0.112862,-0.046077,1.43304),(0.118649,-0.093361,1.38701),(0.067892,-0.098906,1.433736),(0.126695,0.0,1.351614),(-0.053196,-0.11869,1.352085),(-0.122524,-0.085157,1.403522),(-0.035551,-0.113351,1.434109),(-0.126695,0.0,1.351614),(0.124475,-0.063544,1.420603),(-0.116063,0.0,1.433502),(0.107625,-0.069097,1.350783),(0.01821,-0.12645,1.350703),(-0.118659,-0.044946,1.430769),(-0.109165,-0.084606,1.422375),(-0.134749,0.0,1.423761),(-0.133472,-0.049493,1.417364),(0.128965,-0.042091,1.356297),(0.132135,-0.063837,1.371039),(-0.129125,-0.041392,1.356241),(-0.127768,-0.072103,1.370957),(0.035595,-0.110348,1.434876),(0.093367,-0.068749,1.434876),(-0.083674,-0.095267,1.350182),(-0.080029,-0.111435,1.357712),(-0.067745,-0.093707,1.43495),(-0.06252,-0.111801,1.430105),(-0.109613,-0.035654,1.435031),(0.083626,-0.09466,1.349929),(0.041252,-0.120289,1.43062),(0.022352,-0.138276,1.420242),(0.091559,-0.08825,1.43062),(0.100027,-0.094247,1.423055),(0.105906,-0.103837,1.40621),(0.071676,-0.125196,1.41453),(-0.018215,-0.124966,1.349918),(0.0,-0.115137,1.435059),(-0.107128,-0.066675,1.349864),(-0.093185,-0.06739,1.435088),(-0.142274,0.0,1.365804),(-0.142646,-0.036353,1.37204),(-0.13614,-0.065365,1.387605),(-0.149528,0.0,1.385588),(-0.147459,-0.032978,1.391419),(-0.146815,0.0,1.406485),(-0.014001,-0.149194,1.37985),(-0.025842,-0.145007,1.408763),(-0.101847,-0.111605,1.38918),(-0.079798,-0.125503,1.405057),(-0.138423,-0.058886,1.39836),(-0.121268,-0.034109,1.349759),(-0.142916,-0.031391,1.410836),(0.020507,-0.135708,1.357765),(0.005248,-0.145141,1.368116),(-0.043265,-0.13905,1.368821),(0.030877,-0.146281,1.378506),(0.08106,-0.126268,1.380712),(0.012578,-0.150583,1.391075),(-0.039271,-0.145796,1.393781),(0.055674,-0.140479,1.390905),(0.075293,-0.129399,1.401713),(-0.129611,-0.032269,1.426438),(0.138592,-0.057168,1.40085),(-0.146896,-0.031208,1.381309),(-0.031335,-0.131891,1.424789),(-0.137805,-0.058107,1.378694),(-0.119683,-0.090671,1.381195),(-0.146577,-0.030093,1.402006),(-0.133526,-0.061617,1.40929),(-0.115255,-0.087761,1.413532),(0.100743,-0.112284,1.395334),(0.123325,-0.086461,1.39721),(0.125907,-0.078143,1.406566),(0.139417,-0.04164,1.412405),(0.114609,-0.087747,1.4144),(0.134749,0.0,1.423761),(0.129399,-0.033458,1.42637),(0.115081,-0.064382,1.427704),(0.146815,0.0,1.406485),(-0.093933,-0.10734,1.416971),(-0.073158,-0.125281,1.413164),(-0.054211,-0.137529,1.407487),(-0.137888,-0.03328,1.362956),(-0.126704,-0.063212,1.362628),(-0.106905,-0.096426,1.366001),(0.143783,-0.04537,1.384948),(0.136315,-0.065164,1.391869),(0.146868,-0.03487,1.394311),(0.132799,-0.070992,1.383589),(0.118391,-0.090464,1.37678),(0.114403,-0.08847,1.367057),(0.086359,-0.113047,1.363507),(0.127698,-0.061618,1.362876),(0.142274,0.0,1.365804),(0.139413,-0.035036,1.36566),(0.143873,-0.036225,1.374914),(0.146477,-0.029212,1.403006),(0.053116,-0.112735,1.349108),(-0.055801,-0.139216,1.380422),(0.095129,-0.109442,1.413285),(0.13659,-0.031083,1.420229),(-0.089636,-0.103556,1.423511),(-0.125331,-0.084125,1.394366),(0.087949,-0.1025,1.355777),(0.121255,-0.034653,1.349828),(0.116063,0.0,1.433502),(-0.10352,-0.105886,1.406839),(-0.096765,-0.115187,1.398302),(-0.072715,-0.132448,1.391661),(-0.061218,-0.137189,1.399426),(-0.083092,-0.12543,1.382799),(0.094994,-0.112527,1.372169),(0.108382,-0.031776,1.435476),(-0.120003,-0.05999,1.425967),(0.122912,-0.028474,1.431143),(0.129106,-0.065032,1.414043),(0.000318,-0.149775,1.401451),(0.014652,-0.145434,1.41114),(0.045447,-0.138881,1.411222),(0.049619,-0.132423,1.418607),(-0.050763,-0.128308,1.358494),(0.041461,-0.128427,1.425313),(0.013486,-0.133296,1.426115),(-0.006354,-0.138696,1.421612),(-0.033897,-0.138306,1.4173),(0.048233,-0.131106,1.360329),(-0.071579,-0.124322,1.365216),(0.058412,-0.136804,1.37603),(-0.031128,-0.123775,1.430367),(0.079128,-0.128617,1.393548),(-0.108426,-0.100783,1.374031),(0.149528,0.0,1.385588)),$);
#635= IFCTRIANGULATEDFACESET(#634,$,$,((19,20,45),(12,59,46),(162,66,47),(17,18,154),(21,78,63),(70,8,9),(19,64,18),(80,24,25),(45,20,63),(116,75,114),(53,146,59),(74,51,119),(72,164,165),(128,129,104),(50,92,61),(9,10,53),(132,60,131),(62,124,125),(17,154,147),(146,11,46),(60,130,131),(42,70,145),(40,65,66),(132,134,60),(117,142,15),(95,96,38),(6,77,5),(4,65,3),(36,71,163),(20,21,63),(67,49,23),(94,95,38),(106,170,68),(49,22,23),(29,85,109),(114,75,113),(155,41,55),(64,19,45),(119,73,74),(69,26,52),(32,99,101),(105,107,83),(54,77,6),(4,5,47),(91,144,48),(7,54,6),(139,7,8),(7,139,54),(9,53,70),(65,4,47),(71,45,63),(65,79,3),(85,83,91),(61,31,50),(82,30,81),(69,41,80),(54,94,38),(39,63,78),(45,73,64),(69,25,26),(85,29,84),(99,100,87),(67,23,24),(49,67,68),(51,118,119),(2,92,1),(114,104,115),(146,53,10),(55,52,27),(37,133,145),(94,54,42),(77,38,47),(27,57,103),(56,121,143),(28,58,57),(58,111,56),(155,55,103),(103,55,27),(58,110,111),(136,12,135),(53,59,37),(136,59,12),(128,104,113),(79,92,2),(62,125,126),(107,108,83),(62,82,124),(21,22,78),(45,71,36),(73,45,36),(156,147,43),(66,65,47),(3,79,2),(162,47,38),(66,168,126),(80,67,24),(68,67,41),(143,68,41),(68,34,106),(52,55,69),(41,69,55),(145,53,37),(139,70,42),(63,39,71),(163,164,72),(39,170,106),(159,160,72),(73,36,74),(43,64,73),(116,141,75),(113,75,112),(76,74,36),(102,32,101),(160,161,72),(76,160,102),(38,77,54),(47,5,77),(22,49,78),(39,78,49),(65,40,79),(92,40,61),(69,80,25),(67,80,41),(124,82,81),(61,124,31),(152,108,172),(97,87,95),(83,85,105),(105,85,84),(82,105,30),(93,58,28),(144,91,83),(86,93,28),(159,88,158),(111,121,56),(100,99,158),(33,96,140),(148,149,90),(140,150,152),(121,122,34),(93,110,58),(91,110,109),(92,79,40),(1,92,50),(109,93,86),(110,91,48),(42,167,94),(95,87,96),(167,95,94),(97,95,35),(140,96,87),(168,96,33),(169,97,35),(99,87,97),(134,37,59),(75,102,112),(97,169,101),(158,99,32),(151,88,123),(149,150,151),(97,101,99),(44,112,98),(98,112,171),(102,75,141),(57,58,103),(155,58,56),(130,127,128),(138,115,104),(30,105,84),(105,82,107),(166,88,159),(106,165,164),(82,62,107),(108,89,144),(107,62,108),(62,126,172),(29,109,86),(85,91,109),(110,93,109),(110,48,111),(48,148,111),(121,34,143),(112,102,171),(113,112,44),(44,130,128),(113,104,114),(148,121,111),(115,157,114),(117,118,142),(116,157,51),(51,74,116),(141,74,76),(156,118,16),(16,118,117),(51,157,142),(156,119,118),(73,119,43),(104,129,138),(120,15,115),(121,148,122),(90,123,122),(122,123,166),(149,151,90),(166,123,88),(31,124,81),(124,61,125),(61,40,125),(126,33,172),(125,40,126),(66,126,40),(60,136,137),(13,173,137),(44,128,113),(129,128,127),(129,127,173),(138,14,120),(131,130,44),(137,130,60),(44,98,131),(133,153,35),(153,131,98),(133,37,132),(153,133,132),(133,35,167),(37,134,132),(127,130,137),(134,136,60),(136,134,59),(137,135,13),(135,137,136),(14,129,173),(14,138,129),(115,138,120),(70,139,8),(54,139,42),(87,100,140),(140,100,150),(74,141,116),(102,141,76),(51,142,118),(15,142,115),(68,143,34),(41,56,143),(108,144,83),(144,89,149),(145,133,167),(53,145,70),(11,146,10),(59,146,46),(154,64,43),(48,144,149),(148,90,122),(149,148,48),(150,149,89),(150,89,152),(151,123,90),(150,100,151),(88,151,100),(108,152,89),(33,140,152),(131,153,132),(153,98,169),(64,154,18),(147,154,43),(58,155,103),(41,155,56),(147,156,16),(119,156,43),(114,157,116),(142,157,115),(159,158,32),(100,158,88),(160,159,32),(159,72,165),(102,160,32),(160,76,161),(76,36,161),(163,161,36),(38,96,162),(168,162,96),(164,71,39),(161,163,72),(71,164,163),(106,164,39),(166,165,106),(165,166,159),(106,34,166),(122,166,34),(167,42,145),(95,167,35),(126,168,33),(162,168,66),(153,169,35),(101,169,98),(39,49,170),(68,170,49),(102,101,171),(98,171,101),(152,172,33),(62,172,108),(137,173,127)),$);
#636= IFCSTYLEDITEM(#635,(#121),'\X2\0110\X0\\X2\00E8\X0\n chi\X2\1EBF\X0\u s\X2\00E1\X0\ng');
#637= IFCCARTESIANPOINTLIST3D(((0.0,0.0,1.346428),(-0.117168,0.0,1.346428),(-0.111433,0.036207,1.346428),(-0.094791,0.068869,1.346428),(-0.068869,0.094791,1.346428),(-0.036207,0.111433,1.346428),(0.0,0.117168,1.346428),(0.036207,0.111433,1.346428),(0.068869,0.094791,1.346428),(0.094791,0.068869,1.346428),(0.111433,0.036207,1.346428),(0.117168,0.0,1.346428)),$);
#638= IFCTRIANGULATEDFACESET(#637,$,$,((11,12,1),(11,1,10),(9,10,1),(9,1,8),(7,8,1),(7,1,6),(1,3,4),(1,4,5),(1,5,6),(1,2,3)),$);
#639= IFCSTYLEDITEM(#638,(#121),'\X2\0110\X0\\X2\00E8\X0\n chi\X2\1EBF\X0\u s\X2\00E1\X0\ng');
#640= IFCCARTESIANPOINTLIST3D(((0.0,0.0,1.346428),(0.117168,0.0,1.346428),(0.111433,-0.036207,1.346428),(0.094791,-0.068869,1.346428),(0.068869,-0.094791,1.346428),(0.036207,-0.111433,1.346428),(0.0,-0.117168,1.346428),(-0.036207,-0.111433,1.346428),(-0.068869,-0.094791,1.346428),(-0.094791,-0.068869,1.346428),(-0.111433,-0.036207,1.346428),(-0.117168,0.0,1.346428)),$);
#641= IFCTRIANGULATEDFACESET(#640,$,$,((1,4,5),(1,5,6),(3,4,1),(3,1,2),(1,6,7),(1,7,8),(1,8,9),(1,9,10),(11,12,1),(11,1,10)),$);
#642= IFCSTYLEDITEM(#641,(#121),'\X2\0110\X0\\X2\00E8\X0\n chi\X2\1EBF\X0\u s\X2\00E1\X0\ng');
#643= IFCCARTESIANPOINTLIST3D(((0.105527,0.0,1.436083),(0.099163,0.036092,1.436083),(0.080838,0.067832,1.436083),(0.052764,0.091389,1.436083),(0.018325,0.103924,1.436083),(-0.018325,0.103924,1.436083),(-0.052764,0.091389,1.436083),(-0.080838,0.067832,1.436083),(-0.099163,0.036092,1.436083),(-0.105527,0.0,1.436083),(0.0,0.0,1.436083)),$);
#644= IFCTRIANGULATEDFACESET(#643,$,$,((11,2,3),(11,3,4),(11,4,5),(11,5,6),(11,1,2),(9,10,11),(9,11,8),(11,6,7),(11,7,8)),$);
#645= IFCSTYLEDITEM(#644,(#121),'\X2\0110\X0\\X2\00E8\X0\n chi\X2\1EBF\X0\u s\X2\00E1\X0\ng');
#646= IFCCARTESIANPOINTLIST3D(((-0.105527,0.0,1.436083),(-0.099163,-0.036092,1.436083),(-0.080838,-0.067832,1.436083),(-0.052764,-0.091389,1.436083),(-0.018325,-0.103924,1.436083),(0.018325,-0.103924,1.436083),(0.052764,-0.091389,1.436083),(0.080838,-0.067832,1.436083),(0.099163,-0.036092,1.436083),(0.105527,0.0,1.436083),(0.0,0.0,1.436083)),$);
#647= IFCTRIANGULATEDFACESET(#646,$,$,((11,7,8),(11,8,9),(11,9,10),(6,7,11),(6,11,5),(4,5,11),(4,11,3),(11,1,2),(11,2,3)),$);
#648= IFCSTYLEDITEM(#647,(#121),'\X2\0110\X0\\X2\00E8\X0\n chi\X2\1EBF\X0\u s\X2\00E1\X0\ng');
#649= IFCCARTESIANPOINTLIST3D(((-0.033454,0.0,6.820479),(-0.028972,0.016727,6.820479),(-0.016727,0.028972,6.820479),(0.0,0.033454,6.820479),(0.016727,0.028972,6.820479),(0.028972,0.016727,6.820479),(0.033454,0.0,6.820479),(0.065257,0.0,1.436083),(0.06029,0.024973,1.436083),(0.046144,0.046144,1.436083),(0.024973,0.06029,1.436083),(0.0,0.065257,1.436083),(-0.024973,0.06029,1.436083),(-0.046144,0.046144,1.436083),(-0.06029,0.024973,1.436083),(-0.065257,0.0,1.436083),(0.053609,0.0,3.408104),(-0.053609,0.0,3.408104),(0.010734,0.053966,3.168734),(-0.045102,0.0,4.848459),(0.059433,0.0,2.422094),(0.045102,0.0,4.848458),(-0.01118,0.041726,5.170788),(-0.059433,0.0,2.422094),(-0.032541,0.0487,2.567968),(0.033238,0.049744,2.35552),(0.028698,0.028698,5.613242),(-0.039278,0.0,5.834469),(-0.027515,0.027515,5.896464),(-0.011985,0.060254,2.083328),(-0.051081,0.034131,2.083328),(0.05151,0.034418,1.99589),(0.039278,0.0,5.834469),(0.009789,0.036531,6.081345),(0.050813,0.027939,2.666886),(-0.03079,0.041032,3.799105),(-0.034726,0.051972,1.901884),(0.012194,0.061305,1.901884),(0.008274,0.058532,2.476225),(-0.062345,0.0,1.92909),(0.028399,0.038849,4.337167),(0.062345,0.0,1.929088),(-0.009562,0.035686,6.229573),(0.034856,0.052165,1.862439),(0.025988,0.025988,6.262032),(-0.051383,0.026007,2.734208),(-0.037038,0.040642,3.174866),(-0.01436,0.051793,3.384748),(-0.001907,0.048946,4.191392),(-0.046904,0.023704,3.586924),(-0.049356,0.0,4.128281),(-0.03949,0.025906,4.48837),(0.036366,0.0,6.327474),(0.035103,0.014082,6.080971),(0.038383,0.014457,5.540358),(0.035718,0.026715,4.932851),(0.01418,0.0419,4.995371),(0.049356,0.0,4.128281),(0.044297,0.026234,3.768193),(-0.037381,0.020915,5.232429),(0.04219,0.0,5.341463),(0.041695,0.012904,5.094961),(0.043855,0.015795,4.592669),(-0.036366,0.0,6.327474),(-0.035096,0.0141,6.080971),(-0.027701,0.023109,6.376852),(0.033895,0.04492,2.957099),(0.02846,0.044304,3.569268),(0.046992,0.028075,3.216623),(0.056521,0.0,2.915099),(0.058529,0.016788,2.175591),(0.060628,0.017662,1.79302),(0.008041,0.051209,3.708274),(-0.008884,0.056122,2.864296),(-0.058737,0.016045,2.175591),(-0.058703,0.022884,1.817235),(-0.050784,0.038072,1.738504),(-0.003242,0.03994,5.700181),(0.013443,0.038739,5.542135),(-0.018368,0.036298,5.596933),(-0.02667,0.034112,5.153553),(-0.02019,0.042137,4.573752),(-0.038381,0.012927,5.627584),(-0.04219,0.0,5.341464),(0.015385,0.046977,4.115352),(0.008986,0.045949,4.557639),(-0.000067,0.04478,4.90299),(0.002062,0.042291,5.315861),(-0.004716,0.046603,4.553945),(-0.011824,0.043667,4.825077),(-0.022196,0.039006,4.886163),(-0.033194,0.030802,4.817731),(-0.041033,0.018799,4.842951),(-0.047229,0.0,4.488371),(-0.046272,0.013823,4.308325),(-0.041777,0.027393,4.026489),(-0.048876,0.013404,3.903951),(-0.030987,0.037433,4.257204),(-0.018169,0.046217,4.076727),(-0.042355,0.010011,5.115917),(-0.045118,0.009776,4.668414),(-0.051482,0.0,3.768193),(-0.051367,0.011067,3.588148),(-0.056521,0.0,2.915099),(-0.051942,0.018303,3.160421),(-0.007134,0.050661,3.822663),(0.028217,0.041742,3.954054),(0.038138,0.031546,4.104808),(0.046401,0.016723,4.133895),(0.037494,0.028614,4.499122),(0.028333,0.036023,4.725146),(0.025861,0.034779,5.146664),(0.051482,0.0,3.768193),(0.050679,0.013881,3.588148),(0.053001,0.013509,3.224252),(0.052065,0.021381,2.95533),(0.056667,0.01232,2.666325),(0.045387,0.033539,2.929754),(0.041105,0.041277,2.621974),(0.048895,0.034575,2.345637),(0.039615,0.038171,3.170563),(0.040928,0.033833,3.49412),(0.029101,0.046102,3.254234),(0.018311,0.050307,3.420498),(0.022189,0.051323,3.017869),(0.026625,0.051442,2.677579),(0.010233,0.056152,2.820953),(0.036659,0.036047,3.780017),(0.04245,0.04389,2.146726),(0.006901,0.053015,3.432924),(-0.003047,0.054678,3.212755),(0.019032,0.048295,3.695848),(-0.014159,0.053535,3.108969),(-0.023595,0.051837,2.841723),(-0.015908,0.05689,2.483275),(-0.025774,0.048195,3.231294),(-0.032379,0.042207,3.477996),(-0.02193,0.047497,3.627146),(-0.041844,0.033444,3.41522),(-0.046074,0.030592,3.121042),(-0.041604,0.039103,2.817778),(-0.046407,0.036859,2.450732),(-0.039961,0.032861,3.72499),(-0.04044,0.045396,2.191238),(-0.026617,0.054585,2.20267),(0.033271,0.026462,5.287074),(0.044633,0.04387,1.888789),(0.053217,0.035558,1.436083),(0.052431,0.036006,1.715986),(0.041586,0.048523,1.664896),(0.035558,0.053217,1.436083),(0.031782,0.006243,6.820479),(0.03491,0.0,6.573976),(0.034141,0.01022,6.450725),(0.031203,0.018493,6.343433),(0.02285,0.02285,6.820479),(0.02137,0.027849,6.541255),(0.011444,0.033525,6.486839),(0.018268,0.03196,6.251932),(0.023707,0.030549,5.937637),(0.031393,0.022855,5.910104),(0.001271,0.036195,6.352692),(0.027046,0.022213,6.559081),(-0.008364,0.031213,6.820479),(-0.01347,0.03252,6.525026),(-0.020293,0.031079,6.200202),(-0.021279,0.02795,6.536993),(-0.02285,0.02285,6.820479),(-0.004561,0.034641,6.568867),(-0.0152,0.035584,5.933307),(0.000007,0.038183,6.019889),(0.006705,0.039001,5.78454),(0.015761,0.035966,5.836271),(0.021441,0.034474,5.611029),(0.019826,0.037197,5.348081),(0.011558,0.041015,5.269994),(0.026574,0.03238,5.39248),(0.030663,0.016606,6.5807),(-0.031782,0.006243,6.820479),(-0.03491,0.0,6.573976),(-0.03414,0.010224,6.450725),(-0.02773,0.036886,4.671555),(0.047396,0.024116,3.481076),(0.021276,0.055479,2.424516),(0.025153,0.055883,2.10898),(-0.054218,0.02432,2.423811),(-0.056891,0.012143,2.635452),(0.01215,0.059553,2.194149),(-0.001234,0.060322,2.269533),(-0.003855,0.058679,2.528418),(0.000261,0.061883,2.007138),(-0.01093,0.062611,1.723668),(0.001925,0.063365,1.751431),(0.012486,0.062773,1.436083),(0.018544,0.061131,1.668984),(-0.033153,0.023728,5.581966),(0.020268,0.042189,4.560204),(-0.004008,0.053075,3.473034),(0.054821,0.023045,2.416238),(0.058358,0.01176,2.405553),(-0.047787,0.025208,3.337176),(-0.054298,0.01618,2.892064),(-0.026456,0.030818,5.607859),(-0.030581,0.028903,5.360303),(-0.033434,0.028001,5.101016),(-0.024429,0.034039,5.390974),(-0.019207,0.038348,5.223076),(-0.021863,0.032743,5.818663),(0.008364,0.031213,6.820479),(0.002056,0.034746,6.591548),(-0.022141,0.058559,1.885088),(-0.029801,0.05648,1.672581),(-0.040879,0.04905,1.674059),(-0.035558,0.053217,1.436083),(0.037822,0.0,6.080971),(0.037851,0.007309,5.95772),(0.039497,0.007192,5.687413),(0.036735,0.014296,5.810648),(0.036242,0.007595,6.21528),(0.040935,0.007476,5.439396),(0.040734,0.0,5.587966),(0.040029,0.013772,5.317407),(0.038056,0.020496,5.166377),(0.043646,0.0,5.094961),(0.041038,0.018567,4.858528),(0.04432,0.009592,4.807196),(0.047229,0.0,4.48837),(-0.037822,0.0,6.080971),(-0.03642,0.007042,6.204222),(-0.037918,0.007737,5.932401),(-0.036499,0.014254,5.850491),(-0.032411,0.020927,5.952617),(-0.028388,0.024565,6.128592),(0.060889,0.0,2.175591),(0.063801,0.0,1.682586),(-0.060889,0.0,2.175592),(-0.062773,0.012486,1.436083),(-0.063801,0.0,1.682586),(-0.06213,0.010865,1.805837),(-0.053217,0.035558,1.436083),(-0.010074,0.040151,5.475933),(-0.011136,0.038324,5.727682),(-0.007656,0.037742,5.964427),(-0.040734,0.0,5.587967),(0.00583,0.04985,3.987036),(0.007192,0.048273,4.221291),(0.014544,0.04573,4.36007),(-0.042867,0.022884,4.257497),(-0.037533,0.030653,4.28001),(-0.035095,0.035689,4.010022),(-0.02715,0.041794,4.046534),(-0.022453,0.045706,3.862828),(-0.022398,0.042782,4.308673),(-0.011867,0.046707,4.325468),(-0.043646,0.0,5.094962),(-0.039917,0.013335,5.359073),(-0.044109,0.007987,4.895067),(-0.04287,0.018248,4.59609),(-0.055065,0.0,3.161602),(0.042901,0.021456,4.363371),(0.046299,0.012544,4.363221),(0.048285,0.016294,3.856709),(0.055065,0.0,3.161601),(0.055449,0.011025,2.912909),(0.057977,0.0,2.668596),(0.041633,0.042694,2.388235),(-0.033024,0.045659,2.944095),(-0.044463,0.043593,1.942166),(0.034397,0.02241,5.533888),(-0.025564,0.023572,6.597193),(-0.030128,0.017877,6.553158),(-0.032101,0.017475,6.296498),(0.005583,0.040641,5.539048),(-0.057857,0.014023,2.40539),(-0.057977,0.0,2.668597),(-0.012486,0.062773,1.436083),(0.062773,0.012486,1.436083)),$);
#650= IFCTRIANGULATEDFACESET(#649,$,$,((38,193,191),(233,29,232),(30,211,145),(111,112,56),(157,163,45),(103,97,50),(44,150,151),(157,158,5),(191,192,30),(43,165,169),(260,110,63),(200,234,71),(211,30,192),(56,112,146),(140,141,46),(122,69,121),(161,27,160),(76,77,15),(142,46,141),(44,129,147),(28,228,230),(28,230,244),(258,95,101),(155,154,54),(264,265,117),(45,159,157),(184,185,188),(239,237,238),(213,212,214),(150,149,10),(48,131,133),(209,210,4),(228,229,230),(179,2,181),(131,48,198),(194,12,193),(76,239,75),(186,46,142),(266,119,120),(32,71,72),(88,176,87),(269,161,218),(78,241,242),(125,67,126),(115,69,183),(101,94,20),(107,132,85),(37,212,213),(31,142,144),(188,189,39),(184,26,185),(135,25,134),(19,124,125),(56,223,225),(75,40,236),(106,99,49),(162,171,43),(235,277,72),(66,167,166),(195,193,38),(26,266,129),(163,178,155),(173,79,172),(187,202,46),(137,139,143),(139,140,201),(138,136,137),(138,252,106),(74,131,127),(96,248,249),(86,87,57),(186,187,46),(96,50,97),(196,203,204),(93,60,205),(90,91,23),(33,216,215),(215,216,219),(53,154,153),(55,218,217),(110,111,56),(220,55,217),(59,128,108),(246,247,85),(87,23,88),(115,116,69),(113,17,114),(119,67,118),(100,256,60),(203,206,204),(225,226,63),(62,222,220),(146,269,223),(22,227,226),(22,226,224),(109,59,108),(228,64,229),(64,180,181),(196,60,256),(66,270,167),(165,3,164),(123,68,122),(116,118,69),(68,123,124),(122,128,59),(69,118,121),(115,114,17),(72,71,42),(35,116,117),(71,32,120),(32,149,147),(73,124,130),(132,245,85),(189,135,190),(74,134,133),(186,75,274),(76,75,31),(77,76,31),(239,238,40),(31,144,268),(240,15,77),(240,77,14),(172,78,171),(242,80,170),(173,159,160),(79,174,175),(207,81,206),(166,170,208),(89,90,87),(204,205,60),(36,250,251),(81,91,92),(232,196,231),(85,245,246),(60,93,100),(83,244,230),(107,85,41),(89,87,86),(57,111,197),(246,89,86),(241,88,23),(273,78,172),(176,79,175),(254,49,99),(90,89,82),(91,90,82),(23,87,90),(182,92,91),(91,81,207),(182,91,82),(92,52,93),(95,51,94),(257,255,100),(95,97,51),(95,94,101),(258,248,95),(92,182,52),(143,36,137),(97,95,248),(97,103,102),(254,99,253),(96,249,250),(99,251,253),(245,106,49),(93,101,257),(106,245,73),(257,101,20),(101,93,258),(102,103,18),(102,51,97),(139,201,50),(18,103,105),(201,103,50),(104,259,202),(198,73,130),(48,136,138),(107,41,108),(132,68,124),(110,108,41),(58,113,262),(260,108,110),(260,261,109),(111,110,41),(225,110,56),(197,111,41),(112,111,57),(57,176,175),(112,177,146),(114,59,262),(114,262,113),(122,183,69),(264,263,70),(264,70,265),(117,21,200),(263,264,115),(118,116,35),(264,117,116),(199,200,71),(119,118,35),(121,118,67),(120,119,35),(119,26,126),(199,120,35),(120,32,129),(123,121,67),(59,114,183),(123,122,121),(128,68,107),(125,123,67),(123,125,124),(130,124,19),(132,124,73),(67,119,126),(127,19,125),(26,184,126),(126,184,127),(126,127,125),(127,39,190),(68,128,122),(108,128,107),(147,129,32),(185,129,44),(131,130,19),(130,131,198),(127,131,19),(133,131,74),(132,73,245),(107,68,132),(74,135,134),(136,48,133),(267,25,141),(134,267,136),(189,190,39),(145,37,144),(134,136,133),(137,136,47),(139,137,47),(137,36,138),(36,251,252),(106,48,138),(139,47,140),(139,50,143),(141,140,47),(202,140,46),(267,141,47),(268,144,37),(25,142,141),(186,31,75),(50,96,143),(250,143,96),(142,25,144),(145,25,135),(25,145,144),(135,30,145),(27,269,146),(222,55,220),(149,72,9),(150,44,147),(149,9,148),(149,148,10),(72,149,32),(149,150,147),(151,11,44),(150,10,151),(154,152,153),(216,54,219),(152,7,153),(152,154,178),(161,155,54),(157,5,156),(163,157,156),(163,6,178),(157,159,158),(162,158,34),(210,209,158),(160,159,45),(34,158,159),(45,155,161),(173,174,79),(45,161,160),(54,216,218),(171,162,34),(4,169,164),(6,163,156),(45,163,155),(166,165,43),(169,4,210),(167,3,165),(170,166,43),(166,29,233),(166,167,165),(43,169,162),(270,2,168),(168,3,167),(165,164,169),(43,171,243),(80,203,208),(172,171,34),(242,243,78),(173,172,34),(172,79,273),(159,173,34),(174,160,27),(160,174,173),(175,177,112),(177,174,27),(57,175,112),(87,176,57),(273,176,88),(174,177,175),(146,177,27),(152,178,6),(154,155,178),(180,179,181),(181,271,272),(180,1,179),(271,2,270),(253,182,82),(182,98,249),(59,183,122),(115,183,114),(129,185,26),(127,184,39),(195,185,44),(188,185,38),(31,186,142),(186,274,187),(187,24,275),(187,275,104),(105,259,18),(189,191,30),(184,188,39),(191,188,38),(135,189,30),(135,74,190),(127,190,74),(188,191,189),(191,193,192),(192,12,276),(192,276,13),(211,212,37),(195,11,194),(12,192,193),(195,44,11),(193,195,194),(195,38,185),(231,83,230),(196,29,203),(247,41,85),(57,197,86),(48,106,198),(73,198,106),(117,199,35),(71,120,199),(117,200,199),(72,42,235),(140,105,201),(103,201,105),(104,202,187),(140,202,105),(208,203,29),(204,206,81),(205,204,81),(60,196,204),(81,92,205),(93,205,92),(203,80,206),(80,241,207),(80,207,206),(91,207,23),(166,208,29),(80,208,170),(210,162,169),(209,5,158),(158,162,210),(212,192,13),(145,211,37),(192,212,211),(214,14,213),(14,77,213),(268,213,77),(212,13,214),(154,219,54),(217,216,33),(216,217,218),(220,221,61),(220,61,224),(221,220,217),(269,218,55),(161,54,218),(154,53,219),(215,219,53),(220,224,62),(217,33,221),(223,222,62),(222,223,269),(225,223,62),(56,146,223),(62,224,226),(110,225,63),(62,226,225),(109,261,58),(226,227,63),(65,230,229),(64,181,229),(181,65,229),(231,230,65),(256,244,83),(232,231,65),(196,83,231),(272,233,232),(196,232,29),(272,232,65),(166,233,66),(234,200,21),(234,42,71),(76,15,237),(274,236,24),(237,16,238),(75,239,40),(237,239,76),(88,241,78),(207,241,23),(80,242,241),(243,242,170),(43,243,170),(78,243,171),(256,84,244),(246,245,49),(89,246,49),(247,246,86),(86,197,247),(41,247,197),(249,248,52),(97,248,96),(182,249,52),(249,98,250),(251,250,98),(143,250,36),(253,251,98),(251,99,252),(106,252,99),(36,252,138),(182,253,98),(254,82,89),(82,254,253),(49,254,89),(84,256,100),(255,84,100),(196,256,83),(255,257,20),(93,257,100),(93,52,258),(258,52,248),(202,259,105),(261,260,63),(108,260,109),(63,227,261),(58,261,227),(59,109,262),(262,109,58),(115,17,263),(115,264,116),(129,266,120),(265,21,117),(26,119,266),(136,267,47),(25,267,134),(213,268,37),(31,268,77),(161,269,27),(269,55,222),(270,66,271),(168,167,270),(272,271,66),(181,2,271),(233,272,66),(181,272,65),(176,273,79),(78,273,88),(236,274,75),(24,187,274),(277,235,8),(277,9,72)),$);
#651= IFCSTYLEDITEM(#650,(#121),'\X2\0110\X0\\X2\00E8\X0\n chi\X2\1EBF\X0\u s\X2\00E1\X0\ng');
#652= IFCCARTESIANPOINTLIST3D(((0.033454,0.0,6.820479),(0.028972,-0.016727,6.820479),(0.016727,-0.028972,6.820479),(0.0,-0.033454,6.820479),(-0.016727,-0.028972,6.820479),(-0.028972,-0.016727,6.820479),(-0.033454,0.0,6.820479),(-0.065257,0.0,1.436083),(-0.06029,-0.024973,1.436083),(-0.046144,-0.046144,1.436083),(-0.024973,-0.06029,1.436083),(0.0,-0.065257,1.436083),(0.024973,-0.06029,1.436083),(0.046144,-0.046144,1.436083),(0.06029,-0.024973,1.436083),(0.065257,0.0,1.436083),(-0.053609,0.0,3.408104),(0.053609,0.0,3.408099),(-0.010734,-0.053966,3.168734),(0.045102,0.0,4.848457),(-0.059433,0.0,2.422094),(-0.045102,0.0,4.848458),(0.01118,-0.041726,5.170788),(0.059433,0.0,2.422091),(0.032541,-0.0487,2.567968),(-0.033238,-0.049744,2.35552),(-0.028698,-0.028698,5.613242),(0.039278,0.0,5.834465),(0.027515,-0.027515,5.896464),(0.011985,-0.060254,2.083328),(0.051081,-0.034131,2.083328),(-0.05151,-0.034418,1.99589),(-0.039278,0.0,5.834469),(-0.009789,-0.036531,6.081345),(-0.050813,-0.027939,2.666886),(0.03079,-0.041032,3.799105),(0.034726,-0.051972,1.901884),(-0.012194,-0.061305,1.901884),(-0.008274,-0.058532,2.476225),(0.062345,0.0,1.929084),(-0.028399,-0.038849,4.337167),(-0.062345,0.0,1.929088),(0.009562,-0.035686,6.229573),(-0.034856,-0.052165,1.862439),(-0.025988,-0.025988,6.262032),(0.051383,-0.026007,2.734208),(0.037038,-0.040642,3.174866),(0.01436,-0.051793,3.384748),(0.001907,-0.048946,4.191392),(0.046904,-0.023704,3.586924),(0.049356,0.0,4.128275),(0.03949,-0.025906,4.48837),(-0.036366,0.0,6.327473),(-0.035103,-0.014082,6.080971),(-0.038383,-0.014457,5.540358),(-0.035718,-0.026715,4.932851),(-0.01418,-0.0419,4.995371),(-0.049356,0.0,4.128282),(-0.044297,-0.026234,3.768193),(0.037381,-0.020915,5.232429),(-0.04219,0.0,5.341464),(-0.041695,-0.012904,5.094961),(-0.043855,-0.015795,4.592669),(0.036366,0.0,6.327472),(0.035096,-0.0141,6.080971),(0.027701,-0.023109,6.376852),(-0.033895,-0.04492,2.957099),(-0.02846,-0.044304,3.569268),(-0.046992,-0.028075,3.216623),(-0.056521,0.0,2.915099),(-0.058529,-0.016788,2.175591),(-0.060628,-0.017662,1.79302),(-0.008041,-0.051209,3.708274),(0.008884,-0.056122,2.864296),(0.058737,-0.016045,2.175591),(0.058703,-0.022884,1.817235),(0.050784,-0.038072,1.738504),(0.003242,-0.03994,5.700181),(-0.013443,-0.038739,5.542135),(0.018368,-0.036298,5.596933),(0.02667,-0.034112,5.153553),(0.02019,-0.042137,4.573751),(0.038381,-0.012927,5.627584),(0.04219,0.0,5.341464),(-0.015385,-0.046977,4.115352),(-0.008986,-0.045949,4.557639),(0.000067,-0.04478,4.90299),(-0.002062,-0.042291,5.315861),(0.004716,-0.046603,4.553945),(0.011824,-0.043667,4.825077),(0.022196,-0.039006,4.886163),(0.033194,-0.030802,4.817731),(0.041033,-0.018799,4.842951),(0.047229,0.0,4.488369),(0.046272,-0.013823,4.308325),(0.041777,-0.027393,4.026489),(0.048876,-0.013404,3.903951),(0.030987,-0.037433,4.257204),(0.018169,-0.046217,4.076727),(0.042355,-0.010011,5.115917),(0.045118,-0.009776,4.668414),(0.051482,0.0,3.768187),(0.051367,-0.011067,3.588148),(0.056521,0.0,2.915098),(0.051942,-0.018303,3.160421),(0.007134,-0.050661,3.822663),(-0.028217,-0.041742,3.954054),(-0.038138,-0.031546,4.104808),(-0.046401,-0.016723,4.133895),(-0.037494,-0.028614,4.499122),(-0.028333,-0.036023,4.725146),(-0.025861,-0.034779,5.146664),(-0.051482,0.0,3.768193),(-0.050679,-0.013881,3.588148),(-0.053001,-0.013509,3.224252),(-0.052065,-0.021381,2.95533),(-0.056667,-0.01232,2.666325),(-0.045387,-0.033539,2.929754),(-0.041105,-0.041277,2.621974),(-0.048895,-0.034575,2.345637),(-0.039615,-0.038171,3.170563),(-0.040928,-0.033833,3.49412),(-0.029101,-0.046102,3.254234),(-0.018311,-0.050307,3.420498),(-0.022189,-0.051323,3.017869),(-0.026625,-0.051442,2.677579),(-0.010233,-0.056152,2.820953),(-0.036659,-0.036047,3.780017),(-0.04245,-0.04389,2.146726),(-0.006901,-0.053015,3.432924),(0.003047,-0.054678,3.212755),(-0.019032,-0.048295,3.695848),(0.014159,-0.053535,3.108969),(0.023595,-0.051837,2.841723),(0.015908,-0.05689,2.483275),(0.025774,-0.048195,3.231294),(0.032379,-0.042207,3.477996),(0.02193,-0.047497,3.627146),(0.041844,-0.033444,3.41522),(0.046074,-0.030592,3.121042),(0.041604,-0.039103,2.817778),(0.046407,-0.036859,2.450732),(0.039961,-0.032861,3.72499),(0.04044,-0.045396,2.191238),(0.026617,-0.054585,2.20267),(-0.033271,-0.026462,5.287074),(-0.044633,-0.04387,1.888789),(-0.053217,-0.035558,1.436083),(-0.052431,-0.036006,1.715986),(-0.041586,-0.048523,1.664896),(-0.035558,-0.053217,1.436083),(-0.031782,-0.006243,6.820479),(-0.03491,0.0,6.573977),(-0.034141,-0.01022,6.450725),(-0.031203,-0.018493,6.343433),(-0.02285,-0.02285,6.820479),(-0.02137,-0.027849,6.541255),(-0.011444,-0.033525,6.486839),(-0.018268,-0.03196,6.251932),(-0.023707,-0.030549,5.937637),(-0.031393,-0.022855,5.910104),(-0.001271,-0.036195,6.352692),(-0.027046,-0.022213,6.559081),(0.008364,-0.031213,6.820479),(0.01347,-0.03252,6.525026),(0.020293,-0.031079,6.200202),(0.021279,-0.02795,6.536993),(0.02285,-0.02285,6.820479),(0.004561,-0.034641,6.568867),(0.0152,-0.035584,5.933307),(-0.000007,-0.038183,6.019889),(-0.006705,-0.039001,5.78454),(-0.015761,-0.035966,5.836271),(-0.021441,-0.034474,5.611029),(-0.019826,-0.037197,5.348081),(-0.011558,-0.041015,5.269994),(-0.026574,-0.03238,5.39248),(-0.030663,-0.016606,6.5807),(0.031782,-0.006243,6.820479),(0.03491,0.0,6.573972),(0.03414,-0.010224,6.450725),(0.02773,-0.036886,4.671555),(-0.047396,-0.024116,3.481076),(-0.021276,-0.055479,2.424516),(-0.025153,-0.055883,2.10898),(0.054218,-0.02432,2.423811),(0.056891,-0.012143,2.635452),(-0.01215,-0.059553,2.194149),(0.001234,-0.060322,2.269533),(0.003855,-0.058679,2.528418),(-0.000261,-0.061883,2.007138),(0.01093,-0.062611,1.723668),(-0.001925,-0.063365,1.751431),(-0.012486,-0.062773,1.436083),(-0.018544,-0.061131,1.668984),(0.033153,-0.023728,5.581966),(-0.020268,-0.042189,4.560204),(0.004008,-0.053075,3.473034),(-0.054821,-0.023045,2.416238),(-0.058358,-0.01176,2.405553),(0.047787,-0.025208,3.337176),(0.054298,-0.01618,2.892064),(0.026456,-0.030818,5.607859),(0.030581,-0.028903,5.360303),(0.033434,-0.028001,5.101016),(0.024429,-0.034039,5.390974),(0.019207,-0.038348,5.223076),(0.021863,-0.032743,5.818663),(-0.008364,-0.031213,6.820479),(-0.002056,-0.034746,6.591548),(0.022141,-0.058559,1.885088),(0.029801,-0.05648,1.672581),(0.040879,-0.04905,1.674059),(0.035558,-0.053217,1.436083),(-0.037822,0.0,6.080971),(-0.037851,-0.007309,5.95772),(-0.039497,-0.007192,5.687413),(-0.036735,-0.014296,5.810648),(-0.036242,-0.007595,6.21528),(-0.040935,-0.007476,5.439396),(-0.040734,0.0,5.587966),(-0.040029,-0.013772,5.317407),(-0.038056,-0.020496,5.166377),(-0.043646,0.0,5.094961),(-0.041038,-0.018567,4.858528),(-0.04432,-0.009592,4.807196),(-0.047229,0.0,4.48837),(0.037822,0.0,6.080971),(0.03642,-0.007042,6.204222),(0.037918,-0.007737,5.932401),(0.036499,-0.014254,5.850491),(0.032411,-0.020927,5.952617),(0.028388,-0.024565,6.128592),(-0.060889,0.0,2.175591),(-0.063801,0.0,1.682586),(0.060889,0.0,2.175591),(0.062773,-0.012486,1.436083),(0.063801,0.0,1.682584),(0.06213,-0.010865,1.805837),(0.053217,-0.035558,1.436083),(0.010074,-0.040151,5.475933),(0.011136,-0.038324,5.727682),(0.007656,-0.037742,5.964427),(0.040734,0.0,5.587964),(-0.00583,-0.04985,3.987036),(-0.007192,-0.048273,4.221291),(-0.014544,-0.04573,4.36007),(0.042867,-0.022884,4.257497),(0.037533,-0.030653,4.28001),(0.035095,-0.035689,4.010022),(0.02715,-0.041794,4.046534),(0.022453,-0.045706,3.862828),(0.022398,-0.042782,4.308673),(0.011867,-0.046707,4.325468),(0.043646,0.0,5.094957),(0.039917,-0.013335,5.359073),(0.044109,-0.007987,4.895067),(0.04287,-0.018248,4.59609),(0.055065,0.0,3.161599),(-0.042901,-0.021456,4.363371),(-0.046299,-0.012544,4.363221),(-0.048285,-0.016294,3.856709),(-0.055065,0.0,3.161601),(-0.055449,-0.011025,2.912909),(-0.057977,0.0,2.668596),(-0.041633,-0.042694,2.388235),(0.033024,-0.045659,2.944095),(0.044463,-0.043593,1.942166),(-0.034397,-0.02241,5.533888),(0.025564,-0.023572,6.597193),(0.030128,-0.017877,6.553158),(0.032101,-0.017475,6.296498),(-0.005583,-0.040641,5.539048),(0.057857,-0.014023,2.40539),(0.057977,0.0,2.668592),(0.012486,-0.062773,1.436083),(-0.062773,-0.012486,1.436083)),$);
#653= IFCTRIANGULATEDFACESET(#652,$,$,((38,193,191),(56,112,146),(145,30,211),(122,69,121),(150,149,10),(103,97,50),(191,192,30),(44,150,151),(45,159,157),(184,185,188),(153,154,152),(234,200,21),(211,30,192),(157,158,5),(140,141,46),(76,77,15),(260,110,63),(48,131,133),(40,239,238),(169,43,165),(28,228,230),(28,230,244),(258,95,101),(56,111,112),(264,265,117),(44,129,147),(233,29,232),(161,27,160),(213,212,214),(142,46,141),(157,163,45),(209,210,4),(228,229,230),(179,2,181),(131,48,198),(194,12,193),(76,239,75),(186,46,142),(266,119,120),(32,71,72),(88,176,87),(269,161,218),(78,241,242),(125,67,126),(115,69,183),(101,94,20),(107,132,85),(37,212,213),(31,142,144),(188,189,39),(184,26,185),(135,25,134),(19,124,125),(56,223,225),(75,40,236),(106,99,49),(162,171,43),(235,277,72),(66,167,166),(195,193,38),(26,266,129),(53,154,153),(173,79,172),(187,202,46),(137,139,143),(139,140,201),(138,136,137),(138,252,106),(74,131,127),(96,248,249),(86,87,57),(186,187,46),(96,50,97),(196,203,204),(93,60,205),(90,91,23),(154,219,54),(215,216,219),(178,155,163),(220,217,221),(110,111,56),(220,55,217),(59,128,108),(246,247,85),(87,23,88),(115,116,69),(262,114,59),(119,67,118),(100,256,60),(203,206,204),(225,226,63),(220,224,62),(146,269,223),(22,227,226),(22,226,224),(109,59,108),(229,228,64),(64,180,181),(196,60,256),(66,270,167),(165,3,164),(123,68,122),(116,118,69),(68,123,124),(122,128,59),(69,118,121),(115,114,17),(72,71,42),(35,116,117),(71,32,120),(32,149,147),(73,124,130),(245,49,246),(189,135,190),(74,134,133),(186,75,274),(76,75,31),(77,76,31),(237,16,238),(31,144,268),(240,15,77),(240,77,14),(172,78,171),(242,80,170),(173,159,160),(79,174,175),(207,81,206),(166,170,208),(89,90,87),(204,205,60),(36,250,251),(81,91,92),(232,196,231),(85,245,246),(60,93,100),(83,244,230),(107,85,41),(89,87,86),(57,111,197),(246,89,86),(241,88,23),(273,78,172),(176,79,175),(254,49,99),(90,89,82),(91,90,82),(23,87,90),(182,92,91),(91,81,207),(182,91,82),(92,52,93),(95,51,94),(257,255,100),(95,97,51),(95,94,101),(258,248,95),(92,182,52),(143,36,137),(97,95,248),(97,103,102),(254,99,253),(96,249,250),(99,251,253),(245,106,49),(93,101,257),(132,245,85),(257,101,20),(101,93,258),(102,103,18),(102,51,97),(139,201,50),(18,103,105),(201,103,50),(104,259,202),(198,73,130),(48,136,138),(107,41,108),(132,68,124),(110,108,41),(58,113,262),(260,108,110),(260,261,109),(111,110,41),(225,110,56),(197,111,41),(112,111,57),(57,176,175),(112,177,146),(183,69,122),(114,262,113),(113,17,114),(264,263,70),(264,70,265),(117,21,200),(263,264,115),(118,116,35),(264,117,116),(199,200,71),(119,118,35),(121,118,67),(120,119,35),(119,26,126),(199,120,35),(120,32,129),(123,121,67),(59,114,183),(123,122,121),(128,68,107),(125,123,67),(123,125,124),(130,124,19),(132,124,73),(67,119,126),(127,19,125),(26,184,126),(126,184,127),(126,127,125),(127,39,190),(68,128,122),(108,128,107),(147,129,32),(185,129,44),(131,130,19),(130,131,198),(127,131,19),(133,131,74),(132,73,245),(107,68,132),(74,135,134),(136,48,133),(267,25,141),(134,267,136),(189,190,39),(145,37,144),(134,136,133),(137,136,47),(139,137,47),(137,36,138),(36,251,252),(106,48,138),(139,47,140),(139,50,143),(141,140,47),(202,140,46),(267,141,47),(268,144,37),(25,142,141),(186,31,75),(50,96,143),(250,143,96),(142,25,144),(145,25,135),(25,145,144),(135,30,145),(27,269,146),(222,55,220),(149,72,9),(150,44,147),(149,9,148),(149,148,10),(72,149,32),(149,150,147),(151,11,44),(150,10,151),(216,54,219),(152,7,153),(155,154,54),(152,154,178),(161,155,54),(157,5,156),(163,157,156),(163,6,178),(157,159,158),(162,158,34),(210,209,158),(160,159,45),(34,158,159),(45,155,161),(173,174,79),(45,161,160),(54,216,218),(171,162,34),(4,169,164),(6,163,156),(45,163,155),(166,165,43),(169,4,210),(167,3,165),(170,166,43),(166,29,233),(166,167,165),(43,169,162),(270,2,168),(168,3,167),(165,164,169),(43,171,243),(80,203,208),(172,171,34),(242,243,78),(173,172,34),(172,79,273),(159,173,34),(174,160,27),(160,174,173),(175,177,112),(177,174,27),(57,175,112),(87,176,57),(273,176,88),(174,177,175),(146,177,27),(152,178,6),(154,155,178),(180,179,181),(181,271,272),(180,1,179),(271,2,270),(253,182,82),(182,98,249),(59,183,122),(115,183,114),(129,185,26),(127,184,39),(195,185,44),(188,185,38),(31,186,142),(186,274,187),(187,24,275),(187,275,104),(105,259,18),(189,191,30),(184,188,39),(191,188,38),(135,189,30),(135,74,190),(127,190,74),(188,191,189),(191,193,192),(192,12,276),(192,276,13),(211,212,37),(194,193,195),(12,192,193),(194,195,11),(185,195,38),(44,11,195),(231,83,230),(196,29,203),(247,41,85),(57,197,86),(48,106,198),(73,198,106),(117,199,35),(71,120,199),(117,200,199),(200,234,71),(140,105,201),(103,201,105),(104,202,187),(140,202,105),(208,203,29),(204,206,81),(205,204,81),(60,196,204),(81,92,205),(93,205,92),(203,80,206),(80,241,207),(80,207,206),(91,207,23),(166,208,29),(80,208,170),(210,162,169),(209,5,158),(158,162,210),(212,192,13),(145,211,37),(192,212,211),(214,14,213),(14,77,213),(268,213,77),(212,13,214),(217,218,216),(218,217,55),(215,33,216),(220,221,61),(220,61,224),(216,33,217),(269,218,55),(161,54,218),(154,53,219),(215,219,53),(62,224,226),(217,33,221),(223,222,62),(222,223,269),(225,223,62),(56,146,223),(62,222,220),(110,225,63),(62,226,225),(109,261,58),(226,227,63),(229,181,65),(181,229,64),(229,65,230),(231,230,65),(256,244,83),(232,231,65),(196,83,231),(272,233,232),(196,232,29),(272,232,65),(166,233,66),(72,42,235),(42,71,234),(76,15,237),(274,236,24),(75,239,40),(238,239,237),(237,239,76),(88,241,78),(207,241,23),(80,242,241),(243,242,170),(43,243,170),(78,243,171),(256,84,244),(106,245,73),(89,246,49),(247,246,86),(86,197,247),(41,247,197),(249,248,52),(97,248,96),(182,249,52),(249,98,250),(251,250,98),(143,250,36),(253,251,98),(251,99,252),(106,252,99),(36,252,138),(182,253,98),(254,82,89),(82,254,253),(49,254,89),(84,256,100),(255,84,100),(196,256,83),(255,257,20),(93,257,100),(93,52,258),(258,52,248),(202,259,105),(261,260,63),(108,260,109),(63,227,261),(58,261,227),(59,109,262),(262,109,58),(115,17,263),(115,264,116),(129,266,120),(265,21,117),(26,119,266),(136,267,47),(25,267,134),(213,268,37),(31,268,77),(161,269,27),(269,55,222),(270,66,271),(168,167,270),(272,271,66),(181,2,271),(233,272,66),(181,272,65),(176,273,79),(78,273,88),(236,274,75),(24,187,274),(277,235,8),(277,9,72)),$);
#654= IFCSTYLEDITEM(#653,(#121),'\X2\0110\X0\\X2\00E8\X0\n chi\X2\1EBF\X0\u s\X2\00E1\X0\ng');
#655= IFCCARTESIANPOINTLIST3D(((0.0,0.0,6.820479),(0.033454,0.0,6.820479),(0.028972,0.016727,6.820479),(0.016727,0.028972,6.820479),(0.0,0.033454,6.820479),(-0.016727,0.028972,6.820479),(-0.028972,0.016727,6.820479),(-0.033454,0.0,6.820479)),$);
#656= IFCTRIANGULATEDFACESET(#655,$,$,((7,8,1),(7,1,6),(5,6,1),(5,1,4),(3,4,1),(3,1,2)),$);
#657= IFCSTYLEDITEM(#656,(#121),'\X2\0110\X0\\X2\00E8\X0\n chi\X2\1EBF\X0\u s\X2\00E1\X0\ng');
#658= IFCCARTESIANPOINTLIST3D(((0.0,0.0,6.820479),(-0.033454,0.0,6.820479),(-0.028972,-0.016727,6.820479),(-0.016727,-0.028972,6.820479),(0.0,-0.033454,6.820479),(0.016727,-0.028972,6.820479),(0.028972,-0.016727,6.820479),(0.033454,0.0,6.820479)),$);
#659= IFCTRIANGULATEDFACESET(#658,$,$,((3,4,1),(3,1,2),(1,4,5),(1,5,6),(1,6,7),(1,7,8)),$);
#660= IFCSTYLEDITEM(#659,(#121),'\X2\0110\X0\\X2\00E8\X0\n chi\X2\1EBF\X0\u s\X2\00E1\X0\ng');
#661= IFCCARTESIANPOINTLIST3D(((-0.065257,0.0,1.436083),(-0.06029,0.024973,1.436083),(-0.046144,0.046144,1.436083),(-0.024973,0.06029,1.436083),(0.0,0.065257,1.436083),(0.024973,0.06029,1.436083),(0.046144,0.046144,1.436083),(0.06029,0.024973,1.436083),(0.065257,0.0,1.436083),(0.0,0.0,1.436083)),$);
#662= IFCTRIANGULATEDFACESET(#661,$,$,((10,1,2),(10,2,3),(10,3,4),(10,4,5),(10,7,8),(10,8,9),(10,5,6),(10,6,7)),$);
#663= IFCSTYLEDITEM(#662,(#121),'\X2\0110\X0\\X2\00E8\X0\n chi\X2\1EBF\X0\u s\X2\00E1\X0\ng');
#664= IFCCARTESIANPOINTLIST3D(((0.065257,0.0,1.436083),(0.06029,-0.024973,1.436083),(0.046144,-0.046144,1.436083),(0.024973,-0.06029,1.436083),(0.0,-0.065257,1.436083),(-0.024973,-0.06029,1.436083),(-0.046144,-0.046144,1.436083),(-0.06029,-0.024973,1.436083),(-0.065257,0.0,1.436083),(0.0,0.0,1.436083)),$);
#665= IFCTRIANGULATEDFACESET(#664,$,$,((10,6,7),(10,7,8),(10,8,9),(5,6,10),(5,10,4),(3,4,10),(3,10,2),(1,2,10)),$);
#666= IFCSTYLEDITEM(#665,(#121),'\X2\0110\X0\\X2\00E8\X0\n chi\X2\1EBF\X0\u s\X2\00E1\X0\ng');
#667= IFCCARTESIANPOINTLIST3D(((1.376876,0.0,7.862086),(1.377168,-0.008659,7.860984),(1.378025,-0.016727,7.857754),(1.379388,-0.023656,7.852615),(1.381164,-0.028972,7.845918),(1.383232,-0.032314,7.838119),(1.385452,-0.033454,7.82975),(1.387672,-0.032314,7.821381),(1.38974,-0.028972,7.813582),(1.391517,-0.023656,7.806885),(1.392879,-0.016727,7.801746),(1.393736,-0.008659,7.798515),(1.394029,0.0,7.797414),(1.393736,0.008659,7.798515),(1.392879,0.016727,7.801746),(1.391517,0.023656,7.806885),(1.38974,0.028972,7.813582),(1.387672,0.032314,7.821381),(1.385452,0.033454,7.82975),(1.383232,0.032314,7.838119),(1.381164,0.028972,7.845918),(1.379388,0.023656,7.852615),(1.378025,0.016727,7.857754),(1.377168,0.008659,7.860984)),$);
#668= IFCTRIANGULATEDFACESET(#667,$,$,((18,19,16),(18,16,17),(14,15,16),(14,16,13),(16,19,1),(16,1,13),(20,21,22),(20,22,19),(22,23,24),(22,24,1),(22,1,19),(12,13,10),(12,10,11),(8,9,10),(8,10,13),(7,8,13),(7,13,4),(2,3,4),(2,4,1),(5,6,7),(5,7,4),(13,1,4)),$);
#669= IFCSTYLEDITEM(#668,(#121),'\X2\0110\X0\\X2\00E8\X0\n chi\X2\1EBF\X0\u s\X2\00E1\X0\ng');
#670= IFCCARTESIANPOINTLIST3D(((1.394029,0.0,7.797414),(1.393736,-0.008659,7.798515),(1.392879,-0.016727,7.801746),(1.391517,-0.023656,7.806885),(1.38974,-0.028972,7.813582),(1.387672,-0.032314,7.821381),(1.385452,-0.033454,7.82975),(1.383232,-0.032314,7.838119),(1.381164,-0.028972,7.845918),(1.379388,-0.023656,7.852615),(1.378025,-0.016727,7.857754),(1.377168,-0.008659,7.860984),(1.376876,0.0,7.862086),(0.637235,0.0,7.665913),(0.637527,-0.008659,7.664811),(0.638384,-0.016727,7.661581),(0.639747,-0.023656,7.656442),(0.641523,-0.028972,7.649745),(0.643592,-0.032314,7.641946),(0.645812,-0.033454,7.633577),(0.648031,-0.032314,7.625208),(0.6501,-0.028972,7.617409),(0.651876,-0.023656,7.610712),(0.653239,-0.016727,7.605573),(0.654096,-0.008659,7.602342),(0.654388,0.0,7.601241)),$);
#671= IFCTRIANGULATEDFACESET(#670,$,$,((14,15,12),(14,12,13),(15,16,11),(15,11,12),(17,18,9),(17,9,10),(16,17,10),(16,10,11),(18,19,8),(18,8,9),(7,8,19),(7,19,20),(21,22,5),(21,5,6),(22,23,4),(22,4,5),(24,25,2),(24,2,3),(23,24,3),(23,3,4),(25,26,1),(25,1,2),(20,21,6),(20,6,7)),$);
#672= IFCSTYLEDITEM(#671,(#121),'\X2\0110\X0\\X2\00E8\X0\n chi\X2\1EBF\X0\u s\X2\00E1\X0\ng');
#673= IFCCARTESIANPOINTLIST3D(((1.376876,0.0,7.862086),(1.377168,0.008659,7.860984),(1.378025,0.016727,7.857754),(1.379388,0.023656,7.852615),(1.381164,0.028972,7.845918),(1.383232,0.032314,7.838119),(1.385452,0.033454,7.82975),(1.387672,0.032314,7.821381),(1.38974,0.028972,7.813582),(1.391517,0.023656,7.806885),(1.392879,0.016727,7.801746),(1.393736,0.008659,7.798515),(1.394029,0.0,7.797414),(0.654388,0.0,7.601241),(0.654096,0.008659,7.602342),(0.653239,0.016727,7.605573),(0.651876,0.023656,7.610712),(0.6501,0.028972,7.617409),(0.648031,0.032314,7.625208),(0.645812,0.033454,7.633577),(0.643592,0.032314,7.641946),(0.641523,0.028972,7.649745),(0.639747,0.023656,7.656442),(0.638384,0.016727,7.661581),(0.637527,0.008659,7.664811),(0.637235,0.0,7.665913)),$);
#674= IFCTRIANGULATEDFACESET(#673,$,$,((15,16,11),(15,11,12),(13,14,15),(13,15,12),(17,18,9),(17,9,10),(16,17,10),(16,10,11),(18,19,8),(18,8,9),(7,8,19),(7,19,20),(21,22,5),(21,5,6),(22,23,4),(22,4,5),(24,25,2),(24,2,3),(23,24,3),(23,3,4),(25,26,1),(25,1,2),(20,21,6),(20,6,7)),$);
#675= IFCSTYLEDITEM(#674,(#121),'\X2\0110\X0\\X2\00E8\X0\n chi\X2\1EBF\X0\u s\X2\00E1\X0\ng');
#676= IFCCARTESIANPOINTLIST3D(((0.033454,0.0,6.794149),(0.039382,0.0,6.893471),(0.057083,0.0,6.991382),(0.086303,0.0,7.086493),(0.12663,0.0,7.177453),(0.17749,0.0,7.26297),(0.238161,0.0,7.34183),(0.307782,0.0,7.412914),(0.385363,0.0,7.475211),(0.469804,0.0,7.527839),(0.559905,0.0,7.570048),(0.654388,0.0,7.601241),(0.654096,-0.008659,7.602342),(0.653239,-0.016727,7.605573),(0.651876,-0.023656,7.610712),(0.6501,-0.028972,7.617409),(0.648031,-0.032314,7.625208),(0.645812,-0.033454,7.633577),(0.643592,-0.032314,7.641946),(0.641523,-0.028972,7.649745),(0.639747,-0.023656,7.656442),(0.638384,-0.016727,7.661581),(0.637527,-0.008659,7.664811),(0.637235,0.0,7.665913),(0.535182,0.0,7.632221),(0.43786,0.0,7.586629),(0.346653,0.0,7.529785),(0.262855,0.0,7.462495),(0.187656,0.0,7.385716),(0.122123,0.0,7.300536),(0.067188,0.0,7.208167),(0.02363,0.0,7.109918),(-0.007933,0.0,7.007186),(-0.027051,0.0,6.90143),(-0.033454,0.0,6.794149),(-0.032314,-0.008659,6.794149),(-0.028972,-0.016727,6.794149),(-0.023656,-0.023656,6.794149),(-0.016727,-0.028972,6.794149),(-0.008659,-0.032314,6.794149),(0.0,-0.033454,6.794149),(0.008659,-0.032314,6.794149),(0.016727,-0.028972,6.794149),(0.023656,-0.023656,6.794149),(0.028972,-0.016727,6.794149),(0.032314,-0.008659,6.794149),(0.175486,-0.032936,7.32728),(0.141371,-0.025903,7.229165),(0.358627,-0.031228,7.482326),(0.345812,-0.026007,7.513905),(0.099386,-0.021932,7.249409),(0.419795,-0.019012,7.505388),(0.04063,-0.033062,7.073115),(0.066614,-0.017827,7.044941),(0.429975,-0.033082,7.54954),(0.009515,-0.016905,7.053787),(0.203815,-0.015051,7.305485),(0.227984,-0.016152,7.423238),(0.040517,-0.031128,7.012305),(0.396123,-0.014591,7.55855),(-0.004263,-0.026264,6.964436),(0.501569,-0.026798,7.559148),(0.490971,-0.026284,7.599191),(0.510348,-0.011067,7.550542),(0.343139,-0.011067,7.445621),(0.094531,-0.011345,7.253397),(0.104225,-0.010478,7.134726),(0.045695,-0.010478,6.946154),(0.005939,-0.033119,6.930195),(0.51912,-0.033213,7.584862),(-0.018046,-0.010249,6.951176),(0.030078,-0.026752,6.923957),(0.51647,-0.012489,7.621908),(0.305684,-0.009253,7.497267),(-0.019649,-0.02013,6.90644),(0.289934,-0.02185,7.407473),(0.550566,-0.020593,7.57393),(0.53974,-0.030797,7.612086),(0.424842,-0.007666,7.502611),(0.270867,-0.007666,7.378615),(0.044347,-0.008088,7.15815),(0.154406,-0.008088,7.343498),(0.069969,-0.007482,7.041256),(0.150348,-0.007482,7.221892),(0.141323,-0.015863,7.212718),(0.010024,-0.033202,6.895171),(-0.007162,-0.030804,6.895872),(0.553382,-0.031009,7.589945),(0.053059,-0.016926,7.168711),(0.040522,-0.026081,7.119064),(0.148423,-0.016926,7.329613),(0.200326,-0.027338,7.378682),(0.032233,-0.020576,6.893274),(0.543821,-0.020156,7.628362),(0.106014,-0.029906,7.240428),(0.430251,-0.030304,7.560312),(0.303818,-0.031782,7.467682),(0.553242,-0.033134,7.608332),(0.006609,-0.007398,7.057148),(0.2251,-0.007398,7.425053),(0.206087,-0.006856,7.303737),(0.017828,-0.031004,6.888891),(0.451846,-0.031801,7.544292),(0.381919,-0.033307,7.509731),(0.255717,-0.033221,7.404007),(0.145371,-0.032494,7.260627),(0.062346,-0.025996,7.055436),(0.08991,-0.030601,7.147395),(0.026984,-0.033409,7.001794),(0.067407,-0.033199,7.118786),(0.096587,-0.033124,7.202318),(0.013748,-0.031458,7.002932),(0.044721,-0.030691,7.10876),(0.249838,-0.029436,7.380807),(0.393136,-0.006891,7.559796),(0.278551,-0.015236,7.390288),(0.172861,-0.020999,7.26934),(0.20208,-0.026189,7.318015),(0.1853,-0.030363,7.307291),(0.20081,-0.032653,7.338094),(0.162559,-0.033432,7.29794),(0.115568,-0.033391,7.222886),(0.103531,-0.032475,7.188118),(0.133685,-0.030098,7.229089),(0.228971,-0.020532,7.341957),(0.339996,-0.017634,7.44712),(0.361544,-0.023575,7.469862),(0.303822,-0.026789,7.427393),(0.368212,-0.028004,7.481546),(0.428998,-0.02532,7.517744),(0.44073,-0.029129,7.531004),(0.472221,-0.006546,7.603636),(0.551405,-0.006701,7.637768),(0.100096,-0.021936,7.141431),(0.311352,-0.017403,7.497207),(0.259946,-0.02332,7.446964),(0.380318,-0.021072,7.543642),(0.457372,-0.019184,7.590124),(0.272802,-0.028478,7.450054),(-0.017217,-0.026418,6.870772),(0.416087,-0.025411,7.560857),(0.30483,-0.030102,7.435553),(0.261517,-0.031852,7.400926),(0.045377,-0.022817,6.980858),(0.045509,-0.01745,6.962117),(0.25291,-0.025347,7.375414),(0.190673,-0.022004,7.376583),(0.144524,-0.025175,7.312694),(0.15396,-0.029285,7.315745),(0.21161,-0.031201,7.380562),(0.245575,-0.033149,7.40577),(0.310731,-0.033449,7.460635),(0.317955,-0.03285,7.457631),(0.102709,-0.026423,7.245709),(0.033829,-0.012977,6.864906),(0.036606,-0.006534,6.873714),(-0.028101,-0.012627,6.866047),(-0.029416,-0.00627,6.872886),(0.583795,-0.026655,7.593194),(0.366919,-0.033307,7.506984),(0.374555,-0.031952,7.520503),(0.339156,-0.029658,7.502089),(0.573634,-0.026428,7.632801),(0.587493,-0.012973,7.583238),(0.570344,-0.00668,7.574839),(0.135469,-0.033226,7.267154),(-0.003098,-0.021424,6.993892),(0.020519,-0.022183,7.075825),(0.049394,-0.022017,7.151551),(0.014662,-0.026204,7.04276),(-0.011354,-0.01613,6.972799),(0.491172,-0.017136,7.544341),(0.438359,-0.013575,7.513215),(0.0893,-0.016926,7.239216),(0.448771,-0.033183,7.5496),(0.021044,-0.033196,7.002321),(0.098479,-0.026918,7.150859),(0.095611,-0.01655,7.121673),(0.133577,-0.02083,7.205713)),$);
#677= IFCTRIANGULATEDFACESET(#676,$,$,((15,159,77),(25,26,132),(115,26,27),(103,104,49),(95,154,90),(86,69,41),(25,133,24),(48,134,179),(29,30,82),(72,144,107),(67,84,85),(21,163,20),(28,74,27),(26,115,132),(41,42,86),(28,29,100),(98,18,19),(68,155,156),(69,112,87),(107,108,59),(19,78,98),(88,16,17),(18,70,17),(139,50,136),(16,159,15),(14,15,77),(80,8,65),(38,140,75),(10,79,9),(33,34,71),(72,44,93),(65,9,79),(172,64,164),(179,178,85),(74,60,115),(12,13,165),(173,65,79),(32,99,81),(40,41,69),(11,165,10),(78,20,163),(65,116,80),(60,74,135),(155,45,46),(136,147,92),(66,91,82),(81,89,66),(8,80,7),(116,126,76),(167,171,75),(31,32,81),(81,99,56),(75,37,38),(39,140,38),(164,165,13),(78,96,55),(56,168,89),(87,39,40),(49,142,129),(88,17,70),(22,73,94),(158,35,36),(14,164,13),(42,102,86),(48,117,118),(84,6,101),(68,83,54),(104,152,153),(66,31,81),(3,4,83),(2,156,1),(94,21,22),(5,67,4),(19,20,78),(102,59,86),(67,5,84),(87,40,69),(23,73,22),(3,68,2),(67,83,4),(59,72,107),(72,43,44),(135,137,60),(65,8,9),(86,109,69),(91,148,147),(168,169,89),(30,31,66),(84,5,6),(82,30,66),(70,175,103),(131,88,103),(36,157,158),(37,157,36),(93,44,45),(93,144,72),(132,133,25),(60,137,138),(100,29,82),(135,74,58),(167,75,61),(75,171,157),(127,76,126),(143,114,142),(77,62,130),(77,172,164),(96,78,63),(98,55,70),(10,64,79),(64,172,173),(65,126,116),(57,84,101),(32,33,99),(66,89,174),(66,174,91),(100,58,74),(83,67,178),(68,3,83),(6,7,101),(85,84,57),(117,85,57),(48,177,134),(42,43,102),(176,109,53),(69,176,112),(140,87,61),(103,88,70),(159,88,62),(81,56,89),(56,167,168),(90,168,170),(110,111,53),(148,92,147),(58,82,91),(160,161,97),(136,50,135),(155,93,45),(144,145,54),(138,73,60),(163,94,63),(90,170,113),(148,149,92),(141,96,63),(161,162,97),(149,150,92),(97,151,152),(55,98,78),(70,18,98),(33,71,99),(99,71,171),(58,100,82),(74,28,100),(7,80,101),(57,101,80),(43,72,102),(59,102,72),(175,55,104),(49,129,131),(152,104,160),(150,47,151),(120,121,106),(76,127,128),(95,113,111),(59,110,109),(134,107,54),(119,106,124),(107,134,177),(109,110,53),(86,59,109),(110,59,108),(106,122,123),(166,122,121),(121,122,106),(95,111,166),(112,53,113),(61,87,112),(111,113,53),(95,90,113),(106,119,120),(119,48,118),(74,115,27),(132,60,73),(125,116,76),(57,80,116),(57,125,117),(76,128,146),(118,117,125),(119,118,114),(143,120,119),(123,124,106),(143,119,114),(105,151,121),(105,121,120),(166,121,47),(111,110,122),(123,110,108),(110,123,122),(124,123,108),(177,124,108),(48,119,124),(116,125,57),(125,76,146),(173,126,65),(127,126,52),(172,130,52),(128,142,114),(128,127,129),(146,114,118),(127,130,129),(130,131,129),(52,130,127),(131,130,62),(88,131,62),(131,103,49),(60,132,115),(132,73,133),(73,23,133),(24,133,23),(178,134,54),(117,179,85),(136,135,58),(137,135,50),(147,58,91),(139,136,92),(50,141,137),(138,63,94),(138,137,141),(73,138,94),(150,139,92),(139,97,162),(87,140,39),(75,140,61),(96,141,50),(138,141,63),(129,142,128),(153,143,142),(153,142,49),(120,143,105),(145,144,93),(54,107,144),(155,145,93),(68,54,145),(114,146,128),(125,146,118),(58,147,136),(148,91,51),(51,154,148),(148,154,149),(95,47,149),(150,149,47),(47,121,151),(139,150,97),(152,151,105),(97,150,151),(153,152,105),(104,55,160),(143,153,105),(104,153,49),(154,51,169),(149,154,95),(156,155,46),(155,68,145),(1,156,46),(68,156,2),(75,157,37),(158,71,34),(71,158,157),(35,158,34),(88,159,16),(77,159,62),(161,160,55),(97,152,160),(55,96,161),(162,96,50),(96,162,161),(139,162,50),(94,163,21),(78,163,63),(77,164,14),(165,164,64),(10,165,64),(165,11,12),(95,166,47),(122,166,111),(170,168,167),(171,167,56),(170,167,61),(168,90,169),(154,169,90),(51,89,169),(61,112,170),(113,170,112),(99,171,56),(171,71,157),(130,172,77),(173,172,52),(173,52,126),(64,173,79),(89,51,174),(91,174,51),(55,175,70),(104,103,175),(112,176,53),(69,109,176),(124,177,48),(107,177,108),(83,178,54),(85,178,67),(48,179,117),(178,179,134)),$);
#678= IFCSTYLEDITEM(#677,(#121),'\X2\0110\X0\\X2\00E8\X0\n chi\X2\1EBF\X0\u s\X2\00E1\X0\ng');
#679= IFCCARTESIANPOINTLIST3D(((-0.033454,0.0,6.794149),(-0.027051,0.0,6.90143),(-0.007933,0.0,7.007186),(0.02363,0.0,7.109918),(0.067188,0.0,7.208167),(0.122123,0.0,7.300536),(0.187656,0.0,7.385716),(0.262855,0.0,7.462495),(0.346653,0.0,7.529785),(0.43786,0.0,7.586629),(0.535182,0.0,7.632221),(0.637235,0.0,7.665913),(0.637527,0.008659,7.664811),(0.638384,0.016727,7.661581),(0.639747,0.023656,7.656442),(0.641523,0.028972,7.649745),(0.643592,0.032314,7.641946),(0.645812,0.033454,7.633577),(0.648031,0.032314,7.625208),(0.6501,0.028972,7.617409),(0.651876,0.023656,7.610712),(0.653239,0.016727,7.605573),(0.654096,0.008659,7.602342),(0.654388,0.0,7.601241),(0.559905,0.0,7.570048),(0.469804,0.0,7.527839),(0.385363,0.0,7.475211),(0.307782,0.0,7.412914),(0.238161,0.0,7.34183),(0.17749,0.0,7.26297),(0.12663,0.0,7.177453),(0.086303,0.0,7.086493),(0.057083,0.0,6.991382),(0.039382,0.0,6.893471),(0.033454,0.0,6.794149),(0.032314,0.008659,6.794149),(0.028972,0.016727,6.794149),(0.023656,0.023656,6.794149),(0.016727,0.028972,6.794149),(0.008659,0.032314,6.794149),(0.0,0.033454,6.794149),(-0.008659,0.032314,6.794149),(-0.016727,0.028972,6.794149),(-0.023656,0.023656,6.794149),(-0.028972,0.016727,6.794149),(-0.032314,0.008659,6.794149),(0.224703,0.031398,7.359723),(0.10512,0.028093,7.245163),(0.098346,0.02293,7.139734),(0.313051,0.023687,7.492239),(0.40047,0.02095,7.494563),(0.055024,0.033263,7.087994),(0.010836,0.01936,7.052678),(0.406795,0.033252,7.52539),(0.203179,0.016547,7.305974),(0.157166,0.016714,7.341375),(0.015063,0.030676,7.01618),(0.446509,0.03069,7.568409),(0.068587,0.013199,7.043101),(0.039582,0.026835,6.975491),(0.395748,0.013784,7.558763),(0.510058,0.011721,7.550668),(0.34296,0.011577,7.445713),(0.505507,0.026791,7.561013),(-0.017716,0.011424,6.95073),(0.045062,0.011424,7.157248),(0.016093,0.033216,6.938328),(0.149892,0.009871,7.22238),(0.505639,0.020069,7.612551),(0.225792,0.010163,7.424683),(-0.010726,0.026327,6.926569),(0.528167,0.03321,7.588769),(0.039437,0.013099,6.914245),(0.488858,0.008934,7.610943),(0.424787,0.007836,7.502624),(0.270829,0.007836,7.378634),(0.551855,0.02059,7.574452),(0.006723,0.008112,7.056937),(0.093817,0.008112,7.254123),(0.001547,0.033131,6.897903),(0.018771,0.031012,6.897173),(0.104824,0.007309,7.133919),(0.109941,0.015677,7.152496),(0.542508,0.026375,7.621276),(0.426134,0.025275,7.566879),(0.305254,0.007762,7.497425),(0.2893,0.016344,7.479965),(-0.020995,0.020154,6.895066),(0.089562,0.016982,7.239608),(0.272732,0.032216,7.43841),(0.366274,0.029474,7.483198),(0.555527,0.031007,7.590785),(0.55044,0.033133,7.60725),(0.2239,0.0216,7.413653),(0.248533,0.028136,7.427925),(0.175486,0.031253,7.337175),(0.097385,0.032944,7.206231),(0.206252,0.033453,7.356538),(0.130837,0.032764,7.239615),(0.031989,0.020571,6.891165),(0.024839,0.033268,7.014732),(0.039399,0.031628,7.013377),(0.085692,0.030768,7.138899),(0.154578,0.028303,7.256678),(0.243332,0.025091,7.364667),(0.206081,0.006893,7.303742),(0.154276,0.0074,7.343598),(-0.007805,0.03081,6.890036),(0.551395,0.03081,7.616642),(0.274137,0.015872,7.386361),(0.147917,0.020445,7.229748),(0.152695,0.024228,7.325659),(0.342852,0.029453,7.505317),(0.372667,0.032838,7.514948),(0.305209,0.033445,7.454136),(0.046517,0.006372,6.944706),(0.067382,0.006385,7.03192),(0.453917,0.030788,7.542352),(0.024268,0.026676,6.877239),(0.392991,0.006417,7.559819),(0.049268,0.032291,7.107861),(0.046087,0.028013,7.125849),(0.464204,0.033387,7.565167),(0.048967,0.018305,6.980698),(0.073357,0.019464,7.068946),(0.064934,0.025084,7.059876),(0.054586,0.029031,7.045609),(0.088246,0.027407,7.129609),(0.433807,0.014959,7.511236),(0.474305,0.019844,7.537655),(0.336586,0.018174,7.444788),(0.326686,0.025004,7.444216),(0.286162,0.029295,7.416522),(0.31686,0.032175,7.45303),(0.283571,0.021351,7.400822),(0.03595,0.005917,6.86516),(0.069253,0.023395,7.191136),(0.564925,0.012616,7.640822),(0.562318,0.006258,7.641882),(0.078074,0.030828,7.184339),(0.123138,0.031519,7.261396),(0.149523,0.03321,7.288488),(0.498103,0.014751,7.612748),(0.512586,0.005307,7.549985),(0.576289,0.008557,7.577552),(0.576044,0.014981,7.580053),(0.11877,0.033453,7.232068),(0.089505,0.033152,7.167888),(0.162825,0.033352,7.295916),(0.175471,0.032215,7.30248),(0.212346,0.032959,7.354333),(0.143847,0.031043,7.249838),(0.344768,0.005223,7.445042),(0.194571,0.022495,7.301787),(0.048084,0.018136,7.155844),(0.034434,0.022774,7.113191),(0.008062,0.025113,7.023967),(-0.007146,0.021333,6.9757),(0.156218,0.024671,7.250436),(-0.028288,0.012633,6.863653),(-0.0294,0.006282,6.873044),(0.385064,0.031959,7.503702),(0.586098,0.026651,7.594006),(0.006428,0.033189,6.856119),(0.017849,0.013978,7.084665),(0.377934,0.020352,7.542763),(0.421569,0.026175,7.514393),(0.211723,0.016115,7.406273),(0.216263,0.032724,7.378085),(0.031153,0.033342,7.014135),(0.206327,0.028555,7.328779),(0.160346,0.01536,7.243657),(0.186112,0.028081,7.360308),(0.067286,0.033373,7.135334),(0.040519,0.02284,6.958087),(0.108158,0.022073,7.263678)),$);
#680= IFCTRIANGULATEDFACESET(#679,$,$,((145,25,144),(140,141,97),(56,168,94),(166,69,85),(64,163,77),(21,22,77),(146,23,145),(113,114,90),(26,144,25),(27,153,75),(93,18,72),(27,75,26),(76,29,106),(15,84,69),(80,108,57),(76,63,153),(112,173,48),(145,24,25),(127,126,60),(72,19,92),(109,16,17),(82,31,32),(67,102,81),(74,61,120),(74,138,143),(69,84,85),(84,15,16),(13,139,12),(95,113,90),(68,82,83),(18,93,17),(18,19,72),(9,10,120),(137,155,89),(66,4,5),(13,14,138),(87,94,168),(122,48,140),(10,11,74),(70,8,86),(77,130,64),(102,52,103),(68,30,31),(41,42,80),(111,172,83),(70,7,8),(82,68,31),(124,125,59),(119,38,39),(154,55,111),(116,136,73),(80,67,164),(64,118,92),(140,97,121),(37,73,36),(36,136,35),(41,164,40),(62,75,129),(67,80,101),(40,81,39),(37,100,73),(73,100,124),(40,164,81),(44,71,43),(79,6,107),(80,42,108),(65,78,165),(33,116,117),(111,55,172),(3,4,78),(78,4,66),(153,27,28),(107,56,79),(33,34,116),(71,44,88),(65,160,161),(158,53,157),(45,46,160),(2,161,1),(64,130,167),(63,76,110),(3,65,161),(72,92,118),(79,66,5),(69,14,15),(55,76,106),(79,5,6),(21,163,20),(66,79,89),(76,28,29),(86,8,9),(70,86,87),(44,45,88),(53,156,157),(19,20,92),(123,93,72),(37,38,100),(117,116,59),(138,139,13),(61,74,143),(63,131,129),(144,75,62),(29,30,106),(110,76,55),(62,146,145),(62,129,130),(165,78,66),(65,3,78),(6,7,107),(89,79,56),(42,43,108),(67,101,170),(67,170,102),(119,81,60),(117,82,32),(59,125,83),(59,83,82),(83,49,111),(109,17,93),(85,84,58),(113,85,58),(166,85,50),(120,86,9),(61,166,87),(61,87,86),(87,50,94),(160,88,45),(158,65,53),(176,56,112),(137,48,122),(151,115,134),(173,95,96),(63,110,131),(91,133,134),(163,92,20),(167,118,64),(123,72,54),(109,58,84),(95,94,50),(112,56,94),(113,95,50),(95,90,96),(90,169,96),(147,97,142),(141,142,97),(101,121,174),(115,90,114),(150,99,149),(152,103,99),(148,174,147),(119,100,38),(73,124,59),(80,57,101),(121,101,57),(148,103,52),(60,81,102),(99,150,152),(126,49,125),(171,104,152),(104,159,128),(91,132,133),(132,51,131),(30,68,106),(106,68,172),(7,70,107),(107,70,168),(43,71,108),(57,108,71),(58,109,93),(84,16,109),(135,55,154),(167,132,91),(159,49,128),(171,154,159),(173,94,95),(48,137,176),(85,113,50),(113,58,114),(123,58,93),(115,114,54),(162,91,134),(169,115,98),(136,116,34),(59,116,73),(82,117,59),(32,33,117),(162,118,91),(72,118,54),(81,119,39),(119,60,175),(74,120,10),(86,120,61),(121,57,122),(174,121,97),(157,57,71),(66,89,155),(54,114,123),(58,123,114),(100,175,124),(125,124,175),(175,126,125),(83,125,49),(127,60,102),(128,49,126),(102,103,127),(128,127,103),(127,128,126),(104,128,103),(63,129,75),(130,129,51),(130,51,167),(130,77,146),(135,131,110),(129,131,51),(135,132,131),(105,171,133),(105,133,132),(47,151,134),(47,134,133),(54,134,115),(55,135,110),(132,135,105),(35,136,34),(73,136,36),(155,156,53),(176,137,89),(69,138,14),(139,74,11),(74,139,138),(12,139,11),(122,140,121),(141,48,96),(48,141,140),(96,169,142),(96,142,141),(147,149,99),(138,69,143),(61,143,69),(75,144,26),(145,144,62),(130,146,62),(145,23,24),(77,22,146),(23,146,22),(149,142,98),(148,147,99),(103,148,99),(148,52,174),(142,149,147),(150,151,47),(151,149,98),(150,47,171),(149,151,150),(115,151,98),(171,152,150),(103,152,104),(76,153,28),(75,153,63),(159,154,111),(135,154,105),(156,155,137),(165,155,53),(137,122,156),(71,88,158),(156,122,157),(57,157,122),(71,158,157),(65,158,88),(49,159,111),(171,159,104),(161,160,46),(88,160,65),(1,161,46),(161,2,3),(134,54,162),(118,162,54),(77,163,21),(92,163,64),(80,164,41),(81,164,67),(155,165,66),(65,165,53),(87,166,50),(69,166,61),(132,167,51),(118,167,91),(107,168,56),(87,168,70),(115,169,90),(142,169,98),(101,52,170),(102,170,52),(133,171,47),(154,171,105),(106,172,55),(83,172,68),(48,173,96),(94,173,112),(174,97,147),(101,174,52),(119,175,100),(126,175,60),(56,176,89),(48,176,112)),$);
#681= IFCSTYLEDITEM(#680,(#121),'\X2\0110\X0\\X2\00E8\X0\n chi\X2\1EBF\X0\u s\X2\00E1\X0\ng');
#682= IFCCARTESIANPOINTLIST3D(((-0.033454,0.0,1.436083),(-0.032314,0.008659,1.436083),(-0.028972,0.016727,1.436083),(-0.023656,0.023656,1.436083),(-0.016727,0.028972,1.436083),(-0.008659,0.032314,1.436083),(0.0,0.033454,1.436083),(0.008659,0.032314,1.436083),(0.016727,0.028972,1.436083),(0.023656,0.023656,1.436083),(0.028972,0.016727,1.436083),(0.032314,0.008659,1.436083),(0.033454,0.0,1.436083),(0.032314,-0.008659,1.436083),(0.028972,-0.016727,1.436083),(0.023656,-0.023656,1.436083),(0.016727,-0.028972,1.436083),(0.008659,-0.032314,1.436083),(0.0,-0.033454,1.436083),(-0.008659,-0.032314,1.436083),(-0.016727,-0.028972,1.436083),(-0.023656,-0.023656,1.436083),(-0.028972,-0.016727,1.436083),(-0.032314,-0.008659,1.436083)),$);
#683= IFCTRIANGULATEDFACESET(#682,$,$,((7,8,9),(7,9,6),(11,12,9),(11,9,10),(6,9,12),(6,12,4),(6,4,5),(2,3,4),(2,4,12),(2,24,1),(15,2,12),(15,12,14),(2,15,22),(2,22,24),(17,20,15),(17,15,16),(17,18,19),(17,19,20),(24,22,23),(20,21,22),(20,22,15),(12,13,14)),$);
#684= IFCSTYLEDITEM(#683,(#121),'\X2\0110\X0\\X2\00E8\X0\n chi\X2\1EBF\X0\u s\X2\00E1\X0\ng');
#685= IFCCARTESIANPOINTLIST3D(((0.033454,0.0,6.794149),(0.032314,-0.008659,6.794149),(0.028972,-0.016727,6.794149),(0.023656,-0.023656,6.794149),(0.016727,-0.028972,6.794149),(0.008659,-0.032314,6.794149),(0.0,-0.033454,6.794149),(-0.008659,-0.032314,6.794149),(-0.016727,-0.028972,6.794149),(-0.023656,-0.023656,6.794149),(-0.028972,-0.016727,6.794149),(-0.032314,-0.008659,6.794149),(-0.033454,0.0,6.794149),(-0.033454,0.0,1.436083),(-0.032314,-0.008659,1.436083),(-0.028972,-0.016727,1.436083),(-0.023656,-0.023656,1.436083),(-0.016727,-0.028972,1.436083),(-0.008659,-0.032314,1.436083),(0.0,-0.033454,1.436083),(0.008659,-0.032314,1.436083),(0.016727,-0.028972,1.436083),(0.023656,-0.023656,1.436083),(0.028972,-0.016727,1.436083),(0.032314,-0.008659,1.436083),(0.033454,0.0,1.436083)),$);
#686= IFCTRIANGULATEDFACESET(#685,$,$,((14,15,12),(14,12,13),(15,16,11),(15,11,12),(17,18,9),(17,9,10),(16,17,10),(16,10,11),(18,19,8),(18,8,9),(7,8,19),(7,19,20),(21,22,5),(21,5,6),(22,23,4),(22,4,5),(24,25,2),(24,2,3),(23,24,3),(23,3,4),(25,26,1),(25,1,2),(20,21,6),(20,6,7)),$);
#687= IFCSTYLEDITEM(#686,(#121),'\X2\0110\X0\\X2\00E8\X0\n chi\X2\1EBF\X0\u s\X2\00E1\X0\ng');
#688= IFCCARTESIANPOINTLIST3D(((-0.033454,0.0,6.794149),(-0.032314,0.008659,6.794149),(-0.028972,0.016727,6.794149),(-0.023656,0.023656,6.794149),(-0.016727,0.028972,6.794149),(-0.008659,0.032314,6.794149),(0.0,0.033454,6.794149),(0.008659,0.032314,6.794149),(0.016727,0.028972,6.794149),(0.023656,0.023656,6.794149),(0.028972,0.016727,6.794149),(0.032314,0.008659,6.794149),(0.033454,0.0,6.794149),(0.033454,0.0,1.436083),(0.032314,0.008659,1.436083),(0.028972,0.016727,1.436083),(0.023656,0.023656,1.436083),(0.016727,0.028972,1.436083),(0.008659,0.032314,1.436083),(0.0,0.033454,1.436083),(-0.008659,0.032314,1.436083),(-0.016727,0.028972,1.436083),(-0.023656,0.023656,1.436083),(-0.028972,0.016727,1.436083),(-0.032314,0.008659,1.436083),(-0.033454,0.0,1.436083)),$);
#689= IFCTRIANGULATEDFACESET(#688,$,$,((15,16,11),(15,11,12),(13,14,15),(13,15,12),(17,18,9),(17,9,10),(16,17,10),(16,10,11),(18,19,8),(18,8,9),(7,8,19),(7,19,20),(21,22,5),(21,5,6),(22,23,4),(22,4,5),(24,25,2),(24,2,3),(23,24,3),(23,3,4),(25,26,1),(25,1,2),(20,21,6),(20,6,7)),$);
#690= IFCSTYLEDITEM(#689,(#121),'\X2\0110\X0\\X2\00E8\X0\n chi\X2\1EBF\X0\u s\X2\00E1\X0\ng');
#691= IFCCARTESIANPOINTLIST3D(((1.295542,0.100983,7.840881),(1.542949,0.100983,7.933233),(1.556717,0.100983,7.937828),(1.571044,0.100983,7.940155),(1.904376,0.100983,7.96706),(1.911862,0.100983,7.96572),(1.918915,0.100983,7.962874),(1.925234,0.100983,7.958642),(1.930553,0.100983,7.953206),(1.933645,0.100983,7.954083),(1.93404,0.100983,7.954142),(1.934438,0.100983,7.954099),(1.934812,0.100983,7.953956),(1.935138,0.100983,7.953723),(1.935394,0.100983,7.953415),(1.935563,0.100983,7.953052),(1.935635,0.100983,7.952659),(1.935604,0.100983,7.952259),(1.935474,0.100983,7.951881),(1.935251,0.100983,7.951548),(1.934952,0.100983,7.951283),(1.934595,0.100983,7.951102),(1.92974,0.100983,7.949724),(1.930143,0.100983,7.949783),(1.930548,0.100983,7.949736),(1.930926,0.100983,7.949585),(1.931253,0.100983,7.949342),(1.931506,0.100983,7.949023),(1.931667,0.100983,7.948649),(1.931726,0.100983,7.948246),(1.931679,0.100983,7.947841),(1.931529,0.100983,7.947463),(1.931286,0.100983,7.947136),(1.930966,0.100983,7.946883),(1.930592,0.100983,7.946722),(1.926716,0.100983,7.945621),(1.930217,0.100983,7.91986),(1.931583,0.100983,7.893898),(1.930217,0.100983,7.887407),(1.927575,0.100983,7.881324),(1.923765,0.100983,7.875895),(1.918942,0.100983,7.871343),(1.905956,0.100983,7.867582),(1.90666,0.100983,7.898877),(1.906366,0.100983,7.901748),(1.90537,0.100983,7.904457),(1.903737,0.100983,7.906836),(1.901566,0.100983,7.908738),(1.898992,0.100983,7.910044),(1.896176,0.100983,7.910674),(1.893291,0.100983,7.910588),(1.578491,0.100983,7.81235),(1.575908,0.100983,7.811167),(1.573706,0.100983,7.809371),(1.572027,0.100983,7.80708),(1.570979,0.100983,7.804439),(1.570628,0.100983,7.80162),(1.570999,0.100983,7.798803),(1.572066,0.100983,7.79617),(1.584183,0.100983,7.7744),(1.55938,0.100983,7.767217),(1.32955,0.100983,7.7393),(1.325766,0.100983,7.739274),(1.322073,0.100983,7.740103),(1.318663,0.100983,7.741745),(1.315712,0.100983,7.744115),(1.31238,0.100983,7.75345),(1.30674,0.100983,7.769592),(1.303723,0.100983,7.768736),(1.303311,0.100983,7.768676),(1.302898,0.100983,7.768724),(1.302511,0.100983,7.768878),(1.302177,0.100983,7.769126),(1.301919,0.100983,7.769453),(1.301754,0.100983,7.769835),(1.301694,0.100983,7.770247),(1.301742,0.100983,7.770661),(1.301896,0.100983,7.771048),(1.302144,0.100983,7.771382),(1.302471,0.100983,7.77164),(1.302853,0.100983,7.771805),(1.298223,0.100983,7.770492),(1.297836,0.100983,7.770404),(1.29744,0.100983,7.770414),(1.297058,0.100983,7.770521),(1.296714,0.100983,7.770717),(1.296428,0.100983,7.770992),(1.296218,0.100983,7.771328),(1.296097,0.100983,7.771706),(1.296071,0.100983,7.772101),(1.296144,0.100983,7.772491),(1.296309,0.100983,7.772852),(1.296557,0.100983,7.773161),(1.296874,0.100983,7.7734),(1.297239,0.100983,7.773554),(1.301026,0.100983,7.774628),(1.290326,0.100983,7.82616),(1.289321,0.100983,7.828488),(1.288921,0.100983,7.830991),(1.289152,0.100983,7.833516),(1.289998,0.100983,7.835906),(1.291409,0.100983,7.838012),(1.293296,0.100983,7.839706),(1.902528,0.100983,7.86659),(1.587538,0.100983,7.775371),(1.575037,0.100983,7.797833),(1.574292,0.100983,7.799666),(1.574033,0.100983,7.801627),(1.574276,0.100983,7.80359),(1.575005,0.100983,7.805429),(1.576174,0.100983,7.807025),(1.577707,0.100983,7.808276),(1.579505,0.100983,7.8091),(1.894043,0.100983,7.907257),(1.896049,0.100983,7.907264),(1.897996,0.100983,7.906783),(1.899768,0.100983,7.905843),(1.901257,0.100983,7.9045),(1.902376,0.100983,7.902836),(1.903056,0.100983,7.900949),(1.903257,0.100983,7.898954)),$);
#692= IFCTRIANGULATEDFACESET(#691,$,$,((64,65,67),(64,67,63),(66,67,65),(62,63,67),(62,67,68),(71,72,79),(71,79,80),(72,73,78),(72,78,79),(69,70,81),(69,81,68),(70,71,80),(70,80,81),(56,61,62),(56,62,1),(59,61,58),(55,2,54),(2,55,56),(2,56,1),(1,62,68),(1,68,97),(68,81,96),(68,96,97),(56,57,61),(61,57,58),(96,81,82),(96,82,95),(53,54,2),(60,61,59),(74,75,76),(74,76,77),(73,74,77),(73,77,78),(95,82,83),(95,83,94),(92,85,86),(93,84,85),(93,85,92),(90,87,88),(90,88,89),(86,87,91),(86,91,92),(94,83,84),(94,84,93),(87,90,91),(97,98,100),(97,100,101),(100,98,99),(97,101,102),(97,102,103),(52,53,2),(52,2,3),(26,31,32),(26,32,25),(27,30,31),(27,31,26),(28,29,30),(28,30,27),(23,34,35),(23,35,36),(33,34,24),(33,24,25),(25,32,33),(22,23,9),(22,9,10),(19,20,13),(19,13,14),(18,19,14),(18,14,15),(15,16,17),(15,17,18),(12,13,20),(12,20,21),(21,22,11),(21,11,12),(10,11,22),(41,42,44),(41,44,40),(44,38,39),(44,39,40),(45,46,37),(45,37,38),(43,44,42),(103,1,97),(46,47,37),(37,48,49),(37,49,36),(37,47,48),(38,44,45),(8,23,36),(8,36,7),(36,49,50),(36,50,5),(8,9,23),(34,23,24),(6,7,36),(6,36,5),(52,3,4),(52,4,51),(5,50,51),(5,51,4),(110,111,112),(110,112,109),(105,106,113),(105,113,104),(107,112,113),(107,113,106),(107,108,109),(107,109,112),(121,104,114),(121,114,118),(120,121,118),(120,118,119),(116,117,118),(116,118,114),(114,115,116),(113,114,104)),$);
#693= IFCSTYLEDITEM(#692,(#121),'\X2\0110\X0\\X2\00E8\X0\n chi\X2\1EBF\X0\u s\X2\00E1\X0\ng');
#694= IFCCARTESIANPOINTLIST3D(((1.295542,-0.100983,7.840881),(1.293296,-0.100983,7.839706),(1.291409,-0.100983,7.838012),(1.289998,-0.100983,7.835906),(1.289152,-0.100983,7.833516),(1.288921,-0.100983,7.830991),(1.289321,-0.100983,7.828488),(1.290326,-0.100983,7.82616),(1.301026,-0.100983,7.774628),(1.297239,-0.100983,7.773554),(1.296874,-0.100983,7.7734),(1.296557,-0.100983,7.773161),(1.296309,-0.100983,7.772852),(1.296144,-0.100983,7.772491),(1.296071,-0.100983,7.772101),(1.296097,-0.100983,7.771706),(1.296218,-0.100983,7.771328),(1.296428,-0.100983,7.770992),(1.296714,-0.100983,7.770717),(1.297058,-0.100983,7.770521),(1.29744,-0.100983,7.770414),(1.297836,-0.100983,7.770404),(1.298223,-0.100983,7.770492),(1.302853,-0.100983,7.771805),(1.302471,-0.100983,7.77164),(1.302144,-0.100983,7.771382),(1.301896,-0.100983,7.771048),(1.301742,-0.100983,7.770661),(1.301694,-0.100983,7.770247),(1.301754,-0.100983,7.769835),(1.301919,-0.100983,7.769453),(1.302177,-0.100983,7.769126),(1.302511,-0.100983,7.768878),(1.302898,-0.100983,7.768724),(1.303311,-0.100983,7.768676),(1.303723,-0.100983,7.768736),(1.30674,-0.100983,7.769592),(1.31238,-0.100983,7.75345),(1.315712,-0.100983,7.744115),(1.318663,-0.100983,7.741745),(1.322073,-0.100983,7.740103),(1.325766,-0.100983,7.739274),(1.32955,-0.100983,7.7393),(1.55938,-0.100983,7.767217),(1.584183,-0.100983,7.7744),(1.572066,-0.100983,7.79617),(1.570999,-0.100983,7.798803),(1.570628,-0.100983,7.80162),(1.570979,-0.100983,7.804439),(1.572027,-0.100983,7.80708),(1.573706,-0.100983,7.809371),(1.575908,-0.100983,7.811167),(1.578491,-0.100983,7.81235),(1.893291,-0.100983,7.910588),(1.896176,-0.100983,7.910674),(1.898992,-0.100983,7.910044),(1.901566,-0.100983,7.908738),(1.903737,-0.100983,7.906836),(1.90537,-0.100983,7.904457),(1.906366,-0.100983,7.901748),(1.90666,-0.100983,7.898877),(1.905956,-0.100983,7.867582),(1.918942,-0.100983,7.871343),(1.923765,-0.100983,7.875895),(1.927575,-0.100983,7.881324),(1.930217,-0.100983,7.887407),(1.931583,-0.100983,7.893898),(1.930217,-0.100983,7.91986),(1.926716,-0.100983,7.945621),(1.930592,-0.100983,7.946722),(1.930966,-0.100983,7.946883),(1.931286,-0.100983,7.947136),(1.931529,-0.100983,7.947463),(1.931679,-0.100983,7.947841),(1.931726,-0.100983,7.948246),(1.931667,-0.100983,7.948649),(1.931506,-0.100983,7.949023),(1.931253,-0.100983,7.949342),(1.930926,-0.100983,7.949585),(1.930548,-0.100983,7.949736),(1.930143,-0.100983,7.949783),(1.92974,-0.100983,7.949724),(1.934595,-0.100983,7.951102),(1.934952,-0.100983,7.951283),(1.935251,-0.100983,7.951548),(1.935474,-0.100983,7.951881),(1.935604,-0.100983,7.952259),(1.935635,-0.100983,7.952659),(1.935563,-0.100983,7.953052),(1.935394,-0.100983,7.953415),(1.935138,-0.100983,7.953723),(1.934812,-0.100983,7.953956),(1.934438,-0.100983,7.954099),(1.93404,-0.100983,7.954142),(1.933645,-0.100983,7.954083),(1.930553,-0.100983,7.953206),(1.925234,-0.100983,7.958642),(1.918915,-0.100983,7.962874),(1.911862,-0.100983,7.96572),(1.904376,-0.100983,7.96706),(1.571044,-0.100983,7.940155),(1.556717,-0.100983,7.937828),(1.542949,-0.100983,7.933233),(1.587538,-0.100983,7.775371),(1.902528,-0.100983,7.86659),(1.903257,-0.100983,7.898954),(1.903056,-0.100983,7.900949),(1.902376,-0.100983,7.902836),(1.901257,-0.100983,7.9045),(1.899768,-0.100983,7.905843),(1.897996,-0.100983,7.906783),(1.896049,-0.100983,7.907264),(1.894043,-0.100983,7.907257),(1.579505,-0.100983,7.8091),(1.577707,-0.100983,7.808276),(1.576174,-0.100983,7.807025),(1.575005,-0.100983,7.805429),(1.574276,-0.100983,7.80359),(1.574033,-0.100983,7.801627),(1.574292,-0.100983,7.799666),(1.575037,-0.100983,7.797833)),$);
#695= IFCTRIANGULATEDFACESET(#694,$,$,((38,40,41),(38,41,42),(40,38,39),(38,42,43),(38,43,37),(26,33,34),(27,32,33),(27,33,26),(35,36,24),(35,24,25),(34,35,25),(34,25,26),(43,44,49),(43,49,1),(47,44,46),(51,103,50),(49,50,103),(49,103,1),(24,36,37),(37,43,1),(37,1,8),(9,24,37),(9,37,8),(44,48,49),(47,48,44),(23,24,9),(23,9,10),(103,51,52),(46,44,45),(29,30,31),(29,31,28),(28,31,32),(28,32,27),(22,23,10),(22,10,11),(19,20,13),(19,13,14),(20,21,12),(20,12,13),(17,18,15),(17,15,16),(18,19,14),(18,14,15),(21,22,11),(21,11,12),(5,7,8),(5,8,4),(6,7,5),(3,4,8),(3,8,2),(103,52,53),(103,53,102),(73,74,79),(73,79,80),(74,75,78),(74,78,79),(75,76,77),(75,77,78),(70,71,82),(70,82,69),(71,72,81),(71,81,82),(72,73,80),(72,80,81),(96,82,83),(96,83,95),(92,85,86),(92,86,91),(91,86,87),(91,87,90),(88,89,90),(88,90,87),(85,92,93),(85,93,84),(94,83,84),(94,84,93),(83,94,95),(61,63,64),(61,64,65),(66,67,61),(66,61,65),(59,60,68),(63,61,62),(8,1,2),(68,58,59),(56,57,68),(56,68,69),(57,58,68),(60,61,67),(60,67,68),(69,82,97),(69,97,98),(55,56,69),(55,69,100),(82,96,97),(69,98,99),(69,99,100),(101,102,53),(101,53,54),(54,55,100),(54,100,101),(115,116,118),(115,118,121),(121,104,114),(121,114,115),(114,104,105),(114,105,113),(119,120,121),(119,121,118),(116,117,118),(113,105,106),(113,106,107),(107,108,112),(107,112,113),(109,110,111),(111,112,108),(111,108,109)),$);
#696= IFCSTYLEDITEM(#695,(#121),'\X2\0110\X0\\X2\00E8\X0\n chi\X2\1EBF\X0\u s\X2\00E1\X0\ng');
#697= IFCCARTESIANPOINTLIST3D(((1.542949,0.100983,7.933233),(1.295542,0.100983,7.840881),(1.295542,-0.100983,7.840881),(1.542949,-0.100983,7.933233)),$);
#698= IFCTRIANGULATEDFACESET(#697,$,$,((1,2,3),(1,3,4)),$);
#699= IFCSTYLEDITEM(#698,(#121),'\X2\0110\X0\\X2\00E8\X0\n chi\X2\1EBF\X0\u s\X2\00E1\X0\ng');
#700= IFCCARTESIANPOINTLIST3D(((1.571044,0.100983,7.940155),(1.556717,0.100983,7.937828),(1.542949,0.100983,7.933233),(1.542949,-0.100983,7.933233),(1.556717,-0.100983,7.937828),(1.571044,-0.100983,7.940155)),$);
#701= IFCTRIANGULATEDFACESET(#700,$,$,((2,3,4),(2,4,5),(5,6,1),(5,1,2)),$);
#702= IFCSTYLEDITEM(#701,(#121),'\X2\0110\X0\\X2\00E8\X0\n chi\X2\1EBF\X0\u s\X2\00E1\X0\ng');
#703= IFCCARTESIANPOINTLIST3D(((1.904376,0.100983,7.96706),(1.571044,0.100983,7.940155),(1.571044,-0.100983,7.940155),(1.904376,-0.100983,7.96706)),$);
#704= IFCTRIANGULATEDFACESET(#703,$,$,((1,2,3),(1,3,4)),$);
#705= IFCSTYLEDITEM(#704,(#121),'\X2\0110\X0\\X2\00E8\X0\n chi\X2\1EBF\X0\u s\X2\00E1\X0\ng');
#706= IFCCARTESIANPOINTLIST3D(((1.930553,0.100983,7.953206),(1.925234,0.100983,7.958642),(1.918915,0.100983,7.962874),(1.911862,0.100983,7.96572),(1.904376,0.100983,7.96706),(1.904376,-0.100983,7.96706),(1.911862,-0.100983,7.96572),(1.918915,-0.100983,7.962874),(1.925234,-0.100983,7.958642),(1.930553,-0.100983,7.953206)),$);
#707= IFCTRIANGULATEDFACESET(#706,$,$,((6,7,4),(6,4,5),(3,4,7),(3,7,8),(9,10,1),(9,1,2),(8,9,2),(8,2,3)),$);
#708= IFCSTYLEDITEM(#707,(#121),'\X2\0110\X0\\X2\00E8\X0\n chi\X2\1EBF\X0\u s\X2\00E1\X0\ng');
#709= IFCCARTESIANPOINTLIST3D(((1.933645,0.100983,7.954083),(1.930553,0.100983,7.953206),(1.930553,-0.100983,7.953206),(1.933645,-0.100983,7.954083)),$);
#710= IFCTRIANGULATEDFACESET(#709,$,$,((4,1,2),(4,2,3)),$);
#711= IFCSTYLEDITEM(#710,(#121),'\X2\0110\X0\\X2\00E8\X0\n chi\X2\1EBF\X0\u s\X2\00E1\X0\ng');
#712= IFCCARTESIANPOINTLIST3D(((1.934595,0.100983,7.951102),(1.934952,0.100983,7.951283),(1.935251,0.100983,7.951548),(1.935474,0.100983,7.951881),(1.935604,0.100983,7.952259),(1.935635,0.100983,7.952659),(1.935563,0.100983,7.953052),(1.935394,0.100983,7.953415),(1.935138,0.100983,7.953723),(1.934812,0.100983,7.953956),(1.934438,0.100983,7.954099),(1.93404,0.100983,7.954142),(1.933645,0.100983,7.954083),(1.933645,-0.100983,7.954083),(1.93404,-0.100983,7.954142),(1.934438,-0.100983,7.954099),(1.934812,-0.100983,7.953956),(1.935138,-0.100983,7.953723),(1.935394,-0.100983,7.953415),(1.935563,-0.100983,7.953052),(1.935635,-0.100983,7.952659),(1.935604,-0.100983,7.952259),(1.935474,-0.100983,7.951881),(1.935251,-0.100983,7.951548),(1.934952,-0.100983,7.951283),(1.934595,-0.100983,7.951102)),$);
#713= IFCTRIANGULATEDFACESET(#712,$,$,((14,15,12),(14,12,13),(15,16,11),(15,11,12),(17,18,9),(17,9,10),(16,17,10),(16,10,11),(18,19,8),(18,8,9),(7,8,19),(7,19,20),(21,22,5),(21,5,6),(22,23,4),(22,4,5),(24,25,2),(24,2,3),(23,24,3),(23,3,4),(25,26,1),(25,1,2),(20,21,6),(20,6,7)),$);
#714= IFCSTYLEDITEM(#713,(#121),'\X2\0110\X0\\X2\00E8\X0\n chi\X2\1EBF\X0\u s\X2\00E1\X0\ng');
#715= IFCCARTESIANPOINTLIST3D(((1.92974,0.100983,7.949724),(1.934595,0.100983,7.951102),(1.934595,-0.100983,7.951102),(1.92974,-0.100983,7.949724)),$);
#716= IFCTRIANGULATEDFACESET(#715,$,$,((1,2,3),(1,3,4)),$);
#717= IFCSTYLEDITEM(#716,(#121),'\X2\0110\X0\\X2\00E8\X0\n chi\X2\1EBF\X0\u s\X2\00E1\X0\ng');
#718= IFCCARTESIANPOINTLIST3D(((1.930592,0.100983,7.946722),(1.930966,0.100983,7.946883),(1.931286,0.100983,7.947136),(1.931529,0.100983,7.947463),(1.931679,0.100983,7.947841),(1.931726,0.100983,7.948246),(1.931667,0.100983,7.948649),(1.931506,0.100983,7.949023),(1.931253,0.100983,7.949342),(1.930926,0.100983,7.949585),(1.930548,0.100983,7.949736),(1.930143,0.100983,7.949783),(1.92974,0.100983,7.949724),(1.92974,-0.100983,7.949724),(1.930143,-0.100983,7.949783),(1.930548,-0.100983,7.949736),(1.930926,-0.100983,7.949585),(1.931253,-0.100983,7.949342),(1.931506,-0.100983,7.949023),(1.931667,-0.100983,7.948649),(1.931726,-0.100983,7.948246),(1.931679,-0.100983,7.947841),(1.931529,-0.100983,7.947463),(1.931286,-0.100983,7.947136),(1.930966,-0.100983,7.946883),(1.930592,-0.100983,7.946722)),$);
#719= IFCTRIANGULATEDFACESET(#718,$,$,((14,15,12),(14,12,13),(15,16,11),(15,11,12),(17,18,9),(17,9,10),(16,17,10),(16,10,11),(18,19,8),(18,8,9),(7,8,19),(7,19,20),(21,22,5),(21,5,6),(22,23,4),(22,4,5),(24,25,2),(24,2,3),(23,24,3),(23,3,4),(25,26,1),(25,1,2),(20,21,6),(20,6,7)),$);
#720= IFCSTYLEDITEM(#719,(#121),'\X2\0110\X0\\X2\00E8\X0\n chi\X2\1EBF\X0\u s\X2\00E1\X0\ng');
#721= IFCCARTESIANPOINTLIST3D(((1.926716,0.100983,7.945621),(1.930592,0.100983,7.946722),(1.930592,-0.100983,7.946722),(1.926716,-0.100983,7.945621)),$);
#722= IFCTRIANGULATEDFACESET(#721,$,$,((4,1,2),(4,2,3)),$);
#723= IFCSTYLEDITEM(#722,(#121),'\X2\0110\X0\\X2\00E8\X0\n chi\X2\1EBF\X0\u s\X2\00E1\X0\ng');
#724= IFCCARTESIANPOINTLIST3D(((1.931583,0.100983,7.893898),(1.930217,0.100983,7.91986),(1.926716,0.100983,7.945621),(1.926716,-0.100983,7.945621),(1.930217,-0.100983,7.91986),(1.931583,-0.100983,7.893898)),$);
#725= IFCTRIANGULATEDFACESET(#724,$,$,((3,4,5),(3,5,2),(6,1,2),(6,2,5)),$);
#726= IFCSTYLEDITEM(#725,(#121),'\X2\0110\X0\\X2\00E8\X0\n chi\X2\1EBF\X0\u s\X2\00E1\X0\ng');
#727= IFCCARTESIANPOINTLIST3D(((1.918942,0.100983,7.871343),(1.923765,0.100983,7.875895),(1.927575,0.100983,7.881324),(1.930217,0.100983,7.887407),(1.931583,0.100983,7.893898),(1.931583,-0.100983,7.893898),(1.930217,-0.100983,7.887407),(1.927575,-0.100983,7.881324),(1.923765,-0.100983,7.875895),(1.918942,-0.100983,7.871343)),$);
#728= IFCTRIANGULATEDFACESET(#727,$,$,((6,7,4),(6,4,5),(3,4,7),(3,7,8),(9,10,1),(9,1,2),(8,9,2),(8,2,3)),$);
#729= IFCSTYLEDITEM(#728,(#121),'\X2\0110\X0\\X2\00E8\X0\n chi\X2\1EBF\X0\u s\X2\00E1\X0\ng');
#730= IFCCARTESIANPOINTLIST3D(((1.918942,0.100983,7.871343),(1.918942,-0.100983,7.871343),(1.905956,-0.100983,7.867582),(1.905956,0.100983,7.867582),(1.55938,-0.100983,7.767217),(1.55938,0.100983,7.767217),(1.584183,0.100983,7.7744),(1.584183,-0.100983,7.7744),(1.587538,0.100983,7.775371),(1.902528,0.100983,7.86659),(1.902528,-0.100983,7.86659),(1.587538,-0.100983,7.775371)),$);
#731= IFCTRIANGULATEDFACESET(#730,$,$,((3,4,1),(3,1,2),(5,6,7),(5,7,8),(12,9,10),(12,10,11)),$);
#732= IFCSTYLEDITEM(#731,(#121),'\X2\0110\X0\\X2\00E8\X0\n chi\X2\1EBF\X0\u s\X2\00E1\X0\ng');
#733= IFCCARTESIANPOINTLIST3D(((1.32955,0.100983,7.7393),(1.55938,0.100983,7.767217),(1.55938,-0.100983,7.767217),(1.32955,-0.100983,7.7393)),$);
#734= IFCTRIANGULATEDFACESET(#733,$,$,((4,1,2),(4,2,3)),$);
#735= IFCSTYLEDITEM(#734,(#121),'\X2\0110\X0\\X2\00E8\X0\n chi\X2\1EBF\X0\u s\X2\00E1\X0\ng');
#736= IFCCARTESIANPOINTLIST3D(((1.315712,0.100983,7.744115),(1.318663,0.100983,7.741745),(1.322073,0.100983,7.740103),(1.325766,0.100983,7.739274),(1.32955,0.100983,7.7393),(1.32955,-0.100983,7.7393),(1.325766,-0.100983,7.739274),(1.322073,-0.100983,7.740103),(1.318663,-0.100983,7.741745),(1.315712,-0.100983,7.744115)),$);
#737= IFCTRIANGULATEDFACESET(#736,$,$,((6,7,4),(6,4,5),(3,4,7),(3,7,8),(9,10,1),(9,1,2),(8,9,2),(8,2,3)),$);
#738= IFCSTYLEDITEM(#737,(#121),'\X2\0110\X0\\X2\00E8\X0\n chi\X2\1EBF\X0\u s\X2\00E1\X0\ng');
#739= IFCCARTESIANPOINTLIST3D(((1.31238,0.100983,7.75345),(1.315712,0.100983,7.744115),(1.315712,-0.100983,7.744115),(1.31238,-0.100983,7.75345)),$);
#740= IFCTRIANGULATEDFACESET(#739,$,$,((4,1,2),(4,2,3)),$);
#741= IFCSTYLEDITEM(#740,(#121),'\X2\0110\X0\\X2\00E8\X0\n chi\X2\1EBF\X0\u s\X2\00E1\X0\ng');
#742= IFCCARTESIANPOINTLIST3D(((1.30674,0.100983,7.769592),(1.31238,0.100983,7.75345),(1.31238,-0.100983,7.75345),(1.30674,-0.100983,7.769592)),$);
#743= IFCTRIANGULATEDFACESET(#742,$,$,((1,2,3),(1,3,4)),$);
#744= IFCSTYLEDITEM(#743,(#121),'\X2\0110\X0\\X2\00E8\X0\n chi\X2\1EBF\X0\u s\X2\00E1\X0\ng');
#745= IFCCARTESIANPOINTLIST3D(((1.303723,0.100983,7.768736),(1.30674,0.100983,7.769592),(1.30674,-0.100983,7.769592),(1.303723,-0.100983,7.768736)),$);
#746= IFCTRIANGULATEDFACESET(#745,$,$,((4,1,2),(4,2,3)),$);
#747= IFCSTYLEDITEM(#746,(#121),'\X2\0110\X0\\X2\00E8\X0\n chi\X2\1EBF\X0\u s\X2\00E1\X0\ng');
#748= IFCCARTESIANPOINTLIST3D(((1.302853,0.100983,7.771805),(1.302471,0.100983,7.77164),(1.302144,0.100983,7.771382),(1.301896,0.100983,7.771048),(1.301742,0.100983,7.770661),(1.301694,0.100983,7.770247),(1.301754,0.100983,7.769835),(1.301919,0.100983,7.769453),(1.302177,0.100983,7.769126),(1.302511,0.100983,7.768878),(1.302898,0.100983,7.768724),(1.303311,0.100983,7.768676),(1.303723,0.100983,7.768736),(1.303723,-0.100983,7.768736),(1.303311,-0.100983,7.768676),(1.302898,-0.100983,7.768724),(1.302511,-0.100983,7.768878),(1.302177,-0.100983,7.769126),(1.301919,-0.100983,7.769453),(1.301754,-0.100983,7.769835),(1.301694,-0.100983,7.770247),(1.301742,-0.100983,7.770661),(1.301896,-0.100983,7.771048),(1.302144,-0.100983,7.771382),(1.302471,-0.100983,7.77164),(1.302853,-0.100983,7.771805)),$);
#749= IFCTRIANGULATEDFACESET(#748,$,$,((15,16,11),(15,11,12),(13,14,15),(13,15,12),(18,19,8),(18,8,9),(17,18,9),(17,9,10),(16,17,10),(16,10,11),(7,8,19),(7,19,20),(21,22,5),(21,5,6),(22,23,4),(22,4,5),(24,25,2),(24,2,3),(23,24,3),(23,3,4),(25,26,1),(25,1,2),(20,21,6),(20,6,7)),$);
#750= IFCSTYLEDITEM(#749,(#121),'\X2\0110\X0\\X2\00E8\X0\n chi\X2\1EBF\X0\u s\X2\00E1\X0\ng');
#751= IFCCARTESIANPOINTLIST3D(((1.298223,0.100983,7.770492),(1.302853,0.100983,7.771805),(1.302853,-0.100983,7.771805),(1.298223,-0.100983,7.770492)),$);
#752= IFCTRIANGULATEDFACESET(#751,$,$,((4,1,2),(4,2,3)),$);
#753= IFCSTYLEDITEM(#752,(#121),'\X2\0110\X0\\X2\00E8\X0\n chi\X2\1EBF\X0\u s\X2\00E1\X0\ng');
#754= IFCCARTESIANPOINTLIST3D(((1.297239,0.100983,7.773554),(1.296874,0.100983,7.7734),(1.296557,0.100983,7.773161),(1.296309,0.100983,7.772852),(1.296144,0.100983,7.772491),(1.296071,0.100983,7.772101),(1.296097,0.100983,7.771706),(1.296218,0.100983,7.771328),(1.296428,0.100983,7.770992),(1.296714,0.100983,7.770717),(1.297058,0.100983,7.770521),(1.29744,0.100983,7.770414),(1.297836,0.100983,7.770404),(1.298223,0.100983,7.770492),(1.298223,-0.100983,7.770492),(1.297836,-0.100983,7.770404),(1.29744,-0.100983,7.770414),(1.297058,-0.100983,7.770521),(1.296714,-0.100983,7.770717),(1.296428,-0.100983,7.770992),(1.296218,-0.100983,7.771328),(1.296097,-0.100983,7.771706),(1.296071,-0.100983,7.772101),(1.296144,-0.100983,7.772491),(1.296309,-0.100983,7.772852),(1.296557,-0.100983,7.773161),(1.296874,-0.100983,7.7734),(1.297239,-0.100983,7.773554)),$);
#755= IFCTRIANGULATEDFACESET(#754,$,$,((16,17,12),(16,12,13),(14,15,16),(14,16,13),(20,21,8),(20,8,9),(18,19,10),(18,10,11),(19,20,9),(19,9,10),(17,18,11),(17,11,12),(7,8,21),(7,21,22),(22,23,6),(22,6,7),(23,24,5),(23,5,6),(26,27,2),(26,2,3),(25,26,3),(25,3,4),(24,25,4),(24,4,5),(27,28,1),(27,1,2)),$);
#756= IFCSTYLEDITEM(#755,(#121),'\X2\0110\X0\\X2\00E8\X0\n chi\X2\1EBF\X0\u s\X2\00E1\X0\ng');
#757= IFCCARTESIANPOINTLIST3D(((1.301026,0.100983,7.774628),(1.297239,0.100983,7.773554),(1.297239,-0.100983,7.773554),(1.301026,-0.100983,7.774628)),$);
#758= IFCTRIANGULATEDFACESET(#757,$,$,((4,1,2),(4,2,3)),$);
#759= IFCSTYLEDITEM(#758,(#121),'\X2\0110\X0\\X2\00E8\X0\n chi\X2\1EBF\X0\u s\X2\00E1\X0\ng');
#760= IFCCARTESIANPOINTLIST3D(((1.290326,0.100983,7.82616),(1.301026,0.100983,7.774628),(1.301026,-0.100983,7.774628),(1.290326,-0.100983,7.82616)),$);
#761= IFCTRIANGULATEDFACESET(#760,$,$,((1,2,3),(1,3,4)),$);
#762= IFCSTYLEDITEM(#761,(#121),'\X2\0110\X0\\X2\00E8\X0\n chi\X2\1EBF\X0\u s\X2\00E1\X0\ng');
#763= IFCCARTESIANPOINTLIST3D(((1.295542,0.100983,7.840881),(1.293296,0.100983,7.839706),(1.291409,0.100983,7.838012),(1.289998,0.100983,7.835906),(1.289152,0.100983,7.833516),(1.288921,0.100983,7.830991),(1.289321,0.100983,7.828488),(1.290326,0.100983,7.82616),(1.290326,-0.100983,7.82616),(1.289321,-0.100983,7.828488),(1.288921,-0.100983,7.830991),(1.289152,-0.100983,7.833516),(1.289998,-0.100983,7.835906),(1.291409,-0.100983,7.838012),(1.293296,-0.100983,7.839706),(1.295542,-0.100983,7.840881)),$);
#764= IFCTRIANGULATEDFACESET(#763,$,$,((9,10,7),(9,7,8),(10,11,6),(10,6,7),(11,12,5),(11,5,6),(4,5,12),(4,12,13),(13,14,3),(13,3,4),(14,15,2),(14,2,3),(15,16,1),(15,1,2)),$);
#765= IFCSTYLEDITEM(#764,(#121),'\X2\0110\X0\\X2\00E8\X0\n chi\X2\1EBF\X0\u s\X2\00E1\X0\ng');
#766= IFCCARTESIANPOINTLIST3D(((1.90666,0.100983,7.898877),(1.90666,-0.100983,7.898877),(1.906366,-0.100983,7.901748),(1.90537,-0.100983,7.904457),(1.903737,-0.100983,7.906836),(1.901566,-0.100983,7.908738),(1.898992,-0.100983,7.910044),(1.896176,-0.100983,7.910674),(1.893291,-0.100983,7.910588),(1.893291,0.100983,7.910588),(1.896176,0.100983,7.910674),(1.898992,0.100983,7.910044),(1.901566,0.100983,7.908738),(1.903737,0.100983,7.906836),(1.90537,0.100983,7.904457),(1.906366,0.100983,7.901748)),$);
#767= IFCTRIANGULATEDFACESET(#766,$,$,((11,8,9),(11,9,10),(12,7,8),(12,8,11),(13,6,7),(13,7,12),(6,13,14),(6,14,5),(15,4,5),(15,5,14),(16,3,4),(16,4,15),(1,2,3),(1,3,16)),$);
#768= IFCSTYLEDITEM(#767,(#121),'\X2\0110\X0\\X2\00E8\X0\n chi\X2\1EBF\X0\u s\X2\00E1\X0\ng');
#769= IFCCARTESIANPOINTLIST3D(((1.90666,-0.100983,7.898877),(1.90666,0.100983,7.898877),(1.905956,0.100983,7.867582),(1.905956,-0.100983,7.867582)),$);
#770= IFCTRIANGULATEDFACESET(#769,$,$,((1,2,3),(1,3,4)),$);
#771= IFCSTYLEDITEM(#770,(#121),'\X2\0110\X0\\X2\00E8\X0\n chi\X2\1EBF\X0\u s\X2\00E1\X0\ng');
#772= IFCCARTESIANPOINTLIST3D(((1.903257,0.100983,7.898954),(1.903257,-0.100983,7.898954),(1.902528,-0.100983,7.86659),(1.902528,0.100983,7.86659)),$);
#773= IFCTRIANGULATEDFACESET(#772,$,$,((4,1,2),(4,2,3)),$);
#774= IFCSTYLEDITEM(#773,(#121),'\X2\0110\X0\\X2\00E8\X0\n chi\X2\1EBF\X0\u s\X2\00E1\X0\ng');
#775= IFCCARTESIANPOINTLIST3D(((1.903257,-0.100983,7.898954),(1.903257,0.100983,7.898954),(1.903056,0.100983,7.900949),(1.902376,0.100983,7.902836),(1.901257,0.100983,7.9045),(1.899768,0.100983,7.905843),(1.897996,0.100983,7.906783),(1.896049,0.100983,7.907264),(1.894043,0.100983,7.907257),(1.894043,-0.100983,7.907257),(1.896049,-0.100983,7.907264),(1.897996,-0.100983,7.906783),(1.899768,-0.100983,7.905843),(1.901257,-0.100983,7.9045),(1.902376,-0.100983,7.902836),(1.903056,-0.100983,7.900949)),$);
#776= IFCTRIANGULATEDFACESET(#775,$,$,((1,2,3),(1,3,16),(4,5,14),(4,14,15),(3,4,15),(3,15,16),(14,5,6),(14,6,13),(13,6,7),(13,7,12),(12,7,8),(12,8,11),(11,8,9),(11,9,10)),$);
#777= IFCSTYLEDITEM(#776,(#121),'\X2\0110\X0\\X2\00E8\X0\n chi\X2\1EBF\X0\u s\X2\00E1\X0\ng');
#778= IFCCARTESIANPOINTLIST3D(((1.894043,-0.100983,7.907257),(1.894043,0.100983,7.907257),(1.579505,0.100983,7.8091),(1.579505,-0.100983,7.8091)),$);
#779= IFCTRIANGULATEDFACESET(#778,$,$,((2,3,4),(2,4,1)),$);
#780= IFCSTYLEDITEM(#779,(#121),'\X2\0110\X0\\X2\00E8\X0\n chi\X2\1EBF\X0\u s\X2\00E1\X0\ng');
#781= IFCCARTESIANPOINTLIST3D(((1.579505,-0.100983,7.8091),(1.579505,0.100983,7.8091),(1.577707,0.100983,7.808276),(1.576174,0.100983,7.807025),(1.575005,0.100983,7.805429),(1.574276,0.100983,7.80359),(1.574033,0.100983,7.801627),(1.574292,0.100983,7.799666),(1.575037,0.100983,7.797833),(1.575037,-0.100983,7.797833),(1.574292,-0.100983,7.799666),(1.574033,-0.100983,7.801627),(1.574276,-0.100983,7.80359),(1.575005,-0.100983,7.805429),(1.576174,-0.100983,7.807025),(1.577707,-0.100983,7.808276)),$);
#782= IFCTRIANGULATEDFACESET(#781,$,$,((1,2,3),(1,3,16),(16,3,4),(16,4,15),(15,4,5),(15,5,14),(14,5,6),(14,6,13),(13,6,7),(13,7,12),(12,7,8),(12,8,11),(11,8,9),(11,9,10)),$);
#783= IFCSTYLEDITEM(#782,(#121),'\X2\0110\X0\\X2\00E8\X0\n chi\X2\1EBF\X0\u s\X2\00E1\X0\ng');
#784= IFCCARTESIANPOINTLIST3D(((1.575037,-0.100983,7.797833),(1.575037,0.100983,7.797833),(1.587538,0.100983,7.775371),(1.587538,-0.100983,7.775371)),$);
#785= IFCTRIANGULATEDFACESET(#784,$,$,((2,3,4),(2,4,1)),$);
#786= IFCSTYLEDITEM(#785,(#121),'\X2\0110\X0\\X2\00E8\X0\n chi\X2\1EBF\X0\u s\X2\00E1\X0\ng');
#787= IFCCARTESIANPOINTLIST3D(((1.572066,0.100983,7.79617),(1.572066,-0.100983,7.79617),(1.584183,-0.100983,7.7744),(1.584183,0.100983,7.7744)),$);
#788= IFCTRIANGULATEDFACESET(#787,$,$,((4,1,2),(4,2,3)),$);
#789= IFCSTYLEDITEM(#788,(#121),'\X2\0110\X0\\X2\00E8\X0\n chi\X2\1EBF\X0\u s\X2\00E1\X0\ng');
#790= IFCCARTESIANPOINTLIST3D(((1.572066,-0.100983,7.79617),(1.572066,0.100983,7.79617),(1.570999,0.100983,7.798803),(1.570628,0.100983,7.80162),(1.570979,0.100983,7.804439),(1.572027,0.100983,7.80708),(1.573706,0.100983,7.809371),(1.575908,0.100983,7.811167),(1.578491,0.100983,7.81235),(1.578491,-0.100983,7.81235),(1.575908,-0.100983,7.811167),(1.573706,-0.100983,7.809371),(1.572027,-0.100983,7.80708),(1.570979,-0.100983,7.804439),(1.570628,-0.100983,7.80162),(1.570999,-0.100983,7.798803)),$);
#791= IFCTRIANGULATEDFACESET(#790,$,$,((3,16,1),(3,1,2),(4,15,16),(4,16,3),(5,14,15),(5,15,4),(14,5,6),(14,6,13),(7,12,13),(7,13,6),(8,11,12),(8,12,7),(9,10,11),(9,11,8)),$);
#792= IFCSTYLEDITEM(#791,(#121),'\X2\0110\X0\\X2\00E8\X0\n chi\X2\1EBF\X0\u s\X2\00E1\X0\ng');
#793= IFCCARTESIANPOINTLIST3D(((1.893291,0.100983,7.910588),(1.893291,-0.100983,7.910588),(1.578491,-0.100983,7.81235),(1.578491,0.100983,7.81235)),$);
#794= IFCTRIANGULATEDFACESET(#793,$,$,((3,4,1),(3,1,2)),$);
#795= IFCSTYLEDITEM(#794,(#121),'\X2\0110\X0\\X2\00E8\X0\n chi\X2\1EBF\X0\u s\X2\00E1\X0\ng');
#796= IFCGEOMETRICREPRESENTATIONSUBCONTEXT('Body','Model',*,*,*,*,#26,$,.MODEL_VIEW.,$);
#797= IFCSHAPEREPRESENTATION(#796,'Body','Tessellation',(#118,#125,#128,#131,#134,#137,#140,#143,#146,#149,#152,#155,#158,#161,#164,#167,#170,#173,#176,#179,#182,#185,#188,#191,#194,#197,#200,#203,#206,#209,#212,#215,#218,#221,#224,#227,#230,#233,#236,#239,#242,#245,#248,#251,#254,#257,#260,#263,#266,#269,#272,#275,#278,#281,#284,#287,#290,#293,#296,#299,#302,#305,#308,#311,#314,#317,#320,#323,#326,#329,#332,#335,#338,#341,#344,#347,#350,#353,#356,#359,#362,#365,#368,#371,#374,#377,#380,#383,#386,#389,#392,#395,#398,#401,#404,#407,#410,#413,#416,#419,#422,#425,#428,#431,#434,#437,#440,#443,#446,#449,#452,#455,#458,#461,#464,#467,#470,#473,#476,#479,#482,#485,#488,#491,#494,#497,#500,#503,#506,#509,#512,#515,#518,#521,#524,#527,#530,#533,#536,#539,#542,#545,#548,#551,#554,#557,#560,#563,#566,#569,#572,#575,#578,#581,#584,#587,#590,#593,#596,#599,#602,#605,#608,#611,#614,#617,#620,#623,#626,#629,#632,#635,#638,#641,#644,#647,#650,#653,#656,#659,#662,#665,#668,#671,#674,#677,#680,#683,#686,#689,#692,#695,#698,#701,#704,#707,#710,#713,#716,#719,#722,#725,#728,#731,#734,#737,#740,#743,#746,#749,#752,#755,#758,#761,#764,#767,#770,#773,#776,#779,#782,#785,#788,#791,#794));
#798= IFCREPRESENTATIONMAP(#34,#797);
#799= IFCBUILTELEMENTTYPE('2fbZOK45bCEQj2wwjcm1Ya',$,'\X2\0110\X0\\X2\00E8\X0\n chi\X2\1EBF\X0\u s\X2\00E1\X0\ng',$,$,$,(#798),$,$);
#800= IFCRELDEFINESBYTYPE('1U3kBuFNr08Bwu2hAJdnco',$,'NameNotAssigned',$,(#812,#856,#879,#901,#923,#945,#967,#989,#1011,#1033,#1055,#1077,#1099,#1121,#1143,#1165,#1187,#1209,#1231,#1253,#1275,#1297,#1319,#1341,#1363),#799);
#801= IFCRELDECLARES('1w6QUFg7T1Tf_XMMYCDjZv',$,$,$,#9,(#799));
#802= IFCCARTESIANTRANSFORMATIONOPERATOR3D($,$,#33,$,$);
#803= IFCMAPPEDITEM(#798,#802);
#804= IFCSHAPEREPRESENTATION(#796,'Body','MappedRepresentation',(#803));
#805= IFCPRODUCTDEFINITIONSHAPE($,$,(#804));
#806= IFCCARTESIANPOINT((220.49893,301.117316,370.873718));
#807= IFCAXIS2PLACEMENT3D(#806,#810,#808);
#808= IFCDIRECTION((-0.710378567298772,0.703819639998685,0.000453293135319809));
#809= IFCDIRECTION((0.0,0.0,1.0));
#810= IFCDIRECTION((0.000314201810397218,-0.000326917273923765,0.999999897201154));
#811= IFCLOCALPLACEMENT(#5,#807);
#812= IFCBUILTELEMENT('259e$rGCD69wcSLcYZ3Ri0',$,'\X2\0110\X0\\X2\00E8\X0\n chi\X2\1EBF\X0\u s\X2\00E1\X0\ng',$,$,#811,#805,'1151E');
#813= IFCPRESENTATIONLAYERASSIGNMENT('CHI\X2\1EBE\X0\U S\X2\00C1\X0\NG',$,(#803,#848,#871,#893,#915,#937,#959,#981,#1003,#1025,#1047,#1069,#1091,#1113,#1135,#1157,#1179,#1201,#1223,#1245,#1267,#1289,#1311,#1333,#1355),$);
#814= IFCPROPERTYSINGLEVALUE('IsDynamicBlock',$,IFCBOOLEAN(.F.),$);
#815= IFCPROPERTYSINGLEVALUE('Name',$,IFCLABEL('\X2\0110\X0\\X2\00E8\X0\n chi\X2\1EBF\X0\u s\X2\00E1\X0\ng'),$);
#816= IFCPROPERTYSINGLEVALUE('Rotation',$,IFCREAL(2.3608324181029),$);
#817= IFCPROPERTYSINGLEVALUE('TreatAsBlockRefForExplode',$,IFCBOOLEAN(.F.),$);
#818= IFCPROPERTYSINGLEVALUE('UnitFactor',$,IFCREAL(1.0),$);
#819= IFCPROPERTYSINGLEVALUE('ForceAnnoAllVisible',$,IFCBOOLEAN(.F.),$);
#820= IFCPROPERTYSINGLEVALUE('Bounds',$,IFCLABEL('((505168.89131788805,1707746.6472713104,370.8734835744253),(505170.9688749463,1707748.7144003164,378.8416578919367))'),$);
#821= IFCPROPERTYSET('3lGYLDs$g5N1zb98YwGrfQ',$,'Properties',$,(#70,#72,#73,#74,#75,#76,#77,#78,#79,#80,#81,#82,#83,#84,#85,#86,#87,#88,#90,#91,#814,#815,#816,#817,#818,#819,#820));
#822= IFCRELDEFINESBYPROPERTIES('3FnZMfr2TKHv72kcNT7D0w',$,$,$,(#812),#821);
#823= IFCPROPERTYSINGLEVALUE('ClassID',$,IFCLABEL('a06dd599-dbb9-4f47-97fa-de3799ce06ad'),$);
#824= IFCPROPERTYSET('3cLsLLcPKKnwDUaS0X6oNG',$,'Misc',$,(#94,#96,#97,#823));
#825= IFCRELDEFINESBYPROPERTIES('098o5_uASuaBMCcS4G_B87',$,$,$,(#812),#824);
#826= IFCPROPERTYSET('3DHv44NsEQLtZEY4komjb_',$,'3D Visualization',$,(#100,#101,#102));
#827= IFCRELDEFINESBYPROPERTIES('2iACTjBS7nyPSHJulIgi7k',$,$,$,(#812),#826);
#828= IFCPROPERTYSINGLEVALUE('Layer',$,IFCLABEL('CHI\X2\1EBE\X0\U S\X2\00C1\X0\NG'),$);
#829= IFCPROPERTYSET('0mnjpVK1I3aRQsbkZSKflO',$,'General',$,(#105,#107,#108,#109,#110,#828));
#830= IFCRELDEFINESBYPROPERTIES('2IsqF0QXhw2RTXHSijtxWH',$,$,$,(#812),#829);
#831= IFCPROPERTYSINGLEVALUE('IsPlanar',$,IFCBOOLEAN(.T.),$);
#832= IFCPROPERTYSET('3CDys$CH9GIPinf3WXVX1R',$,'Geometry',$,(#831));
#833= IFCRELDEFINESBYPROPERTIES('0k2YHM2CuKQSZq7WAb3Ndi',$,$,$,(#812),#832);
#834= IFCPROPERTYSINGLEVALUE('T\X2\00EA\X0\n \X2\0111\X0\\X2\1ED1\X0\i t\X2\01B0\X0\\X2\1EE3\X0\ng',$,IFCLABEL('\X2\0110\X0\\X2\00E8\X0\n chi\X2\1EBF\X0\u s\X2\00E1\X0\ng'),$);
#835= IFCPROPERTYSINGLEVALUE('M\X2\00E3\X0\ hi\X2\1EC7\X0\u',$,IFCLABEL('N5_HT_CS_S01'),$);
#836= IFCPROPERTYSINGLEVALUE('V\X2\1EAD\X0\t li\X2\1EC7\X0\u',$,IFCLABEL('H\X2\1EC7\X0\ th\X2\1ED1\X0\ng \X2\0111\X0\i\X2\1EC7\X0\n chi\X2\1EBF\X0\u s\X2\00E1\X0\ng'),$);
#837= IFCPROPERTYSINGLEVALUE('C\X2\01B0\X0\\X2\1EDD\X0\ng \X2\0111\X0\\X2\1ED9\X0\ v\X2\1EAD\X0\t li\X2\1EC7\X0\u (MPa)',$,IFCLABEL('None'),$);
#838= IFCPROPERTYSINGLEVALUE('Th\X2\00E0\X0\nh ph\X2\1EA7\X0\n v\X2\1EAD\X0\t li\X2\1EC7\X0\u',$,IFCLABEL('None'),$);
#839= IFCPROPERTYSINGLEVALUE('K\X2\00ED\X0\ch th\X2\01B0\X0\\X2\1EDB\X0\c (mm)',$,IFCLABEL('None'),$);
#840= IFCPROPERTYSINGLEVALUE('\X2\0110\X0\\X2\1ED9\X0\ d\X2\00E0\X0\y l\X2\1EDB\X0\p (mm)',$,IFCLABEL('None'),$);
#841= IFCPROPERTYSINGLEVALUE('\X2\0110\X0\\X2\1ED9\X0\ d\X2\00E0\X0\i (m)',$,IFCLABEL('---'),$);
#842= IFCPROPERTYSINGLEVALUE('Kh\X2\1ED1\X0\i l\X2\01B0\X0\\X2\1EE3\X0\ng (m3)',$,IFCREAL(0.0),$);
#843= IFCPROPERTYSINGLEVALUE('L\X2\00FD\X0\ tr\X2\00EC\X0\nh \X2\0111\X0\\X2\1EA7\X0\u',$,IFCLABEL('---'),$);
#844= IFCPROPERTYSINGLEVALUE('L\X2\00FD\X0\ tr\X2\00EC\X0\nh cu\X2\1ED1\X0\i',$,IFCLABEL('---'),$);
#845= IFCPROPERTYSINGLEVALUE('Ghi ch\X2\00FA\X0\',$,IFCLABEL('---'),$);
#846= IFCPROPERTYSET('0BjHvnRmFOD$tF5rTYT974',$,'Thong_tin_BIM',$,(#834,#835,#836,#837,#838,#839,#840,#841,#842,#843,#844,#845));
#847= IFCRELDEFINESBYPROPERTIES('397EbQTYeuPpOfCa$KPp3b',$,$,$,(#812),#846);
#848= IFCMAPPEDITEM(#798,#802);
#849= IFCSHAPEREPRESENTATION(#796,'Body','MappedRepresentation',(#848));
#850= IFCPRODUCTDEFINITIONSHAPE($,$,(#849));
#851= IFCCARTESIANPOINT((223.043677,335.943483,371.505452));
#852= IFCAXIS2PLACEMENT3D(#851,#854,#853);
#853= IFCDIRECTION((-0.65648441298614,-0.754339587903933,-0.0000403381581593005));
#854= IFCDIRECTION((0.000314201810397218,-0.000326917273923765,0.999999897201154));
#855= IFCLOCALPLACEMENT(#5,#852);
#856= IFCBUILTELEMENT('2Tooa9CqDEqgYZJw_6z$ip',$,'\X2\0110\X0\\X2\00E8\X0\n chi\X2\1EBF\X0\u s\X2\00E1\X0\ng',$,$,#855,#850,'11523');
#857= IFCPROPERTYSINGLEVALUE('Rotation',$,IFCREAL(3.99624026935899),$);
#858= IFCPROPERTYSINGLEVALUE('Bounds',$,IFCLABEL('((505171.52368948655,1707780.2638157457,371.5051436111954),(505173.512497598,1707782.4098166798,379.47267322187827))'),$);
#859= IFCPROPERTYSET('0uLJlGDXOUbgCWaec8zPDe',$,'Properties',$,(#70,#72,#73,#74,#75,#76,#77,#78,#79,#80,#81,#82,#83,#84,#85,#86,#87,#88,#90,#91,#814,#815,#817,#818,#819,#857,#858));
#860= IFCRELDEFINESBYPROPERTIES('3hIZdtOBJolSzw39tOODAh',$,$,$,(#856),#859);
#861= IFCPROPERTYSET('3OwJKlf$9udMzFd8kHlosv',$,'Misc',$,(#94,#96,#97,#823));
#862= IFCRELDEFINESBYPROPERTIES('2rzmjBsTEIaoh_4jBjMF1_',$,$,$,(#856),#861);
#863= IFCPROPERTYSET('3jdl9jskdG8CJkKBO_mQ9E',$,'3D Visualization',$,(#100,#101,#102));
#864= IFCRELDEFINESBYPROPERTIES('3OU_xHPapxA_E5$2j4HO80',$,$,$,(#856),#863);
#865= IFCPROPERTYSET('1rIOq9xRuiBhenwUsk0ay4',$,'General',$,(#105,#107,#108,#109,#110,#828));
#866= IFCRELDEFINESBYPROPERTIES('18QEB4JBbK0JWcall9JCTz',$,$,$,(#856),#865);
#867= IFCPROPERTYSET('2vgTFPdMixRk$zw764fv42',$,'Geometry',$,(#831));
#868= IFCRELDEFINESBYPROPERTIES('0XMqqHmqGnJi3Qe3NT0OMW',$,$,$,(#856),#867);
#869= IFCPROPERTYSET('0yk27aWNMI1pARE6PQEXET',$,'Thong_tin_BIM',$,(#834,#835,#836,#837,#838,#839,#840,#841,#842,#843,#844,#845));
#870= IFCRELDEFINESBYPROPERTIES('2tQLBQLJYBQXO8xy5vLFOy',$,$,$,(#856),#869);
#871= IFCMAPPEDITEM(#798,#802);
#872= IFCSHAPEREPRESENTATION(#796,'Body','MappedRepresentation',(#871));
#873= IFCPRODUCTDEFINITIONSHAPE($,$,(#872));
#874= IFCCARTESIANPOINT((244.165021,317.56209,370.97675));
#875= IFCAXIS2PLACEMENT3D(#874,#877,#876);
#876= IFCDIRECTION((-0.65648441298614,-0.754339587903933,-0.0000403381581593005));
#877= IFCDIRECTION((0.000314201810397218,-0.000326917273923765,0.999999897201154));
#878= IFCLOCALPLACEMENT(#5,#875);
#879= IFCBUILTELEMENT('0zUPCa9gb2DeZLANZzVOUh',$,'\X2\0110\X0\\X2\00E8\X0\n chi\X2\1EBF\X0\u s\X2\00E1\X0\ng',$,$,#878,#873,'11528');
#880= IFCPROPERTYSINGLEVALUE('Bounds',$,IFCLABEL('((505192.64503400057,1707761.8824231352,370.97644148329175),(505194.63384211203,1707764.0284240693,378.9439710939746))'),$);
#881= IFCPROPERTYSET('1WaXcdUiU7L_2qGjM7Ym8x',$,'Properties',$,(#70,#72,#73,#74,#75,#76,#77,#78,#79,#80,#81,#82,#83,#84,#85,#86,#87,#88,#90,#91,#814,#815,#817,#818,#819,#857,#880));
#882= IFCRELDEFINESBYPROPERTIES('30R0yYxRnhExUW_1Og4mOT',$,$,$,(#879),#881);
#883= IFCPROPERTYSET('33yfqhQVnugfUs_Pgpym8Y',$,'Misc',$,(#94,#96,#97,#823));
#884= IFCRELDEFINESBYPROPERTIES('308I8wQOy317AB4eYO3rsm',$,$,$,(#879),#883);
#885= IFCPROPERTYSET('1O3SM1a5pS3C0zfo$H_NnE',$,'3D Visualization',$,(#100,#101,#102));
#886= IFCRELDEFINESBYPROPERTIES('13dp5WThAzM6pu$UsevuJ5',$,$,$,(#879),#885);
#887= IFCPROPERTYSET('3Qh238884Tpynjzg1yuv2r',$,'General',$,(#105,#107,#108,#109,#110,#828));
#888= IFCRELDEFINESBYPROPERTIES('2eapP7TgdUyqEjctSG4Ybi',$,$,$,(#879),#887);
#889= IFCPROPERTYSET('3BYGinuzv3ClYa0ES_f8Ce',$,'Geometry',$,(#831));
#890= IFCRELDEFINESBYPROPERTIES('2xM4vK22JX44bSLGsywG8D',$,$,$,(#879),#889);
#891= IFCPROPERTYSET('2xRm5lVXjLqxd7OiuHnBOU',$,'Thong_tin_BIM',$,(#834,#835,#836,#837,#838,#839,#840,#841,#842,#843,#844,#845));
#892= IFCRELDEFINESBYPROPERTIES('3OzKgXbimhi8WpDM6btOxL',$,$,$,(#879),#891);
#893= IFCMAPPEDITEM(#798,#802);
#894= IFCSHAPEREPRESENTATION(#796,'Body','MappedRepresentation',(#893));
#895= IFCPRODUCTDEFINITIONSHAPE($,$,(#894));
#896= IFCCARTESIANPOINT((265.286366,299.180698,370.448047));
#897= IFCAXIS2PLACEMENT3D(#896,#899,#898);
#898= IFCDIRECTION((-0.65648441298614,-0.754339587903933,-0.0000403381581593005));
#899= IFCDIRECTION((0.000314201810397218,-0.000326917273923765,0.999999897201154));
#900= IFCLOCALPLACEMENT(#5,#897);
#901= IFCBUILTELEMENT('0KoQVtxcz3Fu__gfmt8EKa',$,'\X2\0110\X0\\X2\00E8\X0\n chi\X2\1EBF\X0\u s\X2\00E1\X0\ng',$,$,#900,#895,'1152D');
#902= IFCPROPERTYSINGLEVALUE('Bounds',$,IFCLABEL('((505213.7663785146,1707743.5010305254,370.4477393553883),(505215.75518662605,1707745.6470314595,378.41526896607115))'),$);
#903= IFCPROPERTYSET('0VVGhcvBm0b1e092byRh$K',$,'Properties',$,(#70,#72,#73,#74,#75,#76,#77,#78,#79,#80,#81,#82,#83,#84,#85,#86,#87,#88,#90,#91,#814,#815,#817,#818,#819,#857,#902));
#904= IFCRELDEFINESBYPROPERTIES('1sngF1J12Sz6o3E_eFptqw',$,$,$,(#901),#903);
#905= IFCPROPERTYSET('3ot$NbqFGgFR3C1L5VLhSL',$,'Misc',$,(#94,#96,#97,#823));
#906= IFCRELDEFINESBYPROPERTIES('0bfvBIZaw4kQVL4NccMhgP',$,$,$,(#901),#905);
#907= IFCPROPERTYSET('1Ev9hfMA1hrjeiFJ8ZtKlL',$,'3D Visualization',$,(#100,#101,#102));
#908= IFCRELDEFINESBYPROPERTIES('2qOcCj3HML5zOtzJM8kasR',$,$,$,(#901),#907);
#909= IFCPROPERTYSET('1cJJgb9GQzJGfcTuU0g$PP',$,'General',$,(#105,#107,#108,#109,#110,#828));
#910= IFCRELDEFINESBYPROPERTIES('1fGKrxvb6KF_Csu9I$hPo4',$,$,$,(#901),#909);
#911= IFCPROPERTYSET('3PcumMugxH6uxlrRGHgIyd',$,'Geometry',$,(#831));
#912= IFCRELDEFINESBYPROPERTIES('3g8JSxljoWwPotx7fnOCiz',$,$,$,(#901),#911);
#913= IFCPROPERTYSET('3LDkJqoqBXBNStzV0Xboxb',$,'Thong_tin_BIM',$,(#834,#835,#836,#837,#838,#839,#840,#841,#842,#843,#844,#845));
#914= IFCRELDEFINESBYPROPERTIES('3e8rNNam$bvjhbMNYKAeU6',$,$,$,(#901),#913);
#915= IFCMAPPEDITEM(#798,#802);
#916= IFCSHAPEREPRESENTATION(#796,'Body','MappedRepresentation',(#915));
#917= IFCPRODUCTDEFINITIONSHAPE($,$,(#916));
#918= IFCCARTESIANPOINT((286.40771,280.799305,369.919345));
#919= IFCAXIS2PLACEMENT3D(#918,#921,#920);
#920= IFCDIRECTION((-0.65648441298614,-0.754339587903933,-0.0000403381581593005));
#921= IFCDIRECTION((0.000314201810397218,-0.000326917273923765,0.999999897201154));
#922= IFCLOCALPLACEMENT(#5,#919);
#923= IFCBUILTELEMENT('0vTlPbMuL8zQ$v$XliKmmL',$,'\X2\0110\X0\\X2\00E8\X0\n chi\X2\1EBF\X0\u s\X2\00E1\X0\ng',$,$,#922,#917,'11532');
#924= IFCPROPERTYSINGLEVALUE('Bounds',$,IFCLABEL('((505234.88772302854,1707725.1196379147,369.91903722748447),(505236.87653114,1707727.2656388488,377.8865668381673))'),$);
#925= IFCPROPERTYSET('0k$vTsEpD60QFtFPR$1$wO',$,'Properties',$,(#70,#72,#73,#74,#75,#76,#77,#78,#79,#80,#81,#82,#83,#84,#85,#86,#87,#88,#90,#91,#814,#815,#817,#818,#819,#857,#924));
#926= IFCRELDEFINESBYPROPERTIES('3BkMpCsjCTIqIncqv1i1kb',$,$,$,(#923),#925);
#927= IFCPROPERTYSET('0C1CeH8avnEkz4RDjKHOl8',$,'Misc',$,(#94,#96,#97,#823));
#928= IFCRELDEFINESBYPROPERTIES('2SlCSTAW6oJKML8rcpvK8Q',$,$,$,(#923),#927);
#929= IFCPROPERTYSET('2FuAw86vS96Z2m7D9iVroU',$,'3D Visualization',$,(#100,#101,#102));
#930= IFCRELDEFINESBYPROPERTIES('3oPeWiBS6O35dtr6CD3OiH',$,$,$,(#923),#929);
#931= IFCPROPERTYSET('37cD9q3NavABSVxF$ZTy5p',$,'General',$,(#105,#107,#108,#109,#110,#828));
#932= IFCRELDEFINESBYPROPERTIES('3QIOUvmlpcMB1eXg1z19rZ',$,$,$,(#923),#931);
#933= IFCPROPERTYSET('0gZtCDEt2rW8Gx9Pzom1wN',$,'Geometry',$,(#831));
#934= IFCRELDEFINESBYPROPERTIES('35DCRatmSxOjVVOM_kTfSK',$,$,$,(#923),#933);
#935= IFCPROPERTYSET('26pguJzp3yEi7U8Y66uXGC',$,'Thong_tin_BIM',$,(#834,#835,#836,#837,#838,#839,#840,#841,#842,#843,#844,#845));
#936= IFCRELDEFINESBYPROPERTIES('2k5QI2J5a1KVsTUbcLbH4Y',$,$,$,(#923),#935);
#937= IFCMAPPEDITEM(#798,#802);
#938= IFCSHAPEREPRESENTATION(#796,'Body','MappedRepresentation',(#937));
#939= IFCPRODUCTDEFINITIONSHAPE($,$,(#938));
#940= IFCCARTESIANPOINT((307.529055,262.417912,369.390643));
#941= IFCAXIS2PLACEMENT3D(#940,#943,#942);
#942= IFCDIRECTION((-0.65648441298614,-0.754339587903933,-0.0000403381581593005));
#943= IFCDIRECTION((0.000314201810397218,-0.000326917273923765,0.999999897201154));
#944= IFCLOCALPLACEMENT(#5,#941);
#945= IFCBUILTELEMENT('2mcZbueGzBqvorHMKMCdt1',$,'\X2\0110\X0\\X2\00E8\X0\n chi\X2\1EBF\X0\u s\X2\00E1\X0\ng',$,$,#944,#939,'11537');
#946= IFCPROPERTYSINGLEVALUE('Bounds',$,IFCLABEL('((505256.0090675425,1707706.7382453042,369.39033509958136),(505257.99787565396,1707708.8842462383,377.3578647102642))'),$);
#947= IFCPROPERTYSET('1GxQu8utBnA0OUTG0t7q2M',$,'Properties',$,(#70,#72,#73,#74,#75,#76,#77,#78,#79,#80,#81,#82,#83,#84,#85,#86,#87,#88,#90,#91,#814,#815,#817,#818,#819,#857,#946));
#948= IFCRELDEFINESBYPROPERTIES('1XKSIwMaAJWApWh9bFGPtZ',$,$,$,(#945),#947);
#949= IFCPROPERTYSET('3_QMmr5NtbM0HS5SNMLcI1',$,'Misc',$,(#94,#96,#97,#823));
#950= IFCRELDEFINESBYPROPERTIES('23014nvF0HneUKM7hWHbe3',$,$,$,(#945),#949);
#951= IFCPROPERTYSET('3UYBGhvfOOVGugYWB1NPyK',$,'3D Visualization',$,(#100,#101,#102));
#952= IFCRELDEFINESBYPROPERTIES('1XAYpi_18u5Ppdw7o_lxMw',$,$,$,(#945),#951);
#953= IFCPROPERTYSET('09KjoAH90G9FItbifgPM38',$,'General',$,(#105,#107,#108,#109,#110,#828));
#954= IFCRELDEFINESBYPROPERTIES('0yyAXEoL2TvbwFYdJ1G_z0',$,$,$,(#945),#953);
#955= IFCPROPERTYSET('2tGTUx6d3g9NqawgY20ubP',$,'Geometry',$,(#831));
#956= IFCRELDEFINESBYPROPERTIES('0$G85PWavSMb5FbDtpMMub',$,$,$,(#945),#955);
#957= IFCPROPERTYSET('2ctJiROfSJbS_SzRp00sJ4',$,'Thong_tin_BIM',$,(#834,#835,#836,#837,#838,#839,#840,#841,#842,#843,#844,#845));
#958= IFCRELDEFINESBYPROPERTIES('1QEYBXSW5mCugqmfMCLD4v',$,$,$,(#945),#957);
#959= IFCMAPPEDITEM(#798,#802);
#960= IFCSHAPEREPRESENTATION(#796,'Body','MappedRepresentation',(#959));
#961= IFCPRODUCTDEFINITIONSHAPE($,$,(#960));
#962= IFCCARTESIANPOINT((328.650399,244.03652,368.861941));
#963= IFCAXIS2PLACEMENT3D(#962,#965,#964);
#964= IFCDIRECTION((-0.65648441298614,-0.754339587903933,-0.0000403381581593005));
#965= IFCDIRECTION((0.000314201810397218,-0.000326917273923765,0.999999897201154));
#966= IFCLOCALPLACEMENT(#5,#963);
#967= IFCBUILTELEMENT('1Nn6le8Dv72ObOI5KZUYEr',$,'\X2\0110\X0\\X2\00E8\X0\n chi\X2\1EBF\X0\u s\X2\00E1\X0\ng',$,$,#966,#961,'1153C');
#968= IFCPROPERTYSINGLEVALUE('Bounds',$,IFCLABEL('((505277.13041205663,1707688.3568526942,368.8616329716778),(505279.1192201681,1707690.5028536282,376.82916258236065))'),$);
#969= IFCPROPERTYSET('3vrdZ_ucByuAY_0LDDKKnO',$,'Properties',$,(#70,#72,#73,#74,#75,#76,#77,#78,#79,#80,#81,#82,#83,#84,#85,#86,#87,#88,#90,#91,#814,#815,#817,#818,#819,#857,#968));
#970= IFCRELDEFINESBYPROPERTIES('2pFgMslmOffr5EZoTaIvQF',$,$,$,(#967),#969);
#971= IFCPROPERTYSET('1t0fIqZnYXT4kvgxNNeXVt',$,'Misc',$,(#94,#96,#97,#823));
#972= IFCRELDEFINESBYPROPERTIES('138_xsQJF6KfZq3AB38jqz',$,$,$,(#967),#971);
#973= IFCPROPERTYSET('1OP4tFwq8Sh_VmYTT_zapW',$,'3D Visualization',$,(#100,#101,#102));
#974= IFCRELDEFINESBYPROPERTIES('0TqdQFyw68Ao5hr7yCSH1o',$,$,$,(#967),#973);
#975= IFCPROPERTYSET('115so12VxgyP1kPxSMCMzf',$,'General',$,(#105,#107,#108,#109,#110,#828));
#976= IFCRELDEFINESBYPROPERTIES('3AdS22dRdzRSLUuYcoA2q2',$,$,$,(#967),#975);
#977= IFCPROPERTYSET('1rlSN$z2XMZINgo8q7dGAT',$,'Geometry',$,(#831));
#978= IFCRELDEFINESBYPROPERTIES('31v_L_eFQM78hkJCWdrl9I',$,$,$,(#967),#977);
#979= IFCPROPERTYSET('0vZBY4UFreMvYVk3U10tk4',$,'Thong_tin_BIM',$,(#834,#835,#836,#837,#838,#839,#840,#841,#842,#843,#844,#845));
#980= IFCRELDEFINESBYPROPERTIES('2KQN6nqJDe$zikeZBdhuhr',$,$,$,(#967),#979);
#981= IFCMAPPEDITEM(#798,#802);
#982= IFCSHAPEREPRESENTATION(#796,'Body','MappedRepresentation',(#981));
#983= IFCPRODUCTDEFINITIONSHAPE($,$,(#982));
#984= IFCCARTESIANPOINT((200.800556,281.21793,370.458094));
#985= IFCAXIS2PLACEMENT3D(#984,#987,#986);
#986= IFCDIRECTION((-0.710378567298772,0.703819639998685,0.000453293135319809));
#987= IFCDIRECTION((0.000314201810397218,-0.000326917273923765,0.999999897201154));
#988= IFCLOCALPLACEMENT(#5,#985);
#989= IFCBUILTELEMENT('2eEBm9aXXCIgFKchnO_WNF',$,'\X2\0110\X0\\X2\00E8\X0\n chi\X2\1EBF\X0\u s\X2\00E1\X0\ng',$,$,#988,#983,'11541');
#990= IFCPROPERTYSINGLEVALUE('Bounds',$,IFCLABEL('((505149.1929434382,1707726.747885415,370.4578597667629),(505151.27050049644,1707728.815014421,378.4260340842743))'),$);
#991= IFCPROPERTYSET('3Pg$jOangBDFd_0FgV7Xnj',$,'Properties',$,(#70,#72,#73,#74,#75,#76,#77,#78,#79,#80,#81,#82,#83,#84,#85,#86,#87,#88,#90,#91,#814,#815,#816,#817,#818,#819,#990));
#992= IFCRELDEFINESBYPROPERTIES('3E7PhMZVg0id8Zu3BCfv11',$,$,$,(#989),#991);
#993= IFCPROPERTYSET('2qA0hVfBxJWbcIGZ0Ri1vR',$,'Misc',$,(#94,#96,#97,#823));
#994= IFCRELDEFINESBYPROPERTIES('25MJzky5SJUp2c9IX7IISV',$,$,$,(#989),#993);
#995= IFCPROPERTYSET('1QB_B0mCPP0dMKrmp8UV$c',$,'3D Visualization',$,(#100,#101,#102));
#996= IFCRELDEFINESBYPROPERTIES('208kMlFjJoqL3$71MjikhB',$,$,$,(#989),#995);
#997= IFCPROPERTYSET('17Z9eyV2G8mfp4AGhADFWA',$,'General',$,(#105,#107,#108,#109,#110,#828));
#998= IFCRELDEFINESBYPROPERTIES('2N2O0d02V6n5x3YLdI9JUd',$,$,$,(#989),#997);
#999= IFCPROPERTYSET('1vJ2fJClsTJlzti1$VCOFt',$,'Geometry',$,(#831));
#1000= IFCRELDEFINESBYPROPERTIES('3jnEcLUTGE2LRy9Atns6vX',$,$,$,(#989),#999);
#1001= IFCPROPERTYSET('2pfHt699tUMJB2$ub7VRDB',$,'Thong_tin_BIM',$,(#834,#835,#836,#837,#838,#839,#840,#841,#842,#843,#844,#845));
#1002= IFCRELDEFINESBYPROPERTIES('3LtcKSUHBKvIFMZeaKNtpU',$,$,$,(#989),#1001);
#1003= IFCMAPPEDITEM(#798,#802);
#1004= IFCSHAPEREPRESENTATION(#796,'Body','MappedRepresentation',(#1003));
#1005= IFCPRODUCTDEFINITIONSHAPE($,$,(#1004));
#1006= IFCCARTESIANPOINT((181.093473,261.327465,370.042105));
#1007= IFCAXIS2PLACEMENT3D(#1006,#1009,#1008);
#1008= IFCDIRECTION((-0.710378567298772,0.703819639998685,0.000453293135319809));
#1009= IFCDIRECTION((0.000314201810397218,-0.000326917273923765,0.999999897201154));
#1010= IFCLOCALPLACEMENT(#5,#1007);
#1011= IFCBUILTELEMENT('3uMnxjdmb8j94eppkJyGQs',$,'\X2\0110\X0\\X2\00E8\X0\n chi\X2\1EBF\X0\u s\X2\00E1\X0\ng',$,$,#1010,#1005,'11546');
#1012= IFCPROPERTYSINGLEVALUE('Bounds',$,IFCLABEL('((505129.4858607861,1707706.8574194817,370.04187077240397),(505131.56341784436,1707708.9245484876,378.01004508991537))'),$);
#1013= IFCPROPERTYSET('2sh5ShQcdDzIg_gToKKM68',$,'Properties',$,(#70,#72,#73,#74,#75,#76,#77,#78,#79,#80,#81,#82,#83,#84,#85,#86,#87,#88,#90,#91,#814,#815,#816,#817,#818,#819,#1012));
#1014= IFCRELDEFINESBYPROPERTIES('0RWG7_mWJC4prVmBNLGUlO',$,$,$,(#1011),#1013);
#1015= IFCPROPERTYSET('1_BEgNWNssOCvD6UkWkOTS',$,'Misc',$,(#94,#96,#97,#823));
#1016= IFCRELDEFINESBYPROPERTIES('36wiOj8D$uNBuRVH3EunB1',$,$,$,(#1011),#1015);
#1017= IFCPROPERTYSET('0BtPRnymMeZJPo6FOvJ6d0',$,'3D Visualization',$,(#100,#101,#102));
#1018= IFCRELDEFINESBYPROPERTIES('1gZ1oJb3l3M4lzPWp0_5zq',$,$,$,(#1011),#1017);
#1019= IFCPROPERTYSET('0oIbpAotrmMGT9rZDnxxTN',$,'General',$,(#105,#107,#108,#109,#110,#828));
#1020= IFCRELDEFINESBYPROPERTIES('0m0S$kk9eojWLAQQ8ri350',$,$,$,(#1011),#1019);
#1021= IFCPROPERTYSET('04OK3SxgO3o5Z9DtXd$YKP',$,'Geometry',$,(#831));
#1022= IFCRELDEFINESBYPROPERTIES('1lLUHiH0Wf22HtMeuapyFn',$,$,$,(#1011),#1021);
#1023= IFCPROPERTYSET('0vHoUdqYQp8$qBtdugnpxf',$,'Thong_tin_BIM',$,(#834,#835,#836,#837,#838,#839,#840,#841,#842,#843,#844,#845));
#1024= IFCRELDEFINESBYPROPERTIES('1Ce6yxXfRlDVJ4kFug6bWn',$,$,$,(#1011),#1023);
#1025= IFCMAPPEDITEM(#798,#802);
#1026= IFCSHAPEREPRESENTATION(#796,'Body','MappedRepresentation',(#1025));
#1027= IFCPRODUCTDEFINITIONSHAPE($,$,(#1026));
#1028= IFCCARTESIANPOINT((161.38639,241.436999,369.626116));
#1029= IFCAXIS2PLACEMENT3D(#1028,#1031,#1030);
#1030= IFCDIRECTION((-0.710378567298772,0.703819639998685,0.000453293135319809));
#1031= IFCDIRECTION((0.000314201810397218,-0.000326917273923765,0.999999897201154));
#1032= IFCLOCALPLACEMENT(#5,#1029);
#1033= IFCBUILTELEMENT('3ew1X2EJr9r8OaJqGeg8Wd',$,'\X2\0110\X0\\X2\00E8\X0\n chi\X2\1EBF\X0\u s\X2\00E1\X0\ng',$,$,#1032,#1027,'1154B');
#1034= IFCPROPERTYSINGLEVALUE('Bounds',$,IFCLABEL('((505109.77877813403,1707686.9669535488,369.6258817780433),(505111.8563351923,1707689.0340825547,377.5940560955547))'),$);
#1035= IFCPROPERTYSET('3qfHNtqHiHCWLliPFr_6F4',$,'Properties',$,(#70,#72,#73,#74,#75,#76,#77,#78,#79,#80,#81,#82,#83,#84,#85,#86,#87,#88,#90,#91,#814,#815,#816,#817,#818,#819,#1034));
#1036= IFCRELDEFINESBYPROPERTIES('302JS22hZRML14rFYyRb1h',$,$,$,(#1033),#1035);
#1037= IFCPROPERTYSET('38sq1g6FtsuxN99$WvY6yo',$,'Misc',$,(#94,#96,#97,#823));
#1038= IFCRELDEFINESBYPROPERTIES('1e4cyzKBgeg3gfUZIcR_Ck',$,$,$,(#1033),#1037);
#1039= IFCPROPERTYSET('15LVPPbZYc3IudOutROPqM',$,'3D Visualization',$,(#100,#101,#102));
#1040= IFCRELDEFINESBYPROPERTIES('0e52o5ndk_yr3zKhFPMsJg',$,$,$,(#1033),#1039);
#1041= IFCPROPERTYSET('24iPUaU_urwQ_bOnN1HOym',$,'General',$,(#105,#107,#108,#109,#110,#828));
#1042= IFCRELDEFINESBYPROPERTIES('3arKZz5drSgn2WT35g7Bj0',$,$,$,(#1033),#1041);
#1043= IFCPROPERTYSET('3CQiKbJRgvp3z$49XNVzXM',$,'Geometry',$,(#831));
#1044= IFCRELDEFINESBYPROPERTIES('2PAXQ7AZiXG5GiUfPqwDsk',$,$,$,(#1033),#1043);
#1045= IFCPROPERTYSET('3KC_JUcSJLq6Ec08VU_9of',$,'Thong_tin_BIM',$,(#834,#835,#836,#837,#838,#839,#840,#841,#842,#843,#844,#845));
#1046= IFCRELDEFINESBYPROPERTIES('3Lo8ssMllzK44WcFBTbaxU',$,$,$,(#1033),#1045);
#1047= IFCMAPPEDITEM(#798,#802);
#1048= IFCSHAPEREPRESENTATION(#796,'Body','MappedRepresentation',(#1047));
#1049= IFCPRODUCTDEFINITIONSHAPE($,$,(#1048));
#1050= IFCCARTESIANPOINT((141.679308,221.546533,369.210127));
#1051= IFCAXIS2PLACEMENT3D(#1050,#1053,#1052);
#1052= IFCDIRECTION((-0.710378567298772,0.703819639998685,0.000453293135319809));
#1053= IFCDIRECTION((0.000314201810397218,-0.000326917273923765,0.999999897201154));
#1054= IFCLOCALPLACEMENT(#5,#1051);
#1055= IFCBUILTELEMENT('2xQxJYZAj8xeIX00W8UW0m',$,'\X2\0110\X0\\X2\00E8\X0\n chi\X2\1EBF\X0\u s\X2\00E1\X0\ng',$,$,#1054,#1049,'11550');
#1056= IFCPROPERTYSINGLEVALUE('Bounds',$,IFCLABEL('((505090.07169548207,1707667.076487616,369.20989278368387),(505092.1492525403,1707669.1436166218,377.17806710119527))'),$);
#1057= IFCPROPERTYSET('0zD6jvTE0cd7rYPApPEy0u',$,'Properties',$,(#70,#72,#73,#74,#75,#76,#77,#78,#79,#80,#81,#82,#83,#84,#85,#86,#87,#88,#90,#91,#814,#815,#816,#817,#818,#819,#1056));
#1058= IFCRELDEFINESBYPROPERTIES('0f3nsFFWgmmwXePE2G5wvB',$,$,$,(#1055),#1057);
#1059= IFCPROPERTYSET('3mUWemP8uPb8X_4FTOyqaI',$,'Misc',$,(#94,#96,#97,#823));
#1060= IFCRELDEFINESBYPROPERTIES('02jknSp1iw2wKfU5tAC88U',$,$,$,(#1055),#1059);
#1061= IFCPROPERTYSET('0UCmtHmcAtCIWaFVY5Ku_D',$,'3D Visualization',$,(#100,#101,#102));
#1062= IFCRELDEFINESBYPROPERTIES('1guHoOS8DfCU7Yqx0dCNp3',$,$,$,(#1055),#1061);
#1063= IFCPROPERTYSET('2RkBIfd9nRQ37Tl9KZhMT$',$,'General',$,(#105,#107,#108,#109,#110,#828));
#1064= IFCRELDEFINESBYPROPERTIES('1wGhYpU8W3cH5wSgiY364w',$,$,$,(#1055),#1063);
#1065= IFCPROPERTYSET('1BxDchvFGfm8Uu$XITbd36',$,'Geometry',$,(#831));
#1066= IFCRELDEFINESBYPROPERTIES('2QiFZ_a4OvvQWz5N4dhzjY',$,$,$,(#1055),#1065);
#1067= IFCPROPERTYSET('1mMLopGO91BU1DGcjfP2Mh',$,'Thong_tin_BIM',$,(#834,#835,#836,#837,#838,#839,#840,#841,#842,#843,#844,#845));
#1068= IFCRELDEFINESBYPROPERTIES('3cjbkbPiRfTLHi39wiz2I9',$,$,$,(#1055),#1067);
#1069= IFCMAPPEDITEM(#798,#802);
#1070= IFCSHAPEREPRESENTATION(#796,'Body','MappedRepresentation',(#1069));
#1071= IFCPRODUCTDEFINITIONSHAPE($,$,(#1070));
#1072= IFCCARTESIANPOINT((121.972225,201.656067,368.794138));
#1073= IFCAXIS2PLACEMENT3D(#1072,#1075,#1074);
#1074= IFCDIRECTION((-0.710378567298772,0.703819639998685,0.000453293135319809));
#1075= IFCDIRECTION((0.000314201810397218,-0.000326917273923765,0.999999897201154));
#1076= IFCLOCALPLACEMENT(#5,#1073);
#1077= IFCBUILTELEMENT('13VSZJu$9DXRvSANqPXhVm',$,'\X2\0110\X0\\X2\00E8\X0\n chi\X2\1EBF\X0\u s\X2\00E1\X0\ng',$,$,#1076,#1071,'11555');
#1078= IFCPROPERTYSINGLEVALUE('Bounds',$,IFCLABEL('((505070.3646128301,1707647.186021682,368.79390378932374),(505072.44216988835,1707649.253150688,376.76207810683513))'),$);
#1079= IFCPROPERTYSET('3TKPia6YHjkKP9kwjjM1Gy',$,'Properties',$,(#70,#72,#73,#74,#75,#76,#77,#78,#79,#80,#81,#82,#83,#84,#85,#86,#87,#88,#90,#91,#814,#815,#816,#817,#818,#819,#1078));
#1080= IFCRELDEFINESBYPROPERTIES('0xRLQthJqMxCh6sdd2Jk0W',$,$,$,(#1077),#1079);
#1081= IFCPROPERTYSET('3kftbmrfSTEYdAvr9KsfoX',$,'Misc',$,(#94,#96,#97,#823));
#1082= IFCRELDEFINESBYPROPERTIES('2PkTLGk0X_6vITMR8wDl9o',$,$,$,(#1077),#1081);
#1083= IFCPROPERTYSET('1qY6DF7q83SUop2_NHnnsO',$,'3D Visualization',$,(#100,#101,#102));
#1084= IFCRELDEFINESBYPROPERTIES('3e3xMkG7Wr2bYEaPqpYJyI',$,$,$,(#1077),#1083);
#1085= IFCPROPERTYSET('2k69dD6UGBlpT8EpL2GsZ2',$,'General',$,(#105,#107,#108,#109,#110,#828));
#1086= IFCRELDEFINESBYPROPERTIES('1P_tZ6IOe64y$taVWaFl4A',$,$,$,(#1077),#1085);
#1087= IFCPROPERTYSET('1e9ZyRfU9koDMow1ZZEgNg',$,'Geometry',$,(#831));
#1088= IFCRELDEFINESBYPROPERTIES('0uIQlGH14Q$AynJ0iseeWB',$,$,$,(#1077),#1087);
#1089= IFCPROPERTYSET('3gIYbDhRjg$XHSV1Bs9Uss',$,'Thong_tin_BIM',$,(#834,#835,#836,#837,#838,#839,#840,#841,#842,#843,#844,#845));
#1090= IFCRELDEFINESBYPROPERTIES('2sDpvR7oSDpbMmIFDggRua',$,$,$,(#1077),#1089);
#1091= IFCMAPPEDITEM(#798,#802);
#1092= IFCSHAPEREPRESENTATION(#796,'Body','MappedRepresentation',(#1091));
#1093= IFCPRODUCTDEFINITIONSHAPE($,$,(#1092));
#1094= IFCCARTESIANPOINT((263.594608,263.610847,369.929951));
#1095= IFCAXIS2PLACEMENT3D(#1094,#1097,#1096);
#1096= IFCDIRECTION((-0.710378567298772,0.703819639998685,0.000453293135319809));
#1097= IFCDIRECTION((0.000314201810397218,-0.000326917273923765,0.999999897201154));
#1098= IFCLOCALPLACEMENT(#5,#1095);
#1099= IFCBUILTELEMENT('1A1_$xBir4XAgV6DVnpXfZ',$,'\X2\0110\X0\\X2\00E8\X0\n chi\X2\1EBF\X0\u s\X2\00E1\X0\ng',$,$,#1098,#1093,'1155A');
#1100= IFCPROPERTYSINGLEVALUE('Bounds',$,IFCLABEL('((505211.9869961996,1707709.1408016423,369.9297171395737),(505214.06455325783,1707711.2079306482,377.8978914570851))'),$);
#1101= IFCPROPERTYSET('1CSBK9NvVOBS_sXTRxNbzT',$,'Properties',$,(#70,#72,#73,#74,#75,#76,#77,#78,#79,#80,#81,#82,#83,#84,#85,#86,#87,#88,#90,#91,#814,#815,#816,#817,#818,#819,#1100));
#1102= IFCRELDEFINESBYPROPERTIES('1t8ukKOqn$DDlLEucQjqlG',$,$,$,(#1099),#1101);
#1103= IFCPROPERTYSET('2xdlX0tKFNfWWmtViIF7qe',$,'Misc',$,(#94,#96,#97,#823));
#1104= IFCRELDEFINESBYPROPERTIES('17MgmI0Jn2a1lNP8iaOeyn',$,$,$,(#1099),#1103);
#1105= IFCPROPERTYSET('2F0GbTPi5PeyQSz4ogvwJl',$,'3D Visualization',$,(#100,#101,#102));
#1106= IFCRELDEFINESBYPROPERTIES('3cd3fYsEk_DrTe9L8$62oC',$,$,$,(#1099),#1105);
#1107= IFCPROPERTYSET('02xsWjXuelDGqNPem59S2P',$,'General',$,(#105,#107,#108,#109,#110,#828));
#1108= IFCRELDEFINESBYPROPERTIES('0O228nAtjIY7KT1q0DKchZ',$,$,$,(#1099),#1107);
#1109= IFCPROPERTYSET('3YSimTH3O7tti6Qzg2Pbmn',$,'Geometry',$,(#831));
#1110= IFCRELDEFINESBYPROPERTIES('1PUDt5uXtwJbJ9FQlV_WIQ',$,$,$,(#1099),#1109);
#1111= IFCPROPERTYSET('1vgIk_F4vpQu8Gr4AHLmwr',$,'Thong_tin_BIM',$,(#834,#835,#836,#837,#838,#839,#840,#841,#842,#843,#844,#845));
#1112= IFCRELDEFINESBYPROPERTIES('3va4rSVY9g7$DP5RdNKJ5k',$,$,$,(#1099),#1111);
#1113= IFCMAPPEDITEM(#798,#802);
#1114= IFCSHAPEREPRESENTATION(#796,'Body','MappedRepresentation',(#1113));
#1115= IFCPRODUCTDEFINITIONSHAPE($,$,(#1114));
#1116= IFCCARTESIANPOINT((243.887558,243.720348,369.615092));
#1117= IFCAXIS2PLACEMENT3D(#1116,#1119,#1118);
#1118= IFCDIRECTION((-0.710378567298772,0.703819639998685,0.000453293135319809));
#1119= IFCDIRECTION((0.000314201810397218,-0.000326917273923765,0.999999897201154));
#1120= IFCLOCALPLACEMENT(#5,#1117);
#1121= IFCBUILTELEMENT('02wfxWXvnEiu2GYWUan4qF',$,'\X2\0110\X0\\X2\00E8\X0\n chi\X2\1EBF\X0\u s\X2\00E1\X0\ng',$,$,#1120,#1115,'1155F');
#1122= IFCPROPERTYSINGLEVALUE('Bounds',$,IFCLABEL('((505192.27994532266,1707689.2503026477,369.61485730102714),(505194.3575023809,1707691.3174316536,377.58303161853854))'),$);
#1123= IFCPROPERTYSET('0OaXydIC2sOWJRLxDcpKZh',$,'Properties',$,(#70,#72,#73,#74,#75,#76,#77,#78,#79,#80,#81,#82,#83,#84,#85,#86,#87,#88,#90,#91,#814,#815,#816,#817,#818,#819,#1122));
#1124= IFCRELDEFINESBYPROPERTIES('0YSmjvpPCKOhye2Q11W_3I',$,$,$,(#1121),#1123);
#1125= IFCPROPERTYSET('2xX9lG2YIfujRvkKgSpycy',$,'Misc',$,(#94,#96,#97,#823));
#1126= IFCRELDEFINESBYPROPERTIES('3Lp1Nin56wfackUw_VmjCF',$,$,$,(#1121),#1125);
#1127= IFCPROPERTYSET('2xRFlT3mcEEgmHbUfA5uQy',$,'3D Visualization',$,(#100,#101,#102));
#1128= IFCRELDEFINESBYPROPERTIES('1Rs9RxQ3R50FTd4jN5cya6',$,$,$,(#1121),#1127);
#1129= IFCPROPERTYSET('3SnH_R42uMhTqLj35J03B6',$,'General',$,(#105,#107,#108,#109,#110,#828));
#1130= IFCRELDEFINESBYPROPERTIES('28oaRAHi0g_xGQ735F3R6A',$,$,$,(#1121),#1129);
#1131= IFCPROPERTYSET('1vTUI5$YVmCeQDCMfB8vpH',$,'Geometry',$,(#831));
#1132= IFCRELDEFINESBYPROPERTIES('0Ke689BsJPlVTNr9TKEmnO',$,$,$,(#1121),#1131);
#1133= IFCPROPERTYSET('2AGvUa2pAK7J2Nz6Qs$uoZ',$,'Thong_tin_BIM',$,(#834,#835,#836,#837,#838,#839,#840,#841,#842,#843,#844,#845));
#1134= IFCRELDEFINESBYPROPERTIES('293sUkNVEwdey1_cLUbpS5',$,$,$,(#1121),#1133);
#1135= IFCMAPPEDITEM(#798,#802);
#1136= IFCSHAPEREPRESENTATION(#796,'Body','MappedRepresentation',(#1135));
#1137= IFCPRODUCTDEFINITIONSHAPE($,$,(#1136));
#1138= IFCCARTESIANPOINT((224.180507,223.829849,369.300232));
#1139= IFCAXIS2PLACEMENT3D(#1138,#1141,#1140);
#1140= IFCDIRECTION((-0.710378567298772,0.703819639998685,0.000453293135319809));
#1141= IFCDIRECTION((0.000314201810397218,-0.000326917273923765,0.999999897201154));
#1142= IFCLOCALPLACEMENT(#5,#1139);
#1143= IFCBUILTELEMENT('0wGF7wI393MeZ419kKX5Uu',$,'\X2\0110\X0\\X2\00E8\X0\n chi\X2\1EBF\X0\u s\X2\00E1\X0\ng',$,$,#1142,#1137,'11564');
#1144= IFCPROPERTYSINGLEVALUE('Bounds',$,IFCLABEL('((505172.5728944455,1707669.3598036543,369.299997462475),(505174.65045150375,1707671.4269326602,377.2681717799864))'),$);
#1145= IFCPROPERTYSET('20imse3P3K12OM6fMuVmCh',$,'Properties',$,(#70,#72,#73,#74,#75,#76,#77,#78,#79,#80,#81,#82,#83,#84,#85,#86,#87,#88,#90,#91,#814,#815,#816,#817,#818,#819,#1144));
#1146= IFCRELDEFINESBYPROPERTIES('1yDYdMqBaHrtOBRPoYo_Ck',$,$,$,(#1143),#1145);
#1147= IFCPROPERTYSET('3xKXYZ5LLVUP97Vv69L9sA',$,'Misc',$,(#94,#96,#97,#823));
#1148= IFCRELDEFINESBYPROPERTIES('3ykRbqhEuDO0rvCGZ2w853',$,$,$,(#1143),#1147);
#1149= IFCPROPERTYSET('0G$tebgq6OoEoA_aFl3OL2',$,'3D Visualization',$,(#100,#101,#102));
#1150= IFCRELDEFINESBYPROPERTIES('3S5XG_mry6dNvtaQWoExsZ',$,$,$,(#1143),#1149);
#1151= IFCPROPERTYSET('0Uyjo12jcDMnzd9PbnbQYw',$,'General',$,(#105,#107,#108,#109,#110,#828));
#1152= IFCRELDEFINESBYPROPERTIES('3waeKSNhc7aM7E79YEFaWc',$,$,$,(#1143),#1151);
#1153= IFCPROPERTYSET('1dJ7S8zfPvdnqX30D53Qyl',$,'Geometry',$,(#831));
#1154= IFCRELDEFINESBYPROPERTIES('290PfIAqmhVbn4CQplh1c5',$,$,$,(#1143),#1153);
#1155= IFCPROPERTYSET('0aB7WjAgUx6IuP8xrGKr24',$,'Thong_tin_BIM',$,(#834,#835,#836,#837,#838,#839,#840,#841,#842,#843,#844,#845));
#1156= IFCRELDEFINESBYPROPERTIES('14LGEAqpDgQn1HD46CESF8',$,$,$,(#1143),#1155);
#1157= IFCMAPPEDITEM(#798,#802);
#1158= IFCSHAPEREPRESENTATION(#796,'Body','MappedRepresentation',(#1157));
#1159= IFCPRODUCTDEFINITIONSHAPE($,$,(#1158));
#1160= IFCCARTESIANPOINT((204.473456,203.93935,368.985372));
#1161= IFCAXIS2PLACEMENT3D(#1160,#1163,#1162);
#1162= IFCDIRECTION((-0.710378567298772,0.703819639998685,0.000453293135319809));
#1163= IFCDIRECTION((0.000314201810397218,-0.000326917273923765,0.999999897201154));
#1164= IFCLOCALPLACEMENT(#5,#1161);
#1165= IFCBUILTELEMENT('1QZzTi3g11j9DgydcbnwHo',$,'\X2\0110\X0\\X2\00E8\X0\n chi\X2\1EBF\X0\u s\X2\00E1\X0\ng',$,$,#1164,#1159,'11569');
#1166= IFCPROPERTYSINGLEVALUE('Bounds',$,IFCLABEL('((505152.8658435685,1707649.469304659,368.98513762392207),(505154.94340062677,1707651.5364336648,376.95331194143347))'),$);
#1167= IFCPROPERTYSET('2JPi9sVN5XPKaRRGL$XZqd',$,'Properties',$,(#70,#72,#73,#74,#75,#76,#77,#78,#79,#80,#81,#82,#83,#84,#85,#86,#87,#88,#90,#91,#814,#815,#816,#817,#818,#819,#1166));
#1168= IFCRELDEFINESBYPROPERTIES('3J_L9gdIdrVrUDnnA59mwt',$,$,$,(#1165),#1167);
#1169= IFCPROPERTYSET('3RqkdcEKyQ8shgIObWwe8u',$,'Misc',$,(#94,#96,#97,#823));
#1170= IFCRELDEFINESBYPROPERTIES('1smpgryNfmuOxbgVsnGQ7a',$,$,$,(#1165),#1169);
#1171= IFCPROPERTYSET('0g$pxlzUbFTF7oQdsrG3UZ',$,'3D Visualization',$,(#100,#101,#102));
#1172= IFCRELDEFINESBYPROPERTIES('0r2MBc6PhZXFgvN311kSzL',$,$,$,(#1165),#1171);
#1173= IFCPROPERTYSET('3fT6FUCNhGxgFFHjCyy9Bs',$,'General',$,(#105,#107,#108,#109,#110,#828));
#1174= IFCRELDEFINESBYPROPERTIES('3b5MygHisED16rmJQA9p8q',$,$,$,(#1165),#1173);
#1175= IFCPROPERTYSET('0K8DxjIftBeao50S_oMpVc',$,'Geometry',$,(#831));
#1176= IFCRELDEFINESBYPROPERTIES('0DmgXRpKsWsnSdTeOpZQj_',$,$,$,(#1165),#1175);
#1177= IFCPROPERTYSET('1eCBZiNfMCJH2$gX8cmajq',$,'Thong_tin_BIM',$,(#834,#835,#836,#837,#838,#839,#840,#841,#842,#843,#844,#845));
#1178= IFCRELDEFINESBYPROPERTIES('1ljJFcpSJKB4vywvfGKq$K',$,$,$,(#1165),#1177);
#1179= IFCMAPPEDITEM(#798,#802);
#1180= IFCSHAPEREPRESENTATION(#796,'Body','MappedRepresentation',(#1179));
#1181= IFCPRODUCTDEFINITIONSHAPE($,$,(#1180));
#1182= IFCCARTESIANPOINT((184.766405,184.048851,368.670512));
#1183= IFCAXIS2PLACEMENT3D(#1182,#1185,#1184);
#1184= IFCDIRECTION((-0.710378567298772,0.703819639998685,0.000453293135319809));
#1185= IFCDIRECTION((0.000314201810397218,-0.000326917273923765,0.999999897201154));
#1186= IFCLOCALPLACEMENT(#5,#1183);
#1187= IFCBUILTELEMENT('047ztVqgHAaRAThU1eGqQq',$,'\X2\0110\X0\\X2\00E8\X0\n chi\X2\1EBF\X0\u s\X2\00E1\X0\ng',$,$,#1186,#1181,'1156E');
#1188= IFCPROPERTYSINGLEVALUE('Bounds',$,IFCLABEL('((505133.15879269113,1707629.5788056673,368.67027778533475),(505135.2363497494,1707631.6459346733,376.63845210284614))'),$);
#1189= IFCPROPERTYSET('0By4KITU3UWU4UX_XR0ZEd',$,'Properties',$,(#70,#72,#73,#74,#75,#76,#77,#78,#79,#80,#81,#82,#83,#84,#85,#86,#87,#88,#90,#91,#814,#815,#816,#817,#818,#819,#1188));
#1190= IFCRELDEFINESBYPROPERTIES('3mxJtoNQjxH3egqxBzypRY',$,$,$,(#1187),#1189);
#1191= IFCPROPERTYSET('0FhzmLyOKbfYbwug4QCrTX',$,'Misc',$,(#94,#96,#97,#823));
#1192= IFCRELDEFINESBYPROPERTIES('3xtboqtytuaCAeFTF02iDz',$,$,$,(#1187),#1191);
#1193= IFCPROPERTYSET('1CyjyDvKv4wxU5Y$yphCp9',$,'3D Visualization',$,(#100,#101,#102));
#1194= IFCRELDEFINESBYPROPERTIES('0tO5aO$CzpLyjd1Vn_qptN',$,$,$,(#1187),#1193);
#1195= IFCPROPERTYSET('2GVb$LVCkR7HY2OdDiWuDJ',$,'General',$,(#105,#107,#108,#109,#110,#828));
#1196= IFCRELDEFINESBYPROPERTIES('38RFuPny_zCEgqR41nuLfc',$,$,$,(#1187),#1195);
#1197= IFCPROPERTYSET('2b1YMYY1XZP52_eVQBrOne',$,'Geometry',$,(#831));
#1198= IFCRELDEFINESBYPROPERTIES('3tIkHTHx7qg$rInmydNYg5',$,$,$,(#1187),#1197);
#1199= IFCPROPERTYSET('3gxB9IJWGJNylqjHilSvUp',$,'Thong_tin_BIM',$,(#834,#835,#836,#837,#838,#839,#840,#841,#842,#843,#844,#845));
#1200= IFCRELDEFINESBYPROPERTIES('1i_DI1rR9U7P7qWKTAN6Wn',$,$,$,(#1187),#1199);
#1201= IFCMAPPEDITEM(#798,#802);
#1202= IFCSHAPEREPRESENTATION(#796,'Body','MappedRepresentation',(#1201));
#1203= IFCPRODUCTDEFINITIONSHAPE($,$,(#1202));
#1204= IFCCARTESIANPOINT((165.059354,164.158352,368.355652));
#1205= IFCAXIS2PLACEMENT3D(#1204,#1207,#1206);
#1206= IFCDIRECTION((-0.710378567298772,0.703819639998685,0.000453293135319809));
#1207= IFCDIRECTION((0.000314201810397218,-0.000326917273923765,0.999999897201154));
#1208= IFCLOCALPLACEMENT(#5,#1205);
#1209= IFCBUILTELEMENT('0KxiBa9vP1Wel$iNtTcyyS',$,'\X2\0110\X0\\X2\00E8\X0\n chi\X2\1EBF\X0\u s\X2\00E1\X0\ng',$,$,#1208,#1203,'11573');
#1210= IFCPROPERTYSINGLEVALUE('Bounds',$,IFCLABEL('((505113.45174181426,1707609.6883066704,368.3554179468174),(505115.5292988725,1707611.7554356763,376.3235922643288))'),$);
#1211= IFCPROPERTYSET('0CK6P7s5ErdV0QYx39G3CE',$,'Properties',$,(#70,#72,#73,#74,#75,#76,#77,#78,#79,#80,#81,#82,#83,#84,#85,#86,#87,#88,#90,#91,#814,#815,#816,#817,#818,#819,#1210));
#1212= IFCRELDEFINESBYPROPERTIES('3FKDXdbO0ypzg_k9sphtqH',$,$,$,(#1209),#1211);
#1213= IFCPROPERTYSET('0fBQwd7VoccyY3NE_hY0h0',$,'Misc',$,(#94,#96,#97,#823));
#1214= IFCRELDEFINESBYPROPERTIES('0h3fpSC_LuW_m0p29WAc3z',$,$,$,(#1209),#1213);
#1215= IFCPROPERTYSET('2XiniSADvzGGBUssnG3Iko',$,'3D Visualization',$,(#100,#101,#102));
#1216= IFCRELDEFINESBYPROPERTIES('3LnYdnv4ab09P1o7F_5hhK',$,$,$,(#1209),#1215);
#1217= IFCPROPERTYSET('0CHHRlZJbF72a5CRsnnm_D',$,'General',$,(#105,#107,#108,#109,#110,#828));
#1218= IFCRELDEFINESBYPROPERTIES('1eOA4aUg_0YuxoF0ubbcuz',$,$,$,(#1209),#1217);
#1219= IFCPROPERTYSET('0NsHRyahMFOTVHbVZ2ulZv',$,'Geometry',$,(#831));
#1220= IFCRELDEFINESBYPROPERTIES('1SOPR1rKNcC7DoqHiHlVuP',$,$,$,(#1209),#1219);
#1221= IFCPROPERTYSET('3CyXTkqtdFH5ryjfNJiIEH',$,'Thong_tin_BIM',$,(#834,#835,#836,#837,#838,#839,#840,#841,#842,#843,#844,#845));
#1222= IFCRELDEFINESBYPROPERTIES('1AifCdR9KgYuaEz8_qM3i4',$,$,$,(#1209),#1221);
#1223= IFCMAPPEDITEM(#798,#802);
#1224= IFCSHAPEREPRESENTATION(#796,'Body','MappedRepresentation',(#1223));
#1225= IFCPRODUCTDEFINITIONSHAPE($,$,(#1224));
#1226= IFCCARTESIANPOINT((310.461101,222.824077,368.786021));
#1227= IFCAXIS2PLACEMENT3D(#1226,#1229,#1228);
#1228= IFCDIRECTION((-0.710378567298772,0.703819639998685,0.000453293135319809));
#1229= IFCDIRECTION((0.000314201810397218,-0.000326917273923765,0.999999897201154));
#1230= IFCLOCALPLACEMENT(#5,#1227);
#1231= IFCBUILTELEMENT('0bhYU_YJ19SQ9ChUvSACS5',$,'\X2\0110\X0\\X2\00E8\X0\n chi\X2\1EBF\X0\u s\X2\00E1\X0\ng',$,$,#1230,#1225,'11578');
#1232= IFCPROPERTYSINGLEVALUE('Bounds',$,IFCLABEL('((505258.8534883338,1707668.3540314334,368.7857862101128),(505260.93104539206,1707670.4211604393,376.7539605276242))'),$);
#1233= IFCPROPERTYSET('36DMFWepJv5_34kI__OZOr',$,'Properties',$,(#70,#72,#73,#74,#75,#76,#77,#78,#79,#80,#81,#82,#83,#84,#85,#86,#87,#88,#90,#91,#814,#815,#816,#817,#818,#819,#1232));
#1234= IFCRELDEFINESBYPROPERTIES('118LK$7hfAwdmIt2f3YFbF',$,$,$,(#1231),#1233);
#1235= IFCPROPERTYSET('277ltiwy9FJRe5hVA013Av',$,'Misc',$,(#94,#96,#97,#823));
#1236= IFCRELDEFINESBYPROPERTIES('05$WUx_MGutV8iJJH1m119',$,$,$,(#1231),#1235);
#1237= IFCPROPERTYSET('34uqrKuHZWgN_48atQ$2xk',$,'3D Visualization',$,(#100,#101,#102));
#1238= IFCRELDEFINESBYPROPERTIES('2hABTLAG0kyl$HUuEAp9$3',$,$,$,(#1231),#1237);
#1239= IFCPROPERTYSET('0_D6T0bJVZg9AxxM3sUHUK',$,'General',$,(#105,#107,#108,#109,#110,#828));
#1240= IFCRELDEFINESBYPROPERTIES('0BW3CL3YJ1eV7mCxxso4Us',$,$,$,(#1231),#1239);
#1241= IFCPROPERTYSET('1uoTUGDD$NQZmI82Zd3GKz',$,'Geometry',$,(#831));
#1242= IFCRELDEFINESBYPROPERTIES('121FLOd7Hb271n6KGZVEYf',$,$,$,(#1231),#1241);
#1243= IFCPROPERTYSET('3F8satJ2t2$Okarb2VOPSJ',$,'Thong_tin_BIM',$,(#834,#835,#836,#837,#838,#839,#840,#841,#842,#843,#844,#845));
#1244= IFCRELDEFINESBYPROPERTIES('1iEBna8b7g4USk$FX0b5D6',$,$,$,(#1231),#1243);
#1245= IFCMAPPEDITEM(#798,#802);
#1246= IFCSHAPEREPRESENTATION(#796,'Body','MappedRepresentation',(#1245));
#1247= IFCPRODUCTDEFINITIONSHAPE($,$,(#1246));
#1248= IFCCARTESIANPOINT((290.754085,202.933541,368.583249));
#1249= IFCAXIS2PLACEMENT3D(#1248,#1251,#1250);
#1250= IFCDIRECTION((-0.710378567298772,0.703819639998685,0.000453293135319809));
#1251= IFCDIRECTION((0.000314201810397218,-0.000326917273923765,0.999999897201154));
#1252= IFCLOCALPLACEMENT(#5,#1249);
#1253= IFCBUILTELEMENT('2nOt2950zDPQF3fvRndVtN',$,'\X2\0110\X0\\X2\00E8\X0\n chi\X2\1EBF\X0\u s\X2\00E1\X0\ng',$,$,#1252,#1247,'1157D');
#1254= IFCPROPERTYSINGLEVALUE('Bounds',$,IFCLABEL('((505239.14647267497,1707648.4634957958,368.5830142523062),(505241.2240297332,1707650.5306248018,376.5511885698176))'),$);
#1255= IFCPROPERTYSET('0suwWkcqcjzGvFpcU_cS9l',$,'Properties',$,(#70,#72,#73,#74,#75,#76,#77,#78,#79,#80,#81,#82,#83,#84,#85,#86,#87,#88,#90,#91,#814,#815,#816,#817,#818,#819,#1254));
#1256= IFCRELDEFINESBYPROPERTIES('1w5ZUeWyMUVVlTQHk9U0OC',$,$,$,(#1253),#1255);
#1257= IFCPROPERTYSET('0BNgp2bDJA1b3irVfGZAEN',$,'Misc',$,(#94,#96,#97,#823));
#1258= IFCRELDEFINESBYPROPERTIES('0_ddhBiEX9GAfECX$MnMFD',$,$,$,(#1253),#1257);
#1259= IFCPROPERTYSET('0nsU61fg0FddRc2m4$NwDQ',$,'3D Visualization',$,(#100,#101,#102));
#1260= IFCRELDEFINESBYPROPERTIES('1NMfdNCClwNWrQzqEWzg$i',$,$,$,(#1253),#1259);
#1261= IFCPROPERTYSET('0b8N6qK3ihLwO1FfUWzX_4',$,'General',$,(#105,#107,#108,#109,#110,#828));
#1262= IFCRELDEFINESBYPROPERTIES('01ZDWKjntSfbA28F_A3DFo',$,$,$,(#1253),#1261);
#1263= IFCPROPERTYSET('1t3XfS7KgpKxZG8XnuJqpW',$,'Geometry',$,(#831));
#1264= IFCRELDEFINESBYPROPERTIES('3bA7ObniVE9JG46ONy5Il5',$,$,$,(#1253),#1263);
#1265= IFCPROPERTYSET('124LSZarhqrR_48X9oXLpL',$,'Thong_tin_BIM',$,(#834,#835,#836,#837,#838,#839,#840,#841,#842,#843,#844,#845));
#1266= IFCRELDEFINESBYPROPERTIES('2c8UBCARzzadtkQIwQb5vA',$,$,$,(#1253),#1265);
#1267= IFCMAPPEDITEM(#798,#802);
#1268= IFCSHAPEREPRESENTATION(#796,'Body','MappedRepresentation',(#1267));
#1269= IFCPRODUCTDEFINITIONSHAPE($,$,(#1268));
#1270= IFCCARTESIANPOINT((271.047069,183.043005,368.380477));
#1271= IFCAXIS2PLACEMENT3D(#1270,#1273,#1272);
#1272= IFCDIRECTION((-0.710378567298772,0.703819639998685,0.000453293135319809));
#1273= IFCDIRECTION((0.000314201810397218,-0.000326917273923765,0.999999897201154));
#1274= IFCLOCALPLACEMENT(#5,#1271);
#1275= IFCBUILTELEMENT('3GKfWhISDFhuGNyQ0mR7Bi',$,'\X2\0110\X0\\X2\00E8\X0\n chi\X2\1EBF\X0\u s\X2\00E1\X0\ng',$,$,#1274,#1269,'11582');
#1276= IFCPROPERTYSINGLEVALUE('Bounds',$,IFCLABEL('((505219.43945701607,1707628.572960158,368.3802422944946),(505221.5170140743,1707630.640089164,376.348416612006))'),$);
#1277= IFCPROPERTYSET('2aj4g8HrL1wbi6wMtk93tZ',$,'Properties',$,(#70,#72,#73,#74,#75,#76,#77,#78,#79,#80,#81,#82,#83,#84,#85,#86,#87,#88,#90,#91,#814,#815,#816,#817,#818,#819,#1276));
#1278= IFCRELDEFINESBYPROPERTIES('31bo97vwXQrJLjkFA2KJZU',$,$,$,(#1275),#1277);
#1279= IFCPROPERTYSET('1QOzfHjzbdTjNCO30WTvJQ',$,'Misc',$,(#94,#96,#97,#823));
#1280= IFCRELDEFINESBYPROPERTIES('0GrEXI6q5G8DvhksANosrJ',$,$,$,(#1275),#1279);
#1281= IFCPROPERTYSET('1t$fzhOmtjYPKu9rk47WTF',$,'3D Visualization',$,(#100,#101,#102));
#1282= IFCRELDEFINESBYPROPERTIES('2bxtThPU3nLWog6I90ACaf',$,$,$,(#1275),#1281);
#1283= IFCPROPERTYSET('0kbH4Y_8ONcJSZ1sCKtAFd',$,'General',$,(#105,#107,#108,#109,#110,#828));
#1284= IFCRELDEFINESBYPROPERTIES('0se7shbNpfRak7G_E9ZxqZ',$,$,$,(#1275),#1283);
#1285= IFCPROPERTYSET('2QoViIF_KLvfg0v6qXZlAl',$,'Geometry',$,(#831));
#1286= IFCRELDEFINESBYPROPERTIES('0KyKDwCizTLQzaHCq_j7HR',$,$,$,(#1275),#1285);
#1287= IFCPROPERTYSET('1NW4D$arCkL8k2R1fTfMCh',$,'Thong_tin_BIM',$,(#834,#835,#836,#837,#838,#839,#840,#841,#842,#843,#844,#845));
#1288= IFCRELDEFINESBYPROPERTIES('2q2dK8GOAW8PQAQ1wzPeo1',$,$,$,(#1275),#1287);
#1289= IFCMAPPEDITEM(#798,#802);
#1290= IFCSHAPEREPRESENTATION(#796,'Body','MappedRepresentation',(#1289));
#1291= IFCPRODUCTDEFINITIONSHAPE($,$,(#1290));
#1292= IFCCARTESIANPOINT((251.340054,163.15247,368.177705));
#1293= IFCAXIS2PLACEMENT3D(#1292,#1295,#1294);
#1294= IFCDIRECTION((-0.710378567298772,0.703819639998685,0.000453293135319809));
#1295= IFCDIRECTION((0.000314201810397218,-0.000326917273923765,0.999999897201154));
#1296= IFCLOCALPLACEMENT(#5,#1293);
#1297= IFCBUILTELEMENT('1c6jLiuav5mAswcQHXTmku',$,'\X2\0110\X0\\X2\00E8\X0\n chi\X2\1EBF\X0\u s\X2\00E1\X0\ng',$,$,#1296,#1291,'11587');
#1298= IFCPROPERTYSINGLEVALUE('Bounds',$,IFCLABEL('((505199.7324413573,1707608.6824245204,368.1774703366851),(505201.8099984155,1707610.7495535263,376.1456446541965))'),$);
#1299= IFCPROPERTYSET('2FHNSmzxJOwfAIwcrAzrw7',$,'Properties',$,(#70,#72,#73,#74,#75,#76,#77,#78,#79,#80,#81,#82,#83,#84,#85,#86,#87,#88,#90,#91,#814,#815,#816,#817,#818,#819,#1298));
#1300= IFCRELDEFINESBYPROPERTIES('1zzkvUYxd6$eETC9e__7sq',$,$,$,(#1297),#1299);
#1301= IFCPROPERTYSET('36q9fmM3$llAq1Tb0YfYTA',$,'Misc',$,(#94,#96,#97,#823));
#1302= IFCRELDEFINESBYPROPERTIES('321$cYFi6LOxLjkUFh58A6',$,$,$,(#1297),#1301);
#1303= IFCPROPERTYSET('22xwr7dyUt545u1DrfvY8Y',$,'3D Visualization',$,(#100,#101,#102));
#1304= IFCRELDEFINESBYPROPERTIES('09bWrtAKO36gHdtROIz__R',$,$,$,(#1297),#1303);
#1305= IFCPROPERTYSET('1QlhA8ztNCc2cnvBk3f03b',$,'General',$,(#105,#107,#108,#109,#110,#828));
#1306= IFCRELDEFINESBYPROPERTIES('2cRAJsHPe3NdAj7NhMHxIO',$,$,$,(#1297),#1305);
#1307= IFCPROPERTYSET('1aVyVCbzbNsP6tLyckcZz5',$,'Geometry',$,(#831));
#1308= IFCRELDEFINESBYPROPERTIES('24GmKEoB$gkCrfr7A48Jh1',$,$,$,(#1297),#1307);
#1309= IFCPROPERTYSET('35$Upio5eOSNn5q0vWGYhm',$,'Thong_tin_BIM',$,(#834,#835,#836,#837,#838,#839,#840,#841,#842,#843,#844,#845));
#1310= IFCRELDEFINESBYPROPERTIES('3StkPKjNJIBvrr81PACGKJ',$,$,$,(#1297),#1309);
#1311= IFCMAPPEDITEM(#798,#802);
#1312= IFCSHAPEREPRESENTATION(#796,'Body','MappedRepresentation',(#1311));
#1313= IFCPRODUCTDEFINITIONSHAPE($,$,(#1312));
#1314= IFCCARTESIANPOINT((231.633038,143.261934,367.974933));
#1315= IFCAXIS2PLACEMENT3D(#1314,#1317,#1316);
#1316= IFCDIRECTION((-0.710378567298772,0.703819639998685,0.000453293135319809));
#1317= IFCDIRECTION((0.000314201810397218,-0.000326917273923765,0.999999897201154));
#1318= IFCLOCALPLACEMENT(#5,#1315);
#1319= IFCBUILTELEMENT('1JrMe6NeLCOQGoQ9ovXy4t',$,'\X2\0110\X0\\X2\00E8\X0\n chi\X2\1EBF\X0\u s\X2\00E1\X0\ng',$,$,#1318,#1313,'1158C');
#1320= IFCPROPERTYSINGLEVALUE('Bounds',$,IFCLABEL('((505180.02542569843,1707588.7918888822,367.9746983788752),(505182.1029827567,1707590.859017888,375.9428726963866))'),$);
#1321= IFCPROPERTYSET('1B071IlQxiQIPYWXkpnoDs',$,'Properties',$,(#70,#72,#73,#74,#75,#76,#77,#78,#79,#80,#81,#82,#83,#84,#85,#86,#87,#88,#90,#91,#814,#815,#816,#817,#818,#819,#1320));
#1322= IFCRELDEFINESBYPROPERTIES('3M$48uBE6FxwqpaQrvuuyL',$,$,$,(#1319),#1321);
#1323= IFCPROPERTYSET('3xwE39TfX$v9VHJjcij35z',$,'Misc',$,(#94,#96,#97,#823));
#1324= IFCRELDEFINESBYPROPERTIES('0tf9BxuLNzPQPSwW6mYX2c',$,$,$,(#1319),#1323);
#1325= IFCPROPERTYSET('3wL48ZbXTWaGpegZYvQlTy',$,'3D Visualization',$,(#100,#101,#102));
#1326= IFCRELDEFINESBYPROPERTIES('06KbKo$A4IIXeZb203sBN9',$,$,$,(#1319),#1325);
#1327= IFCPROPERTYSET('1eTLBZxH3n0GpnEAHAIRQL',$,'General',$,(#105,#107,#108,#109,#110,#828));
#1328= IFCRELDEFINESBYPROPERTIES('1l7gNzuE$ppkGzy62rk164',$,$,$,(#1319),#1327);
#1329= IFCPROPERTYSET('1vRIiTnQYe1AwSDOWXFp6e',$,'Geometry',$,(#831));
#1330= IFCRELDEFINESBYPROPERTIES('2ov6qVXzIf1GlumjVwvo2l',$,$,$,(#1319),#1329);
#1331= IFCPROPERTYSET('2XlH1g4CTL2T2PTiYPcSAR',$,'Thong_tin_BIM',$,(#834,#835,#836,#837,#838,#839,#840,#841,#842,#843,#844,#845));
#1332= IFCRELDEFINESBYPROPERTIES('0zqFPcUgmzQaESL5JJyati',$,$,$,(#1319),#1331);
#1333= IFCMAPPEDITEM(#798,#802);
#1334= IFCSHAPEREPRESENTATION(#796,'Body','MappedRepresentation',(#1333));
#1335= IFCPRODUCTDEFINITIONSHAPE($,$,(#1334));
#1336= IFCCARTESIANPOINT((211.926022,123.371398,367.772161));
#1337= IFCAXIS2PLACEMENT3D(#1336,#1339,#1338);
#1338= IFCDIRECTION((-0.710378567298772,0.703819639998685,0.000453293135319809));
#1339= IFCDIRECTION((0.000314201810397218,-0.000326917273923765,0.999999897201154));
#1340= IFCLOCALPLACEMENT(#5,#1337);
#1341= IFCBUILTELEMENT('3hNRsGtdH9$ONdJ4Sv_TCx',$,'\X2\0110\X0\\X2\00E8\X0\n chi\X2\1EBF\X0\u s\X2\00E1\X0\ng',$,$,#1340,#1335,'11591');
#1342= IFCPROPERTYSINGLEVALUE('Bounds',$,IFCLABEL('((505160.3184100396,1707568.9013532447,367.7719264210658),(505162.39596709784,1707570.9684822506,375.7401007385772))'),$);
#1343= IFCPROPERTYSET('3VCnDvftTp2UGmkIxEnSZr',$,'Properties',$,(#70,#72,#73,#74,#75,#76,#77,#78,#79,#80,#81,#82,#83,#84,#85,#86,#87,#88,#90,#91,#814,#815,#816,#817,#818,#819,#1342));
#1344= IFCRELDEFINESBYPROPERTIES('2JZSdRVos_DrRZZ4ErFJk6',$,$,$,(#1341),#1343);
#1345= IFCPROPERTYSET('0WljQDipTcYigW__yr6Hhe',$,'Misc',$,(#94,#96,#97,#823));
#1346= IFCRELDEFINESBYPROPERTIES('2NvRSmHQMw2aUfW7JbtffU',$,$,$,(#1341),#1345);
#1347= IFCPROPERTYSET('1nVHZSQWshvoTOdtFA8Ac2',$,'3D Visualization',$,(#100,#101,#102));
#1348= IFCRELDEFINESBYPROPERTIES('39bi1cjKSTmMuHgvIvnZ3$',$,$,$,(#1341),#1347);
#1349= IFCPROPERTYSET('1kAZxju4IDPfQ_uiHOVlUW',$,'General',$,(#105,#107,#108,#109,#110,#828));
#1350= IFCRELDEFINESBYPROPERTIES('3zBP7JVpESr03wn4cOUSiG',$,$,$,(#1341),#1349);
#1351= IFCPROPERTYSET('0fB8jqGTmWPl00aPAc7qG7',$,'Geometry',$,(#831));
#1352= IFCRELDEFINESBYPROPERTIES('1fk$44sXijB$CnzWaybXYv',$,$,$,(#1341),#1351);
#1353= IFCPROPERTYSET('2LaXe_VS2Ib87y9$24msho',$,'Thong_tin_BIM',$,(#834,#835,#836,#837,#838,#839,#840,#841,#842,#843,#844,#845));
#1354= IFCRELDEFINESBYPROPERTIES('1LkdimOKRnZqazmCkJgWbu',$,$,$,(#1341),#1353);
#1355= IFCMAPPEDITEM(#798,#802);
#1356= IFCSHAPEREPRESENTATION(#796,'Body','MappedRepresentation',(#1355));
#1357= IFCPRODUCTDEFINITIONSHAPE($,$,(#1356));
#1358= IFCCARTESIANPOINT((201.922332,354.324876,372.034154));
#1359= IFCAXIS2PLACEMENT3D(#1358,#1361,#1360);
#1360= IFCDIRECTION((-0.65648441298614,-0.754339587903933,-0.0000403381581593005));
#1361= IFCDIRECTION((0.000314201810397218,-0.000326917273923765,0.999999897201154));
#1362= IFCLOCALPLACEMENT(#5,#1359);
#1363= IFCBUILTELEMENT('2AxMiUkO98wBvfUZG0R6Hr',$,'\X2\0110\X0\\X2\00E8\X0\n chi\X2\1EBF\X0\u s\X2\00E1\X0\ng',$,$,#1362,#1357,'11596');
#1364= IFCPROPERTYSINGLEVALUE('Bounds',$,IFCLABEL('((505150.4023449726,1707798.6452083562,372.0338457391066),(505152.39115308406,1707800.7912092903,380.00137534978944))'),$);
#1365= IFCPROPERTYSET('2vfYAmNQxZ_fnBSsCP_1Xo',$,'Properties',$,(#70,#72,#73,#74,#75,#76,#77,#78,#79,#80,#81,#82,#83,#84,#85,#86,#87,#88,#90,#91,#814,#815,#817,#818,#819,#857,#1364));
#1366= IFCRELDEFINESBYPROPERTIES('3Anj12Q4fVFDrtba9tT4ZU',$,$,$,(#1363),#1365);
#1367= IFCPROPERTYSET('2pQ1jrclQnpth31ph4$NH6',$,'Misc',$,(#94,#96,#97,#823));
#1368= IFCRELDEFINESBYPROPERTIES('3$ssOLrUyCM5b$V6l9m6Y4',$,$,$,(#1363),#1367);
#1369= IFCPROPERTYSET('3fJa7L9D50_4TTx7r53gYn',$,'3D Visualization',$,(#100,#101,#102));
#1370= IFCRELDEFINESBYPROPERTIES('3fY4m8RvDppiQmdlxOuGHJ',$,$,$,(#1363),#1369);
#1371= IFCPROPERTYSET('13yYKe_CrOZ4bvGJG36tK4',$,'General',$,(#105,#107,#108,#109,#110,#828));
#1372= IFCRELDEFINESBYPROPERTIES('1dNdUYBTwsuyrnxKz1mEHV',$,$,$,(#1363),#1371);
#1373= IFCPROPERTYSET('1sVaZ2zNrL1Qo4LPuVnTGz',$,'Geometry',$,(#831));
#1374= IFCRELDEFINESBYPROPERTIES('10ti7FL97$7vJt2NCUEJmY',$,$,$,(#1363),#1373);
#1375= IFCPROPERTYSET('0csdcmOT2aba8KOWjyVTAY',$,'Thong_tin_BIM',$,(#834,#835,#836,#837,#838,#839,#840,#841,#842,#843,#844,#845));
#1376= IFCRELDEFINESBYPROPERTIES('1AJOIsZRtR6t0dnd0vdNs$',$,$,$,(#1363),#1375);
ENDSEC;

END-ISO-10303-21;
