ISO-10303-21;
HEADER;
FILE_DESCRIPTION(('ViewDefinition [Alignment-basedView]'),'2;1');
FILE_NAME(
/* name */ 'C:\\Users\\ACER\\OneDrive - The University of Technology\\109220018-Hoang Duc Linh -22 BIM AI\\N\X2\0103\X0\m 2026-2027\\3. CDE-MT d\X2\1EEF\X0\ li\X2\1EC7\X0\u chung\\03_Ha Tang\\02_IFC\\KDPS_NO2_WS_ZZ_DR_S0_Capnuoc.ifc',
/* time_stamp */ '2026-09-28T16:08:39',
/* author */ ('ACER'),
/* organization */ ('DESKTOP-6SA6ERL'),
/* preprocessor_version */ 'GeometryGymIFCcore v25.2.25.0 by Geometry Gym Pty Ltd built 2025-02-24T20:37:52',
/* originating_system */ 'Autodesk - Autodesk IFC 4.3 Extension 2025.2 for Civil 3D - 13.7.274.0',
/* authorization */ 'None'
);

FILE_SCHEMA (('IFC4X3_ADD2'));
ENDSEC;

DATA;
#1= IFCORGANIZATION($,'Autodesk',$,$,$);
#2= IFCAPPLICATION(#1,'Civil 3D 2025','Civil 3D','Autodesk - Autodesk IFC 4.3 Extension 2025.2 for Civil 3D - 13.7.274.0');
#3= IFCCARTESIANPOINT((505011.0,1707539.0,0.0));
#4= IFCAXIS2PLACEMENT3D(#3,$,$);
#5= IFCLOCALPLACEMENT($,#4);
#6= IFCSITE('0kiOFBoI9B8O9L3unKnNih',$,'UnknownName',$,$,#5,$,$,$,$,$,$,$,$);
#9= IFCPROJECT('19FybTlw1AgOgaNnpH16tI',#13,'Unknown',$,$,$,$,(#26),#18);
#10= IFCPERSON('ACER',$,$,$,$,$,$,$);
#11= IFCORGANIZATION($,'DESKTOP-6SA6ERL',$,$,$);
#12= IFCPERSONANDORGANIZATION(#10,#11,$);
#13= IFCOWNERHISTORY(#12,#2,$,.ADDED.,1790586519,$,$,1790586519);
#14= IFCSIUNIT(*,.LENGTHUNIT.,$,.METRE.);
#15= IFCSIUNIT(*,.AREAUNIT.,$,.SQUARE_METRE.);
#16= IFCSIUNIT(*,.VOLUMEUNIT.,$,.CUBIC_METRE.);
#17= IFCSIUNIT(*,.PLANEANGLEUNIT.,$,.RADIAN.);
#18= IFCUNITASSIGNMENT((#14,#15,#16,#17));
#19= IFCRELAGGREGATES('2sQnsbVlgfLfFr7Wx9q78g',$,$,$,#9,(#6));
#20= IFCCLASSIFICATION($,$,$,'Civil 3D',$,$,$);
#21= IFCRELASSOCIATESCLASSIFICATION('2Y1vGmutrAExKibzDasGXd',$,$,$,(#9),#20);
#22= IFCCLASSIFICATIONREFERENCE($,$,'Civil 3D Styles',#20,$,$);
#23= IFCCLASSIFICATIONREFERENCE($,$,'Point Styles',#22,$,$);
#24= IFCCLASSIFICATIONREFERENCE($,$,'Basic',#23,$,$);
#25= IFCCARTESIANPOINT((0.0,0.0,0.0));
#26= IFCGEOMETRICREPRESENTATIONCONTEXT('3D','Model',3,0.0001,#28,#29);
#27= IFCCARTESIANPOINT((0.0,0.0,0.0));
#28= IFCAXIS2PLACEMENT3D(#27,$,$);
#29= IFCDIRECTION((0.0,1.0));
#30= IFCGEOMETRICREPRESENTATIONSUBCONTEXT('Body','Model',*,*,*,*,#26,$,.MODEL_VIEW.,$);
#31= IFCSHAPEREPRESENTATION(#30,'Body','Point',(#25));
#32= IFCPRODUCTDEFINITIONSHAPE($,$,(#31));
#33= IFCCARTESIANPOINT((0.0,0.0,0.0));
#34= IFCAXIS2PLACEMENT3D(#33,$,$);
#35= IFCLOCALPLACEMENT(#5,#34);
#36= IFCANNOTATION('1jx80e3hjBf82ssKijvRAg',$,'IFC Project Base Point 19FybTlw1AgOgaNnpH16tI','IFC Project Base Point','CogoPoint',#35,#32,.SURVEY.);
#37= IFCRELCONTAINEDINSPATIALSTRUCTURE('3h$ZfWikUeYMCPf$NmuxVi',$,'Site','Site Container for Elements',(#36,#160,#205,#227,#248,#270,#312,#336,#360,#384,#408,#443,#467,#488,#515,#536),#6);
#38= IFCPROPERTYSINGLEVALUE('PointNumber',$,IFCIDENTIFIER('1'),$);
#39= IFCPROPERTYSET('0$DoMXk5AJSavs8bK7Z1fw',$,'C3D_Attributes',$,(#38));
#40= IFCRELDEFINESBYPROPERTIES('1Vln3oDAqy5T9vFvB$fmSF',$,$,$,(#36),#39);
#41= IFCCOLOURRGB('red',1.0,0.0,0.0);
#42= IFCSURFACESTYLESHADING(#41,$);
#43= IFCSURFACESTYLE($,.BOTH.,(#42));
#44= IFCPRESENTATIONLAYERWITHSTYLE('V-NODE',$,(#25),$,.U.,.U.,.U.,(#43));
#45= IFCSTYLEDITEM(#25,(#43),'V-NODE');
#46= IFCPROPERTYSINGLEVALUE('DescriptionFormat',$,IFCLABEL(''),$);
#47= IFCPROPERTYSINGLEVALUE('Easting',$,IFCREAL(505011.0),$);
#48= IFCPROPERTYSINGLEVALUE('Elevation',$,IFCREAL(0.0),$);
#49= IFCPROPERTYSINGLEVALUE('ElevationOverride',$,IFCREAL(0.0),$);
#50= IFCPROPERTYSINGLEVALUE('FullDescription',$,IFCLABEL('IFC Project Base Point'),$);
#51= IFCPROPERTYSINGLEVALUE('FullDescriptionOverride',$,IFCLABEL('IFC Project Base Point'),$);
#52= IFCPROPERTYSINGLEVALUE('IsCheckedOut',$,IFCBOOLEAN(.F.),$);
#53= IFCPROPERTYSINGLEVALUE('IsLabelDragged',$,IFCBOOLEAN(.F.),$);
#54= IFCPROPERTYSINGLEVALUE('IsLabelPinned',$,IFCBOOLEAN(.F.),$);
#55= IFCPROPERTYSINGLEVALUE('IsLabelVisible',$,IFCBOOLEAN(.T.),$);
#56= IFCPROPERTYSINGLEVALUE('IsLocked',$,IFCBOOLEAN(.F.),$);
#57= IFCPROPERTYSINGLEVALUE('IsMovable',$,IFCBOOLEAN(.T.),$);
#58= IFCPROPERTYSINGLEVALUE('IsProjectPoint',$,IFCBOOLEAN(.F.),$);
#59= IFCPROPERTYSINGLEVALUE('IsSurveyPoint',$,IFCBOOLEAN(.F.),$);
#60= IFCPROPERTYSINGLEVALUE('LabelRotation',$,IFCREAL(0.0),$);
#61= IFCPROPERTYSINGLEVALUE('MarkerRotation',$,IFCREAL(0.0),$);
#62= IFCPROPERTYSINGLEVALUE('Northing',$,IFCREAL(1707539.0),$);
#63= IFCPROPERTYSINGLEVALUE('PointName',$,IFCLABEL('IFC Project Base Point 19FybTlw1AgOgaNnpH16tI'),$);
#64= IFCPROPERTYSINGLEVALUE('PointNumber',$,IFCINTEGER(1),$);
#65= IFCPROPERTYSINGLEVALUE('RawDescription',$,IFCLABEL('IFC Project Base Point'),$);
#66= IFCPROPERTYSINGLEVALUE('RawDescriptionOverride',$,IFCLABEL('IFC Project Base Point'),$);
#67= IFCPROPERTYSINGLEVALUE('ScaleXY',$,IFCREAL(1.0),$);
#68= IFCPROPERTYSINGLEVALUE('ScaleZ',$,IFCREAL(1.0),$);
#69= IFCPROPERTYSINGLEVALUE('ShowToolTip',$,IFCBOOLEAN(.T.),$);
#70= IFCPROPERTYSINGLEVALUE('CloneMeForDragging',$,IFCBOOLEAN(.T.),$);
#71= IFCPROPERTYSINGLEVALUE('ForceAnnoAllVisible',$,IFCBOOLEAN(.T.),$);
#72= IFCPROPERTYSINGLEVALUE('HasSaveVersionOverride',$,IFCBOOLEAN(.F.),$);
#73= IFCPROPERTYSINGLEVALUE('IsCancelling',$,IFCBOOLEAN(.F.),$);
#74= IFCPROPERTYSINGLEVALUE('IsErased',$,IFCBOOLEAN(.F.),$);
#75= IFCPROPERTYSINGLEVALUE('IsEraseStatusToggled',$,IFCBOOLEAN(.F.),$);
#76= IFCPROPERTYSINGLEVALUE('IsModified',$,IFCBOOLEAN(.F.),$);
#77= IFCPROPERTYSINGLEVALUE('IsModifiedGraphics',$,IFCBOOLEAN(.F.),$);
#78= IFCPROPERTYSINGLEVALUE('IsModifiedXData',$,IFCBOOLEAN(.F.),$);
#79= IFCPROPERTYSINGLEVALUE('IsNewObject',$,IFCBOOLEAN(.F.),$);
#80= IFCPROPERTYSINGLEVALUE('IsNotifyEnabled',$,IFCBOOLEAN(.F.),$);
#81= IFCPROPERTYSINGLEVALUE('IsNotifying',$,IFCBOOLEAN(.F.),$);
#82= IFCPROPERTYSINGLEVALUE('IsObjectIdsInFlux',$,IFCBOOLEAN(.F.),$);
#83= IFCPROPERTYSINGLEVALUE('IsPersistent',$,IFCBOOLEAN(.T.),$);
#84= IFCPROPERTYSINGLEVALUE('IsReadEnabled',$,IFCBOOLEAN(.T.),$);
#85= IFCPROPERTYSINGLEVALUE('IsReallyClosing',$,IFCBOOLEAN(.F.),$);
#86= IFCPROPERTYSINGLEVALUE('IsTransactionResident',$,IFCBOOLEAN(.T.),$);
#87= IFCPROPERTYSINGLEVALUE('IsUndoing',$,IFCBOOLEAN(.F.),$);
#88= IFCPROPERTYSINGLEVALUE('IsWriteEnabled',$,IFCBOOLEAN(.T.),$);
#89= IFCPROPERTYSINGLEVALUE('Bounds',$,IFCLABEL('((505007.46446609404,1707532.1666666667,0),(505057.95824314345,1707545,0))'),$);
#90= IFCPROPERTYSINGLEVALUE('AutoDelete',$,IFCBOOLEAN(.F.),$);
#91= IFCPROPERTYSINGLEVALUE('IsDisposed',$,IFCBOOLEAN(.F.),$);
#92= IFCPROPERTYSET('2DphYHlKsXqw2Hpg4$I3RK',$,'Properties',$,(#46,#47,#48,#49,#50,#51,#52,#53,#54,#55,#56,#57,#58,#59,#60,#61,#62,#63,#64,#65,#66,#67,#68,#69,#70,#71,#72,#73,#74,#75,#76,#77,#78,#79,#80,#81,#82,#83,#84,#85,#86,#87,#88,#89,#90,#91));
#93= IFCRELDEFINESBYPROPERTIES('1b1syoLtPl0Y3iJy6GMVAH',$,$,$,(#36),#92);
#94= IFCPROPERTYSINGLEVALUE('BlockName',$,IFCLABEL('*Model_Space'),$);
#95= IFCPROPERTYSINGLEVALUE('ClassID',$,IFCLABEL('e9320128-0089-4186-8df9-3d5372b7dc57'),$);
#96= IFCPROPERTYSINGLEVALUE('HasFields',$,IFCBOOLEAN(.F.),$);
#97= IFCPROPERTYSINGLEVALUE('IsAProxy',$,IFCBOOLEAN(.F.),$);
#98= IFCPROPERTYSET('1CcGc_5w$GJC01BHUV9RZA',$,'Misc',$,(#94,#95,#96,#97));
#99= IFCRELDEFINESBYPROPERTIES('1sYmXL9AODAce1pxQnL0YT',$,$,$,(#36),#98);
#100= IFCPROPERTYSINGLEVALUE('CastShadows',$,IFCBOOLEAN(.T.),$);
#101= IFCPROPERTYSINGLEVALUE('Material',$,IFCLABEL('ByLayer'),$);
#102= IFCPROPERTYSINGLEVALUE('ReceiveShadows',$,IFCBOOLEAN(.T.),$);
#103= IFCPROPERTYSET('3ZslIeBOsOVB4l0HstytzF',$,'3D Visualization',$,(#100,#101,#102));
#104= IFCRELDEFINESBYPROPERTIES('2tbELd0cx2YkHcos4sY0T0',$,$,$,(#36),#103);
#105= IFCPROPERTYSINGLEVALUE('ColorIndex',$,IFCINTEGER(256),$);
#106= IFCPROPERTYSINGLEVALUE('Layer',$,IFCLABEL('V-NODE'),$);
#107= IFCPROPERTYSINGLEVALUE('Linetype',$,IFCLABEL('ByLayer'),$);
#108= IFCPROPERTYSINGLEVALUE('LinetypeScale',$,IFCREAL(1.0),$);
#109= IFCPROPERTYSINGLEVALUE('PlotStyleName',$,IFCLABEL('ByLayer'),$);
#110= IFCPROPERTYSINGLEVALUE('Visible',$,IFCBOOLEAN(.T.),$);
#111= IFCPROPERTYSET('22L2_G6MjscAF$$DyYaDSW',$,'General',$,(#105,#106,#107,#108,#109,#110));
#112= IFCRELDEFINESBYPROPERTIES('2CX7oEotsAHP2qvWaL1m5l',$,$,$,(#36),#111);
#113= IFCPROPERTYSINGLEVALUE('IsPlanar',$,IFCBOOLEAN(.F.),$);
#114= IFCPROPERTYSET('077cbGrMaKCdL3CFsw0MzD',$,'Geometry',$,(#113));
#115= IFCRELDEFINESBYPROPERTIES('3x$FZ5I1oLFL34kqpLzVg5',$,$,$,(#36),#114);
#116= IFCRELASSOCIATESCLASSIFICATION('0KI6lCHwf6peoyBX5vUjtK',$,$,$,(#36),#24);
#117= IFCCARTESIANPOINTLIST3D(((0.242146,0.062172,-0.15),(0.242146,0.062172,0.0),(0.25,0.0,-0.15),(0.25,0.0,0.0),(0.242146,-0.062172,-0.15),(0.242146,-0.062172,0.0),(0.219077,-0.120438,-0.15),(0.219077,-0.120438,0.0),(0.182242,-0.171137,-0.15),(0.182242,-0.171137,0.0),(0.133957,-0.211082,-0.15),(0.133957,-0.211082,0.0),(0.077254,-0.237764,-0.15),(0.077254,-0.237764,0.0),(0.015698,-0.249507,-0.15),(0.015698,-0.249507,0.0),(-0.046845,-0.245572,-0.15),(-0.046845,-0.245572,0.0),(-0.106445,-0.226207,-0.15),(-0.106445,-0.226207,0.0),(-0.159356,-0.192628,-0.15),(-0.159356,-0.192628,0.0),(-0.202254,-0.146946,-0.15),(-0.202254,-0.146946,0.0),(-0.232444,-0.092031,-0.15),(-0.232444,-0.092031,0.0),(-0.248029,-0.031333,-0.15),(-0.248029,-0.031333,0.0),(-0.248029,0.031333,-0.15),(-0.248029,0.031333,0.0),(-0.232444,0.092031,-0.15),(-0.232444,0.092031,0.0),(-0.202254,0.146946,-0.15),(-0.202254,0.146946,0.0),(-0.159356,0.192628,-0.15),(-0.159356,0.192628,0.0),(-0.106445,0.226207,-0.15),(-0.106445,0.226207,0.0),(-0.046845,0.245572,-0.15),(-0.046845,0.245572,0.0),(0.015698,0.249507,-0.15),(0.015698,0.249507,0.0),(0.077254,0.237764,-0.15),(0.077254,0.237764,0.0),(0.133957,0.211082,-0.15),(0.133957,0.211082,0.0),(0.182242,0.171137,-0.15),(0.182242,0.171137,0.0),(0.219077,0.120438,-0.15),(0.219077,0.120438,0.0)),$);
#118= IFCTRIANGULATEDFACESET(#117,$,$,((1,2,3),(3,2,4),(3,4,5),(5,4,6),(5,6,7),(7,6,8),(7,8,9),(9,8,10),(9,10,11),(11,10,12),(11,12,13),(13,12,14),(13,14,15),(15,14,16),(15,16,17),(17,16,18),(17,18,19),(19,18,20),(19,20,21),(21,20,22),(21,22,23),(23,22,24),(23,24,25),(25,24,26),(25,26,27),(27,26,28),(27,28,29),(29,28,30),(29,30,31),(31,30,32),(31,32,33),(33,32,34),(33,34,35),(35,34,36),(35,36,37),(37,36,38),(37,38,39),(39,38,40),(39,40,41),(41,40,42),(41,42,43),(43,42,44),(43,44,45),(45,44,46),(45,46,47),(47,46,48),(47,48,49),(49,48,50),(49,50,1),(1,50,2),(6,4,20),(20,4,2),(20,2,50),(50,48,20),(20,48,46),(20,46,44),(44,42,20),(20,42,40),(20,40,38),(20,38,22),(22,38,36),(22,36,24),(24,36,34),(24,34,26),(26,34,32),(26,32,28),(28,32,30),(18,14,20),(20,14,12),(20,12,10),(18,16,14),(10,8,20),(20,8,6),(1,3,19),(19,3,5),(19,5,7),(7,9,19),(19,9,11),(19,11,13),(15,17,13),(13,17,19),(21,37,19),(19,37,39),(19,39,41),(37,21,35),(35,21,23),(35,23,33),(33,23,25),(33,25,31),(31,25,27),(31,27,29),(41,43,19),(19,43,45),(19,45,47),(47,49,19),(19,49,1)),$);
#119= IFCCOLOURRGB('white',1.0,1.0,1.0);
#120= IFCSURFACESTYLESHADING(#119,$);
#121= IFCSURFACESTYLE($,.BOTH.,(#120));
#122= IFCPRESENTATIONLAYERWITHSTYLE('0',$,(#118,#128,#131,#134,#137,#140,#143),$,.U.,.U.,.U.,(#121));
#123= IFCCOLOURRGB('ff0000ff',0.0,0.0,1.0);
#124= IFCSURFACESTYLESHADING(#123,$);
#125= IFCSURFACESTYLE($,.BOTH.,(#124));
#126= IFCSTYLEDITEM(#118,(#125),$);
#127= IFCCARTESIANPOINTLIST3D(((0.072444,0.019411,-0.604285),(0.072444,0.019411,0.0),(0.075,0.0,-0.604285),(0.075,0.0,0.0),(0.072444,-0.019411,-0.604285),(0.072444,-0.019411,0.0),(0.064952,-0.0375,-0.604285),(0.064952,-0.0375,0.0),(0.053033,-0.053033,-0.604285),(0.053033,-0.053033,0.0),(0.0375,-0.064952,-0.604285),(0.0375,-0.064952,0.0),(0.019411,-0.072444,-0.604285),(0.019411,-0.072444,0.0),(0.0,-0.075,-0.604285),(0.0,-0.075,0.0),(-0.019411,-0.072444,-0.604285),(-0.019411,-0.072444,0.0),(-0.0375,-0.064952,-0.604285),(-0.0375,-0.064952,0.0),(-0.053033,-0.053033,-0.604285),(-0.053033,-0.053033,0.0),(-0.064952,-0.0375,-0.604285),(-0.064952,-0.0375,0.0),(-0.072444,-0.019411,-0.604285),(-0.072444,-0.019411,0.0),(-0.075,0.0,-0.604285),(-0.075,0.0,0.0),(-0.072444,0.019411,-0.604285),(-0.072444,0.019411,0.0),(-0.064952,0.0375,-0.604285),(-0.064952,0.0375,0.0),(-0.053033,0.053033,-0.604285),(-0.053033,0.053033,0.0),(-0.0375,0.064952,-0.604285),(-0.0375,0.064952,0.0),(-0.019411,0.072444,-0.604285),(-0.019411,0.072444,0.0),(0.0,0.075,-0.604285),(0.0,0.075,0.0),(0.019411,0.072444,-0.604285),(0.019411,0.072444,0.0),(0.0375,0.064952,-0.604285),(0.0375,0.064952,0.0),(0.053033,0.053033,-0.604285),(0.053033,0.053033,0.0),(0.064952,0.0375,-0.604285),(0.064952,0.0375,0.0)),$);
#128= IFCTRIANGULATEDFACESET(#127,$,$,((1,2,3),(3,2,4),(3,4,5),(5,4,6),(5,6,7),(7,6,8),(7,8,9),(9,8,10),(9,10,11),(11,10,12),(11,12,13),(13,12,14),(13,14,15),(15,14,16),(15,16,17),(17,16,18),(17,18,19),(19,18,20),(19,20,21),(21,20,22),(21,22,23),(23,22,24),(23,24,25),(25,24,26),(25,26,27),(27,26,28),(27,28,29),(29,28,30),(29,30,31),(31,30,32),(31,32,33),(33,32,34),(33,34,35),(35,34,36),(35,36,37),(37,36,38),(37,38,39),(39,38,40),(39,40,41),(41,40,42),(41,42,43),(43,42,44),(43,44,45),(45,44,46),(45,46,47),(47,46,48),(47,48,1),(1,48,2),(2,30,4),(4,30,28),(4,28,6),(6,28,26),(6,26,8),(8,26,24),(8,24,10),(10,24,22),(10,22,12),(12,22,20),(12,20,14),(14,20,16),(16,20,18),(30,2,32),(32,2,48),(32,48,34),(34,48,46),(34,46,36),(36,46,44),(36,44,38),(38,44,40),(40,44,42),(5,25,3),(3,25,27),(3,27,1),(1,27,29),(1,29,47),(47,29,31),(47,31,45),(45,31,33),(45,33,43),(43,33,35),(43,35,41),(41,35,39),(39,35,37),(25,5,23),(23,5,7),(23,7,21),(21,7,9),(21,9,19),(19,9,11),(19,11,17),(17,11,15),(15,11,13)),$);
#129= IFCSTYLEDITEM(#128,(#125),$);
#130= IFCCARTESIANPOINTLIST3D(((0.121021,-0.053126,-0.485765),(-0.121012,-0.053126,-0.485765),(0.121021,-0.055,-0.5),(-0.121012,-0.055,-0.5),(0.121021,-0.053126,-0.514235),(-0.121012,-0.053126,-0.514235),(0.121021,-0.047631,-0.5275),(-0.121012,-0.047631,-0.5275),(0.121021,-0.038891,-0.538891),(-0.121012,-0.038891,-0.538891),(0.121021,-0.0275,-0.547631),(-0.121012,-0.0275,-0.547631),(0.121021,-0.014235,-0.553126),(-0.121012,-0.014235,-0.553126),(0.121021,0.0,-0.555),(-0.121012,0.0,-0.555),(0.121021,0.014235,-0.553126),(-0.121012,0.014235,-0.553126),(0.121021,0.0275,-0.547631),(-0.121012,0.0275,-0.547631),(0.121021,0.038891,-0.538891),(-0.121012,0.038891,-0.538891),(0.121021,0.047631,-0.5275),(-0.121012,0.047631,-0.5275),(0.121021,0.053126,-0.514235),(-0.121012,0.053126,-0.514235),(0.121021,0.055,-0.5),(-0.121012,0.055,-0.5),(0.121021,0.053126,-0.485765),(-0.121012,0.053126,-0.485765),(0.121021,0.047631,-0.4725),(-0.121012,0.047631,-0.4725),(0.121021,0.038891,-0.461109),(-0.121012,0.038891,-0.461109),(0.121021,0.0275,-0.452369),(-0.121012,0.0275,-0.452369),(0.121021,0.014235,-0.446874),(-0.121012,0.014235,-0.446874),(0.121021,0.0,-0.445),(-0.121012,0.0,-0.445),(0.121021,-0.014235,-0.446874),(-0.121012,-0.014235,-0.446874),(0.121021,-0.0275,-0.452369),(-0.121012,-0.0275,-0.452369),(0.121021,-0.038891,-0.461109),(-0.121012,-0.038891,-0.461109),(0.121021,-0.047631,-0.4725),(-0.121012,-0.047631,-0.4725)),$);
#131= IFCTRIANGULATEDFACESET(#130,$,$,((1,2,3),(3,2,4),(3,4,5),(5,4,6),(5,6,7),(7,6,8),(7,8,9),(9,8,10),(9,10,11),(11,10,12),(11,12,13),(13,12,14),(13,14,15),(15,14,16),(15,16,17),(17,16,18),(17,18,19),(19,18,20),(19,20,21),(21,20,22),(21,22,23),(23,22,24),(23,24,25),(25,24,26),(25,26,27),(27,26,28),(27,28,29),(29,28,30),(29,30,31),(31,30,32),(31,32,33),(33,32,34),(33,34,35),(35,34,36),(35,36,37),(37,36,38),(37,38,39),(39,38,40),(39,40,41),(41,40,42),(41,42,43),(43,42,44),(43,44,45),(45,44,46),(45,46,47),(47,46,48),(47,48,1),(1,48,2),(6,4,8),(8,4,2),(8,2,48),(8,48,10),(10,48,46),(10,46,12),(12,46,44),(12,44,14),(14,44,42),(14,42,16),(16,42,40),(16,40,18),(18,40,38),(18,38,20),(20,38,36),(20,36,22),(22,36,34),(22,34,24),(24,34,32),(24,32,26),(26,32,28),(28,32,30),(1,3,47),(47,3,5),(47,5,7),(47,7,45),(45,7,9),(45,9,43),(43,9,11),(43,11,41),(41,11,13),(41,13,39),(39,13,15),(39,15,37),(37,15,17),(37,17,35),(35,17,19),(35,19,33),(33,19,21),(33,21,31),(31,21,23),(31,23,29),(29,23,27),(27,23,25)),$);
#132= IFCSTYLEDITEM(#131,(#125),$);
#133= IFCCARTESIANPOINTLIST3D(((-0.155479,-0.068328,-0.518309),(-0.121012,-0.068328,-0.518309),(-0.155479,-0.070739,-0.5),(-0.121012,-0.070739,-0.5),(-0.155479,-0.068328,-0.481691),(-0.121012,-0.068328,-0.481691),(-0.155479,-0.061262,-0.464631),(-0.121012,-0.061262,-0.464631),(-0.155479,-0.05002,-0.44998),(-0.121012,-0.05002,-0.44998),(-0.155479,-0.035369,-0.438738),(-0.121012,-0.035369,-0.438738),(-0.155479,-0.018309,-0.431672),(-0.121012,-0.018309,-0.431672),(-0.155479,0.0,-0.429261),(-0.121012,0.0,-0.429261),(-0.155479,0.018309,-0.431672),(-0.121012,0.018309,-0.431672),(-0.155479,0.035369,-0.438738),(-0.121012,0.035369,-0.438738),(-0.155479,0.05002,-0.44998),(-0.121012,0.05002,-0.44998),(-0.155479,0.061262,-0.464631),(-0.121012,0.061262,-0.464631),(-0.155479,0.068328,-0.481691),(-0.121012,0.068328,-0.481691),(-0.155479,0.070739,-0.5),(-0.121012,0.070739,-0.5),(-0.155479,0.068328,-0.518309),(-0.121012,0.068328,-0.518309),(-0.155479,0.061262,-0.535369),(-0.121012,0.061262,-0.535369),(-0.155479,0.05002,-0.55002),(-0.121012,0.05002,-0.55002),(-0.155479,0.035369,-0.561262),(-0.121012,0.035369,-0.561262),(-0.155479,0.018309,-0.568328),(-0.121012,0.018309,-0.568328),(-0.155479,0.0,-0.570739),(-0.121012,0.0,-0.570739),(-0.155479,-0.018309,-0.568328),(-0.121012,-0.018309,-0.568328),(-0.155479,-0.035369,-0.561262),(-0.121012,-0.035369,-0.561262),(-0.155479,-0.05002,-0.55002),(-0.121012,-0.05002,-0.55002),(-0.155479,-0.061262,-0.535369),(-0.121012,-0.061262,-0.535369)),$);
#134= IFCTRIANGULATEDFACESET(#133,$,$,((1,2,3),(3,2,4),(3,4,5),(5,4,6),(5,6,7),(7,6,8),(7,8,9),(9,8,10),(9,10,11),(11,10,12),(11,12,13),(13,12,14),(13,14,15),(15,14,16),(15,16,17),(17,16,18),(17,18,19),(19,18,20),(19,20,21),(21,20,22),(21,22,23),(23,22,24),(23,24,25),(25,24,26),(25,26,27),(27,26,28),(27,28,29),(29,28,30),(29,30,31),(31,30,32),(31,32,33),(33,32,34),(33,34,35),(35,34,36),(35,36,37),(37,36,38),(37,38,39),(39,38,40),(39,40,41),(41,40,42),(41,42,43),(43,42,44),(43,44,45),(45,44,46),(45,46,47),(47,46,48),(47,48,1),(1,48,2),(3,5,1),(1,5,47),(47,5,7),(47,7,45),(45,7,43),(43,7,9),(43,9,11),(43,11,41),(41,11,13),(41,13,39),(39,13,15),(39,15,37),(37,15,17),(37,17,35),(35,17,19),(35,19,33),(33,19,31),(31,19,21),(31,21,23),(31,23,29),(29,23,25),(29,25,27),(4,2,6),(6,2,8),(8,2,48),(8,48,10),(10,48,12),(12,48,46),(12,46,44),(12,44,14),(14,44,42),(14,42,16),(16,42,40),(16,40,18),(18,40,38),(18,38,20),(20,38,36),(20,36,22),(22,36,24),(24,36,34),(24,34,32),(24,32,26),(26,32,30),(26,30,28)),$);
#135= IFCSTYLEDITEM(#134,(#125),$);
#136= IFCCARTESIANPOINTLIST3D(((-0.19167,-0.061215,-0.516402),(-0.155479,-0.061215,-0.516402),(-0.19167,-0.063374,-0.5),(-0.155479,-0.063374,-0.5),(-0.19167,-0.061215,-0.483598),(-0.155479,-0.061215,-0.483598),(-0.19167,-0.054884,-0.468313),(-0.155479,-0.054884,-0.468313),(-0.19167,-0.044812,-0.455188),(-0.155479,-0.044812,-0.455188),(-0.19167,-0.031687,-0.445116),(-0.155479,-0.031687,-0.445116),(-0.19167,-0.016402,-0.438785),(-0.155479,-0.016402,-0.438785),(-0.19167,0.0,-0.436626),(-0.155479,0.0,-0.436626),(-0.19167,0.016402,-0.438785),(-0.155479,0.016402,-0.438785),(-0.19167,0.031687,-0.445116),(-0.155479,0.031687,-0.445116),(-0.19167,0.044812,-0.455188),(-0.155479,0.044812,-0.455188),(-0.19167,0.054884,-0.468313),(-0.155479,0.054884,-0.468313),(-0.19167,0.061215,-0.483598),(-0.155479,0.061215,-0.483598),(-0.19167,0.063374,-0.5),(-0.155479,0.063374,-0.5),(-0.19167,0.061215,-0.516402),(-0.155479,0.061215,-0.516402),(-0.19167,0.054884,-0.531687),(-0.155479,0.054884,-0.531687),(-0.19167,0.044812,-0.544812),(-0.155479,0.044812,-0.544812),(-0.19167,0.031687,-0.554884),(-0.155479,0.031687,-0.554884),(-0.19167,0.016402,-0.561215),(-0.155479,0.016402,-0.561215),(-0.19167,0.0,-0.563374),(-0.155479,0.0,-0.563374),(-0.19167,-0.016402,-0.561215),(-0.155479,-0.016402,-0.561215),(-0.19167,-0.031687,-0.554884),(-0.155479,-0.031687,-0.554884),(-0.19167,-0.044812,-0.544812),(-0.155479,-0.044812,-0.544812),(-0.19167,-0.054884,-0.531687),(-0.155479,-0.054884,-0.531687)),$);
#137= IFCTRIANGULATEDFACESET(#136,$,$,((1,2,3),(3,2,4),(3,4,5),(5,4,6),(5,6,7),(7,6,8),(7,8,9),(9,8,10),(9,10,11),(11,10,12),(11,12,13),(13,12,14),(13,14,15),(15,14,16),(15,16,17),(17,16,18),(17,18,19),(19,18,20),(19,20,21),(21,20,22),(21,22,23),(23,22,24),(23,24,25),(25,24,26),(25,26,27),(27,26,28),(27,28,29),(29,28,30),(29,30,31),(31,30,32),(31,32,33),(33,32,34),(33,34,35),(35,34,36),(35,36,37),(37,36,38),(37,38,39),(39,38,40),(39,40,41),(41,40,42),(41,42,43),(43,42,44),(43,44,45),(45,44,46),(45,46,47),(47,46,48),(47,48,1),(1,48,2),(1,3,47),(47,3,5),(47,5,7),(47,7,45),(45,7,9),(45,9,43),(43,9,11),(43,11,41),(41,11,13),(41,13,39),(39,13,15),(39,15,37),(37,15,17),(37,17,35),(35,17,19),(35,19,33),(33,19,21),(33,21,31),(31,21,23),(31,23,29),(29,23,27),(27,23,25),(6,4,8),(8,4,2),(8,2,48),(8,48,10),(10,48,46),(10,46,12),(12,46,44),(12,44,14),(14,44,42),(14,42,16),(16,42,40),(16,40,18),(18,40,38),(18,38,20),(20,38,36),(20,36,22),(22,36,34),(22,34,24),(24,34,32),(24,32,26),(26,32,28),(28,32,30)),$);
#138= IFCSTYLEDITEM(#137,(#125),$);
#139= IFCCARTESIANPOINTLIST3D(((0.155479,-0.068328,-0.481691),(0.121012,-0.068328,-0.481691),(0.155479,-0.070739,-0.5),(0.121012,-0.070739,-0.5),(0.155479,-0.068328,-0.518309),(0.121012,-0.068328,-0.518309),(0.155479,-0.061262,-0.535369),(0.121012,-0.061262,-0.535369),(0.155479,-0.05002,-0.55002),(0.121012,-0.05002,-0.55002),(0.155479,-0.035369,-0.561262),(0.121012,-0.035369,-0.561262),(0.155479,-0.018309,-0.568328),(0.121012,-0.018309,-0.568328),(0.155479,0.0,-0.570739),(0.121012,0.0,-0.570739),(0.155479,0.018309,-0.568328),(0.121012,0.018309,-0.568328),(0.155479,0.035369,-0.561262),(0.121012,0.035369,-0.561262),(0.155479,0.05002,-0.55002),(0.121012,0.05002,-0.55002),(0.155479,0.061262,-0.535369),(0.121012,0.061262,-0.535369),(0.155479,0.068328,-0.518309),(0.121012,0.068328,-0.518309),(0.155479,0.070739,-0.5),(0.121012,0.070739,-0.5),(0.155479,0.068328,-0.481691),(0.121012,0.068328,-0.481691),(0.155479,0.061262,-0.464631),(0.121012,0.061262,-0.464631),(0.155479,0.05002,-0.44998),(0.121012,0.05002,-0.44998),(0.155479,0.035369,-0.438738),(0.121012,0.035369,-0.438738),(0.155479,0.018309,-0.431672),(0.121012,0.018309,-0.431672),(0.155479,0.0,-0.429261),(0.121012,0.0,-0.429261),(0.155479,-0.018309,-0.431672),(0.121012,-0.018309,-0.431672),(0.155479,-0.035369,-0.438738),(0.121012,-0.035369,-0.438738),(0.155479,-0.05002,-0.44998),(0.121012,-0.05002,-0.44998),(0.155479,-0.061262,-0.464631),(0.121012,-0.061262,-0.464631)),$);
#140= IFCTRIANGULATEDFACESET(#139,$,$,((1,2,3),(3,2,4),(3,4,5),(5,4,6),(5,6,7),(7,6,8),(7,8,9),(9,8,10),(9,10,11),(11,10,12),(11,12,13),(13,12,14),(13,14,15),(15,14,16),(15,16,17),(17,16,18),(17,18,19),(19,18,20),(19,20,21),(21,20,22),(21,22,23),(23,22,24),(23,24,25),(25,24,26),(25,26,27),(27,26,28),(27,28,29),(29,28,30),(29,30,31),(31,30,32),(31,32,33),(33,32,34),(33,34,35),(35,34,36),(35,36,37),(37,36,38),(37,38,39),(39,38,40),(39,40,41),(41,40,42),(41,42,43),(43,42,44),(43,44,45),(45,44,46),(45,46,47),(47,46,48),(47,48,1),(1,48,2),(3,5,1),(1,5,47),(47,5,7),(47,7,45),(45,7,43),(43,7,9),(43,9,11),(43,11,41),(41,11,13),(41,13,39),(39,13,15),(39,15,37),(37,15,17),(37,17,35),(35,17,19),(35,19,33),(33,19,31),(31,19,21),(31,21,23),(31,23,29),(29,23,25),(29,25,27),(4,2,6),(6,2,8),(8,2,48),(8,48,10),(10,48,12),(12,48,46),(12,46,44),(12,44,14),(14,44,42),(14,42,16),(16,42,40),(16,40,18),(18,40,38),(18,38,20),(20,38,36),(20,36,22),(22,36,24),(24,36,34),(24,34,32),(24,32,26),(26,32,30),(26,30,28)),$);
#141= IFCSTYLEDITEM(#140,(#125),$);
#142= IFCCARTESIANPOINTLIST3D(((0.19167,-0.061215,-0.483598),(0.155479,-0.061215,-0.483598),(0.19167,-0.063374,-0.5),(0.155479,-0.063374,-0.5),(0.19167,-0.061215,-0.516402),(0.155479,-0.061215,-0.516402),(0.19167,-0.054884,-0.531687),(0.155479,-0.054884,-0.531687),(0.19167,-0.044812,-0.544812),(0.155479,-0.044812,-0.544812),(0.19167,-0.031687,-0.554884),(0.155479,-0.031687,-0.554884),(0.19167,-0.016402,-0.561215),(0.155479,-0.016402,-0.561215),(0.19167,0.0,-0.563374),(0.155479,0.0,-0.563374),(0.19167,0.016402,-0.561215),(0.155479,0.016402,-0.561215),(0.19167,0.031687,-0.554884),(0.155479,0.031687,-0.554884),(0.19167,0.044812,-0.544812),(0.155479,0.044812,-0.544812),(0.19167,0.054884,-0.531687),(0.155479,0.054884,-0.531687),(0.19167,0.061215,-0.516402),(0.155479,0.061215,-0.516402),(0.19167,0.063374,-0.5),(0.155479,0.063374,-0.5),(0.19167,0.061215,-0.483598),(0.155479,0.061215,-0.483598),(0.19167,0.054884,-0.468313),(0.155479,0.054884,-0.468313),(0.19167,0.044812,-0.455188),(0.155479,0.044812,-0.455188),(0.19167,0.031687,-0.445116),(0.155479,0.031687,-0.445116),(0.19167,0.016402,-0.438785),(0.155479,0.016402,-0.438785),(0.19167,0.0,-0.436626),(0.155479,0.0,-0.436626),(0.19167,-0.016402,-0.438785),(0.155479,-0.016402,-0.438785),(0.19167,-0.031687,-0.445116),(0.155479,-0.031687,-0.445116),(0.19167,-0.044812,-0.455188),(0.155479,-0.044812,-0.455188),(0.19167,-0.054884,-0.468313),(0.155479,-0.054884,-0.468313)),$);
#143= IFCTRIANGULATEDFACESET(#142,$,$,((1,2,3),(3,2,4),(3,4,5),(5,4,6),(5,6,7),(7,6,8),(7,8,9),(9,8,10),(9,10,11),(11,10,12),(11,12,13),(13,12,14),(13,14,15),(15,14,16),(15,16,17),(17,16,18),(17,18,19),(19,18,20),(19,20,21),(21,20,22),(21,22,23),(23,22,24),(23,24,25),(25,24,26),(25,26,27),(27,26,28),(27,28,29),(29,28,30),(29,30,31),(31,30,32),(31,32,33),(33,32,34),(33,34,35),(35,34,36),(35,36,37),(37,36,38),(37,38,39),(39,38,40),(39,40,41),(41,40,42),(41,42,43),(43,42,44),(43,44,45),(45,44,46),(45,46,47),(47,46,48),(47,48,1),(1,48,2),(1,3,47),(47,3,5),(47,5,7),(47,7,45),(45,7,9),(45,9,43),(43,9,11),(43,11,41),(41,11,13),(41,13,39),(39,13,15),(39,15,37),(37,15,17),(37,17,35),(35,17,19),(35,19,33),(33,19,21),(33,21,31),(31,21,23),(31,23,29),(29,23,27),(27,23,25),(6,4,8),(8,4,2),(8,2,48),(8,48,10),(10,48,46),(10,46,12),(12,46,44),(12,44,14),(14,44,42),(14,42,16),(16,42,40),(16,40,18),(18,40,38),(18,38,20),(20,38,36),(20,36,22),(22,36,34),(22,34,24),(24,34,32),(24,32,26),(26,32,28),(28,32,30)),$);
#144= IFCSTYLEDITEM(#143,(#125),$);
#145= IFCGEOMETRICREPRESENTATIONSUBCONTEXT('Body','Model',*,*,*,*,#26,$,.MODEL_VIEW.,$);
#146= IFCSHAPEREPRESENTATION(#145,'Body','Tessellation',(#118,#128,#131,#134,#137,#140,#143));
#147= IFCREPRESENTATIONMAP(#34,#146);
#148= IFCBUILTELEMENTTYPE('3xKbAWriv4GQwAqakqykkw',$,'Van Kh\X2\00F3\X0\a',$,$,$,(#147),$,$);
#149= IFCRELDEFINESBYTYPE('3JsPU8HKDA5QK7U3uW45c_',$,'NameNotAssigned',$,(#160,#205,#227,#248),#148);
#150= IFCRELDECLARES('20W85ji4n3vgqwmGj3eoMY',$,$,$,#9,(#148));
#151= IFCCARTESIANTRANSFORMATIONOPERATOR3D($,$,#33,$,$);
#152= IFCMAPPEDITEM(#147,#151);
#153= IFCSHAPEREPRESENTATION(#145,'Body','MappedRepresentation',(#152));
#154= IFCPRODUCTDEFINITIONSHAPE($,$,(#153));
#155= IFCCARTESIANPOINT((131.133166,249.362877,372.080183));
#156= IFCAXIS2PLACEMENT3D(#155,#158,#157);
#157= IFCDIRECTION((0.656484406714674,0.754339594440383,0.0));
#158= IFCDIRECTION((0.0,0.0,1.0));
#159= IFCLOCALPLACEMENT(#5,#156);
#160= IFCBUILTELEMENT('3325oasaL5LgxMadeVkOrC',$,'Van Kh\X2\00F3\X0\a',$,$,#159,#154,'71B5');
#161= IFCPRESENTATIONLAYERASSIGNMENT('Van khoa',$,(#152,#198,#220,#241),$);
#162= IFCPROPERTYSINGLEVALUE('IsDynamicBlock',$,IFCBOOLEAN(.F.),$);
#163= IFCPROPERTYSINGLEVALUE('Name',$,IFCLABEL('Van Kh\X2\00F3\X0\a'),$);
#164= IFCPROPERTYSINGLEVALUE('Rotation',$,IFCREAL(0.85464756432048),$);
#165= IFCPROPERTYSINGLEVALUE('TreatAsBlockRefForExplode',$,IFCBOOLEAN(.F.),$);
#166= IFCPROPERTYSINGLEVALUE('UnitFactor',$,IFCREAL(1.0),$);
#167= IFCPROPERTYSINGLEVALUE('ForceAnnoAllVisible',$,IFCBOOLEAN(.F.),$);
#168= IFCPROPERTYSINGLEVALUE('Bounds',$,IFCLABEL('((505141.7804597307,1707788.0101708092,371.4758984916549),(505142.48587173125,1707788.7155828096,372.08018328069755))'),$);
#169= IFCPROPERTYSET('3gCZsnyuB42Qy8dJrx$p3K',$,'Properties',$,(#70,#72,#73,#74,#75,#76,#77,#78,#79,#80,#81,#82,#83,#84,#85,#86,#87,#88,#90,#91,#162,#163,#164,#165,#166,#167,#168));
#170= IFCRELDEFINESBYPROPERTIES('3IzUNhwnQUgFpyCUbJJ8QF',$,$,$,(#160),#169);
#171= IFCPROPERTYSINGLEVALUE('ClassID',$,IFCLABEL('a06dd599-dbb9-4f47-97fa-de3799ce06ad'),$);
#172= IFCPROPERTYSET('1kFWadIRBn8ZM7jk3YgZ$T',$,'Misc',$,(#94,#96,#97,#171));
#173= IFCRELDEFINESBYPROPERTIES('3ojkv0sPffEJiu5jqKQTiH',$,$,$,(#160),#172);
#174= IFCPROPERTYSET('0PWFrndkurjY6VvPo5g4iN',$,'3D Visualization',$,(#100,#101,#102));
#175= IFCRELDEFINESBYPROPERTIES('3KUL0FL6wBx$7AmW1GZqte',$,$,$,(#160),#174);
#176= IFCPROPERTYSINGLEVALUE('ColorIndex',$,IFCINTEGER(5),$);
#177= IFCPROPERTYSINGLEVALUE('Layer',$,IFCLABEL('Van khoa'),$);
#178= IFCPROPERTYSINGLEVALUE('PlotStyleName',$,IFCLABEL('Color_5'),$);
#179= IFCPROPERTYSET('1lkI7swrFWd4Q$nV9a9RfC',$,'General',$,(#107,#108,#110,#176,#177,#178));
#180= IFCRELDEFINESBYPROPERTIES('2MWn8FY4n_W4eUtGW6MQQ5',$,$,$,(#160),#179);
#181= IFCPROPERTYSINGLEVALUE('IsPlanar',$,IFCBOOLEAN(.T.),$);
#182= IFCPROPERTYSET('1HpW2kg$pLlsbVv6v2eNeP',$,'Geometry',$,(#181));
#183= IFCRELDEFINESBYPROPERTIES('2cdPFwfU5Fq3dae6otH4Nt',$,$,$,(#160),#182);
#184= IFCPROPERTYSINGLEVALUE('T\X2\00EA\X0\n \X2\0111\X0\\X2\1ED1\X0\i t\X2\01B0\X0\\X2\1EE3\X0\ng',$,IFCLABEL('Van kh\X2\00F3\X0\a \X2\0111\X0\i\X2\1EC1\X0\u ch\X2\1EC9\X0\nh'),$);
#185= IFCPROPERTYSINGLEVALUE('M\X2\00E3\X0\ hi\X2\1EC7\X0\u',$,IFCLABEL('N5_HT_CN_VK_DN110_R01'),$);
#186= IFCPROPERTYSINGLEVALUE('V\X2\1EAD\X0\t li\X2\1EC7\X0\u',$,IFCLABEL('Van kh\X2\00F3\X0\a'),$);
#187= IFCPROPERTYSINGLEVALUE('C\X2\01B0\X0\\X2\1EDD\X0\ng \X2\0111\X0\\X2\1ED9\X0\ v\X2\1EAD\X0\t li\X2\1EC7\X0\u (MPa)',$,IFCLABEL('---'),$);
#188= IFCPROPERTYSINGLEVALUE('Th\X2\00E0\X0\nh ph\X2\1EA7\X0\n v\X2\1EAD\X0\t li\X2\1EC7\X0\u',$,IFCLABEL('Van kh\X2\00F3\X0\a (van c\X2\1ED5\X0\ng/van bi), th\X2\00E2\X0\n gang ho\X2\1EB7\X0\c th\X2\00E9\X0\p, k\X2\1EBF\X0\t n\X2\1ED1\X0\i m\X2\1EB7\X0\t b\X2\00ED\X0\ch'),$);
#189= IFCPROPERTYSINGLEVALUE('K\X2\00ED\X0\ch th\X2\01B0\X0\\X2\1EDB\X0\c (mm)',$,IFCLABEL('None'),$);
#190= IFCPROPERTYSINGLEVALUE('\X2\0110\X0\\X2\1ED9\X0\ d\X2\00E0\X0\y l\X2\1EDB\X0\p (mm)',$,IFCLABEL('None'),$);
#191= IFCPROPERTYSINGLEVALUE('\X2\0110\X0\\X2\1ED9\X0\ d\X2\00E0\X0\i (m)',$,IFCLABEL('---'),$);
#192= IFCPROPERTYSINGLEVALUE('Kh\X2\1ED1\X0\i l\X2\01B0\X0\\X2\1EE3\X0\ng (m3)',$,IFCREAL(0.0),$);
#193= IFCPROPERTYSINGLEVALUE('L\X2\00FD\X0\ tr\X2\00EC\X0\nh \X2\0111\X0\\X2\1EA7\X0\u',$,IFCLABEL('---'),$);
#194= IFCPROPERTYSINGLEVALUE('L\X2\00FD\X0\ tr\X2\00EC\X0\nh cu\X2\1ED1\X0\i',$,IFCLABEL('---'),$);
#195= IFCPROPERTYSINGLEVALUE('Ghi ch\X2\00FA\X0\',$,IFCLABEL('---'),$);
#196= IFCPROPERTYSET('0sejtDPPOveZDIUiD07sWM',$,'Thong_tin_BIM',$,(#184,#185,#186,#187,#188,#189,#190,#191,#192,#193,#194,#195));
#197= IFCRELDEFINESBYPROPERTIES('10QSQFgoK6tBv7ageuqZiP',$,$,$,(#160),#196);
#198= IFCMAPPEDITEM(#147,#151);
#199= IFCSHAPEREPRESENTATION(#145,'Body','MappedRepresentation',(#198));
#200= IFCPRODUCTDEFINITIONSHAPE($,$,(#199));
#201= IFCCARTESIANPOINT((157.891273,227.00388,371.284787));
#202= IFCAXIS2PLACEMENT3D(#201,#158,#203);
#203= IFCDIRECTION((0.754338302120725,-0.656485891663806,0.0));
#204= IFCLOCALPLACEMENT(#5,#202);
#205= IFCBUILTELEMENT('3kAUmylWX0RfeudUKZ5qRr',$,'Van Kh\X2\00F3\X0\a',$,$,#204,#200,'71B6');
#206= IFCPROPERTYSINGLEVALUE('Rotation',$,IFCREAL(5.56703457616252),$);
#207= IFCPROPERTYSINGLEVALUE('Bounds',$,IFCLABEL('((505168.538567085,1707765.6511738822,370.680502168518),(505169.2439791819,1707766.356585979,371.28478695756064))'),$);
#208= IFCPROPERTYSET('3_xtR86jVviEjXF8zfp$_6',$,'Properties',$,(#70,#72,#73,#74,#75,#76,#77,#78,#79,#80,#81,#82,#83,#84,#85,#86,#87,#88,#90,#91,#162,#163,#165,#166,#167,#206,#207));
#209= IFCRELDEFINESBYPROPERTIES('1IkyfP7K9iVgxk1Lic3UPO',$,$,$,(#205),#208);
#210= IFCPROPERTYSET('3DCqGLt44usg$a7Gji3OZ4',$,'Misc',$,(#94,#96,#97,#171));
#211= IFCRELDEFINESBYPROPERTIES('3OmwiW5HSM7PkrUFntllFD',$,$,$,(#205),#210);
#212= IFCPROPERTYSET('13$mgiDiEMq0cyPptr4nHW',$,'3D Visualization',$,(#100,#101,#102));
#213= IFCRELDEFINESBYPROPERTIES('3jPEeFf2ewLJ$KAmYYUHyj',$,$,$,(#205),#212);
#214= IFCPROPERTYSET('2qi4mi$KVxdFeZq_b$iKl6',$,'General',$,(#107,#108,#110,#176,#177,#178));
#215= IFCRELDEFINESBYPROPERTIES('1AtbtV2gA3L$65gXHCvNpo',$,$,$,(#205),#214);
#216= IFCPROPERTYSET('1QWCPnHz5wU54RmJFo01fI',$,'Geometry',$,(#181));
#217= IFCRELDEFINESBYPROPERTIES('1Ezpuur437ASrLHvpj9wp4',$,$,$,(#205),#216);
#218= IFCPROPERTYSET('3ykJii0ziL1SW8s93Fp1ah',$,'Thong_tin_BIM',$,(#184,#185,#186,#187,#188,#189,#190,#191,#192,#193,#194,#195));
#219= IFCRELDEFINESBYPROPERTIES('14BWs6Spxe36F_JfdK$Zsa',$,$,$,(#205),#218);
#220= IFCMAPPEDITEM(#147,#151);
#221= IFCSHAPEREPRESENTATION(#145,'Body','MappedRepresentation',(#220));
#222= IFCPRODUCTDEFINITIONSHAPE($,$,(#221));
#223= IFCCARTESIANPOINT((172.66019,213.222862,371.00733));
#224= IFCAXIS2PLACEMENT3D(#223,#158,#225);
#225= IFCDIRECTION((0.656484406714674,0.754339594440383,0.0));
#226= IFCLOCALPLACEMENT(#5,#224);
#227= IFCBUILTELEMENT('1_rT1ZxA5BgQ7oMxbGwvd5',$,'Van Kh\X2\00F3\X0\a',$,$,#226,#222,'71B7');
#228= IFCPROPERTYSINGLEVALUE('Bounds',$,IFCLABEL('((505183.30748429376,1707751.8701560553,370.40304555741125),(505184.0128962943,1707752.5755680557,371.0073303464539))'),$);
#229= IFCPROPERTYSET('3thke5J8wbgq1HZd8u9yrQ',$,'Properties',$,(#70,#72,#73,#74,#75,#76,#77,#78,#79,#80,#81,#82,#83,#84,#85,#86,#87,#88,#90,#91,#162,#163,#164,#165,#166,#167,#228));
#230= IFCRELDEFINESBYPROPERTIES('0ptqbxb8kDafKe6Y8TvCGH',$,$,$,(#227),#229);
#231= IFCPROPERTYSET('1WHcVGRJef1lWBJjJmYcQe',$,'Misc',$,(#94,#96,#97,#171));
#232= IFCRELDEFINESBYPROPERTIES('1_af3EZ4$I4$LPN4nt35EM',$,$,$,(#227),#231);
#233= IFCPROPERTYSET('29P1ifuPHJUo$TdzeyTyxL',$,'3D Visualization',$,(#100,#101,#102));
#234= IFCRELDEFINESBYPROPERTIES('09xYlyLuwY5K0wS1PnNBaF',$,$,$,(#227),#233);
#235= IFCPROPERTYSET('0V3sPbHouHQgO0o9Ec2B2P',$,'General',$,(#107,#108,#110,#176,#177,#178));
#236= IFCRELDEFINESBYPROPERTIES('2BJeDmyaRvMzKDUzEJ5OSY',$,$,$,(#227),#235);
#237= IFCPROPERTYSET('3IYYurPTYfSqWpECR_UAKb',$,'Geometry',$,(#181));
#238= IFCRELDEFINESBYPROPERTIES('1IgZh1Z3NHMHYHO7pV0pvj',$,$,$,(#227),#237);
#239= IFCPROPERTYSET('3EkpB0AdeenZicUYiM7acZ',$,'Thong_tin_BIM',$,(#184,#185,#186,#187,#188,#189,#190,#191,#192,#193,#194,#195));
#240= IFCRELDEFINESBYPROPERTIES('1x6muM5GDetx17Vv3RrtHr',$,$,$,(#227),#239);
#241= IFCMAPPEDITEM(#147,#151);
#242= IFCSHAPEREPRESENTATION(#145,'Body','MappedRepresentation',(#241));
#243= IFCPRODUCTDEFINITIONSHAPE($,$,(#242));
#244= IFCCARTESIANPOINT((201.055916,189.438685,370.240666));
#245= IFCAXIS2PLACEMENT3D(#244,#158,#246);
#246= IFCDIRECTION((0.754336547588456,-0.65648790771219,0.0));
#247= IFCLOCALPLACEMENT(#5,#245);
#248= IFCBUILTELEMENT('2R_1Re$fz6i8oT73EsUy1H',$,'Van Kh\X2\00F3\X0\a',$,$,#247,#243,'71B8');
#249= IFCPROPERTYSINGLEVALUE('Rotation',$,IFCREAL(5.56703190354609),$);
#250= IFCPROPERTYSINGLEVALUE('Bounds',$,IFCLABEL('((505211.7032097855,1707728.0859789485,369.63638107337465),(505212.4086220132,1707728.7913911762,370.2406658624173))'),$);
#251= IFCPROPERTYSET('2w4zosJmWpIoNsGh5YUqoC',$,'Properties',$,(#70,#72,#73,#74,#75,#76,#77,#78,#79,#80,#81,#82,#83,#84,#85,#86,#87,#88,#90,#91,#162,#163,#165,#166,#167,#249,#250));
#252= IFCRELDEFINESBYPROPERTIES('3q1euPmC6YcNcT2iWaoR9C',$,$,$,(#248),#251);
#253= IFCPROPERTYSET('2K0aSlL9ovYCxM9UxqKXn0',$,'Misc',$,(#94,#96,#97,#171));
#254= IFCRELDEFINESBYPROPERTIES('32wTAEebFa3a5uwdSshGfX',$,$,$,(#248),#253);
#255= IFCPROPERTYSET('0igal3obJfDrdnr3XEpuGd',$,'3D Visualization',$,(#100,#101,#102));
#256= IFCRELDEFINESBYPROPERTIES('3nSjVPcq1G_zjyEberbJJq',$,$,$,(#248),#255);
#257= IFCPROPERTYSET('3Z1dked4hEhlucDNkUt$83',$,'General',$,(#107,#108,#110,#176,#177,#178));
#258= IFCRELDEFINESBYPROPERTIES('3m0OAY_rHuaoAdQ5xZg5Fc',$,$,$,(#248),#257);
#259= IFCPROPERTYSET('2faTGIezC63OEj5toNU0Ma',$,'Geometry',$,(#181));
#260= IFCRELDEFINESBYPROPERTIES('0_40UGOEQuKwsYrRBx9RHZ',$,$,$,(#248),#259);
#261= IFCPROPERTYSET('2iYraWf2m3P_u9ju1hxoFo',$,'Thong_tin_BIM',$,(#184,#185,#186,#187,#188,#189,#190,#191,#192,#193,#194,#195));
#262= IFCRELDEFINESBYPROPERTIES('1VJQAM9zBm$Q_WoNgUawF8',$,$,$,(#248),#261);
#263= IFCCARTESIANPOINTLIST3D(((49.426226,77.136399,1.465567),(49.434071,77.145495,1.462768),(49.430024,77.140829,1.463375),(49.434048,77.145482,1.462374),(49.439392,77.1516,1.462921),(43.944481,77.015925,1.497829),(49.427473,77.158966,1.463722),(43.947957,77.007888,1.496541),(49.431407,77.150941,1.462431),(49.432298,77.14912,1.462436),(49.423822,77.166393,1.467071),(43.941257,77.023364,1.501176),(49.420702,77.172716,1.47225),(43.938503,77.029696,1.506352),(49.418326,77.177505,1.478906),(43.936409,77.034492,1.513006),(49.416857,77.180432,1.486585),(43.935117,77.037424,1.520684),(49.416394,77.181298,1.494764),(43.934714,77.038292,1.528863),(43.935228,77.037037,1.536985),(49.416969,77.180045,1.502885),(43.936625,77.033744,1.544497),(49.418542,77.176757,1.510396),(43.938808,77.028639,1.550886),(49.421006,77.171659,1.516784),(43.94163,77.022069,1.555719),(49.424195,77.165099,1.521614),(43.944897,77.014481,1.558664),(49.427889,77.157522,1.524557),(43.948388,77.006394,1.559522),(49.431838,77.149446,1.525412),(49.432728,77.147628,1.525309),(49.433615,77.145818,1.525098),(43.951864,76.998357,1.558234),(49.434495,77.144023,1.52478),(49.42661,77.135068,1.52166),(43.955088,76.990918,1.554887),(49.424271,77.128752,1.51723),(43.957841,76.984586,1.549711),(49.422368,77.123708,1.511417),(43.959935,76.97979,1.543057),(49.421014,77.120235,1.504567),(43.961228,76.976858,1.535379),(49.420289,77.118539,1.497085),(43.961631,76.97599,1.5272),(49.420237,77.118721,1.489415),(43.961117,76.977245,1.519078),(49.42086,77.12077,1.482013),(43.95972,76.980537,1.511566),(49.422121,77.124565,1.475317),(43.957537,76.985643,1.505176),(49.423946,77.129879,1.469724),(43.954715,76.992213,1.500344),(43.951448,76.999801,1.497399),(49.433187,77.147303,1.462548),(49.852014,77.711181,1.495514),(49.851096,77.711786,1.503663),(49.851838,77.71103,1.511818),(49.854189,77.708965,1.519422),(49.857991,77.705732,1.525958),(49.862982,77.70155,1.530979),(49.868824,77.696705,1.534145),(49.875119,77.691528,1.535238),(49.85453,77.709257,1.487925),(49.858472,77.706144,1.481414),(49.863572,77.702056,1.476425),(49.869482,77.697269,1.473298),(49.8758,77.692112,1.472245),(49.882094,77.686934,1.473338),(49.446701,77.15218,1.464342),(49.887936,77.682089,1.476504),(49.453558,77.152701,1.46665),(49.459757,77.153146,1.469776),(49.892928,77.677908,1.481525),(49.465112,77.153502,1.473626),(49.896729,77.674674,1.488061),(49.469463,77.153759,1.478085),(49.472678,77.15391,1.483019),(49.899081,77.672609,1.495665),(49.474662,77.153949,1.488279),(49.899823,77.671853,1.50382),(49.475356,77.153875,1.49371),(49.474737,77.153691,1.499146),(49.898905,77.672458,1.511969),(49.472825,77.153402,1.504426),(49.896389,77.674382,1.519558),(49.469677,77.153016,1.509391),(49.465388,77.152546,1.513892),(49.892446,77.677495,1.526068),(49.460086,77.152006,1.517793),(49.887346,77.681584,1.531058),(49.45393,77.151411,1.520979),(49.447105,77.15078,1.523353),(49.881436,77.68637,1.534185),(49.439815,77.150131,1.524844),(-77.874245,-45.803706,-0.522197),(-77.866085,-45.807021,-0.523405),(-77.858496,-45.81006,-0.526677),(-77.851995,-45.812614,-0.53179),(-77.847025,-45.814511,-0.538394),(-77.843925,-45.81562,-0.546042),(-77.842905,-45.815866,-0.55421),(-77.844036,-45.815233,-0.562342),(-77.847241,-45.813763,-0.569885),(-77.8523,-45.811557,-0.576324),(-77.858869,-45.808765,-0.58122),(-77.866501,-45.805577,-0.58424),(-77.874675,-45.802211,-0.585178),(-77.882835,-45.798896,-0.58397),(-77.890424,-45.795857,-0.580698),(-77.896925,-45.793303,-0.575585),(-77.901895,-45.791406,-0.56898),(-77.904995,-45.790297,-0.561333),(-77.906015,-45.79005,-0.553165),(-77.904884,-45.790684,-0.545033),(-77.882419,-45.80034,-0.523135),(-77.890051,-45.797152,-0.526155),(-77.89662,-45.79436,-0.531051),(-77.901679,-45.792154,-0.53749),(-77.858938,-51.312049,-0.654119),(-77.850793,-51.30868,-0.653021),(-77.842662,-51.30526,-0.654069),(-77.8351,-51.302022,-0.657191),(-77.828622,-51.299187,-0.662176),(-77.823669,-51.296948,-0.668682),(-77.82058,-51.295458,-0.676268),(-77.819564,-51.294817,-0.684415),(-77.820692,-51.295071,-0.692568),(-77.866543,-51.315137,-0.657288),(-77.87309,-51.317735,-0.662312),(-77.878131,-51.319664,-0.668849),(-77.881325,-51.320794,-0.676454),(-77.882452,-51.321047,-0.684607),(-77.881436,-51.320407,-0.692754),(-77.878347,-51.318917,-0.70034),(-77.873394,-51.316678,-0.706846),(-77.866916,-51.313843,-0.711831),(-77.859354,-51.310605,-0.714953),(-77.851223,-51.307185,-0.716001),(-77.843078,-51.303816,-0.714903),(-77.835473,-51.300727,-0.711734),(-77.828926,-51.29813,-0.70671),(-77.823885,-51.296201,-0.700173),(-51.437498,-77.68098,-1.45964),(-51.434145,-77.67279,-1.460542),(-51.431036,-77.665107,-1.463529),(-51.428381,-77.658455,-1.468397),(-51.426362,-77.653286,-1.474814),(-51.425117,-77.649955,-1.482343),(-51.42473,-77.648686,-1.490471),(-51.425228,-77.649568,-1.498644),(-51.426577,-77.652539,-1.506304),(-51.428685,-77.657397,-1.512931),(-51.431409,-77.663812,-1.518072),(-51.434561,-77.671346,-1.521377),(-51.437929,-77.679485,-1.522621),(-51.441282,-77.687676,-1.521719),(-51.444392,-77.695359,-1.518732),(-51.447047,-77.702011,-1.513864),(-51.449066,-77.707179,-1.507447),(-51.450311,-77.710511,-1.499918),(-51.450697,-77.711779,-1.491791),(-51.450199,-77.710898,-1.483618),(-51.440866,-77.68912,-1.460884),(-51.444019,-77.696653,-1.464189),(-51.446742,-77.703068,-1.46933),(-51.44885,-77.707927,-1.475957),(-45.958381,-77.665839,-1.49783),(-45.961784,-77.657728,-1.496541),(-45.965202,-77.649567,-1.497398),(-45.968401,-77.64191,-1.500342),(-45.971164,-77.635281,-1.505173),(-45.973303,-77.630131,-1.511562),(-45.974671,-77.62681,-1.519073),(-45.975176,-77.625545,-1.527195),(-45.974782,-77.626423,-1.535374),(-45.955225,-77.673346,-1.501178),(-45.952531,-77.679738,-1.506356),(-45.950481,-77.684579,-1.51301),(-45.949217,-77.687539,-1.520689),(-45.948824,-77.688416,-1.528868),(-45.949328,-77.687152,-1.536989),(-45.950697,-77.683831,-1.544501),(-45.952835,-77.678681,-1.55089),(-45.955598,-77.672051,-1.555721),(-45.958798,-77.664395,-1.558665),(-45.962215,-77.656233,-1.559522),(-45.965618,-77.648123,-1.558232),(-45.968774,-77.640616,-1.554885),(-45.971469,-77.634224,-1.549707),(-45.973518,-77.629383,-1.543052),(77.87461,47.182456,0.619589),(77.866418,47.185805,0.618651),(77.85877,47.188976,0.615631),(77.852187,47.191755,0.610734),(77.847118,47.19395,0.604295),(77.843907,47.195413,0.596753),(77.842774,47.196044,0.58862),(77.843795,47.1958,0.580452),(77.846902,47.194698,0.572805),(77.851883,47.192812,0.5662),(77.858397,47.190271,0.561088),(77.866002,47.187249,0.557816),(77.874179,47.18395,0.556609),(77.88237,47.180601,0.557547),(77.890018,47.17743,0.560567),(77.896601,47.174651,0.565463),(77.901671,47.172456,0.571902),(77.904881,47.170993,0.579445),(77.906015,47.170362,0.587578),(77.904993,47.170606,0.595746),(77.882786,47.179157,0.618381),(77.890391,47.176135,0.61511),(77.896905,47.173594,0.609998),(77.901886,47.171708,0.603393),(77.825731,52.422294,0.744294),(77.817606,52.418579,0.743187),(77.810019,52.415168,0.740011),(77.803489,52.412294,0.73498),(77.79846,52.410152,0.728437),(77.795274,52.408889,0.72083),(77.79415,52.40859,0.712675),(77.795163,52.409276,0.704529),(77.798244,52.4109,0.696947),(77.803184,52.413351,0.690445),(77.809646,52.416463,0.685468),(77.817189,52.420023,0.682353),(77.8253,52.423789,0.681313),(77.833426,52.427503,0.682419),(77.841012,52.430914,0.685596),(77.847542,52.433788,0.690627),(77.852572,52.43593,0.697169),(77.855757,52.437194,0.704777),(77.856881,52.437493,0.712932),(77.855868,52.436807,0.721078),(77.833842,52.426059,0.743254),(77.841385,52.42962,0.740139),(77.847847,52.432731,0.735161),(77.852787,52.435183,0.72866),(49.434478,77.143991,1.525174),(49.430438,77.13939,1.524008)),$);
#264= IFCTRIANGULATEDFACESET(#263,$,$,((1,2,3),(3,2,4),(4,2,5),(6,7,8),(8,7,9),(8,9,10),(7,6,11),(11,6,12),(11,12,13),(13,12,14),(13,14,15),(15,14,16),(15,16,17),(17,16,18),(17,18,19),(19,18,20),(19,20,21),(19,21,22),(22,21,23),(22,23,24),(24,23,25),(24,25,26),(26,25,27),(26,27,28),(28,27,29),(28,29,30),(30,29,31),(30,31,32),(32,31,33),(33,31,34),(34,31,35),(34,35,36),(36,35,37),(37,35,38),(37,38,39),(39,38,40),(39,40,41),(41,40,42),(41,42,43),(43,42,44),(43,44,45),(45,44,46),(45,46,47),(47,46,48),(47,48,49),(49,48,50),(49,50,51),(51,50,52),(51,52,53),(53,52,54),(53,54,1),(1,54,55),(1,55,2),(2,55,56),(56,55,8),(56,8,10),(57,17,58),(58,17,19),(58,19,59),(59,19,22),(59,22,60),(60,22,24),(60,24,61),(61,24,26),(61,26,62),(62,26,28),(62,28,63),(63,28,30),(63,30,64),(64,30,32),(64,32,33),(17,57,15),(15,57,65),(15,65,13),(13,65,66),(13,66,11),(11,66,67),(11,67,7),(7,67,68),(7,68,9),(9,68,69),(9,69,10),(10,69,56),(56,69,2),(2,69,70),(2,70,5),(5,70,71),(71,70,72),(71,72,73),(73,72,74),(74,72,75),(74,75,76),(76,75,77),(76,77,78),(78,77,79),(79,77,80),(79,80,81),(81,80,82),(81,82,83),(83,82,84),(84,82,85),(84,85,86),(86,85,87),(86,87,88),(88,87,89),(89,87,90),(89,90,91),(91,90,92),(91,92,93),(93,92,94),(94,92,95),(94,95,96),(96,95,36),(36,95,34),(34,95,64),(34,64,33),(29,97,31),(31,97,98),(31,98,35),(35,98,99),(35,99,38),(38,99,100),(38,100,40),(40,100,101),(40,101,42),(42,101,102),(42,102,44),(44,102,103),(44,103,46),(46,103,48),(48,103,104),(48,104,50),(50,104,105),(50,105,52),(52,105,106),(52,106,54),(54,106,107),(54,107,55),(55,107,108),(55,108,8),(8,108,109),(8,109,6),(6,109,110),(6,110,12),(12,110,111),(12,111,14),(14,111,112),(14,112,16),(16,112,113),(16,113,18),(18,113,114),(18,114,20),(20,114,115),(20,115,116),(97,29,117),(117,29,27),(117,27,118),(118,27,25),(118,25,119),(119,25,23),(119,23,120),(120,23,21),(120,21,116),(116,21,20),(117,121,97),(97,121,122),(97,122,98),(98,122,123),(98,123,99),(99,123,124),(99,124,100),(100,124,125),(100,125,101),(101,125,126),(101,126,102),(102,126,127),(102,127,103),(103,127,128),(103,128,129),(121,117,130),(130,117,118),(130,118,131),(131,118,119),(131,119,132),(132,119,120),(132,120,133),(133,120,116),(133,116,134),(134,116,115),(134,115,114),(134,114,135),(135,114,113),(135,113,136),(136,113,112),(136,112,137),(137,112,111),(137,111,138),(138,111,110),(138,110,139),(139,110,109),(139,109,140),(140,109,108),(140,108,141),(141,108,107),(141,107,142),(142,107,106),(142,106,143),(143,106,105),(143,105,144),(144,105,104),(144,104,129),(129,104,103),(121,145,122),(122,145,146),(122,146,123),(123,146,147),(123,147,124),(124,147,148),(124,148,125),(125,148,149),(125,149,126),(126,149,150),(126,150,127),(127,150,151),(127,151,128),(128,151,129),(129,151,152),(129,152,144),(144,152,153),(144,153,143),(143,153,154),(143,154,142),(142,154,155),(142,155,141),(141,155,156),(141,156,140),(140,156,157),(140,157,139),(139,157,158),(139,158,138),(138,158,159),(138,159,137),(137,159,160),(137,160,136),(136,160,161),(136,161,135),(135,161,162),(135,162,134),(134,162,163),(134,163,164),(145,121,165),(165,121,130),(165,130,166),(166,130,131),(166,131,167),(167,131,132),(167,132,168),(168,132,133),(168,133,164),(164,133,134),(165,169,145),(145,169,170),(145,170,146),(146,170,171),(146,171,147),(147,171,172),(147,172,148),(148,172,173),(148,173,149),(149,173,174),(149,174,150),(150,174,175),(150,175,151),(151,175,176),(151,176,177),(169,165,178),(178,165,166),(178,166,179),(179,166,167),(179,167,180),(180,167,168),(180,168,181),(181,168,164),(181,164,182),(182,164,163),(182,163,162),(182,162,183),(183,162,161),(183,161,184),(184,161,160),(184,160,185),(185,160,159),(185,159,186),(186,159,158),(186,158,187),(187,158,157),(187,157,188),(188,157,156),(188,156,189),(189,156,155),(189,155,190),(190,155,154),(190,154,191),(191,154,153),(191,153,192),(192,153,152),(192,152,177),(177,152,151),(169,193,170),(170,193,194),(170,194,171),(171,194,195),(171,195,172),(172,195,196),(172,196,173),(173,196,197),(173,197,174),(174,197,198),(174,198,175),(175,198,199),(175,199,176),(176,199,177),(177,199,200),(177,200,192),(192,200,201),(192,201,191),(191,201,202),(191,202,190),(190,202,203),(190,203,189),(189,203,204),(189,204,188),(188,204,205),(188,205,187),(187,205,206),(187,206,186),(186,206,207),(186,207,185),(185,207,208),(185,208,184),(184,208,209),(184,209,183),(183,209,210),(183,210,182),(182,210,211),(182,211,212),(193,169,213),(213,169,178),(213,178,214),(214,178,179),(214,179,215),(215,179,180),(215,180,216),(216,180,181),(216,181,212),(212,181,182),(213,217,193),(193,217,218),(193,218,194),(194,218,219),(194,219,195),(195,219,220),(195,220,196),(196,220,221),(196,221,197),(197,221,222),(197,222,198),(198,222,223),(198,223,199),(199,223,200),(200,223,224),(200,224,201),(201,224,225),(201,225,202),(202,225,226),(202,226,203),(203,226,227),(203,227,204),(204,227,228),(204,228,205),(205,228,229),(205,229,206),(206,229,230),(206,230,207),(207,230,231),(207,231,208),(208,231,232),(208,232,209),(209,232,233),(209,233,210),(210,233,234),(210,234,211),(211,234,235),(211,235,236),(217,213,237),(237,213,214),(237,214,238),(238,214,215),(238,215,239),(239,215,216),(239,216,240),(240,216,212),(240,212,236),(236,212,211),(237,96,217),(217,96,241),(217,241,218),(218,241,242),(218,242,37),(96,237,94),(94,237,238),(94,238,93),(93,238,91),(91,238,239),(91,239,89),(89,239,240),(89,240,88),(88,240,86),(86,240,236),(86,236,84),(84,236,235),(84,235,83),(83,235,81),(81,235,234),(81,234,79),(79,234,233),(79,233,78),(78,233,76),(76,233,232),(76,232,74),(74,232,231),(74,231,73),(73,231,71),(71,231,230),(71,230,5),(5,230,229),(5,229,4),(4,229,228),(4,228,3),(3,228,1),(1,228,227),(1,227,53),(53,227,226),(53,226,51),(51,226,225),(51,225,49),(49,225,224),(49,224,47),(47,224,223),(47,223,45),(45,223,222),(45,222,43),(43,222,221),(43,221,41),(41,221,220),(41,220,39),(39,220,219),(39,219,37),(37,219,218),(58,59,57),(57,59,60),(57,60,65),(65,60,66),(66,60,67),(67,60,61),(67,61,62),(62,63,67),(67,63,64),(67,64,68),(68,64,69),(69,64,95),(69,95,92),(90,77,92),(92,77,75),(92,75,72),(90,87,77),(77,87,85),(77,85,82),(82,80,77),(72,70,92),(92,70,69),(37,242,36),(36,242,241),(36,241,96)),$);
#265= IFCSHAPEREPRESENTATION(#145,'Body','Tessellation',(#264));
#266= IFCPRODUCTDEFINITIONSHAPE($,$,(#265));
#267= IFCCARTESIANPOINT((165.927162,98.913764,367.935834));
#268= IFCAXIS2PLACEMENT3D(#267,$,$);
#269= IFCLOCALPLACEMENT(#5,#268);
#270= IFCBUILTELEMENT('1Mn0BuUhDBU8sAhI1gzyNe',$,'HDPE D63',$,$,#269,#266,'73F8');
#271= IFCCOLOURRGB('252',0.4,0.4,0.4);
#272= IFCSURFACESTYLESHADING(#271,$);
#273= IFCSURFACESTYLE($,.BOTH.,(#272));
#274= IFCPRESENTATIONLAYERWITHSTYLE('HDPE D63',$,(#264,#306,#330,#354,#378),$,.U.,.U.,.U.,(#273));
#275= IFCSTYLEDITEM(#264,(#125),$);
#276= IFCPROPERTYSINGLEVALUE('Area',$,IFCREAL(88.3186080819915),$);
#277= IFCPROPERTYSINGLEVALUE('IsNull',$,IFCBOOLEAN(.F.),$);
#278= IFCPROPERTYSINGLEVALUE('NumChanges',$,IFCINTEGER(2),$);
#279= IFCPROPERTYSINGLEVALUE('RecordHistory',$,IFCBOOLEAN(.T.),$);
#280= IFCPROPERTYSINGLEVALUE('ShowHistory',$,IFCBOOLEAN(.T.),$);
#281= IFCPROPERTYSINGLEVALUE('UsesGraphicsCache',$,IFCBOOLEAN(.T.),$);
#282= IFCPROPERTYSINGLEVALUE('Bounds',$,IFCLABEL('((505099.0116672681,1707560.198887981,364.51427657733257),(505254.8424096142,1707715.6286105826,371.359569997323))'),$);
#283= IFCPROPERTYSET('3DOtixDq2tz36O6HDGWZd6',$,'Properties',$,(#70,#71,#72,#73,#74,#75,#76,#77,#78,#79,#80,#81,#82,#83,#84,#85,#86,#87,#88,#90,#91,#276,#277,#278,#279,#280,#281,#282));
#284= IFCRELDEFINESBYPROPERTIES('21CIp7gqoNGE$hzop6lcCu',$,$,$,(#270),#283);
#285= IFCPROPERTYSINGLEVALUE('ClassID',$,IFCLABEL('4ca6aa08-5011-4525-8c44-7fb7c2190cb8'),$);
#286= IFCPROPERTYSET('2ny6SX6QsDPNfswyEVUmhB',$,'Misc',$,(#94,#96,#97,#285));
#287= IFCRELDEFINESBYPROPERTIES('335DiFtcI9xwe5i80pgZx7',$,$,$,(#270),#286);
#288= IFCPROPERTYSET('0n4rkzbseIUoiwNnks74Mc',$,'3D Visualization',$,(#100,#101,#102));
#289= IFCRELDEFINESBYPROPERTIES('1p_JuBi7rKkW8lr2zrjvmX',$,$,$,(#270),#288);
#290= IFCPROPERTYSINGLEVALUE('Layer',$,IFCLABEL('HDPE D63'),$);
#291= IFCPROPERTYSET('3WyWfTZKw0qlWZCu6viak8',$,'General',$,(#107,#108,#110,#176,#178,#290));
#292= IFCRELDEFINESBYPROPERTIES('2WpWcwR0VCCdhHiCwzHMmO',$,$,$,(#270),#291);
#293= IFCPROPERTYSET('0c_vUVXqrzn29_ZgSVa$QW',$,'Geometry',$,(#113));
#294= IFCRELDEFINESBYPROPERTIES('18ZFXMqF6KEkRk4Yrv6NUa',$,$,$,(#270),#293);
#295= IFCPROPERTYSINGLEVALUE('T\X2\00EA\X0\n \X2\0111\X0\\X2\1ED1\X0\i t\X2\01B0\X0\\X2\1EE3\X0\ng',$,IFCLABEL('\X2\1ED0\X0\ng c\X2\1EA5\X0\p n\X2\01B0\X0\\X2\1EDB\X0\c h\X2\1ED9\X0\ d\X2\00E2\X0\n'),$);
#296= IFCPROPERTYSINGLEVALUE('M\X2\00E3\X0\ hi\X2\1EC7\X0\u',$,IFCLABEL('N5_HT_CN_HDPE_D63_Q01'),$);
#297= IFCPROPERTYSINGLEVALUE('V\X2\1EAD\X0\t li\X2\1EC7\X0\u',$,IFCLABEL('\X2\1ED0\X0\ng HDPE D63 d\X2\00E0\X0\y 4,7mm'),$);
#298= IFCPROPERTYSINGLEVALUE('C\X2\01B0\X0\\X2\1EDD\X0\ng \X2\0111\X0\\X2\1ED9\X0\ v\X2\1EAD\X0\t li\X2\1EC7\X0\u (MPa)',$,IFCLABEL('PN10'),$);
#299= IFCPROPERTYSINGLEVALUE('Th\X2\00E0\X0\nh ph\X2\1EA7\X0\n v\X2\1EAD\X0\t li\X2\1EC7\X0\u',$,IFCLABEL('\X2\1ED0\X0\ng nh\X2\1EF1\X0\a HDPE (polyethylene m\X2\1EAD\X0\t \X2\0111\X0\\X2\1ED9\X0\ cao)'),$);
#300= IFCPROPERTYSINGLEVALUE('K\X2\00ED\X0\ch th\X2\01B0\X0\\X2\1EDB\X0\c (mm)',$,IFCLABEL('D63'),$);
#301= IFCPROPERTYSINGLEVALUE('Kh\X2\1ED1\X0\i l\X2\01B0\X0\\X2\1EE3\X0\ng (m3)',$,IFCREAL(1.39100647232257),$);
#302= IFCPROPERTYSINGLEVALUE('Ghi ch\X2\00FA\X0\',$,IFCLABEL('\X2\1ED0\X0\ng nh\X2\1EF1\X0\a HDPE D63'),$);
#303= IFCPROPERTYSET('0B3S3LS4wFqUjKduJZgK8P',$,'Thong_tin_BIM',$,(#190,#191,#193,#194,#295,#296,#297,#298,#299,#300,#301,#302));
#304= IFCRELDEFINESBYPROPERTIES('2Vxsh7CBHjDuRCF2Ga$3rf',$,$,$,(#270),#303);
#305= IFCCARTESIANPOINTLIST3D(((42.01238,75.691837,1.868717),(48.091946,75.674254,1.797313),(42.015756,75.683713,1.867346),(48.09561,75.666092,1.796188),(48.09609,75.665028,1.796199),(48.088557,75.681857,1.800509),(42.009259,75.69934,1.87214),(48.085674,75.688383,1.805556),(42.006606,75.705709,1.877381),(48.083493,75.693388,1.812112),(42.004601,75.710511,1.884084),(48.082163,75.69653,1.819729),(42.003381,75.71342,1.891792),(48.081774,75.697595,1.827888),(42.00303,75.714235,1.89998),(48.082354,75.696511,1.836033),(42.00357,75.712903,1.908089),(48.083862,75.693352,1.84361),(42.004966,75.709513,1.915566),(48.086195,75.688332,1.850101),(42.007123,75.704297,1.921904),(48.089196,75.681794,1.855065),(42.009892,75.69761,1.926668),(48.092658,75.674184,1.858163),(42.013086,75.689909,1.929535),(48.096347,75.66602,1.859183),(42.016487,75.681717,1.93031),(48.099356,75.659321,1.858422),(42.019863,75.673593,1.928939),(48.102211,75.652929,1.856257),(42.022984,75.66609,1.925516),(48.104782,75.647136,1.852787),(42.025637,75.659721,1.920275),(48.101925,75.644671,1.85076),(48.099542,75.642218,1.848221),(48.097413,75.639828,1.845067),(42.027642,75.654918,1.913572),(48.095646,75.637803,1.841616),(48.0942,75.636268,1.837851),(42.028862,75.65201,1.905864),(48.092953,75.635161,1.833672),(48.091989,75.634616,1.829489),(42.029213,75.651195,1.897676),(48.091268,75.634699,1.825152),(48.090749,75.635353,1.820778),(42.028673,75.652527,1.889567),(48.090455,75.636561,1.816746),(42.027277,75.655917,1.88209),(48.090311,75.638359,1.812786),(48.090284,75.640719,1.809056),(42.02512,75.661133,1.875753),(48.09032,75.643577,1.805708),(48.090317,75.646791,1.802842),(42.022351,75.66782,1.870988),(48.090159,75.650274,1.800502),(48.089644,75.654104,1.79862),(42.019157,75.675521,1.868121),(48.097048,75.662904,1.796329),(48.096569,75.663965,1.796246),(-50.090408,-75.813529,-1.80555),(-44.606614,-75.787653,-1.867346),(-50.087034,-75.805404,-1.804257),(-44.610035,-75.779482,-1.868121),(-50.083685,-75.79721,-1.80511),(-44.613248,-75.771799,-1.870989),(-50.080589,-75.789507,-1.80805),(-44.616033,-75.765128,-1.875754),(-50.077957,-75.782819,-1.812878),(-50.075968,-75.777602,-1.819263),(-44.618202,-75.759925,-1.882091),(-44.619606,-75.756543,-1.889569),(-44.603218,-75.795757,-1.868716),(-50.093578,-75.821033,-1.808899),(-44.600078,-75.80324,-1.872139),(-50.096326,-75.827404,-1.814078),(-44.597409,-75.809594,-1.87738),(-44.595391,-75.814383,-1.884083),(-50.098466,-75.832207,-1.820733),(-50.099851,-75.835116,-1.828411),(-50.100389,-75.835932,-1.836588),(-44.59381,-75.818097,-1.899978),(-44.594164,-75.817284,-1.891791),(-50.100041,-75.834599,-1.844707),(-44.594353,-75.816767,-1.908087),(-44.595757,-75.813385,-1.915565),(-50.098831,-75.831209,-1.852215),(-50.096843,-75.825992,-1.858601),(-44.597926,-75.808182,-1.921903),(-50.094211,-75.819304,-1.863428),(-44.600711,-75.801511,-1.926667),(-50.091115,-75.8116,-1.866368),(-44.603924,-75.793828,-1.929535),(-50.087766,-75.803407,-1.867221),(-44.607345,-75.785656,-1.93031),(-50.084391,-75.795281,-1.865929),(-44.610741,-75.777553,-1.92894),(-50.081222,-75.787777,-1.862579),(-44.613881,-75.770069,-1.925517),(-44.61655,-75.763716,-1.920276),(-50.078474,-75.781407,-1.8574),(-50.076334,-75.776603,-1.850745),(-50.074948,-75.773695,-1.843067),(-44.619795,-75.756026,-1.905865),(-44.618568,-75.758926,-1.913573),(-44.620149,-75.755213,-1.897678),(-50.074411,-75.772879,-1.83489),(-50.074759,-75.774211,-1.826771),(76.522769,46.460365,0.602807),(76.514451,46.463594,0.601932),(76.506675,46.466672,0.598971),(76.499971,46.469387,0.594126),(76.494795,46.471556,0.587727),(76.491501,46.47303,0.580211),(76.490313,46.473709,0.572089),(76.491312,46.473547,0.563915),(76.49443,46.472555,0.556245),(76.499454,46.470799,0.549604),(76.506042,46.468401,0.544442),(76.513745,46.465523,0.541113),(76.522038,46.462361,0.539842),(76.530356,46.459132,0.540717),(76.538132,46.456055,0.543678),(76.544836,46.453339,0.548523),(76.550012,46.45117,0.554922),(76.553306,46.449696,0.562438),(76.554494,46.449017,0.57056),(76.553495,46.449179,0.578734),(76.531062,46.457203,0.601536),(76.538765,46.454325,0.598207),(76.545353,46.451927,0.593045),(76.550377,46.450172,0.586404),(-76.52465,-49.459252,-0.662725),(-76.516489,-49.455899,-0.66164),(-76.508353,-49.452478,-0.6627),(-76.500797,-49.449221,-0.665833),(-76.494334,-49.446352,-0.670826),(-76.489407,-49.444065,-0.677338),(-76.48635,-49.442517,-0.684926),(-76.485372,-49.441813,-0.693072),(-76.486539,-49.442,-0.701222),(-76.489772,-49.443067,-0.70882),(-76.494851,-49.44494,-0.715348),(-76.50143,-49.447492,-0.720361),(-76.50906,-49.450549,-0.723518),(-76.517221,-49.453902,-0.724604),(-76.525357,-49.457323,-0.723544),(-76.532913,-49.46058,-0.720411),(-76.539375,-49.463449,-0.715418),(-76.544303,-49.465736,-0.708906),(-76.54736,-49.467284,-0.701318),(-76.548338,-49.467988,-0.693171),(-76.53228,-49.462309,-0.665882),(-76.538858,-49.464861,-0.670896),(-76.543937,-49.466734,-0.677424),(-76.547171,-49.467801,-0.685021),(48.203522,75.835947,1.826846),(48.204467,75.835191,1.83498),(48.204189,75.835286,1.818677),(48.206422,75.833252,1.811028),(48.210068,75.829983,1.804422),(48.206958,75.833067,1.842523),(48.210827,75.829722,1.848963),(48.215809,75.825383,1.853859),(48.221564,75.820346,1.856879),(48.214879,75.825702,1.799308),(48.220527,75.820702,1.796036),(48.226628,75.815322,1.794827),(48.227702,75.814954,1.857816),(48.232765,75.80993,1.795764),(48.238521,75.804893,1.798784),(48.233802,75.809575,1.856607),(48.239451,75.804574,1.853335),(48.244262,75.800294,1.848221),(48.243503,75.800554,1.80368),(48.247371,75.797209,1.81012),(48.249863,75.795086,1.817663),(48.247908,75.797025,1.841615),(48.25014,75.794991,1.833966),(48.250807,75.794329,1.825797),(76.294647,51.673432,0.769711),(76.286676,51.669489,0.770752),(76.27868,51.665614,0.769647),(76.271204,51.662072,0.766472),(76.264758,51.659103,0.761443),(76.259781,51.656909,0.754903),(76.256612,51.655642,0.747298),(76.255467,51.655385,0.739146),(76.256425,51.656158,0.731002),(76.259419,51.657908,0.723421),(76.264246,51.660515,0.716921),(76.270577,51.663801,0.711944),(76.27798,51.667543,0.708828),(76.285952,51.671486,0.707788),(76.293947,51.675361,0.708893),(76.301423,51.678903,0.712068),(76.307869,51.681872,0.717097),(76.312846,51.684065,0.723636),(76.316015,51.685333,0.731242),(76.31716,51.685589,0.739394),(76.316203,51.684816,0.747538),(76.313208,51.683067,0.755119),(76.308381,51.68046,0.761619),(76.30205,51.677174,0.766596),(-76.530784,-43.94872,-0.487892),(-76.522616,-43.9521,-0.48702),(-76.514472,-43.955412,-0.488293),(-76.506909,-43.958431,-0.491626),(-76.50044,-43.96095,-0.496789),(-76.495508,-43.962798,-0.503433),(-76.492448,-43.963849,-0.511103),(-76.491469,-43.964031,-0.519278),(-76.492638,-43.963332,-0.5274),(-76.495874,-43.9618,-0.534915),(-76.500957,-43.959538,-0.541312),(-76.507542,-43.956702,-0.546154),(-76.515179,-43.953484,-0.549112),(-76.523347,-43.950103,-0.549984),(-76.531491,-43.946791,-0.54871),(-76.539054,-43.943772,-0.545378),(-76.545523,-43.941253,-0.540214),(-76.550455,-43.939405,-0.533571),(-76.553515,-43.938354,-0.5259),(-76.554494,-43.938172,-0.517726),(-76.538421,-43.945501,-0.49085),(-76.545005,-43.942665,-0.495692),(-76.550089,-43.940403,-0.502089),(-76.553325,-43.938871,-0.509604),(48.109809,75.6779,1.796165),(48.109781,75.660469,1.855844),(48.108538,75.658831,1.855784),(48.106699,75.655164,1.855259),(48.105529,75.651182,1.854242),(48.111239,75.661919,1.855762),(48.114623,75.664231,1.8552),(48.118402,75.66593,1.854157),(48.126091,75.668238,1.850866),(48.13313,75.669825,1.846074),(48.139035,75.671086,1.839761),(48.141188,75.671605,1.836131),(48.142771,75.672079,1.832117),(48.143596,75.672492,1.827876),(48.143595,75.67284,1.823595),(48.142297,75.673218,1.817969),(48.139624,75.673516,1.812718),(48.135797,75.673775,1.808037),(48.131177,75.674043,1.804143),(48.126203,75.674385,1.801109),(48.120764,75.674944,1.798719),(48.115134,75.675973,1.797035),(48.1124,75.676786,1.796494),(48.104716,75.672031,1.793667),(48.099422,75.665832,1.793248),(48.094283,75.65972,1.794937)),$);
#306= IFCTRIANGULATEDFACESET(#305,$,$,((1,2,3),(3,2,4),(3,4,5),(2,1,6),(6,1,7),(6,7,8),(8,7,9),(8,9,10),(10,9,11),(10,11,12),(12,11,13),(12,13,14),(14,13,15),(14,15,16),(16,15,17),(16,17,18),(18,17,19),(18,19,20),(20,19,21),(20,21,22),(22,21,23),(22,23,24),(24,23,25),(24,25,26),(26,25,27),(26,27,28),(28,27,29),(28,29,30),(30,29,31),(30,31,32),(32,31,33),(32,33,34),(34,33,35),(35,33,36),(36,33,37),(36,37,38),(38,37,39),(39,37,40),(39,40,41),(41,40,42),(42,40,43),(42,43,44),(44,43,45),(45,43,46),(45,46,47),(47,46,48),(47,48,49),(49,48,50),(50,48,51),(50,51,52),(52,51,53),(53,51,54),(53,54,55),(55,54,56),(56,54,57),(56,57,58),(58,57,3),(58,3,59),(59,3,5),(60,61,62),(62,61,63),(62,63,64),(64,63,65),(64,65,66),(66,65,67),(66,67,68),(68,67,69),(69,67,70),(69,70,71),(61,60,72),(72,60,73),(72,73,74),(74,73,75),(74,75,76),(76,75,77),(77,75,78),(77,78,79),(80,81,79),(79,81,82),(79,82,77),(80,83,81),(81,83,84),(84,83,85),(85,83,86),(85,86,87),(85,87,88),(88,87,89),(88,89,90),(90,89,91),(90,91,92),(92,91,93),(92,93,94),(94,93,95),(94,95,96),(96,95,97),(96,97,98),(98,97,99),(99,97,100),(99,100,101),(102,103,101),(101,103,104),(101,104,99),(103,102,105),(105,102,106),(105,106,71),(71,106,107),(71,107,69),(72,108,61),(61,108,109),(61,109,63),(63,109,110),(63,110,65),(65,110,111),(65,111,67),(67,111,112),(67,112,70),(70,112,113),(70,113,71),(71,113,114),(71,114,105),(105,114,103),(103,114,115),(103,115,104),(104,115,116),(104,116,99),(99,116,117),(99,117,98),(98,117,118),(98,118,96),(96,118,119),(96,119,94),(94,119,120),(94,120,92),(92,120,121),(92,121,90),(90,121,122),(90,122,88),(88,122,123),(88,123,85),(85,123,124),(85,124,84),(84,124,125),(84,125,81),(81,125,126),(81,126,127),(108,72,128),(128,72,74),(128,74,129),(129,74,76),(129,76,130),(130,76,77),(130,77,131),(131,77,82),(131,82,127),(127,82,81),(132,62,133),(133,62,64),(133,64,134),(134,64,66),(134,66,135),(135,66,68),(135,68,136),(136,68,69),(136,69,137),(137,69,107),(137,107,138),(138,107,106),(138,106,139),(139,106,140),(140,106,102),(140,102,141),(141,102,101),(141,101,142),(142,101,100),(142,100,143),(143,100,97),(143,97,144),(144,97,95),(144,95,145),(145,95,93),(145,93,146),(146,93,91),(146,91,147),(147,91,89),(147,89,148),(148,89,87),(148,87,149),(149,87,86),(149,86,150),(150,86,83),(150,83,151),(151,83,80),(151,80,79),(62,132,60),(60,132,152),(60,152,73),(73,152,153),(73,153,75),(75,153,154),(75,154,78),(78,154,155),(78,155,79),(79,155,151),(156,157,158),(158,157,159),(159,157,160),(160,157,161),(160,161,162),(162,163,160),(160,163,164),(160,164,165),(165,164,166),(166,164,167),(167,164,168),(167,168,169),(169,168,170),(170,168,171),(170,171,172),(172,173,170),(170,173,174),(174,173,175),(175,173,176),(176,173,177),(176,177,178),(178,179,176),(128,180,108),(108,180,181),(108,181,109),(109,181,182),(109,182,110),(110,182,183),(110,183,111),(111,183,184),(111,184,112),(112,184,185),(112,185,113),(113,185,186),(113,186,114),(114,186,187),(114,187,115),(115,187,188),(115,188,116),(116,188,189),(116,189,117),(117,189,190),(117,190,118),(118,190,191),(118,191,119),(119,191,192),(119,192,120),(120,192,193),(120,193,121),(121,193,194),(121,194,122),(122,194,195),(122,195,123),(123,195,196),(123,196,124),(124,196,197),(124,197,125),(125,197,198),(125,198,126),(126,198,199),(126,199,127),(127,199,200),(127,200,131),(131,200,201),(131,201,130),(130,201,202),(130,202,129),(129,202,203),(129,203,128),(128,203,180),(204,133,205),(205,133,134),(205,134,206),(206,134,135),(206,135,207),(207,135,136),(207,136,208),(208,136,137),(208,137,209),(209,137,138),(209,138,210),(210,138,139),(210,139,211),(211,139,212),(212,139,140),(212,140,213),(213,140,141),(213,141,214),(214,141,142),(214,142,215),(215,142,143),(215,143,216),(216,143,144),(216,144,217),(217,144,145),(217,145,218),(218,145,146),(218,146,219),(219,146,147),(219,147,220),(220,147,148),(220,148,221),(221,148,149),(221,149,222),(222,149,150),(222,150,223),(223,150,151),(223,151,155),(133,204,132),(132,204,224),(132,224,152),(152,224,225),(152,225,153),(153,225,226),(153,226,154),(154,226,227),(154,227,155),(155,227,223),(58,59,228),(228,59,5),(228,5,167),(167,5,4),(167,4,2),(167,2,166),(166,2,6),(166,6,165),(165,6,8),(165,8,160),(160,8,10),(160,10,159),(159,10,12),(159,12,158),(158,12,14),(158,14,156),(156,14,16),(156,16,157),(157,16,18),(157,18,161),(161,18,20),(161,20,162),(162,20,22),(162,22,163),(163,22,24),(163,24,164),(164,24,26),(164,26,168),(168,26,28),(168,28,171),(171,28,30),(171,30,229),(229,30,230),(230,30,231),(231,30,232),(232,30,32),(229,233,171),(171,233,172),(172,233,234),(172,234,235),(235,236,172),(172,236,173),(173,236,237),(173,237,177),(177,237,238),(177,238,178),(178,238,239),(178,239,240),(178,240,179),(179,240,241),(179,241,242),(179,242,176),(176,242,243),(176,243,244),(176,244,175),(175,244,245),(175,245,174),(174,245,246),(174,246,247),(174,247,170),(170,247,248),(170,248,169),(169,248,249),(169,249,250),(250,228,169),(169,228,167),(180,233,181),(181,233,229),(181,229,230),(203,235,180),(180,235,234),(180,234,233),(235,203,236),(236,203,202),(236,202,237),(237,202,201),(237,201,238),(238,201,239),(239,201,200),(239,200,240),(240,200,241),(241,200,199),(241,199,242),(242,199,243),(243,199,198),(243,198,244),(244,198,197),(244,197,245),(245,197,246),(246,197,196),(246,196,247),(247,196,248),(248,196,195),(248,195,249),(249,195,250),(250,195,228),(228,195,194),(228,194,251),(251,194,193),(251,193,252),(252,193,192),(252,192,253),(253,192,191),(253,191,56),(56,191,190),(56,190,55),(55,190,53),(53,190,52),(52,190,189),(52,189,50),(50,189,49),(49,189,188),(49,188,47),(47,188,45),(45,188,187),(45,187,44),(44,187,42),(42,187,186),(42,186,41),(41,186,185),(41,185,39),(39,185,38),(38,185,184),(38,184,36),(36,184,35),(35,184,183),(35,183,34),(34,183,32),(32,183,182),(32,182,232),(232,182,231),(231,182,181),(231,181,230),(56,58,253),(253,58,251),(253,251,252),(58,228,251),(25,204,27),(27,204,205),(27,205,29),(29,205,206),(29,206,31),(31,206,207),(31,207,33),(33,207,208),(33,208,37),(37,208,209),(37,209,40),(40,209,210),(40,210,43),(43,210,211),(43,211,212),(204,25,224),(224,25,23),(224,23,225),(225,23,21),(225,21,226),(226,21,19),(226,19,227),(227,19,17),(227,17,223),(223,17,15),(223,15,13),(223,13,222),(222,13,11),(222,11,221),(221,11,9),(221,9,220),(220,9,7),(220,7,219),(219,7,1),(219,1,218),(218,1,3),(218,3,217),(217,3,57),(217,57,216),(216,57,54),(216,54,215),(215,54,51),(215,51,214),(214,51,48),(214,48,213),(213,48,46),(213,46,212),(212,46,43)),$);
#307= IFCSHAPEREPRESENTATION(#145,'Body','Tessellation',(#306));
#308= IFCPRODUCTDEFINITIONSHAPE($,$,(#307));
#309= IFCCARTESIANPOINT((124.308314,137.262717,368.678262));
#310= IFCAXIS2PLACEMENT3D(#309,$,$);
#311= IFCLOCALPLACEMENT(#5,#310);
#312= IFCBUILTELEMENT('2vovkTQHb4YAUYubu8n_Io',$,'HDPE D63',$,$,#311,#308,'7431');
#313= IFCSTYLEDITEM(#306,(#125),$);
#314= IFCPROPERTYSINGLEVALUE('Area',$,IFCREAL(86.5668721172656),$);
#315= IFCPROPERTYSINGLEVALUE('Bounds',$,IFCLABEL('((505058.7454988795,1707600.4249410585,365.4206845311346),(505211.87077707995,1707752.1004971515,371.9226619057881))'),$);
#316= IFCPROPERTYSET('3SrD2SWpmYa4CzsPB6$sTQ',$,'Properties',$,(#70,#71,#72,#73,#74,#75,#76,#77,#78,#79,#80,#81,#82,#83,#84,#85,#86,#87,#88,#90,#91,#277,#278,#279,#280,#281,#314,#315));
#317= IFCRELDEFINESBYPROPERTIES('0DhL4cY5mN9J7hGzZl2hvG',$,$,$,(#312),#316);
#318= IFCPROPERTYSET('3hhHS4g85kePi_fzdK8V4B',$,'Misc',$,(#94,#96,#97,#285));
#319= IFCRELDEFINESBYPROPERTIES('2AYdg2b8YNJNDV_Syjjoxg',$,$,$,(#312),#318);
#320= IFCPROPERTYSET('32uyE7NwDv$id0XM1YkfHP',$,'3D Visualization',$,(#100,#101,#102));
#321= IFCRELDEFINESBYPROPERTIES('2ZRFp0nGAkTbj1by0OQZcP',$,$,$,(#312),#320);
#322= IFCPROPERTYSET('0OsSuFHvPjMiONB$$XcXtP',$,'General',$,(#107,#108,#110,#176,#178,#290));
#323= IFCRELDEFINESBYPROPERTIES('0tLw5juk5NO7l8E7qfhr94',$,$,$,(#312),#322);
#324= IFCPROPERTYSET('0Fih00LuT9lxO1UpD1K$oV',$,'Geometry',$,(#113));
#325= IFCRELDEFINESBYPROPERTIES('0f5ZVnf$2ijccpAgc4SLos',$,$,$,(#312),#324);
#326= IFCPROPERTYSINGLEVALUE('Kh\X2\1ED1\X0\i l\X2\01B0\X0\\X2\1EE3\X0\ng (m3)',$,IFCREAL(1.36341395553248),$);
#327= IFCPROPERTYSET('1kRQgFl1pPJVzwYPHg3sYH',$,'Thong_tin_BIM',$,(#190,#191,#193,#194,#295,#296,#297,#298,#299,#300,#302,#326));
#328= IFCRELDEFINESBYPROPERTIES('0Pwh59fg4hCSsNOt8u2f91',$,$,$,(#312),#327);
#329= IFCCARTESIANPOINTLIST3D(((42.212785,73.469911,1.906753),(48.100763,73.60096,1.909871),(42.216234,73.461865,1.905467),(48.104602,73.592881,1.908881),(48.106046,73.589846,1.909062),(48.097184,73.608509,1.912941),(42.209571,73.477352,1.910097),(48.094108,73.615015,1.91788),(42.20681,73.483682,1.915272),(48.091746,73.620034,1.924353),(42.204693,73.488468,1.921924),(48.090259,73.623223,1.931917),(42.203361,73.491385,1.929601),(48.089747,73.624366,1.940059),(42.202907,73.492233,1.937779),(48.090246,73.623384,1.948222),(42.203361,73.490955,1.945901),(48.091721,73.620345,1.955851),(42.204693,73.487638,1.953413),(48.094073,73.615456,1.962426),(42.206811,73.482509,1.959804),(48.09714,73.609049,1.967498),(42.209571,73.475915,1.964638),(48.100714,73.601562,1.970722),(42.212785,73.468308,1.967585),(48.104552,73.593504,1.971878),(42.216235,73.460205,1.968445),(48.106669,73.589051,1.971601),(42.219684,73.452159,1.96716),(48.108744,73.584682,1.970684),(48.110733,73.580488,1.969147),(42.222898,73.444717,1.963815),(48.10782,73.578276,1.968079),(48.105435,73.575675,1.966541),(48.103506,73.573071,1.964631),(42.225658,73.438388,1.958641),(48.101795,73.57047,1.962216),(48.099065,73.565976,1.956454),(42.227776,73.433602,1.951989),(48.097116,73.562901,1.949479),(42.229108,73.430685,1.944312),(48.096408,73.561967,1.945746),(48.095909,73.561547,1.941998),(42.229562,73.429837,1.936134),(48.095395,73.562095,1.934173),(42.229107,73.431115,1.928012),(48.095522,73.564492,1.926951),(42.227776,73.434432,1.9205),(48.096127,73.568661,1.920373),(42.225658,73.439561,1.914109),(48.098784,73.571869,1.917066),(48.101839,73.575531,1.91425),(42.222898,73.446155,1.909275),(48.108879,73.583902,1.910312),(42.219683,73.453762,1.906327),(48.107477,73.586844,1.90954),(-48.959076,-73.734826,-1.910178),(-43.479824,-73.722027,-1.908822),(-48.955706,-73.726701,-1.90889),(-43.483225,-73.713852,-1.909681),(-48.952336,-73.71852,-1.909749),(-43.486394,-73.706177,-1.912626),(-48.949196,-73.71084,-1.912694),(-48.946499,-73.704184,-1.917527),(-43.489116,-73.699526,-1.917459),(-48.94443,-73.699006,-1.923916),(-43.491204,-73.694352,-1.923849),(-48.943129,-73.695659,-1.931428),(-43.492516,-73.691007,-1.93136),(-48.942686,-73.694371,-1.93955),(-43.492964,-73.68972,-1.939482),(-48.94313,-73.69523,-1.947728),(-43.492517,-73.690578,-1.94766),(-48.94443,-73.698177,-1.955405),(-43.491204,-73.693522,-1.955338),(-48.9465,-73.703011,-1.962059),(-43.489116,-73.698353,-1.961991),(-48.949196,-73.709403,-1.967235),(-43.486395,-73.70474,-1.967167),(-48.952337,-73.716917,-1.970581),(-43.483226,-73.712249,-1.970513),(-48.955707,-73.725042,-1.971869),(-43.479825,-73.720368,-1.9718),(-48.959077,-73.733223,-1.97101),(-43.476424,-73.728543,-1.970942),(-48.962217,-73.740903,-1.968065),(-43.473255,-73.736218,-1.967996),(-48.964914,-73.747559,-1.963232),(-43.470534,-73.742869,-1.963164),(-48.966983,-73.752737,-1.956842),(-43.468446,-73.748043,-1.956774),(-48.968284,-73.756084,-1.949331),(-43.467133,-73.751388,-1.949262),(-48.968727,-73.757372,-1.941209),(-43.466685,-73.752675,-1.941141),(-48.968283,-73.756513,-1.933031),(-43.467133,-73.751818,-1.932962),(-48.966983,-73.753566,-1.925353),(-43.468445,-73.748873,-1.925285),(-48.964913,-73.748732,-1.9187),(-43.470533,-73.744042,-1.918632),(-43.473255,-73.737655,-1.913456),(-43.476424,-73.730146,-1.91011),(-48.962217,-73.74234,-1.913524),(74.690552,45.433414,1.228563),(74.682376,45.436718,1.229724),(74.6742,45.440078,1.228739),(74.666582,45.443265,1.225675),(74.660039,45.446063,1.220741),(74.655019,45.448281,1.214273),(74.651864,45.449767,1.206712),(74.650787,45.450421,1.198574),(74.651863,45.450197,1.190413),(74.655019,45.449111,1.182784),(74.660039,45.447237,1.176209),(74.666581,45.444703,1.171134),(74.6742,45.441681,1.167907),(74.682375,45.438377,1.166746),(74.690551,45.435017,1.167731),(74.69817,45.430392,1.225336),(74.704712,45.427858,1.220261),(74.709732,45.425984,1.213686),(74.712888,45.424898,1.206057),(74.713964,45.424674,1.197896),(74.712888,45.425327,1.189757),(74.709732,45.426813,1.182197),(74.704712,45.429031,1.175729),(74.69817,45.431829,1.170795),(-74.686449,-48.060702,-1.233428),(-74.6783,-48.057347,-1.232266),(-74.67015,-48.053936,-1.23325),(-74.662555,-48.050701,-1.236313),(-74.656034,-48.047862,-1.241246),(-74.65103,-48.045613,-1.247713),(-74.647884,-48.044107,-1.255273),(-74.646811,-48.043447,-1.263411),(-74.647884,-48.043678,-1.271573),(-74.65103,-48.044783,-1.279202),(-74.656034,-48.046689,-1.285778),(-74.662556,-48.049264,-1.290854),(-74.67015,-48.052333,-1.294082),(-74.6783,-48.055688,-1.295244),(-74.694044,-48.063771,-1.236657),(-74.700566,-48.066346,-1.241732),(-74.70557,-48.068252,-1.248308),(-74.708716,-48.069357,-1.255937),(-74.709789,-48.069588,-1.264099),(-74.708716,-48.068928,-1.272237),(-74.70557,-48.067422,-1.279798),(-74.700566,-48.065173,-1.286264),(-74.694045,-48.062334,-1.291197),(-74.68645,-48.059099,-1.29426),(48.202973,73.757383,1.939124),(48.203841,73.756719,1.947274),(48.20374,73.756655,1.930969),(48.206089,73.754585,1.923365),(48.206285,73.754709,1.954864),(48.210137,73.75149,1.961377),(48.215136,73.747281,1.966368),(48.214797,73.747066,1.91181),(48.20986,73.751315,1.91683),(48.22094,73.742369,1.969499),(48.220563,73.74213,1.908647),(48.227155,73.737088,1.970554),(48.233356,73.731799,1.969463),(48.239122,73.726862,1.9663),(48.232979,73.73156,1.908611),(48.226764,73.736841,1.907556),(48.244059,73.722614,1.96128),(48.238783,73.726648,1.911742),(48.243782,73.722439,1.916733),(48.24783,73.719344,1.954745),(48.250179,73.717274,1.947141),(48.250946,73.716546,1.938986),(48.250078,73.71721,1.930836),(48.247634,73.71922,1.923246),(74.652635,50.999079,1.375215),(74.644508,50.995265,1.376187),(74.636381,50.991508,1.375014),(74.628808,50.988064,1.371775),(74.622305,50.985166,1.366691),(74.617315,50.983014,1.360108),(74.614178,50.981753,1.352474),(74.613109,50.981469,1.344311),(74.614179,50.982182,1.336174),(74.617316,50.983844,1.328619),(74.622307,50.98634,1.322158),(74.628811,50.989501,1.317234),(74.636384,50.993111,1.314182),(74.644511,50.996925,1.313209),(74.652639,51.000682,1.314382),(74.660212,51.004127,1.317622),(74.666715,51.007024,1.322706),(74.671705,51.009176,1.329289),(74.674841,51.010437,1.336922),(74.675911,51.010721,1.345085),(74.67484,51.010008,1.353222),(74.671703,51.008347,1.360778),(74.666712,51.005851,1.367238),(74.660209,51.00269,1.372162),(-74.690608,-43.239504,-1.106394),(-74.682452,-43.242909,-1.10541),(-74.674297,-43.246256,-1.106572),(-74.666697,-43.24932,-1.1098),(-74.660171,-43.251889,-1.114876),(-74.655163,-43.25379,-1.121452),(-74.652015,-43.254893,-1.129081),(-74.650942,-43.255123,-1.137243),(-74.652015,-43.254464,-1.145381),(-74.655163,-43.252961,-1.152941),(-74.660171,-43.250716,-1.159408),(-74.666697,-43.247882,-1.164341),(-74.674297,-43.244654,-1.167404),(-74.698208,-43.236275,-1.109456),(-74.704734,-43.233442,-1.114389),(-74.709742,-43.231197,-1.120856),(-74.71289,-43.229694,-1.128416),(-74.713964,-43.229035,-1.136555),(-74.71289,-43.229264,-1.144716),(-74.709743,-43.230367,-1.152345),(-74.704735,-43.232269,-1.158922),(-74.698209,-43.234838,-1.163997),(-74.690609,-43.237901,-1.167226),(-74.682453,-43.241249,-1.168388),(48.121547,73.598783,1.910175),(48.114815,73.588729,1.969989),(48.113529,73.587354,1.970033),(48.112507,73.585795,1.969963),(48.111734,73.584112,1.969786),(48.116282,73.589857,1.969834),(48.119604,73.591553,1.969232),(48.126904,73.59369,1.966991),(48.133855,73.595031,1.963603),(48.140434,73.596107,1.958769),(48.145584,73.59693,1.952914),(48.147561,73.597277,1.949482),(48.149013,73.597576,1.945768),(48.149817,73.597819,1.941878),(48.149939,73.598004,1.937954),(48.14905,73.598164,1.932858),(48.147031,73.598241,1.928008),(48.144024,73.598257,1.923547),(48.140232,73.598237,1.919656),(48.131455,73.598242,1.913839),(48.117005,73.593512,1.907774),(48.112247,73.587942,1.907054),(48.107532,73.582379,1.908052),(48.103118,73.577125,1.910716),(48.099245,73.572468,1.914899)),$);
#330= IFCTRIANGULATEDFACESET(#329,$,$,((1,2,3),(3,2,4),(3,4,5),(2,1,6),(6,1,7),(6,7,8),(8,7,9),(8,9,10),(10,9,11),(10,11,12),(12,11,13),(12,13,14),(14,13,15),(14,15,16),(16,15,17),(16,17,18),(18,17,19),(18,19,20),(20,19,21),(20,21,22),(22,21,23),(22,23,24),(24,23,25),(24,25,26),(26,25,27),(26,27,28),(28,27,29),(28,29,30),(30,29,31),(31,29,32),(31,32,33),(33,32,34),(34,32,35),(35,32,36),(35,36,37),(37,36,38),(38,36,39),(38,39,40),(40,39,41),(40,41,42),(42,41,43),(43,41,44),(43,44,45),(45,44,46),(45,46,47),(47,46,48),(47,48,49),(49,48,50),(49,50,51),(51,50,52),(52,50,53),(52,53,54),(54,53,55),(54,55,56),(56,55,5),(5,55,3),(57,58,59),(59,58,60),(59,60,61),(61,60,62),(61,62,63),(63,62,64),(64,62,65),(64,65,66),(66,65,67),(66,67,68),(68,67,69),(68,69,70),(70,69,71),(70,71,72),(72,71,73),(72,73,74),(74,73,75),(74,75,76),(76,75,77),(76,77,78),(78,77,79),(78,79,80),(80,79,81),(80,81,82),(82,81,83),(82,83,84),(84,83,85),(84,85,86),(86,85,87),(86,87,88),(88,87,89),(88,89,90),(90,89,91),(90,91,92),(92,91,93),(92,93,94),(94,93,95),(94,95,96),(96,95,97),(96,97,98),(98,97,99),(98,99,100),(100,99,101),(100,101,102),(58,57,103),(103,57,104),(103,104,102),(102,104,100),(103,105,58),(58,105,106),(58,106,60),(60,106,107),(60,107,62),(62,107,108),(62,108,65),(65,108,109),(65,109,67),(67,109,110),(67,110,69),(69,110,111),(69,111,71),(71,111,112),(71,112,73),(73,112,113),(73,113,75),(75,113,114),(75,114,77),(77,114,115),(77,115,79),(79,115,116),(79,116,81),(81,116,117),(81,117,83),(83,117,118),(83,118,119),(105,103,120),(120,103,102),(120,102,121),(121,102,101),(121,101,122),(122,101,99),(122,99,123),(123,99,97),(123,97,124),(124,97,95),(124,95,125),(125,95,93),(125,93,126),(126,93,91),(126,91,127),(127,91,89),(127,89,128),(128,89,87),(128,87,119),(119,87,85),(119,85,83),(129,57,130),(130,57,59),(130,59,131),(131,59,61),(131,61,132),(132,61,63),(132,63,133),(133,63,64),(133,64,134),(134,64,66),(134,66,135),(135,66,68),(135,68,136),(136,68,70),(136,70,137),(137,70,72),(137,72,138),(138,72,74),(138,74,139),(139,74,76),(139,76,140),(140,76,78),(140,78,141),(141,78,80),(141,80,142),(142,80,82),(142,82,84),(57,129,104),(104,129,143),(104,143,100),(100,143,144),(100,144,98),(98,144,145),(98,145,96),(96,145,146),(96,146,94),(94,146,147),(94,147,92),(92,147,148),(92,148,90),(90,148,149),(90,149,88),(88,149,150),(88,150,86),(86,150,151),(86,151,84),(84,151,152),(84,152,142),(153,154,155),(155,154,156),(156,154,157),(156,157,158),(159,160,158),(158,160,161),(158,161,156),(159,162,160),(160,162,163),(163,162,164),(163,164,165),(166,167,165),(165,167,168),(165,168,163),(166,169,167),(167,169,170),(170,169,171),(171,169,172),(171,172,173),(174,175,173),(173,175,176),(173,176,171),(105,177,106),(106,177,178),(106,178,107),(107,178,179),(107,179,108),(108,179,180),(108,180,109),(109,180,181),(109,181,110),(110,181,182),(110,182,111),(111,182,183),(111,183,112),(112,183,184),(112,184,113),(113,184,185),(113,185,114),(114,185,186),(114,186,115),(115,186,187),(115,187,116),(116,187,188),(116,188,117),(117,188,189),(117,189,118),(118,189,190),(118,190,119),(119,190,191),(119,191,128),(128,191,192),(128,192,127),(127,192,193),(127,193,126),(126,193,194),(126,194,125),(125,194,195),(125,195,124),(124,195,196),(124,196,123),(123,196,197),(123,197,122),(122,197,198),(122,198,121),(121,198,199),(121,199,120),(120,199,200),(120,200,105),(105,200,177),(201,129,202),(202,129,130),(202,130,203),(203,130,131),(203,131,204),(204,131,132),(204,132,205),(205,132,133),(205,133,206),(206,133,134),(206,134,207),(207,134,135),(207,135,208),(208,135,136),(208,136,209),(209,136,137),(209,137,210),(210,137,138),(210,138,211),(211,138,139),(211,139,212),(212,139,140),(212,140,213),(213,140,141),(213,141,142),(129,201,143),(143,201,214),(143,214,144),(144,214,215),(144,215,145),(145,215,216),(145,216,146),(146,216,217),(146,217,147),(147,217,218),(147,218,148),(148,218,219),(148,219,149),(149,219,220),(149,220,150),(150,220,221),(150,221,151),(151,221,222),(151,222,223),(151,223,152),(152,223,224),(152,224,142),(142,224,213),(54,56,225),(225,56,167),(225,167,170),(56,5,167),(167,5,168),(168,5,4),(168,4,2),(168,2,163),(163,2,6),(163,6,160),(160,6,8),(160,8,161),(161,8,10),(161,10,156),(156,10,12),(156,12,155),(155,12,14),(155,14,153),(153,14,16),(153,16,154),(154,16,18),(154,18,157),(157,18,20),(157,20,158),(158,20,22),(158,22,159),(159,22,24),(159,24,162),(162,24,26),(162,26,164),(164,26,28),(164,28,165),(165,28,30),(165,30,226),(226,30,227),(227,30,228),(228,30,229),(229,30,31),(226,230,165),(165,230,231),(165,231,166),(166,231,232),(166,232,233),(166,233,169),(169,233,234),(169,234,172),(172,234,235),(172,235,173),(173,235,236),(173,236,237),(173,237,174),(174,237,238),(174,238,239),(174,239,175),(175,239,240),(175,240,241),(175,241,176),(176,241,242),(176,242,243),(176,243,171),(171,243,244),(171,244,170),(170,244,225),(177,230,178),(178,230,226),(178,226,227),(200,232,177),(177,232,231),(177,231,230),(232,200,233),(233,200,199),(233,199,234),(234,199,198),(234,198,235),(235,198,236),(236,198,197),(236,197,237),(237,197,238),(238,197,196),(238,196,239),(239,196,240),(240,196,195),(240,195,241),(241,195,194),(241,194,242),(242,194,243),(243,194,193),(243,193,244),(244,193,192),(244,192,225),(225,192,191),(225,191,245),(245,191,190),(245,190,246),(246,190,189),(246,189,247),(247,189,248),(248,189,188),(248,188,249),(249,188,187),(249,187,49),(49,187,186),(49,186,47),(47,186,185),(47,185,45),(45,185,184),(45,184,43),(43,184,183),(43,183,42),(42,183,40),(40,183,182),(40,182,38),(38,182,181),(38,181,37),(37,181,180),(37,180,35),(35,180,34),(34,180,179),(34,179,33),(33,179,31),(31,179,229),(229,179,178),(229,178,228),(228,178,227),(49,51,249),(249,51,52),(249,52,248),(248,52,54),(248,54,247),(247,54,246),(246,54,245),(245,54,225),(25,202,27),(27,202,203),(27,203,29),(29,203,32),(32,203,204),(32,204,36),(36,204,205),(36,205,39),(39,205,206),(39,206,41),(41,206,207),(41,207,44),(44,207,208),(44,208,46),(46,208,209),(46,209,48),(48,209,210),(48,210,50),(50,210,211),(50,211,53),(53,211,212),(53,212,55),(55,212,213),(55,213,3),(3,213,224),(3,224,1),(1,224,223),(1,223,7),(7,223,222),(7,222,9),(9,222,221),(9,221,11),(11,221,220),(11,220,13),(13,220,219),(13,219,15),(15,219,218),(15,218,17),(17,218,217),(17,217,19),(19,217,216),(19,216,21),(21,216,215),(21,215,23),(23,215,214),(23,214,201),(202,25,201),(201,25,23)),$);
#331= IFCSHAPEREPRESENTATION(#145,'Body','Tessellation',(#330));
#332= IFCPRODUCTDEFINITIONSHAPE($,$,(#331));
#333= IFCCARTESIANPOINT((82.780386,175.481353,369.639711));
#334= IFCAXIS2PLACEMENT3D(#333,$,$);
#335= IFCLOCALPLACEMENT(#5,#334);
#336= IFCBUILTELEMENT('2cqU4CBDnDXPlvrMWCA7UC',$,'HDPE D63',$,$,#335,#332,'7459');
#337= IFCSTYLEDITEM(#330,(#125),$);
#338= IFCPROPERTYSINGLEVALUE('Area',$,IFCREAL(84.3481565028475),$);
#339= IFCPROPERTYSINGLEVALUE('Bounds',$,IFCLABEL('((505019.0580630178,1707640.723789245,366.3243640048613),(505168.5021772704,1707788.2389211208,372.948003943975))'),$);
#340= IFCPROPERTYSET('3T2qw$7GeDV$dVOtjRO24P',$,'Properties',$,(#70,#71,#72,#73,#74,#75,#76,#77,#78,#79,#80,#81,#82,#83,#84,#85,#86,#87,#88,#90,#91,#277,#278,#279,#280,#281,#338,#339));
#341= IFCRELDEFINESBYPROPERTIES('2qXUjejaz9gW2A_vMedRl2',$,$,$,(#336),#340);
#342= IFCPROPERTYSET('07OtNqoLtYQ4oTaPawdoQv',$,'Misc',$,(#94,#96,#97,#285));
#343= IFCRELDEFINESBYPROPERTIES('38uRcOFUGRaym10A5k8zL9',$,$,$,(#336),#342);
#344= IFCPROPERTYSET('1dDhnHdNG69n_CljFE_b_A',$,'3D Visualization',$,(#100,#101,#102));
#345= IFCRELDEFINESBYPROPERTIES('0pso7ijGn$fEtMoWPnREIN',$,$,$,(#336),#344);
#346= IFCPROPERTYSET('3BNOghWQFRleDa87tJgRFX',$,'General',$,(#107,#108,#110,#176,#178,#290));
#347= IFCRELDEFINESBYPROPERTIES('2n_9oYQXL_jCUKa3GbINy3',$,$,$,(#336),#346);
#348= IFCPROPERTYSET('0qx_FgkFCBtMqAAh$cKzCr',$,'Geometry',$,(#113));
#349= IFCRELDEFINESBYPROPERTIES('1O7rqjCF8mMznTB2SFn9IH',$,$,$,(#336),#348);
#350= IFCPROPERTYSINGLEVALUE('Kh\X2\1ED1\X0\i l\X2\01B0\X0\\X2\1EE3\X0\ng (m3)',$,IFCREAL(1.32846869064467),$);
#351= IFCPROPERTYSET('3MssN3JHtlLdhirLi_hvi5',$,'Thong_tin_BIM',$,(#190,#191,#193,#194,#295,#296,#297,#298,#299,#300,#302,#350));
#352= IFCRELDEFINESBYPROPERTIES('0vd8wM2VggcUFPCx04Ie5D',$,$,$,(#336),#351);
#353= IFCCARTESIANPOINTLIST3D(((0.143392,0.212144,-0.005765),(-0.189302,-0.172201,-0.01054),(0.14253,0.212789,0.002388),(-0.190164,-0.171557,-0.002388),(-0.189403,-0.172317,0.005765),(-0.186876,-0.174207,-0.018137),(0.145818,0.210138,-0.013362),(-0.183051,-0.177437,-0.02466),(0.149643,0.206908,-0.019885),(-0.178088,-0.181671,-0.029666),(0.154606,0.202674,-0.024891),(-0.172325,-0.186621,-0.032813),(0.160369,0.197724,-0.028038),(-0.166154,-0.191949,-0.033886),(0.16654,0.192396,-0.029111),(-0.159996,-0.197292,-0.032813),(0.172698,0.187053,-0.028038),(-0.154271,-0.202287,-0.029666),(0.178423,0.182058,-0.024891),(-0.14937,-0.206592,-0.02466),(0.183324,0.177753,-0.019885),(-0.145625,-0.209915,-0.018137),(0.187069,0.17443,-0.013362),(-0.143292,-0.212028,-0.01054),(0.189402,0.172317,-0.005765),(-0.142531,-0.212789,-0.002388),(0.190163,0.171557,0.002388),(0.189302,0.172201,0.01054),(-0.143392,-0.212144,0.005765),(0.186876,0.174207,0.018137),(-0.145818,-0.210138,0.013362),(0.183051,0.177437,0.02466),(-0.149643,-0.206908,0.019885),(0.178087,0.181671,0.029666),(-0.154607,-0.202674,0.024891),(0.172324,0.186621,0.032813),(-0.16037,-0.197724,0.028038),(0.166153,0.191949,0.033886),(-0.166541,-0.192396,0.029111),(0.159995,0.197292,0.032813),(-0.172699,-0.187053,0.028038),(0.154271,0.202287,0.029666),(-0.178423,-0.182058,0.024891),(0.149369,0.206592,0.02466),(-0.183325,-0.177753,0.019885),(0.145624,0.209915,0.018137),(-0.18707,-0.17443,0.013362),(0.143291,0.212028,0.01054)),$);
#354= IFCTRIANGULATEDFACESET(#353,$,$,((1,2,3),(3,2,4),(3,4,5),(2,1,6),(6,1,7),(6,7,8),(8,7,9),(8,9,10),(10,9,11),(10,11,12),(12,11,13),(12,13,14),(14,13,15),(14,15,16),(16,15,17),(16,17,18),(18,17,19),(18,19,20),(20,19,21),(20,21,22),(22,21,23),(22,23,24),(24,23,25),(24,25,26),(26,25,27),(26,27,28),(26,28,29),(29,28,30),(29,30,31),(31,30,32),(31,32,33),(33,32,34),(33,34,35),(35,34,36),(35,36,37),(37,36,38),(37,38,39),(39,38,40),(39,40,41),(41,40,42),(41,42,43),(43,42,44),(43,44,45),(45,44,46),(45,46,47),(47,46,48),(47,48,5),(5,48,3),(3,48,1),(1,48,7),(7,48,46),(7,46,44),(42,11,44),(44,11,9),(44,9,7),(40,15,42),(42,15,13),(42,13,11),(40,38,15),(15,38,36),(15,36,17),(17,36,19),(19,36,34),(19,34,21),(21,34,23),(23,34,32),(23,32,30),(23,30,25),(25,30,28),(25,28,27),(4,2,5),(5,2,6),(5,6,47),(47,6,45),(45,6,8),(45,8,10),(45,10,43),(43,10,12),(43,12,14),(16,37,14),(14,37,39),(14,39,41),(16,18,37),(37,18,35),(35,18,20),(35,20,22),(24,31,22),(22,31,33),(22,33,35),(26,29,24),(24,29,31),(41,43,14)),$);
#355= IFCSHAPEREPRESENTATION(#145,'Body','Tessellation',(#354));
#356= IFCPRODUCTDEFINITIONSHAPE($,$,(#355));
#357= IFCCARTESIANPOINT((131.425341,249.699633,371.582571));
#358= IFCAXIS2PLACEMENT3D(#357,$,$);
#359= IFCLOCALPLACEMENT(#5,#358);
#360= IFCBUILTELEMENT('1pObR_OoX5Mu_UsCFG1oJv',$,'HDPE D63',$,$,#359,#356,'7463');
#361= IFCSTYLEDITEM(#354,(#125),$);
#362= IFCPROPERTYSINGLEVALUE('Area',$,IFCREAL(0.106849132823482),$);
#363= IFCPROPERTYSINGLEVALUE('Bounds',$,IFCLABEL('((505142.23517641146,1707788.486843581,371.5486846702433),(505142.61550515826,1707788.9124230104,371.61645692684965))'),$);
#364= IFCPROPERTYSET('0JhIEuzp4JEPFIV0NP9zdJ',$,'Properties',$,(#70,#71,#72,#73,#74,#75,#76,#77,#78,#79,#80,#81,#82,#83,#84,#85,#86,#87,#88,#90,#91,#277,#278,#279,#280,#281,#362,#363));
#365= IFCRELDEFINESBYPROPERTIES('20FfMVh9ZHU$bWZBBFYnB8',$,$,$,(#360),#364);
#366= IFCPROPERTYSET('15FEhBWQ49z0RPyHinpHd5',$,'Misc',$,(#94,#96,#97,#285));
#367= IFCRELDEFINESBYPROPERTIES('1tdFRFxh8s3G1pYqv_hX33',$,$,$,(#360),#366);
#368= IFCPROPERTYSET('0_hhTzrwn06fRXaTKZRtY_',$,'3D Visualization',$,(#100,#101,#102));
#369= IFCRELDEFINESBYPROPERTIES('351ofiV32j7D8RhYYTo9C_',$,$,$,(#360),#368);
#370= IFCPROPERTYSET('369Lrd1J5lLHM_I1TvI6Rp',$,'General',$,(#107,#108,#110,#176,#178,#290));
#371= IFCRELDEFINESBYPROPERTIES('0ueXlBe8qa9NlbQGzLfSPS',$,$,$,(#360),#370);
#372= IFCPROPERTYSET('2K5jILUn_VHblgWeG$2AYX',$,'Geometry',$,(#113));
#373= IFCRELDEFINESBYPROPERTIES('3hWMCnZq68fbovdc7B5AhA',$,$,$,(#360),#372);
#374= IFCPROPERTYSINGLEVALUE('Kh\X2\1ED1\X0\i l\X2\01B0\X0\\X2\1EE3\X0\ng (m3)',$,IFCREAL(0.00158468061472556),$);
#375= IFCPROPERTYSET('2xIazqS7v8abejAKdU0EM_',$,'Thong_tin_BIM',$,(#190,#191,#193,#194,#295,#296,#297,#298,#299,#300,#302,#374));
#376= IFCRELDEFINESBYPROPERTIES('24rXu8Ad__we1oG4Pl0Bqr',$,$,$,(#360),#375);
#377= IFCCARTESIANPOINTLIST3D(((0.143701,0.210137,-0.05298),(-0.19121,-0.17039,0.044952),(0.14383,0.211913,-0.044952),(-0.189467,-0.17003,0.05298),(0.145573,0.212273,-0.036924),(-0.186228,-0.171109,0.060461),(0.148812,0.211194,-0.029443),(0.153325,0.208749,-0.023019),(-0.181715,-0.173554,0.066886),(0.158806,0.205105,-0.018089),(-0.176234,-0.177198,0.071815),(0.164881,0.20051,-0.014991),(-0.170159,-0.181793,0.074914),(0.171136,0.195277,-0.013934),(-0.163904,-0.187026,0.075971),(0.177144,0.189763,-0.014991),(-0.157896,-0.19254,0.074914),(0.182496,0.184344,-0.018089),(-0.152544,-0.197959,0.071815),(0.186828,0.179388,-0.023019),(-0.148212,-0.202914,0.066886),(0.189844,0.175234,-0.029443),(-0.145196,-0.207068,0.060461),(0.191339,0.172165,-0.036924),(-0.143701,-0.210137,0.05298),(0.19121,0.17039,-0.044952),(-0.14383,-0.211913,0.044952),(0.189467,0.17003,-0.05298),(-0.145573,-0.212273,0.036924),(0.186228,0.171109,-0.060461),(-0.148812,-0.211194,0.029443),(-0.153325,-0.208749,0.023019),(-0.191339,-0.172165,0.036924),(0.145196,0.207068,-0.060461),(-0.189844,-0.175234,0.029443),(0.148212,0.202914,-0.066886),(-0.186828,-0.179388,0.023019),(0.152544,0.197959,-0.071815),(-0.182496,-0.184344,0.018089),(0.157896,0.19254,-0.074914),(-0.177144,-0.189763,0.014991),(0.163904,0.187026,-0.075971),(-0.171136,-0.195277,0.013934),(0.170159,0.181793,-0.074914),(-0.164881,-0.20051,0.014991),(0.176234,0.177198,-0.071815),(-0.158806,-0.205105,0.018089),(0.181715,0.173554,-0.066886)),$);
#378= IFCTRIANGULATEDFACESET(#377,$,$,((1,2,3),(3,2,4),(3,4,5),(5,4,6),(5,6,7),(7,6,8),(8,6,9),(8,9,10),(10,9,11),(10,11,12),(12,11,13),(12,13,14),(14,13,15),(14,15,16),(16,15,17),(16,17,18),(18,17,19),(18,19,20),(20,19,21),(20,21,22),(22,21,23),(22,23,24),(24,23,25),(24,25,26),(26,25,27),(26,27,28),(28,27,29),(28,29,30),(30,29,31),(30,31,32),(2,1,33),(33,1,34),(33,34,35),(35,34,36),(35,36,37),(37,36,38),(37,38,39),(39,38,40),(39,40,41),(41,40,42),(41,42,43),(43,42,44),(43,44,45),(45,44,46),(45,46,47),(47,46,48),(47,48,32),(32,48,30),(3,5,1),(1,5,7),(1,7,8),(8,10,1),(1,10,34),(34,10,36),(36,10,38),(38,10,12),(38,12,14),(16,42,14),(14,42,40),(14,40,38),(16,18,42),(42,18,20),(42,20,44),(44,20,46),(46,20,22),(46,22,24),(26,28,24),(24,28,30),(24,30,48),(48,46,24),(2,33,4),(4,33,6),(6,33,9),(9,33,11),(11,33,35),(11,35,37),(37,39,11),(11,39,13),(13,39,15),(15,39,41),(15,41,43),(45,21,43),(43,21,19),(43,19,17),(45,47,21),(21,47,23),(23,47,25),(25,47,32),(25,32,31),(31,29,25),(25,29,27),(17,15,43)),$);
#379= IFCSHAPEREPRESENTATION(#145,'Body','Tessellation',(#378));
#380= IFCPRODUCTDEFINITIONSHAPE($,$,(#379));
#381= IFCCARTESIANPOINT((172.953538,213.558597,370.462378));
#382= IFCAXIS2PLACEMENT3D(#381,$,$);
#383= IFCLOCALPLACEMENT(#5,#382);
#384= IFCBUILTELEMENT('16i2wJyfX9UQhrJ7o2Nr_E',$,'HDPE D63',$,$,#383,#380,'7473');
#385= IFCSTYLEDITEM(#378,(#125),$);
#386= IFCPROPERTYSINGLEVALUE('Area',$,IFCREAL(0.10840621617434),$);
#387= IFCPROPERTYSINGLEVALUE('Bounds',$,IFCLABEL('((505183.76205401146,1707752.3462787229,370.3864073585182),(505184.1450225685,1707752.7709159933,370.5383489611891))'),$);
#388= IFCPROPERTYSET('13kwKSzizdZCfLoEljxtqN',$,'Properties',$,(#70,#71,#72,#73,#74,#75,#76,#77,#78,#79,#80,#81,#82,#83,#84,#85,#86,#87,#88,#90,#91,#277,#278,#279,#280,#281,#386,#387));
#389= IFCRELDEFINESBYPROPERTIES('1CRawRNRQhVpEQmmCeZJCi',$,$,$,(#384),#388);
#390= IFCPROPERTYSET('1HIbjtgb2MkXtuJ0op7I_0',$,'Misc',$,(#94,#96,#97,#285));
#391= IFCRELDEFINESBYPROPERTIES('2T5XCc8lfcAEVpnydjLiAZ',$,$,$,(#384),#390);
#392= IFCPROPERTYSET('3$KurKZcheu56UfR0dtq_G',$,'3D Visualization',$,(#100,#101,#102));
#393= IFCRELDEFINESBYPROPERTIES('2ZritOJzt7LlJkVubI5PgS',$,$,$,(#384),#392);
#394= IFCPROPERTYSET('2hB_LM0f35lUOWzztUzb_S',$,'General',$,(#107,#108,#110,#176,#178,#290));
#395= IFCRELDEFINESBYPROPERTIES('2ek08jrFaiIYRuUumjoABW',$,$,$,(#384),#394);
#396= IFCPROPERTYSET('1$iLAyQii8dDF9KGvD6QUn',$,'Geometry',$,(#113));
#397= IFCRELDEFINESBYPROPERTIES('3X3xJTQ_LXb4r0LLR8ftyj',$,$,$,(#384),#396);
#398= IFCPROPERTYSINGLEVALUE('Kh\X2\1ED1\X0\i l\X2\01B0\X0\\X2\1EE3\X0\ng (m3)',$,IFCREAL(0.00160920467837253),$);
#399= IFCPROPERTYSET('3WbMt_NbDJClMPxgmVnth1',$,'Thong_tin_BIM',$,(#190,#191,#193,#194,#295,#296,#297,#298,#299,#300,#302,#398));
#400= IFCRELDEFINESBYPROPERTIES('2VsxyXtGr_OqIVrIpK6xEV',$,$,$,(#384),#399);
#401= IFCCARTESIANPOINTLIST3D(((17.408123,-15.079463,-0.545746),(-17.338866,15.160044,0.517284),(17.409601,-15.078265,-0.531515),(-17.337388,15.161242,0.531515),(17.408619,-15.079894,-0.517284),(-17.338371,15.159613,0.545746),(17.405243,-15.08424,-0.504022),(-17.341747,15.155267,0.559008),(17.399703,-15.091006,-0.492634),(-17.347287,15.148501,0.570395),(17.392377,-15.099731,-0.483896),(-17.354612,15.139776,0.579134),(17.383764,-15.10982,-0.478403),(-17.363225,15.129687,0.584627),(17.374452,-15.120587,-0.47653),(-17.372537,15.118921,0.5865),(17.365074,-15.131296,-0.478403),(-17.381915,15.108211,0.584627),(17.35627,-15.141219,-0.483896),(-17.390719,15.098288,0.579134),(17.34864,-15.14968,-0.492634),(-17.398349,15.089828,0.570395),(17.342704,-15.1561,-0.504022),(-17.404285,15.083407,0.559008),(17.338866,-15.160044,-0.517284),(-17.408123,15.079463,0.545746),(17.337388,-15.161242,-0.531515),(-17.409601,15.078265,0.531515),(17.338371,-15.159613,-0.545746),(-17.408619,15.079894,0.517284),(17.341747,-15.155267,-0.559008),(-17.405243,15.08424,0.504022),(17.347287,-15.148501,-0.570395),(-17.399703,15.091006,0.492634),(17.354612,-15.139776,-0.579134),(-17.392377,15.099731,0.483896),(17.363225,-15.129687,-0.584627),(-17.383764,15.10982,0.478403),(17.372537,-15.118921,-0.5865),(-17.374452,15.120587,0.47653),(17.381915,-15.108211,-0.584627),(-17.365074,15.131296,0.478403),(17.390719,-15.098288,-0.579134),(-17.35627,15.141219,0.483896),(17.398349,-15.089828,-0.570395),(-17.34864,15.14968,0.492634),(17.404285,-15.083407,-0.559008),(-17.342704,15.1561,0.504022)),$);
#402= IFCTRIANGULATEDFACESET(#401,$,$,((1,2,3),(3,2,4),(3,4,5),(5,4,6),(5,6,7),(7,6,8),(7,8,9),(9,8,10),(9,10,11),(11,10,12),(11,12,13),(13,12,14),(13,14,15),(15,14,16),(15,16,17),(17,16,18),(17,18,19),(19,18,20),(19,20,21),(21,20,22),(21,22,23),(23,22,24),(23,24,25),(25,24,26),(25,26,27),(27,26,28),(27,28,29),(29,28,30),(29,30,31),(31,30,32),(31,32,33),(33,32,34),(33,34,35),(35,34,36),(35,36,37),(37,36,38),(37,38,39),(39,38,40),(39,40,41),(41,40,42),(41,42,43),(43,42,44),(43,44,45),(45,44,46),(45,46,47),(47,46,48),(47,48,1),(1,48,2),(3,5,1),(1,5,7),(1,7,47),(47,7,45),(45,7,43),(43,7,9),(43,9,11),(11,13,43),(43,13,41),(41,13,39),(39,13,15),(39,15,37),(37,15,35),(35,15,17),(35,17,19),(19,21,35),(35,21,33),(33,21,31),(31,21,29),(29,21,23),(29,23,25),(25,27,29),(4,2,6),(6,2,8),(8,2,48),(8,48,46),(46,44,8),(8,44,10),(10,44,12),(12,44,14),(14,44,42),(14,42,40),(14,40,16),(16,40,38),(16,38,36),(34,22,36),(36,22,20),(36,20,18),(34,32,22),(22,32,30),(22,30,24),(24,30,26),(26,30,28),(18,16,36)),$);
#403= IFCSHAPEREPRESENTATION(#145,'Body','Tessellation',(#402));
#404= IFCPRODUCTDEFINITIONSHAPE($,$,(#403));
#405= IFCCARTESIANPOINT((140.373195,242.249462,371.316302));
#406= IFCAXIS2PLACEMENT3D(#405,$,$);
#407= IFCLOCALPLACEMENT(#5,#406);
#408= IFCBUILTELEMENT('3XoTMspuz4ZBgFlzqT9MG2',$,'HDPE D110',$,$,#407,#404,'7567');
#409= IFCCOLOURRGB('251',0.2,0.2,0.2);
#410= IFCSURFACESTYLESHADING(#409,$);
#411= IFCSURFACESTYLE($,.BOTH.,(#410));
#412= IFCPRESENTATIONLAYERWITHSTYLE('HDPE D110',$,(#402,#437,#461,#485,#512,#533),$,.U.,.U.,.U.,(#411));
#413= IFCSTYLEDITEM(#402,(#125),$);
#414= IFCPROPERTYSINGLEVALUE('Area',$,IFCREAL(15.9414040960373),$);
#415= IFCPROPERTYSINGLEVALUE('Bounds',$,IFCLABEL('((505133.96358077193,1707766.0882112696,370.72980159779837),(505168.782808754,1707796.410712462,371.90280209673))'),$);
#416= IFCPROPERTYSET('01H7OtwtRrbmVmjM77PvUx',$,'Properties',$,(#70,#71,#72,#73,#74,#75,#76,#77,#78,#79,#80,#81,#82,#83,#84,#85,#86,#87,#88,#90,#91,#277,#278,#279,#280,#281,#414,#415));
#417= IFCRELDEFINESBYPROPERTIES('1FepZw3vpDwZdrV40ss$9p',$,$,$,(#408),#416);
#418= IFCPROPERTYSET('2nTuFVub7e5YflZBbcOkUJ',$,'Misc',$,(#94,#96,#97,#285));
#419= IFCRELDEFINESBYPROPERTIES('3TiS0UTKmLPvw9vPVdZ96O',$,$,$,(#408),#418);
#420= IFCPROPERTYSET('2gBrAe9fRJcx5gbGnnV3B$',$,'3D Visualization',$,(#100,#101,#102));
#421= IFCRELDEFINESBYPROPERTIES('33JOEmqr1V9HRNi5IaU84x',$,$,$,(#408),#420);
#422= IFCPROPERTYSINGLEVALUE('Layer',$,IFCLABEL('HDPE D110'),$);
#423= IFCPROPERTYSET('0n5ELJeOt4Y81tEvEWN6U0',$,'General',$,(#107,#108,#110,#176,#178,#422));
#424= IFCRELDEFINESBYPROPERTIES('1YnTKiHJNltv$z3C0XgSWq',$,$,$,(#408),#423);
#425= IFCPROPERTYSET('1TERX$rN_e2Z_CkR2JXWiR',$,'Geometry',$,(#113));
#426= IFCRELDEFINESBYPROPERTIES('0DMHgQNPEYTJp50$bNhA_P',$,$,$,(#408),#425);
#427= IFCPROPERTYSINGLEVALUE('T\X2\00EA\X0\n \X2\0111\X0\\X2\1ED1\X0\i t\X2\01B0\X0\\X2\1EE3\X0\ng',$,IFCLABEL('\X2\1ED0\X0\ng c\X2\1EA5\X0\p n\X2\01B0\X0\\X2\1EDB\X0\c ch\X2\00ED\X0\nh'),$);
#428= IFCPROPERTYSINGLEVALUE('M\X2\00E3\X0\ hi\X2\1EC7\X0\u',$,IFCLABEL('N5_HT_CN_HDPE_D110_P01'),$);
#429= IFCPROPERTYSINGLEVALUE('V\X2\1EAD\X0\t li\X2\1EC7\X0\u',$,IFCLABEL('\X2\1ED0\X0\ng HDPE D110 d\X2\00E0\X0\y 6,6mm'),$);
#430= IFCPROPERTYSINGLEVALUE('K\X2\00ED\X0\ch th\X2\01B0\X0\\X2\1EDB\X0\c (mm)',$,IFCLABEL('D110'),$);
#431= IFCPROPERTYSINGLEVALUE('\X2\0110\X0\\X2\1ED9\X0\ d\X2\00E0\X0\y l\X2\1EDB\X0\p (mm)',$,IFCLABEL('6.6'),$);
#432= IFCPROPERTYSINGLEVALUE('Kh\X2\1ED1\X0\i l\X2\01B0\X0\\X2\1EE3\X0\ng (m3)',$,IFCREAL(0.437865930156742),$);
#433= IFCPROPERTYSINGLEVALUE('Ghi ch\X2\00FA\X0\',$,IFCLABEL('\X2\1ED0\X0\ng nh\X2\1EF1\X0\a HDPE D110'),$);
#434= IFCPROPERTYSET('1Vum8WgtkX1aube9UnVQGe',$,'Thong_tin_BIM',$,(#191,#193,#194,#298,#299,#427,#428,#429,#430,#431,#432,#433));
#435= IFCRELDEFINESBYPROPERTIES('1ze83JyQ56zM3TF3$x3066',$,$,$,(#408),#434);
#436= IFCCARTESIANPOINTLIST3D(((21.472417,-18.616522,-0.536293),(-21.403059,18.697015,0.507828),(21.473844,-18.61528,-0.522061),(-21.401631,18.698258,0.522061),(21.472811,-18.616866,-0.507828),(-21.402664,18.696672,0.536293),(21.469388,-18.62117,-0.494565),(-21.406088,18.692368,0.549556),(21.463808,-18.627901,-0.483176),(-21.411668,18.685637,0.560945),(21.456451,-18.636599,-0.474437),(-21.419025,18.676939,0.569684),(21.447819,-18.646671,-0.468944),(-21.427657,18.666866,0.575178),(21.4385,-18.657432,-0.46707),(-21.436976,18.656106,0.577051),(21.429129,-18.668147,-0.468944),(-21.446347,18.64539,0.575178),(21.420344,-18.678088,-0.474437),(-21.455131,18.63545,0.569684),(21.412745,-18.686575,-0.483176),(-21.46273,18.626963,0.560945),(21.40685,-18.693031,-0.494565),(-21.468626,18.620507,0.549556),(21.403059,-18.697015,-0.507828),(-21.472417,18.616522,0.536293),(21.401631,-18.698258,-0.522061),(-21.473844,18.61528,0.522061),(21.402664,-18.696672,-0.536293),(-21.472811,18.616866,0.507828),(21.406088,-18.692368,-0.549556),(-21.469388,18.62117,0.494565),(21.411668,-18.685637,-0.560945),(-21.463808,18.627901,0.483176),(21.419025,-18.676939,-0.569684),(-21.456451,18.636599,0.474437),(21.427657,-18.666866,-0.575178),(-21.447819,18.646671,0.468944),(21.436976,-18.656106,-0.577051),(-21.4385,18.657432,0.46707),(21.446347,-18.64539,-0.575178),(-21.429129,18.668147,0.468944),(21.455131,-18.63545,-0.569684),(-21.420344,18.678088,0.474437),(21.46273,-18.626963,-0.560945),(-21.412745,18.686575,0.483176),(21.468626,-18.620507,-0.549556),(-21.40685,18.693031,0.494565)),$);
#437= IFCTRIANGULATEDFACESET(#436,$,$,((1,2,3),(3,2,4),(3,4,5),(5,4,6),(5,6,7),(7,6,8),(7,8,9),(9,8,10),(9,10,11),(11,10,12),(11,12,13),(13,12,14),(13,14,15),(15,14,16),(15,16,17),(17,16,18),(17,18,19),(19,18,20),(19,20,21),(21,20,22),(21,22,23),(23,22,24),(23,24,25),(25,24,26),(25,26,27),(27,26,28),(27,28,29),(29,28,30),(29,30,31),(31,30,32),(31,32,33),(33,32,34),(33,34,35),(35,34,36),(35,36,37),(37,36,38),(37,38,39),(39,38,40),(39,40,41),(41,40,42),(41,42,43),(43,42,44),(43,44,45),(45,44,46),(45,46,47),(47,46,48),(47,48,1),(1,48,2),(1,3,47),(47,3,5),(47,5,45),(45,5,7),(45,7,9),(9,11,45),(45,11,43),(43,11,41),(41,11,39),(39,11,13),(39,13,15),(15,17,39),(39,17,37),(37,17,35),(35,17,33),(33,17,19),(33,19,21),(21,23,33),(33,23,31),(31,23,29),(29,23,27),(27,23,25),(2,48,4),(4,48,6),(6,48,46),(6,46,8),(8,46,10),(10,46,12),(12,46,44),(12,44,42),(42,40,12),(12,40,14),(14,40,16),(16,40,18),(18,40,38),(18,38,36),(36,34,18),(18,34,20),(20,34,22),(22,34,24),(24,34,32),(24,32,30),(30,28,24),(24,28,26)),$);
#438= IFCSHAPEREPRESENTATION(#145,'Body','Tessellation',(#437));
#439= IFCPRODUCTDEFINITIONSHAPE($,$,(#438));
#440= IFCCARTESIANPOINT((179.473595,208.221283,370.262726));
#441= IFCAXIS2PLACEMENT3D(#440,$,$);
#442= IFCLOCALPLACEMENT(#5,#441);
#443= IFCBUILTELEMENT('2B6xcPNVb7seAvt$8I5chk',$,'HDPE D110',$,$,#442,#439,'756C');
#444= IFCSTYLEDITEM(#437,(#125),$);
#445= IFCPROPERTYSINGLEVALUE('Area',$,IFCREAL(19.6642700002586),$);
#446= IFCPROPERTYSINGLEVALUE('Bounds',$,IFCLABEL('((505168.99974216125,1707728.5230198477,369.6856751401105),(505211.94744720694,1707765.9195455315,370.83977767984766))'),$);
#447= IFCPROPERTYSET('1y7wwphfROLRNYJuPfX7xc',$,'Properties',$,(#70,#71,#72,#73,#74,#75,#76,#77,#78,#79,#80,#81,#82,#83,#84,#85,#86,#87,#88,#90,#91,#277,#278,#279,#280,#281,#445,#446));
#448= IFCRELDEFINESBYPROPERTIES('1s8nymA5Zfd1EgO41Z89la',$,$,$,(#443),#447);
#449= IFCPROPERTYSET('2vVU4NUUWhXXQdP6_0l4kP',$,'Misc',$,(#94,#96,#97,#285));
#450= IFCRELDEFINESBYPROPERTIES('3F4$UZ8WWngfQOFeJTgvgC',$,$,$,(#443),#449);
#451= IFCPROPERTYSET('3PD3gf6zA1lT0JKmsMYHD7',$,'3D Visualization',$,(#100,#101,#102));
#452= IFCRELDEFINESBYPROPERTIES('3ttdDjBe6zwbcPNxPpzPUP',$,$,$,(#443),#451);
#453= IFCPROPERTYSET('1BMctujuPZsvVv2EZkKW1Q',$,'General',$,(#107,#108,#110,#176,#178,#422));
#454= IFCRELDEFINESBYPROPERTIES('1gRGhNv6zekdPfNASqLA_N',$,$,$,(#443),#453);
#455= IFCPROPERTYSET('3QYaQofEGyZ0LTafl3i8lJ',$,'Geometry',$,(#113));
#456= IFCRELDEFINESBYPROPERTIES('1NDEzCpnW7L13qPf_3vEVi',$,$,$,(#443),#455);
#457= IFCPROPERTYSINGLEVALUE('Kh\X2\1ED1\X0\i l\X2\01B0\X0\\X2\1EE3\X0\ng (m3)',$,IFCREAL(0.540244742529394),$);
#458= IFCPROPERTYSET('23JoSuHESy_fd3TnjACN57',$,'Thong_tin_BIM',$,(#191,#193,#194,#298,#299,#427,#428,#429,#430,#431,#433,#457));
#459= IFCRELDEFINESBYPROPERTIES('2lvkAeU5bCJguewyEfO3uL',$,$,$,(#443),#458);
#460= IFCCARTESIANPOINTLIST3D(((7.335609,-6.313586,-0.159438),(-7.266179,6.394016,0.130971),(7.337001,-6.312313,-0.145205),(-7.264788,6.39529,0.145205),(-7.265857,6.393736,0.159438),(-7.269936,6.390002,0.117708),(7.331852,-6.3176,-0.172701),(-7.275803,6.383521,0.106318),(7.325985,-6.324081,-0.184091),(-7.28338,6.375015,0.097578),(7.318409,-6.332588,-0.192831),(-7.29215,6.365062,0.092085),(7.309638,-6.34254,-0.198324),(-7.301517,6.354343,0.090211),(7.300272,-6.35326,-0.200198),(-7.31084,6.343586,0.092085),(7.290948,-6.364016,-0.198324),(-7.319487,6.333526,0.097578),(7.282302,-6.374076,-0.192831),(-7.326866,6.324847,0.106318),(7.274923,-6.382755,-0.184091),(-7.332475,6.318142,0.117708),(7.269314,-6.389461,-0.172701),(-7.335932,6.313866,0.130971),(7.265857,-6.393736,-0.159438),(-7.337001,6.312313,0.145205),(7.264788,-6.39529,-0.145205),(7.266179,-6.394016,-0.130971),(-7.335609,6.313586,0.159438),(7.269936,-6.390002,-0.117708),(-7.331852,6.3176,0.172701),(7.275803,-6.383521,-0.106318),(-7.325985,6.324081,0.184091),(7.28338,-6.375015,-0.097578),(-7.318409,6.332588,0.192831),(7.29215,-6.365062,-0.092085),(-7.309638,6.34254,0.198324),(7.301517,-6.354343,-0.090211),(-7.300272,6.35326,0.200198),(7.31084,-6.343586,-0.092085),(-7.290948,6.364016,0.198324),(7.319487,-6.333526,-0.097578),(-7.282302,6.374076,0.192831),(7.326866,-6.324847,-0.106318),(-7.274923,6.382755,0.184091),(7.332475,-6.318142,-0.117708),(-7.269314,6.389461,0.172701),(7.335932,-6.313866,-0.130971)),$);
#461= IFCTRIANGULATEDFACESET(#460,$,$,((1,2,3),(3,2,4),(3,4,5),(2,1,6),(6,1,7),(6,7,8),(8,7,9),(8,9,10),(10,9,11),(10,11,12),(12,11,13),(12,13,14),(14,13,15),(14,15,16),(16,15,17),(16,17,18),(18,17,19),(18,19,20),(20,19,21),(20,21,22),(22,21,23),(22,23,24),(24,23,25),(24,25,26),(26,25,27),(26,27,28),(26,28,29),(29,28,30),(29,30,31),(31,30,32),(31,32,33),(33,32,34),(33,34,35),(35,34,36),(35,36,37),(37,36,38),(37,38,39),(39,38,40),(39,40,41),(41,40,42),(41,42,43),(43,42,44),(43,44,45),(45,44,46),(45,46,47),(47,46,48),(47,48,5),(5,48,3),(3,48,1),(1,48,46),(1,46,7),(7,46,9),(9,46,11),(11,46,44),(11,44,42),(42,40,11),(11,40,13),(13,40,15),(15,40,38),(15,38,17),(17,38,36),(17,36,34),(32,23,34),(34,23,21),(34,21,19),(32,30,23),(23,30,28),(23,28,27),(27,25,23),(19,17,34),(2,6,4),(4,6,5),(5,6,47),(47,6,8),(47,8,10),(12,41,10),(10,41,43),(10,43,45),(12,14,41),(41,14,39),(39,14,16),(39,16,37),(37,16,35),(35,16,18),(35,18,20),(20,22,35),(35,22,33),(33,22,31),(31,22,29),(29,22,26),(26,22,24),(45,47,10)),$);
#462= IFCSHAPEREPRESENTATION(#145,'Body','Tessellation',(#461));
#463= IFCPRODUCTDEFINITIONSHAPE($,$,(#462));
#464= IFCCARTESIANPOINT((208.501393,182.959055,369.595461));
#465= IFCAXIS2PLACEMENT3D(#464,$,$);
#466= IFCLOCALPLACEMENT(#5,#465);
#467= IFCBUILTELEMENT('2mPpzgfjr9LBJEz718x2Xc',$,'HDPE D110',$,$,#466,#463,'7572');
#468= IFCSTYLEDITEM(#461,(#125),$);
#469= IFCPROPERTYSINGLEVALUE('Area',$,IFCREAL(6.7090756713798),$);
#470= IFCPROPERTYSINGLEVALUE('Bounds',$,IFCLABEL('((505212.1643872636,1707715.5637617204,369.39526301482965),(505226.83839970466,1707728.3543485089,369.7956596736083))'),$);
#471= IFCPROPERTYSET('2hcHKSMc9iIIh_t98NrUnN',$,'Properties',$,(#70,#71,#72,#73,#74,#75,#76,#77,#78,#79,#80,#81,#82,#83,#84,#85,#86,#87,#88,#90,#91,#277,#278,#279,#280,#281,#469,#470));
#472= IFCRELDEFINESBYPROPERTIES('0mzbwCj9KCMHmh1yB2ECdA',$,$,$,(#467),#471);
#473= IFCPROPERTYSET('1$a73Tz2HG2dZM8OIgkfqd',$,'Misc',$,(#94,#96,#97,#285));
#474= IFCRELDEFINESBYPROPERTIES('2f26CFymO3TQhMUrbH2NWE',$,$,$,(#467),#473);
#475= IFCPROPERTYSET('2ru4uNYXlWey9ng_t06pIk',$,'3D Visualization',$,(#100,#101,#102));
#476= IFCRELDEFINESBYPROPERTIES('1EMA1FPdrPewIglqeWXE8h',$,$,$,(#467),#475);
#477= IFCPROPERTYSET('2EJQ8PIY5mjzrKPOthPNwQ',$,'General',$,(#107,#108,#110,#176,#178,#422));
#478= IFCRELDEFINESBYPROPERTIES('2eZ5kMi7QxrE1mWNkPSwAB',$,$,$,(#467),#477);
#479= IFCPROPERTYSET('0KXkKzGNB0prBTe2WIZvFn',$,'Geometry',$,(#113));
#480= IFCRELDEFINESBYPROPERTIES('0ue_q3UK6uHYKh8wc8F$t7',$,$,$,(#467),#479);
#481= IFCPROPERTYSINGLEVALUE('Kh\X2\1ED1\X0\i l\X2\01B0\X0\\X2\1EE3\X0\ng (m3)',$,IFCREAL(0.183976898491122),$);
#482= IFCPROPERTYSET('08$5XjW8zp_7cGosHKrgHf',$,'Thong_tin_BIM',$,(#191,#193,#194,#298,#299,#427,#428,#429,#430,#431,#433,#481));
#483= IFCRELDEFINESBYPROPERTIES('1qQz1FiVyPkNI5mXn3Mold',$,$,$,(#467),#482);
#484= IFCCARTESIANPOINTLIST3D(((122.9997,257.369215,371.847817),(157.746689,227.129708,370.784787)),$);
#485= IFCINDEXEDPOLYCURVE(#484,$,$);
#486= IFCSHAPEREPRESENTATION(#30,'Body','Curve3D',(#485));
#487= IFCPRODUCTDEFINITIONSHAPE($,$,(#486));
#488= IFCANNOTATION('3Vz$rZ0gT3nxACxzPXV$cy',$,$,$,$,#35,#487,$);
#489= IFCSTYLEDITEM(#485,(#125),$);
#490= IFCPROPERTYSINGLEVALUE('Closed',$,IFCBOOLEAN(.F.),$);
#491= IFCPROPERTYSINGLEVALUE('Length',$,IFCREAL(46.0750593038131),$);
#492= IFCPROPERTYSINGLEVALUE('Bounds',$,IFCLABEL('((505133.99970010074,1707766.1297083087,370.78478695756064),(505168.7466894245,1707796.3692154223,371.8478167370631))'),$);
#493= IFCPROPERTYSET('0TTcDaq6SXnMvd29NHahmy',$,'Properties',$,(#70,#71,#72,#73,#74,#75,#76,#77,#78,#79,#80,#81,#82,#83,#84,#85,#86,#87,#88,#90,#91,#490,#491,#492));
#494= IFCRELDEFINESBYPROPERTIES('1xmzbrYl3x1Z$GNqVxgzvb',$,$,$,(#488),#493);
#495= IFCPROPERTYSINGLEVALUE('IsPeriodic',$,IFCBOOLEAN(.F.),$);
#496= IFCPROPERTYSET('1IH878eWXNirSzDm$BC5Ni',$,'Geometry',$,(#181,#495));
#497= IFCRELDEFINESBYPROPERTIES('3mhVFs8gyjae3cFdi0nZIa',$,$,$,(#488),#496);
#498= IFCPROPERTYSINGLEVALUE('ClassID',$,IFCLABEL('659d254c-bf3d-4244-bf87-e710c16c8722'),$);
#499= IFCPROPERTYSET('14FTY_mEQmVtKTLQZ6WBf3',$,'Misc',$,(#94,#96,#97,#498));
#500= IFCRELDEFINESBYPROPERTIES('2FKt8rFM7p6b7BfsdGMPSv',$,$,$,(#488),#499);
#501= IFCPROPERTYSINGLEVALUE('CastShadows',$,IFCBOOLEAN(.F.),$);
#502= IFCPROPERTYSINGLEVALUE('ReceiveShadows',$,IFCBOOLEAN(.F.),$);
#503= IFCPROPERTYSET('1mJWLsxQtCkcpKmJGJNR8r',$,'3D Visualization',$,(#101,#501,#502));
#504= IFCRELDEFINESBYPROPERTIES('2rFxelhfBDVcTP9qwefIoj',$,$,$,(#488),#503);
#505= IFCPROPERTYSET('17N1nPQCDcHSg_JxrUJO9s',$,'General',$,(#107,#108,#110,#176,#178,#422));
#506= IFCRELDEFINESBYPROPERTIES('3blmxAO6V_vyq6d0U_lXr4',$,$,$,(#488),#505);
#507= IFCPROPERTYSINGLEVALUE('M\X2\00E3\X0\ hi\X2\1EC7\X0\u',$,IFCLABEL('N2_HT_CN_HDPE_D110'),$);
#508= IFCPROPERTYSINGLEVALUE('\X2\0110\X0\\X2\1ED9\X0\ d\X2\00E0\X0\i (m)',$,IFCLABEL('46.075'),$);
#509= IFCPROPERTYSET('0x$2_AyI_cXOkxvkgc7gXJ',$,'Thong_tin_BIM',$,(#190,#192,#193,#194,#298,#299,#427,#429,#430,#433,#507,#508));
#510= IFCRELDEFINESBYPROPERTIES('1rwXHKNIga1pfk1wlrBCsq',$,$,$,(#488),#509);
#511= IFCCARTESIANPOINTLIST3D(((158.035857,226.878052,370.784787),(200.911333,189.564514,369.740666)),$);
#512= IFCINDEXEDPOLYCURVE(#511,$,$);
#513= IFCSHAPEREPRESENTATION(#30,'Body','Curve3D',(#512));
#514= IFCPRODUCTDEFINITIONSHAPE($,$,(#513));
#515= IFCANNOTATION('3XZ3m7R_53yw91AsMwngUK',$,$,$,$,#35,#514,$);
#516= IFCSTYLEDITEM(#512,(#125),$);
#517= IFCPROPERTYSINGLEVALUE('Length',$,IFCREAL(56.8480140515422),$);
#518= IFCPROPERTYSINGLEVALUE('Bounds',$,IFCLABEL('((505169.0358568424,1707728.5645138267,369.7406658624173),(505211.9113325265,1707765.8780515525,370.78478695756064))'),$);
#519= IFCPROPERTYSET('2OL3Qy7xpFFixUaijrhmcw',$,'Properties',$,(#70,#71,#72,#73,#74,#75,#76,#77,#78,#79,#80,#81,#82,#83,#84,#85,#86,#87,#88,#90,#91,#490,#517,#518));
#520= IFCRELDEFINESBYPROPERTIES('1g1Fa46$bAdp732H8Va1ue',$,$,$,(#515),#519);
#521= IFCPROPERTYSET('2bE9wbkwpp_lART79Dpb$w',$,'Geometry',$,(#181,#495));
#522= IFCRELDEFINESBYPROPERTIES('1FB78kPOEnx9$s$K5KIbni',$,$,$,(#515),#521);
#523= IFCPROPERTYSET('3h7pEs_NvvawIKhoVnnvYo',$,'Misc',$,(#94,#96,#97,#498));
#524= IFCRELDEFINESBYPROPERTIES('0BMk3wj4oXBAbaKpm6uohb',$,$,$,(#515),#523);
#525= IFCPROPERTYSET('2kTml3y_ifCDRW6ZfMUCFZ',$,'3D Visualization',$,(#101,#501,#502));
#526= IFCRELDEFINESBYPROPERTIES('3C6awtTUCeicJ5AxWAtkug',$,$,$,(#515),#525);
#527= IFCPROPERTYSET('0vMhfiyLUC_XnwbP8$SpHX',$,'General',$,(#107,#108,#110,#176,#178,#422));
#528= IFCRELDEFINESBYPROPERTIES('3RUcuU1H2eCp5WSVwLTRRi',$,$,$,(#515),#527);
#529= IFCPROPERTYSINGLEVALUE('\X2\0110\X0\\X2\1ED9\X0\ d\X2\00E0\X0\i (m)',$,IFCLABEL('56.848'),$);
#530= IFCPROPERTYSET('2CFM8XjeknL_fncneAgjy9',$,'Thong_tin_BIM',$,(#190,#192,#193,#194,#298,#299,#427,#429,#430,#433,#507,#529));
#531= IFCRELDEFINESBYPROPERTIES('1gffn$moR$K44vSlDdcyvg',$,$,$,(#515),#530);
#532= IFCCARTESIANPOINTLIST3D(((201.200499,189.312856,369.740666),(215.802288,176.605254,369.450257)),$);
#533= IFCINDEXEDPOLYCURVE(#532,$,$);
#534= IFCSHAPEREPRESENTATION(#30,'Body','Curve3D',(#533));
#535= IFCPRODUCTDEFINITIONSHAPE($,$,(#534));
#536= IFCANNOTATION('1x$DETGEH6DOUv3PCKonrm',$,$,$,$,#35,#535,$);
#537= IFCSTYLEDITEM(#533,(#125),$);
#538= IFCPROPERTYSINGLEVALUE('Length',$,IFCREAL(19.3592283030776),$);
#539= IFCPROPERTYSINGLEVALUE('Bounds',$,IFCLABEL('((505212.200499272,1707715.6052539316,369.45025682618393),(505226.80228769605,1707728.312856298,369.7406658624173))'),$);
#540= IFCPROPERTYSET('3V5uc2hlHFw1aXFxN4_imD',$,'Properties',$,(#70,#71,#72,#73,#74,#75,#76,#77,#78,#79,#80,#81,#82,#83,#84,#85,#86,#87,#88,#90,#91,#490,#538,#539));
#541= IFCRELDEFINESBYPROPERTIES('1APDWH4fubsQ9ImY1Ff85H',$,$,$,(#536),#540);
#542= IFCPROPERTYSET('0pa6g83ICIl1UwLUPqr2vG',$,'Geometry',$,(#181,#495));
#543= IFCRELDEFINESBYPROPERTIES('3WMyLQxJHTKAfCLvLII50l',$,$,$,(#536),#542);
#544= IFCPROPERTYSET('1jVMWlMLKLnNE5So4EE7WN',$,'Misc',$,(#94,#96,#97,#498));
#545= IFCRELDEFINESBYPROPERTIES('0N_QyfdvJZSYTcRtSRC3L$',$,$,$,(#536),#544);
#546= IFCPROPERTYSET('3pzCEtyT3zFXDgNgTcw0vs',$,'3D Visualization',$,(#101,#501,#502));
#547= IFCRELDEFINESBYPROPERTIES('2_WTLFfPhZ$gsN6MLh_nKO',$,$,$,(#536),#546);
#548= IFCPROPERTYSET('3RcvO8oD7$K61u5Cs3eBoO',$,'General',$,(#107,#108,#110,#176,#178,#422));
#549= IFCRELDEFINESBYPROPERTIES('151uN1sx9TkP0CNnpJouJP',$,$,$,(#536),#548);
#550= IFCPROPERTYSINGLEVALUE('\X2\0110\X0\\X2\1ED9\X0\ d\X2\00E0\X0\i (m)',$,IFCLABEL('19.359'),$);
#551= IFCPROPERTYSET('3gkRkOkthDGYParhBAqeiX',$,'Thong_tin_BIM',$,(#190,#192,#193,#194,#298,#299,#427,#429,#430,#433,#507,#550));
#552= IFCRELDEFINESBYPROPERTIES('3SlPMn7k_NAdMGOZBoiFPr',$,$,$,(#536),#551);
ENDSEC;

END-ISO-10303-21;
